cnae_subclasse,desc_subclasse,cnae_classe,desc_classe,cnae_grupo,desc_grupo,cnae_divisao,desc_divisao,cnae_secao,desc_secao
0111301,CULTIVO DE ARROZ,01113,CULTIVO DE CEREAIS,011,PRODUÇÃO DE LAVOURAS TEMPORÁRIAS,01,"AGRICULTURA, PECUÁRIA E SERVIÇOS RELACIONADOS",A,"AGRICULTURA, PECUÁRIA, PRODUÇÃO FLORESTAL, PESCA E AQÜICULTURA"
0111302,CULTIVO DE MILHO,01113,CULTIVO DE CEREAIS,011,PRODUÇÃO DE LAVOURAS TEMPORÁRIAS,01,"AGRICULTURA, PECUÁRIA E SERVIÇOS RELACIONADOS",A,"AGRICULTURA, PECUÁRIA, PRODUÇÃO FLORESTAL, PESCA E AQÜICULTURA"
0111303,CULTIVO DE TRIGO,01113,CULTIVO DE CEREAIS,011,PRODUÇÃO DE LAVOURAS TEMPORÁRIAS,01,"AGRICULTURA, PECUÁRIA E SERVIÇOS RELACIONADOS",A,"AGRICULTURA, PECUÁRIA, PRODUÇÃO FLORESTAL, PESCA E AQÜICULTURA"
0111399,CULTIVO DE OUTROS CEREAIS NÃO ESPECIFICADOS ANTERIORMENTE,01113,CULTIVO DE CEREAIS,011,PRODUÇÃO DE LAVOURAS TEMPORÁRIAS,01,"AGRICULTURA, PECUÁRIA E SERVIÇOS RELACIONADOS",A,"AGRICULTURA, PECUÁRIA, PRODUÇÃO FLORESTAL, PESCA E AQÜICULTURA"
0112101,CULTIVO DE ALGODÃO HERBÁCEO,01121,CULTIVO DE ALGODÃO HERBÁCEO E DE OUTRAS FIBRAS DE LAVOURA TEMPORÁRIA,011,PRODUÇÃO DE LAVOURAS TEMPORÁRIAS,01,"AGRICULTURA, PECUÁRIA E SERVIÇOS RELACIONADOS",A,"AGRICULTURA, PECUÁRIA, PRODUÇÃO FLORESTAL, PESCA E AQÜICULTURA"
0112102,CULTIVO DE JUTA,01121,CULTIVO DE ALGODÃO HERBÁCEO E DE OUTRAS FIBRAS DE LAVOURA TEMPORÁRIA,011,PRODUÇÃO DE LAVOURAS TEMPORÁRIAS,01,"AGRICULTURA, PECUÁRIA E SERVIÇOS RELACIONADOS",A,"AGRICULTURA, PECUÁRIA, PRODUÇÃO FLORESTAL, PESCA E AQÜICULTURA"
0112199,CULTIVO DE OUTRAS FIBRAS DE LAVOURA TEMPORÁRIA NÃO ESPECIFICADAS ANTERIORMENTE,01121,CULTIVO DE ALGODÃO HERBÁCEO E DE OUTRAS FIBRAS DE LAVOURA TEMPORÁRIA,011,PRODUÇÃO DE LAVOURAS TEMPORÁRIAS,01,"AGRICULTURA, PECUÁRIA E SERVIÇOS RELACIONADOS",A,"AGRICULTURA, PECUÁRIA, PRODUÇÃO FLORESTAL, PESCA E AQÜICULTURA"
0113000,CULTIVO DE CANA DE AÇÚCAR,01130,CULTIVO DE CANA-DE-AÇÚCAR,011,PRODUÇÃO DE LAVOURAS TEMPORÁRIAS,01,"AGRICULTURA, PECUÁRIA E SERVIÇOS RELACIONADOS",A,"AGRICULTURA, PECUÁRIA, PRODUÇÃO FLORESTAL, PESCA E AQÜICULTURA"
0114800,CULTIVO DE FUMO,01148,CULTIVO DE FUMO,011,PRODUÇÃO DE LAVOURAS TEMPORÁRIAS,01,"AGRICULTURA, PECUÁRIA E SERVIÇOS RELACIONADOS",A,"AGRICULTURA, PECUÁRIA, PRODUÇÃO FLORESTAL, PESCA E AQÜICULTURA"
0115600,CULTIVO DE SOJA,01156,CULTIVO DE SOJA,011,PRODUÇÃO DE LAVOURAS TEMPORÁRIAS,01,"AGRICULTURA, PECUÁRIA E SERVIÇOS RELACIONADOS",A,"AGRICULTURA, PECUÁRIA, PRODUÇÃO FLORESTAL, PESCA E AQÜICULTURA"
0116401,CULTIVO DE AMENDOIM,01164,"CULTIVO DE OLEAGINOSAS DE LAVOURA TEMPORÁRIA, EXCETO SOJA",011,PRODUÇÃO DE LAVOURAS TEMPORÁRIAS,01,"AGRICULTURA, PECUÁRIA E SERVIÇOS RELACIONADOS",A,"AGRICULTURA, PECUÁRIA, PRODUÇÃO FLORESTAL, PESCA E AQÜICULTURA"
0116402,CULTIVO DE GIRASSOL,01164,"CULTIVO DE OLEAGINOSAS DE LAVOURA TEMPORÁRIA, EXCETO SOJA",011,PRODUÇÃO DE LAVOURAS TEMPORÁRIAS,01,"AGRICULTURA, PECUÁRIA E SERVIÇOS RELACIONADOS",A,"AGRICULTURA, PECUÁRIA, PRODUÇÃO FLORESTAL, PESCA E AQÜICULTURA"
0116403,CULTIVO DE MAMONA,01164,"CULTIVO DE OLEAGINOSAS DE LAVOURA TEMPORÁRIA, EXCETO SOJA",011,PRODUÇÃO DE LAVOURAS TEMPORÁRIAS,01,"AGRICULTURA, PECUÁRIA E SERVIÇOS RELACIONADOS",A,"AGRICULTURA, PECUÁRIA, PRODUÇÃO FLORESTAL, PESCA E AQÜICULTURA"
0116499,CULTIVO DE OUTRAS OLEAGINOSAS DE LAVOURA TEMPORÁRIA NÃO ESPECIFICADAS ANTERIORMENTE,01164,"CULTIVO DE OLEAGINOSAS DE LAVOURA TEMPORÁRIA, EXCETO SOJA",011,PRODUÇÃO DE LAVOURAS TEMPORÁRIAS,01,"AGRICULTURA, PECUÁRIA E SERVIÇOS RELACIONADOS",A,"AGRICULTURA, PECUÁRIA, PRODUÇÃO FLORESTAL, PESCA E AQÜICULTURA"
0119901,CULTIVO DE ABACAXI,01199,CULTIVO DE PLANTAS DE LAVOURA TEMPORÁRIA NÃO ESPECIFICADAS ANTERIORMENTE,011,PRODUÇÃO DE LAVOURAS TEMPORÁRIAS,01,"AGRICULTURA, PECUÁRIA E SERVIÇOS RELACIONADOS",A,"AGRICULTURA, PECUÁRIA, PRODUÇÃO FLORESTAL, PESCA E AQÜICULTURA"
0119902,CULTIVO DE ALHO,01199,CULTIVO DE PLANTAS DE LAVOURA TEMPORÁRIA NÃO ESPECIFICADAS ANTERIORMENTE,011,PRODUÇÃO DE LAVOURAS TEMPORÁRIAS,01,"AGRICULTURA, PECUÁRIA E SERVIÇOS RELACIONADOS",A,"AGRICULTURA, PECUÁRIA, PRODUÇÃO FLORESTAL, PESCA E AQÜICULTURA"
0119903,CULTIVO DE BATATA INGLESA,01199,CULTIVO DE PLANTAS DE LAVOURA TEMPORÁRIA NÃO ESPECIFICADAS ANTERIORMENTE,011,PRODUÇÃO DE LAVOURAS TEMPORÁRIAS,01,"AGRICULTURA, PECUÁRIA E SERVIÇOS RELACIONADOS",A,"AGRICULTURA, PECUÁRIA, PRODUÇÃO FLORESTAL, PESCA E AQÜICULTURA"
0119904,CULTIVO DE CEBOLA,01199,CULTIVO DE PLANTAS DE LAVOURA TEMPORÁRIA NÃO ESPECIFICADAS ANTERIORMENTE,011,PRODUÇÃO DE LAVOURAS TEMPORÁRIAS,01,"AGRICULTURA, PECUÁRIA E SERVIÇOS RELACIONADOS",A,"AGRICULTURA, PECUÁRIA, PRODUÇÃO FLORESTAL, PESCA E AQÜICULTURA"
0119905,CULTIVO DE FEIJÃO,01199,CULTIVO DE PLANTAS DE LAVOURA TEMPORÁRIA NÃO ESPECIFICADAS ANTERIORMENTE,011,PRODUÇÃO DE LAVOURAS TEMPORÁRIAS,01,"AGRICULTURA, PECUÁRIA E SERVIÇOS RELACIONADOS",A,"AGRICULTURA, PECUÁRIA, PRODUÇÃO FLORESTAL, PESCA E AQÜICULTURA"
0119906,CULTIVO DE MANDIOCA,01199,CULTIVO DE PLANTAS DE LAVOURA TEMPORÁRIA NÃO ESPECIFICADAS ANTERIORMENTE,011,PRODUÇÃO DE LAVOURAS TEMPORÁRIAS,01,"AGRICULTURA, PECUÁRIA E SERVIÇOS RELACIONADOS",A,"AGRICULTURA, PECUÁRIA, PRODUÇÃO FLORESTAL, PESCA E AQÜICULTURA"
0119907,CULTIVO DE MELÃO,01199,CULTIVO DE PLANTAS DE LAVOURA TEMPORÁRIA NÃO ESPECIFICADAS ANTERIORMENTE,011,PRODUÇÃO DE LAVOURAS TEMPORÁRIAS,01,"AGRICULTURA, PECUÁRIA E SERVIÇOS RELACIONADOS",A,"AGRICULTURA, PECUÁRIA, PRODUÇÃO FLORESTAL, PESCA E AQÜICULTURA"
0119908,CULTIVO DE MELANCIA,01199,CULTIVO DE PLANTAS DE LAVOURA TEMPORÁRIA NÃO ESPECIFICADAS ANTERIORMENTE,011,PRODUÇÃO DE LAVOURAS TEMPORÁRIAS,01,"AGRICULTURA, PECUÁRIA E SERVIÇOS RELACIONADOS",A,"AGRICULTURA, PECUÁRIA, PRODUÇÃO FLORESTAL, PESCA E AQÜICULTURA"
0119909,CULTIVO DE TOMATE RASTEIRO,01199,CULTIVO DE PLANTAS DE LAVOURA TEMPORÁRIA NÃO ESPECIFICADAS ANTERIORMENTE,011,PRODUÇÃO DE LAVOURAS TEMPORÁRIAS,01,"AGRICULTURA, PECUÁRIA E SERVIÇOS RELACIONADOS",A,"AGRICULTURA, PECUÁRIA, PRODUÇÃO FLORESTAL, PESCA E AQÜICULTURA"
0119999,CULTIVO DE OUTRAS PLANTAS DE LAVOURA TEMPORÁRIA NÃO ESPECIFICADAS ANTERIORMENTE,01199,CULTIVO DE PLANTAS DE LAVOURA TEMPORÁRIA NÃO ESPECIFICADAS ANTERIORMENTE,011,PRODUÇÃO DE LAVOURAS TEMPORÁRIAS,01,"AGRICULTURA, PECUÁRIA E SERVIÇOS RELACIONADOS",A,"AGRICULTURA, PECUÁRIA, PRODUÇÃO FLORESTAL, PESCA E AQÜICULTURA"
0121101,"HORTICULTURA, EXCETO MORANGO",01211,HORTICULTURA,012,HORTICULTURA E FLORICULTURA,01,"AGRICULTURA, PECUÁRIA E SERVIÇOS RELACIONADOS",A,"AGRICULTURA, PECUÁRIA, PRODUÇÃO FLORESTAL, PESCA E AQÜICULTURA"
0121102,CULTIVO DE MORANGO,01211,HORTICULTURA,012,HORTICULTURA E FLORICULTURA,01,"AGRICULTURA, PECUÁRIA E SERVIÇOS RELACIONADOS",A,"AGRICULTURA, PECUÁRIA, PRODUÇÃO FLORESTAL, PESCA E AQÜICULTURA"
0122900,CULTIVO DE FLORES E PLANTAS ORNAMENTAIS,01229,CULTIVO DE FLORES E PLANTAS ORNAMENTAIS,012,HORTICULTURA E FLORICULTURA,01,"AGRICULTURA, PECUÁRIA E SERVIÇOS RELACIONADOS",A,"AGRICULTURA, PECUÁRIA, PRODUÇÃO FLORESTAL, PESCA E AQÜICULTURA"
0131800,CULTIVO DE LARANJA,01318,CULTIVO DE LARANJA,013,PRODUÇÃO DE LAVOURAS PERMANENTES,01,"AGRICULTURA, PECUÁRIA E SERVIÇOS RELACIONADOS",A,"AGRICULTURA, PECUÁRIA, PRODUÇÃO FLORESTAL, PESCA E AQÜICULTURA"
0132600,CULTIVO DE UVA,01326,CULTIVO DE UVA,013,PRODUÇÃO DE LAVOURAS PERMANENTES,01,"AGRICULTURA, PECUÁRIA E SERVIÇOS RELACIONADOS",A,"AGRICULTURA, PECUÁRIA, PRODUÇÃO FLORESTAL, PESCA E AQÜICULTURA"
0133401,CULTIVO DE AÇAÍ,01334,"CULTIVO DE FRUTAS DE LAVOURA PERMANENTE, EXCETO LARANJA E UVA",013,PRODUÇÃO DE LAVOURAS PERMANENTES,01,"AGRICULTURA, PECUÁRIA E SERVIÇOS RELACIONADOS",A,"AGRICULTURA, PECUÁRIA, PRODUÇÃO FLORESTAL, PESCA E AQÜICULTURA"
0133402,CULTIVO DE BANANA,01334,"CULTIVO DE FRUTAS DE LAVOURA PERMANENTE, EXCETO LARANJA E UVA",013,PRODUÇÃO DE LAVOURAS PERMANENTES,01,"AGRICULTURA, PECUÁRIA E SERVIÇOS RELACIONADOS",A,"AGRICULTURA, PECUÁRIA, PRODUÇÃO FLORESTAL, PESCA E AQÜICULTURA"
0133403,CULTIVO DE CAJU,01334,"CULTIVO DE FRUTAS DE LAVOURA PERMANENTE, EXCETO LARANJA E UVA",013,PRODUÇÃO DE LAVOURAS PERMANENTES,01,"AGRICULTURA, PECUÁRIA E SERVIÇOS RELACIONADOS",A,"AGRICULTURA, PECUÁRIA, PRODUÇÃO FLORESTAL, PESCA E AQÜICULTURA"
0133404,"CULTIVO DE CÍTRICOS, EXCETO LARANJA",01334,"CULTIVO DE FRUTAS DE LAVOURA PERMANENTE, EXCETO LARANJA E UVA",013,PRODUÇÃO DE LAVOURAS PERMANENTES,01,"AGRICULTURA, PECUÁRIA E SERVIÇOS RELACIONADOS",A,"AGRICULTURA, PECUÁRIA, PRODUÇÃO FLORESTAL, PESCA E AQÜICULTURA"
0133405,CULTIVO DE COCO DA BAÍA,01334,"CULTIVO DE FRUTAS DE LAVOURA PERMANENTE, EXCETO LARANJA E UVA",013,PRODUÇÃO DE LAVOURAS PERMANENTES,01,"AGRICULTURA, PECUÁRIA E SERVIÇOS RELACIONADOS",A,"AGRICULTURA, PECUÁRIA, PRODUÇÃO FLORESTAL, PESCA E AQÜICULTURA"
0133406,CULTIVO DE GUARANÁ,01334,"CULTIVO DE FRUTAS DE LAVOURA PERMANENTE, EXCETO LARANJA E UVA",013,PRODUÇÃO DE LAVOURAS PERMANENTES,01,"AGRICULTURA, PECUÁRIA E SERVIÇOS RELACIONADOS",A,"AGRICULTURA, PECUÁRIA, PRODUÇÃO FLORESTAL, PESCA E AQÜICULTURA"
0133407,CULTIVO DE MAÇÃ,01334,"CULTIVO DE FRUTAS DE LAVOURA PERMANENTE, EXCETO LARANJA E UVA",013,PRODUÇÃO DE LAVOURAS PERMANENTES,01,"AGRICULTURA, PECUÁRIA E SERVIÇOS RELACIONADOS",A,"AGRICULTURA, PECUÁRIA, PRODUÇÃO FLORESTAL, PESCA E AQÜICULTURA"
0133408,CULTIVO DE MAMÃO,01334,"CULTIVO DE FRUTAS DE LAVOURA PERMANENTE, EXCETO LARANJA E UVA",013,PRODUÇÃO DE LAVOURAS PERMANENTES,01,"AGRICULTURA, PECUÁRIA E SERVIÇOS RELACIONADOS",A,"AGRICULTURA, PECUÁRIA, PRODUÇÃO FLORESTAL, PESCA E AQÜICULTURA"
0133409,CULTIVO DE MARACUJÁ,01334,"CULTIVO DE FRUTAS DE LAVOURA PERMANENTE, EXCETO LARANJA E UVA",013,PRODUÇÃO DE LAVOURAS PERMANENTES,01,"AGRICULTURA, PECUÁRIA E SERVIÇOS RELACIONADOS",A,"AGRICULTURA, PECUÁRIA, PRODUÇÃO FLORESTAL, PESCA E AQÜICULTURA"
0133410,CULTIVO DE MANGA,01334,"CULTIVO DE FRUTAS DE LAVOURA PERMANENTE, EXCETO LARANJA E UVA",013,PRODUÇÃO DE LAVOURAS PERMANENTES,01,"AGRICULTURA, PECUÁRIA E SERVIÇOS RELACIONADOS",A,"AGRICULTURA, PECUÁRIA, PRODUÇÃO FLORESTAL, PESCA E AQÜICULTURA"
0133411,CULTIVO DE PÊSSEGO,01334,"CULTIVO DE FRUTAS DE LAVOURA PERMANENTE, EXCETO LARANJA E UVA",013,PRODUÇÃO DE LAVOURAS PERMANENTES,01,"AGRICULTURA, PECUÁRIA E SERVIÇOS RELACIONADOS",A,"AGRICULTURA, PECUÁRIA, PRODUÇÃO FLORESTAL, PESCA E AQÜICULTURA"
0133499,CULTIVO DE FRUTAS DE LAVOURA PERMANENTE NÃO ESPECIFICADAS ANTERIORMENTE,01334,"CULTIVO DE FRUTAS DE LAVOURA PERMANENTE, EXCETO LARANJA E UVA",013,PRODUÇÃO DE LAVOURAS PERMANENTES,01,"AGRICULTURA, PECUÁRIA E SERVIÇOS RELACIONADOS",A,"AGRICULTURA, PECUÁRIA, PRODUÇÃO FLORESTAL, PESCA E AQÜICULTURA"
0134200,CULTIVO DE CAFÉ,01342,CULTIVO DE CAFÉ,013,PRODUÇÃO DE LAVOURAS PERMANENTES,01,"AGRICULTURA, PECUÁRIA E SERVIÇOS RELACIONADOS",A,"AGRICULTURA, PECUÁRIA, PRODUÇÃO FLORESTAL, PESCA E AQÜICULTURA"
0135100,CULTIVO DE CACAU,01351,CULTIVO DE CACAU,013,PRODUÇÃO DE LAVOURAS PERMANENTES,01,"AGRICULTURA, PECUÁRIA E SERVIÇOS RELACIONADOS",A,"AGRICULTURA, PECUÁRIA, PRODUÇÃO FLORESTAL, PESCA E AQÜICULTURA"
0139301,CULTIVO DE CHÁ DA ÍNDIA,01393,CULTIVO DE PLANTAS DE LAVOURA PERMANENTE NÃO ESPECIFICADAS ANTERIORMENTE,013,PRODUÇÃO DE LAVOURAS PERMANENTES,01,"AGRICULTURA, PECUÁRIA E SERVIÇOS RELACIONADOS",A,"AGRICULTURA, PECUÁRIA, PRODUÇÃO FLORESTAL, PESCA E AQÜICULTURA"
0139302,CULTIVO DE ERVA MATE,01393,CULTIVO DE PLANTAS DE LAVOURA PERMANENTE NÃO ESPECIFICADAS ANTERIORMENTE,013,PRODUÇÃO DE LAVOURAS PERMANENTES,01,"AGRICULTURA, PECUÁRIA E SERVIÇOS RELACIONADOS",A,"AGRICULTURA, PECUÁRIA, PRODUÇÃO FLORESTAL, PESCA E AQÜICULTURA"
0139303,CULTIVO DE PIMENTA DO REINO,01393,CULTIVO DE PLANTAS DE LAVOURA PERMANENTE NÃO ESPECIFICADAS ANTERIORMENTE,013,PRODUÇÃO DE LAVOURAS PERMANENTES,01,"AGRICULTURA, PECUÁRIA E SERVIÇOS RELACIONADOS",A,"AGRICULTURA, PECUÁRIA, PRODUÇÃO FLORESTAL, PESCA E AQÜICULTURA"
0139304,"CULTIVO DE PLANTAS PARA CONDIMENTO, EXCETO PIMENTA DO REINO",01393,CULTIVO DE PLANTAS DE LAVOURA PERMANENTE NÃO ESPECIFICADAS ANTERIORMENTE,013,PRODUÇÃO DE LAVOURAS PERMANENTES,01,"AGRICULTURA, PECUÁRIA E SERVIÇOS RELACIONADOS",A,"AGRICULTURA, PECUÁRIA, PRODUÇÃO FLORESTAL, PESCA E AQÜICULTURA"
0139305,CULTIVO DE DENDÊ,01393,CULTIVO DE PLANTAS DE LAVOURA PERMANENTE NÃO ESPECIFICADAS ANTERIORMENTE,013,PRODUÇÃO DE LAVOURAS PERMANENTES,01,"AGRICULTURA, PECUÁRIA E SERVIÇOS RELACIONADOS",A,"AGRICULTURA, PECUÁRIA, PRODUÇÃO FLORESTAL, PESCA E AQÜICULTURA"
0139306,CULTIVO DE SERINGUEIRA,01393,CULTIVO DE PLANTAS DE LAVOURA PERMANENTE NÃO ESPECIFICADAS ANTERIORMENTE,013,PRODUÇÃO DE LAVOURAS PERMANENTES,01,"AGRICULTURA, PECUÁRIA E SERVIÇOS RELACIONADOS",A,"AGRICULTURA, PECUÁRIA, PRODUÇÃO FLORESTAL, PESCA E AQÜICULTURA"
0139399,CULTIVO DE OUTRAS PLANTAS DE LAVOURA PERMANENTE NÃO ESPECIFICADAS ANTERIORMENTE,01393,CULTIVO DE PLANTAS DE LAVOURA PERMANENTE NÃO ESPECIFICADAS ANTERIORMENTE,013,PRODUÇÃO DE LAVOURAS PERMANENTES,01,"AGRICULTURA, PECUÁRIA E SERVIÇOS RELACIONADOS",A,"AGRICULTURA, PECUÁRIA, PRODUÇÃO FLORESTAL, PESCA E AQÜICULTURA"
0141501,"PRODUÇÃO DE SEMENTES CERTIFICADAS, EXCETO DE FORRAGEIRAS PARA PASTO",01415,PRODUÇÃO DE SEMENTES CERTIFICADAS,014,PRODUÇÃO DE SEMENTES E MUDAS CERTIFICADAS,01,"AGRICULTURA, PECUÁRIA E SERVIÇOS RELACIONADOS",A,"AGRICULTURA, PECUÁRIA, PRODUÇÃO FLORESTAL, PESCA E AQÜICULTURA"
0141502,PRODUÇÃO DE SEMENTES CERTIFICADAS DE FORRAGEIRAS PARA FORMAÇÃO DE PASTO,01415,PRODUÇÃO DE SEMENTES CERTIFICADAS,014,PRODUÇÃO DE SEMENTES E MUDAS CERTIFICADAS,01,"AGRICULTURA, PECUÁRIA E SERVIÇOS RELACIONADOS",A,"AGRICULTURA, PECUÁRIA, PRODUÇÃO FLORESTAL, PESCA E AQÜICULTURA"
0142300,"PRODUÇÃO DE MUDAS E OUTRAS FORMAS DE PROPAGAÇÃO VEGETAL, CERTIFICADAS",01423,"PRODUÇÃO DE MUDAS E OUTRAS FORMAS DE PROPAGAÇÃO VEGETAL, CERTIFICADAS",014,PRODUÇÃO DE SEMENTES E MUDAS CERTIFICADAS,01,"AGRICULTURA, PECUÁRIA E SERVIÇOS RELACIONADOS",A,"AGRICULTURA, PECUÁRIA, PRODUÇÃO FLORESTAL, PESCA E AQÜICULTURA"
0151201,CRIAÇÃO DE BOVINOS PARA CORTE,01512,CRIAÇÃO DE BOVINOS,015,PECUÁRIA,01,"AGRICULTURA, PECUÁRIA E SERVIÇOS RELACIONADOS",A,"AGRICULTURA, PECUÁRIA, PRODUÇÃO FLORESTAL, PESCA E AQÜICULTURA"
0151202,CRIAÇÃO DE BOVINOS PARA LEITE,01512,CRIAÇÃO DE BOVINOS,015,PECUÁRIA,01,"AGRICULTURA, PECUÁRIA E SERVIÇOS RELACIONADOS",A,"AGRICULTURA, PECUÁRIA, PRODUÇÃO FLORESTAL, PESCA E AQÜICULTURA"
0151203,"CRIAÇÃO DE BOVINOS, EXCETO PARA CORTE E LEITE",01512,CRIAÇÃO DE BOVINOS,015,PECUÁRIA,01,"AGRICULTURA, PECUÁRIA E SERVIÇOS RELACIONADOS",A,"AGRICULTURA, PECUÁRIA, PRODUÇÃO FLORESTAL, PESCA E AQÜICULTURA"
0152101,CRIAÇÃO DE BUFALINOS,01521,CRIAÇÃO DE OUTROS ANIMAIS DE GRANDE PORTE,015,PECUÁRIA,01,"AGRICULTURA, PECUÁRIA E SERVIÇOS RELACIONADOS",A,"AGRICULTURA, PECUÁRIA, PRODUÇÃO FLORESTAL, PESCA E AQÜICULTURA"
0152102,CRIAÇÃO DE EQÜINOS,01521,CRIAÇÃO DE OUTROS ANIMAIS DE GRANDE PORTE,015,PECUÁRIA,01,"AGRICULTURA, PECUÁRIA E SERVIÇOS RELACIONADOS",A,"AGRICULTURA, PECUÁRIA, PRODUÇÃO FLORESTAL, PESCA E AQÜICULTURA"
0152103,CRIAÇÃO DE ASININOS E MUARES,01521,CRIAÇÃO DE OUTROS ANIMAIS DE GRANDE PORTE,015,PECUÁRIA,01,"AGRICULTURA, PECUÁRIA E SERVIÇOS RELACIONADOS",A,"AGRICULTURA, PECUÁRIA, PRODUÇÃO FLORESTAL, PESCA E AQÜICULTURA"
0153901,CRIAÇÃO DE CAPRINOS,01539,CRIAÇÃO DE CAPRINOS E OVINOS,015,PECUÁRIA,01,"AGRICULTURA, PECUÁRIA E SERVIÇOS RELACIONADOS",A,"AGRICULTURA, PECUÁRIA, PRODUÇÃO FLORESTAL, PESCA E AQÜICULTURA"
0153902,"CRIAÇÃO DE OVINOS, INCLUSIVE PARA PRODUÇÃO DE LÃ",01539,CRIAÇÃO DE CAPRINOS E OVINOS,015,PECUÁRIA,01,"AGRICULTURA, PECUÁRIA E SERVIÇOS RELACIONADOS",A,"AGRICULTURA, PECUÁRIA, PRODUÇÃO FLORESTAL, PESCA E AQÜICULTURA"
0154700,CRIAÇÃO DE SUÍNOS,01547,CRIAÇÃO DE SUÍNOS,015,PECUÁRIA,01,"AGRICULTURA, PECUÁRIA E SERVIÇOS RELACIONADOS",A,"AGRICULTURA, PECUÁRIA, PRODUÇÃO FLORESTAL, PESCA E AQÜICULTURA"
0155501,CRIAÇÃO DE FRANGOS PARA CORTE,01555,CRIAÇÃO DE AVES,015,PECUÁRIA,01,"AGRICULTURA, PECUÁRIA E SERVIÇOS RELACIONADOS",A,"AGRICULTURA, PECUÁRIA, PRODUÇÃO FLORESTAL, PESCA E AQÜICULTURA"
0155502,PRODUÇÃO DE PINTOS DE UM DIA,01555,CRIAÇÃO DE AVES,015,PECUÁRIA,01,"AGRICULTURA, PECUÁRIA E SERVIÇOS RELACIONADOS",A,"AGRICULTURA, PECUÁRIA, PRODUÇÃO FLORESTAL, PESCA E AQÜICULTURA"
0155503,"CRIAÇÃO DE OUTROS GALINÁCEOS, EXCETO PARA CORTE",01555,CRIAÇÃO DE AVES,015,PECUÁRIA,01,"AGRICULTURA, PECUÁRIA E SERVIÇOS RELACIONADOS",A,"AGRICULTURA, PECUÁRIA, PRODUÇÃO FLORESTAL, PESCA E AQÜICULTURA"
0155504,"CRIAÇÃO DE AVES, EXCETO GALINÁCEOS",01555,CRIAÇÃO DE AVES,015,PECUÁRIA,01,"AGRICULTURA, PECUÁRIA E SERVIÇOS RELACIONADOS",A,"AGRICULTURA, PECUÁRIA, PRODUÇÃO FLORESTAL, PESCA E AQÜICULTURA"
0155505,PRODUÇÃO DE OVOS,01555,CRIAÇÃO DE AVES,015,PECUÁRIA,01,"AGRICULTURA, PECUÁRIA E SERVIÇOS RELACIONADOS",A,"AGRICULTURA, PECUÁRIA, PRODUÇÃO FLORESTAL, PESCA E AQÜICULTURA"
0159801,APICULTURA,01598,CRIAÇÃO DE ANIMAIS NÃO ESPECIFICADOS ANTERIORMENTE,015,PECUÁRIA,01,"AGRICULTURA, PECUÁRIA E SERVIÇOS RELACIONADOS",A,"AGRICULTURA, PECUÁRIA, PRODUÇÃO FLORESTAL, PESCA E AQÜICULTURA"
0159802,CRIAÇÃO DE ANIMAIS DE ESTIMAÇÃO,01598,CRIAÇÃO DE ANIMAIS NÃO ESPECIFICADOS ANTERIORMENTE,015,PECUÁRIA,01,"AGRICULTURA, PECUÁRIA E SERVIÇOS RELACIONADOS",A,"AGRICULTURA, PECUÁRIA, PRODUÇÃO FLORESTAL, PESCA E AQÜICULTURA"
0159803,CRIAÇÃO DE ESCARGÔ,01598,CRIAÇÃO DE ANIMAIS NÃO ESPECIFICADOS ANTERIORMENTE,015,PECUÁRIA,01,"AGRICULTURA, PECUÁRIA E SERVIÇOS RELACIONADOS",A,"AGRICULTURA, PECUÁRIA, PRODUÇÃO FLORESTAL, PESCA E AQÜICULTURA"
0159804,CRIAÇÃO DE BICHO DA SEDA,01598,CRIAÇÃO DE ANIMAIS NÃO ESPECIFICADOS ANTERIORMENTE,015,PECUÁRIA,01,"AGRICULTURA, PECUÁRIA E SERVIÇOS RELACIONADOS",A,"AGRICULTURA, PECUÁRIA, PRODUÇÃO FLORESTAL, PESCA E AQÜICULTURA"
0159899,CRIAÇÃO DE OUTROS ANIMAIS NÃO ESPECIFICADOS ANTERIORMENTE,01598,CRIAÇÃO DE ANIMAIS NÃO ESPECIFICADOS ANTERIORMENTE,015,PECUÁRIA,01,"AGRICULTURA, PECUÁRIA E SERVIÇOS RELACIONADOS",A,"AGRICULTURA, PECUÁRIA, PRODUÇÃO FLORESTAL, PESCA E AQÜICULTURA"
0161001,SERVIÇO DE PULVERIZAÇÃO E CONTROLE DE PRAGAS AGRÍCOLAS,01610,ATIVIDADES DE APOIO À AGRICULTURA,016,ATIVIDADES DE APOIO À AGRICULTURA E À PECUÁRIA; ATIVIDADES DE PÓS-COLHEITA,01,"AGRICULTURA, PECUÁRIA E SERVIÇOS RELACIONADOS",A,"AGRICULTURA, PECUÁRIA, PRODUÇÃO FLORESTAL, PESCA E AQÜICULTURA"
0161002,SERVIÇO DE PODA DE ÁRVORES PARA LAVOURAS,01610,ATIVIDADES DE APOIO À AGRICULTURA,016,ATIVIDADES DE APOIO À AGRICULTURA E À PECUÁRIA; ATIVIDADES DE PÓS-COLHEITA,01,"AGRICULTURA, PECUÁRIA E SERVIÇOS RELACIONADOS",A,"AGRICULTURA, PECUÁRIA, PRODUÇÃO FLORESTAL, PESCA E AQÜICULTURA"
0161003,"SERVIÇO DE PREPARAÇÃO DE TERRENO, CULTIVO E COLHEITA",01610,ATIVIDADES DE APOIO À AGRICULTURA,016,ATIVIDADES DE APOIO À AGRICULTURA E À PECUÁRIA; ATIVIDADES DE PÓS-COLHEITA,01,"AGRICULTURA, PECUÁRIA E SERVIÇOS RELACIONADOS",A,"AGRICULTURA, PECUÁRIA, PRODUÇÃO FLORESTAL, PESCA E AQÜICULTURA"
0161099,ATIVIDADES DE APOIO À AGRICULTURA NÃO ESPECIFICADAS ANTERIORMENTE,01610,ATIVIDADES DE APOIO À AGRICULTURA,016,ATIVIDADES DE APOIO À AGRICULTURA E À PECUÁRIA; ATIVIDADES DE PÓS-COLHEITA,01,"AGRICULTURA, PECUÁRIA E SERVIÇOS RELACIONADOS",A,"AGRICULTURA, PECUÁRIA, PRODUÇÃO FLORESTAL, PESCA E AQÜICULTURA"
0162801,SERVIÇO DE INSEMINAÇÃO ARTIFICIAL DE ANIMAIS,01628,ATIVIDADES DE APOIO À PECUÁRIA,016,ATIVIDADES DE APOIO À AGRICULTURA E À PECUÁRIA; ATIVIDADES DE PÓS-COLHEITA,01,"AGRICULTURA, PECUÁRIA E SERVIÇOS RELACIONADOS",A,"AGRICULTURA, PECUÁRIA, PRODUÇÃO FLORESTAL, PESCA E AQÜICULTURA"
0162802,SERVIÇO DE TOSQUIAMENTO DE OVINOS,01628,ATIVIDADES DE APOIO À PECUÁRIA,016,ATIVIDADES DE APOIO À AGRICULTURA E À PECUÁRIA; ATIVIDADES DE PÓS-COLHEITA,01,"AGRICULTURA, PECUÁRIA E SERVIÇOS RELACIONADOS",A,"AGRICULTURA, PECUÁRIA, PRODUÇÃO FLORESTAL, PESCA E AQÜICULTURA"
0162803,SERVIÇO DE MANEJO DE ANIMAIS,01628,ATIVIDADES DE APOIO À PECUÁRIA,016,ATIVIDADES DE APOIO À AGRICULTURA E À PECUÁRIA; ATIVIDADES DE PÓS-COLHEITA,01,"AGRICULTURA, PECUÁRIA E SERVIÇOS RELACIONADOS",A,"AGRICULTURA, PECUÁRIA, PRODUÇÃO FLORESTAL, PESCA E AQÜICULTURA"
0162899,ATIVIDADES DE APOIO À PECUÁRIA NÃO ESPECIFICADAS ANTERIORMENTE,01628,ATIVIDADES DE APOIO À PECUÁRIA,016,ATIVIDADES DE APOIO À AGRICULTURA E À PECUÁRIA; ATIVIDADES DE PÓS-COLHEITA,01,"AGRICULTURA, PECUÁRIA E SERVIÇOS RELACIONADOS",A,"AGRICULTURA, PECUÁRIA, PRODUÇÃO FLORESTAL, PESCA E AQÜICULTURA"
0163600,ATIVIDADES DE PÓS COLHEITA,01636,ATIVIDADES DE PÓS-COLHEITA,016,ATIVIDADES DE APOIO À AGRICULTURA E À PECUÁRIA; ATIVIDADES DE PÓS-COLHEITA,01,"AGRICULTURA, PECUÁRIA E SERVIÇOS RELACIONADOS",A,"AGRICULTURA, PECUÁRIA, PRODUÇÃO FLORESTAL, PESCA E AQÜICULTURA"
0170900,CAÇA E SERVIÇOS RELACIONADOS,01709,CAÇA E SERVIÇOS RELACIONADOS,017,CAÇA E SERVIÇOS RELACIONADOS,01,"AGRICULTURA, PECUÁRIA E SERVIÇOS RELACIONADOS",A,"AGRICULTURA, PECUÁRIA, PRODUÇÃO FLORESTAL, PESCA E AQÜICULTURA"
0210101,CULTIVO DE EUCALIPTO,02101,PRODUÇÃO FLORESTAL - FLORESTAS PLANTADAS,021,PRODUÇÃO FLORESTAL - FLORESTAS PLANTADAS,02,PRODUÇÃO FLORESTAL,A,"AGRICULTURA, PECUÁRIA, PRODUÇÃO FLORESTAL, PESCA E AQÜICULTURA"
0210102,CULTIVO DE ACÁCIA NEGRA,02101,PRODUÇÃO FLORESTAL - FLORESTAS PLANTADAS,021,PRODUÇÃO FLORESTAL - FLORESTAS PLANTADAS,02,PRODUÇÃO FLORESTAL,A,"AGRICULTURA, PECUÁRIA, PRODUÇÃO FLORESTAL, PESCA E AQÜICULTURA"
0210103,CULTIVO DE PINUS,02101,PRODUÇÃO FLORESTAL - FLORESTAS PLANTADAS,021,PRODUÇÃO FLORESTAL - FLORESTAS PLANTADAS,02,PRODUÇÃO FLORESTAL,A,"AGRICULTURA, PECUÁRIA, PRODUÇÃO FLORESTAL, PESCA E AQÜICULTURA"
0210104,CULTIVO DE TECA,02101,PRODUÇÃO FLORESTAL - FLORESTAS PLANTADAS,021,PRODUÇÃO FLORESTAL - FLORESTAS PLANTADAS,02,PRODUÇÃO FLORESTAL,A,"AGRICULTURA, PECUÁRIA, PRODUÇÃO FLORESTAL, PESCA E AQÜICULTURA"
0210105,"CULTIVO DE ESPÉCIES MADEIREIRAS, EXCETO EUCALIPTO, ACÁCIA NEGRA, PINUS E TECA",02101,PRODUÇÃO FLORESTAL - FLORESTAS PLANTADAS,021,PRODUÇÃO FLORESTAL - FLORESTAS PLANTADAS,02,PRODUÇÃO FLORESTAL,A,"AGRICULTURA, PECUÁRIA, PRODUÇÃO FLORESTAL, PESCA E AQÜICULTURA"
0210106,CULTIVO DE MUDAS EM VIVEIROS FLORESTAIS,02101,PRODUÇÃO FLORESTAL - FLORESTAS PLANTADAS,021,PRODUÇÃO FLORESTAL - FLORESTAS PLANTADAS,02,PRODUÇÃO FLORESTAL,A,"AGRICULTURA, PECUÁRIA, PRODUÇÃO FLORESTAL, PESCA E AQÜICULTURA"
0210107,EXTRAÇÃO DE MADEIRA EM FLORESTAS PLANTADAS,02101,PRODUÇÃO FLORESTAL - FLORESTAS PLANTADAS,021,PRODUÇÃO FLORESTAL - FLORESTAS PLANTADAS,02,PRODUÇÃO FLORESTAL,A,"AGRICULTURA, PECUÁRIA, PRODUÇÃO FLORESTAL, PESCA E AQÜICULTURA"
0210108,PRODUÇÃO DE CARVÃO VEGETAL - FLORESTAS PLANTADAS,02101,PRODUÇÃO FLORESTAL - FLORESTAS PLANTADAS,021,PRODUÇÃO FLORESTAL - FLORESTAS PLANTADAS,02,PRODUÇÃO FLORESTAL,A,"AGRICULTURA, PECUÁRIA, PRODUÇÃO FLORESTAL, PESCA E AQÜICULTURA"
0210109,PRODUÇÃO DE CASCA DE ACÁCIA NEGRA - FLORESTAS PLANTADAS,02101,PRODUÇÃO FLORESTAL - FLORESTAS PLANTADAS,021,PRODUÇÃO FLORESTAL - FLORESTAS PLANTADAS,02,PRODUÇÃO FLORESTAL,A,"AGRICULTURA, PECUÁRIA, PRODUÇÃO FLORESTAL, PESCA E AQÜICULTURA"
0210199,PRODUÇÃO DE PRODUTOS NÃO MADEIREIROS NÃO ESPECIFICADOS ANTERIORMENTE EM FLORESTAS PLANTADAS,02101,PRODUÇÃO FLORESTAL - FLORESTAS PLANTADAS,021,PRODUÇÃO FLORESTAL - FLORESTAS PLANTADAS,02,PRODUÇÃO FLORESTAL,A,"AGRICULTURA, PECUÁRIA, PRODUÇÃO FLORESTAL, PESCA E AQÜICULTURA"
0220901,EXTRAÇÃO DE MADEIRA EM FLORESTAS NATIVAS,02209,PRODUÇÃO FLORESTAL - FLORESTAS NATIVAS,022,PRODUÇÃO FLORESTAL - FLORESTAS NATIVAS,02,PRODUÇÃO FLORESTAL,A,"AGRICULTURA, PECUÁRIA, PRODUÇÃO FLORESTAL, PESCA E AQÜICULTURA"
0220902,PRODUÇÃO DE CARVÃO VEGETAL - FLORESTAS NATIVAS,02209,PRODUÇÃO FLORESTAL - FLORESTAS NATIVAS,022,PRODUÇÃO FLORESTAL - FLORESTAS NATIVAS,02,PRODUÇÃO FLORESTAL,A,"AGRICULTURA, PECUÁRIA, PRODUÇÃO FLORESTAL, PESCA E AQÜICULTURA"
0220903,COLETA DE CASTANHA DO PARÁ EM FLORESTAS NATIVAS,02209,PRODUÇÃO FLORESTAL - FLORESTAS NATIVAS,022,PRODUÇÃO FLORESTAL - FLORESTAS NATIVAS,02,PRODUÇÃO FLORESTAL,A,"AGRICULTURA, PECUÁRIA, PRODUÇÃO FLORESTAL, PESCA E AQÜICULTURA"
0220904,COLETA DE LÁTEX EM FLORESTAS NATIVAS,02209,PRODUÇÃO FLORESTAL - FLORESTAS NATIVAS,022,PRODUÇÃO FLORESTAL - FLORESTAS NATIVAS,02,PRODUÇÃO FLORESTAL,A,"AGRICULTURA, PECUÁRIA, PRODUÇÃO FLORESTAL, PESCA E AQÜICULTURA"
0220905,COLETA DE PALMITO EM FLORESTAS NATIVAS,02209,PRODUÇÃO FLORESTAL - FLORESTAS NATIVAS,022,PRODUÇÃO FLORESTAL - FLORESTAS NATIVAS,02,PRODUÇÃO FLORESTAL,A,"AGRICULTURA, PECUÁRIA, PRODUÇÃO FLORESTAL, PESCA E AQÜICULTURA"
0220906,CONSERVAÇÃO DE FLORESTAS NATIVAS,02209,PRODUÇÃO FLORESTAL - FLORESTAS NATIVAS,022,PRODUÇÃO FLORESTAL - FLORESTAS NATIVAS,02,PRODUÇÃO FLORESTAL,A,"AGRICULTURA, PECUÁRIA, PRODUÇÃO FLORESTAL, PESCA E AQÜICULTURA"
0220999,COLETA DE PRODUTOS NÃO MADEIREIROS NÃO ESPECIFICADOS ANTERIORMENTE EM FLORESTAS NATIVAS,02209,PRODUÇÃO FLORESTAL - FLORESTAS NATIVAS,022,PRODUÇÃO FLORESTAL - FLORESTAS NATIVAS,02,PRODUÇÃO FLORESTAL,A,"AGRICULTURA, PECUÁRIA, PRODUÇÃO FLORESTAL, PESCA E AQÜICULTURA"
0230600,ATIVIDADES DE APOIO À PRODUÇÃO FLORESTAL,02306,ATIVIDADES DE APOIO À PRODUÇÃO FLORESTAL,023,ATIVIDADES DE APOIO À PRODUÇÃO FLORESTAL,02,PRODUÇÃO FLORESTAL,A,"AGRICULTURA, PECUÁRIA, PRODUÇÃO FLORESTAL, PESCA E AQÜICULTURA"
0311601,PESCA DE PEIXES EM ÁGUA SALGADA,03116,PESCA EM ÁGUA SALGADA,031,PESCA,03,PESCA E AQÜICULTURA,A,"AGRICULTURA, PECUÁRIA, PRODUÇÃO FLORESTAL, PESCA E AQÜICULTURA"
0311602,PESCA DE CRUSTÁCEOS E MOLUSCOS EM ÁGUA SALGADA,03116,PESCA EM ÁGUA SALGADA,031,PESCA,03,PESCA E AQÜICULTURA,A,"AGRICULTURA, PECUÁRIA, PRODUÇÃO FLORESTAL, PESCA E AQÜICULTURA"
0311603,COLETA DE OUTROS PRODUTOS MARINHOS,03116,PESCA EM ÁGUA SALGADA,031,PESCA,03,PESCA E AQÜICULTURA,A,"AGRICULTURA, PECUÁRIA, PRODUÇÃO FLORESTAL, PESCA E AQÜICULTURA"
0311604,ATIVIDADES DE APOIO À PESCA EM ÁGUA SALGADA,03116,PESCA EM ÁGUA SALGADA,031,PESCA,03,PESCA E AQÜICULTURA,A,"AGRICULTURA, PECUÁRIA, PRODUÇÃO FLORESTAL, PESCA E AQÜICULTURA"
0312401,PESCA DE PEIXES EM ÁGUA DOCE,03124,PESCA EM ÁGUA DOCE,031,PESCA,03,PESCA E AQÜICULTURA,A,"AGRICULTURA, PECUÁRIA, PRODUÇÃO FLORESTAL, PESCA E AQÜICULTURA"
0312402,PESCA DE CRUSTÁCEOS E MOLUSCOS EM ÁGUA DOCE,03124,PESCA EM ÁGUA DOCE,031,PESCA,03,PESCA E AQÜICULTURA,A,"AGRICULTURA, PECUÁRIA, PRODUÇÃO FLORESTAL, PESCA E AQÜICULTURA"
0312403,COLETA DE OUTROS PRODUTOS AQUÁTICOS DE ÁGUA DOCE,03124,PESCA EM ÁGUA DOCE,031,PESCA,03,PESCA E AQÜICULTURA,A,"AGRICULTURA, PECUÁRIA, PRODUÇÃO FLORESTAL, PESCA E AQÜICULTURA"
0312404,ATIVIDADES DE APOIO À PESCA EM ÁGUA DOCE,03124,PESCA EM ÁGUA DOCE,031,PESCA,03,PESCA E AQÜICULTURA,A,"AGRICULTURA, PECUÁRIA, PRODUÇÃO FLORESTAL, PESCA E AQÜICULTURA"
0321301,CRIAÇÃO DE PEIXES EM ÁGUA SALGADA E SALOBRA,03213,AQUICULTURA EM ÁGUA SALGADA E SALOBRA,032,AQÜICULTURA,03,PESCA E AQÜICULTURA,A,"AGRICULTURA, PECUÁRIA, PRODUÇÃO FLORESTAL, PESCA E AQÜICULTURA"
0321302,CRIAÇÃO DE CAMARÕES EM ÁGUA SALGADA E SALOBRA,03213,AQUICULTURA EM ÁGUA SALGADA E SALOBRA,032,AQÜICULTURA,03,PESCA E AQÜICULTURA,A,"AGRICULTURA, PECUÁRIA, PRODUÇÃO FLORESTAL, PESCA E AQÜICULTURA"
0321303,CRIAÇÃO DE OSTRAS E MEXILHÕES EM ÁGUA SALGADA E SALOBRA,03213,AQUICULTURA EM ÁGUA SALGADA E SALOBRA,032,AQÜICULTURA,03,PESCA E AQÜICULTURA,A,"AGRICULTURA, PECUÁRIA, PRODUÇÃO FLORESTAL, PESCA E AQÜICULTURA"
0321304,CRIAÇÃO DE PEIXES ORNAMENTAIS EM ÁGUA SALGADA E SALOBRA,03213,AQUICULTURA EM ÁGUA SALGADA E SALOBRA,032,AQÜICULTURA,03,PESCA E AQÜICULTURA,A,"AGRICULTURA, PECUÁRIA, PRODUÇÃO FLORESTAL, PESCA E AQÜICULTURA"
0321305,ATIVIDADES DE APOIO À AQÜICULTURA EM ÁGUA SALGADA E SALOBRA,03213,AQUICULTURA EM ÁGUA SALGADA E SALOBRA,032,AQÜICULTURA,03,PESCA E AQÜICULTURA,A,"AGRICULTURA, PECUÁRIA, PRODUÇÃO FLORESTAL, PESCA E AQÜICULTURA"
0321399,CULTIVOS E SEMICULTIVOS DA AQÜICULTURA EM ÁGUA SALGADA E SALOBRA NÃO ESPECIFICADOS ANTERIORMENTE,03213,AQUICULTURA EM ÁGUA SALGADA E SALOBRA,032,AQÜICULTURA,03,PESCA E AQÜICULTURA,A,"AGRICULTURA, PECUÁRIA, PRODUÇÃO FLORESTAL, PESCA E AQÜICULTURA"
0322101,CRIAÇÃO DE PEIXES EM ÁGUA DOCE,03221,AQUICULTURA EM ÁGUA DOCE,032,AQÜICULTURA,03,PESCA E AQÜICULTURA,A,"AGRICULTURA, PECUÁRIA, PRODUÇÃO FLORESTAL, PESCA E AQÜICULTURA"
0322102,CRIAÇÃO DE CAMARÕES EM ÁGUA DOCE,03221,AQUICULTURA EM ÁGUA DOCE,032,AQÜICULTURA,03,PESCA E AQÜICULTURA,A,"AGRICULTURA, PECUÁRIA, PRODUÇÃO FLORESTAL, PESCA E AQÜICULTURA"
0322103,CRIAÇÃO DE OSTRAS E MEXILHÕES EM ÁGUA DOCE,03221,AQUICULTURA EM ÁGUA DOCE,032,AQÜICULTURA,03,PESCA E AQÜICULTURA,A,"AGRICULTURA, PECUÁRIA, PRODUÇÃO FLORESTAL, PESCA E AQÜICULTURA"
0322104,CRIAÇÃO DE PEIXES ORNAMENTAIS EM ÁGUA DOCE,03221,AQUICULTURA EM ÁGUA DOCE,032,AQÜICULTURA,03,PESCA E AQÜICULTURA,A,"AGRICULTURA, PECUÁRIA, PRODUÇÃO FLORESTAL, PESCA E AQÜICULTURA"
0322105,RANICULTURA,03221,AQUICULTURA EM ÁGUA DOCE,032,AQÜICULTURA,03,PESCA E AQÜICULTURA,A,"AGRICULTURA, PECUÁRIA, PRODUÇÃO FLORESTAL, PESCA E AQÜICULTURA"
0322106,CRIAÇÃO DE JACARÉ,03221,AQUICULTURA EM ÁGUA DOCE,032,AQÜICULTURA,03,PESCA E AQÜICULTURA,A,"AGRICULTURA, PECUÁRIA, PRODUÇÃO FLORESTAL, PESCA E AQÜICULTURA"
0322107,ATIVIDADES DE APOIO À AQÜICULTURA EM ÁGUA DOCE,03221,AQUICULTURA EM ÁGUA DOCE,032,AQÜICULTURA,03,PESCA E AQÜICULTURA,A,"AGRICULTURA, PECUÁRIA, PRODUÇÃO FLORESTAL, PESCA E AQÜICULTURA"
0322199,CULTIVOS E SEMICULTIVOS DA AQÜICULTURA EM ÁGUA DOCE NÃO ESPECIFICADOS ANTERIORMENTE,03221,AQUICULTURA EM ÁGUA DOCE,032,AQÜICULTURA,03,PESCA E AQÜICULTURA,A,"AGRICULTURA, PECUÁRIA, PRODUÇÃO FLORESTAL, PESCA E AQÜICULTURA"
0500301,EXTRAÇÃO DE CARVÃO MINERAL,05003,EXTRAÇÃO DE CARVÃO MINERAL,050,EXTRAÇÃO DE CARVÃO MINERAL,05,EXTRAÇÃO DE CARVÃO MINERAL,B,INDÚSTRIAS EXTRATIVAS
0500302,BENEFICIAMENTO DE CARVÃO MINERAL,05003,EXTRAÇÃO DE CARVÃO MINERAL,050,EXTRAÇÃO DE CARVÃO MINERAL,05,EXTRAÇÃO DE CARVÃO MINERAL,B,INDÚSTRIAS EXTRATIVAS
0600001,EXTRAÇÃO DE PETRÓLEO E GÁS NATURAL,06000,EXTRAÇÃO DE PETRÓLEO E GÁS NATURAL,060,EXTRAÇÃO DE PETRÓLEO E GÁS NATURAL,06,EXTRAÇÃO DE PETRÓLEO E GÁS NATURAL,B,INDÚSTRIAS EXTRATIVAS
0600002,EXTRAÇÃO E BENEFICIAMENTO DE XISTO,06000,EXTRAÇÃO DE PETRÓLEO E GÁS NATURAL,060,EXTRAÇÃO DE PETRÓLEO E GÁS NATURAL,06,EXTRAÇÃO DE PETRÓLEO E GÁS NATURAL,B,INDÚSTRIAS EXTRATIVAS
0600003,EXTRAÇÃO E BENEFICIAMENTO DE AREIAS BETUMINOSAS,06000,EXTRAÇÃO DE PETRÓLEO E GÁS NATURAL,060,EXTRAÇÃO DE PETRÓLEO E GÁS NATURAL,06,EXTRAÇÃO DE PETRÓLEO E GÁS NATURAL,B,INDÚSTRIAS EXTRATIVAS
0710301,EXTRAÇÃO DE MINÉRIO DE FERRO,07103,EXTRAÇÃO DE MINÉRIO DE FERRO,071,EXTRAÇÃO DE MINÉRIO DE FERRO,07,EXTRAÇÃO DE MINERAIS METÁLICOS,B,INDÚSTRIAS EXTRATIVAS
0710302,"PELOTIZAÇÃO, SINTERIZAÇÃO E OUTROS BENEFICIAMENTOS DE MINÉRIO DE FERRO",07103,EXTRAÇÃO DE MINÉRIO DE FERRO,071,EXTRAÇÃO DE MINÉRIO DE FERRO,07,EXTRAÇÃO DE MINERAIS METÁLICOS,B,INDÚSTRIAS EXTRATIVAS
0721901,EXTRAÇÃO DE MINÉRIO DE ALUMÍNIO,07219,EXTRAÇÃO DE MINÉRIO DE ALUMÍNIO,072,EXTRAÇÃO DE MINERAIS METÁLICOS NÃO-FERROSOS,07,EXTRAÇÃO DE MINERAIS METÁLICOS,B,INDÚSTRIAS EXTRATIVAS
0721902,BENEFICIAMENTO DE MINÉRIO DE ALUMÍNIO,07219,EXTRAÇÃO DE MINÉRIO DE ALUMÍNIO,072,EXTRAÇÃO DE MINERAIS METÁLICOS NÃO-FERROSOS,07,EXTRAÇÃO DE MINERAIS METÁLICOS,B,INDÚSTRIAS EXTRATIVAS
0722701,EXTRAÇÃO DE MINÉRIO DE ESTANHO,07227,EXTRAÇÃO DE MINÉRIO DE ESTANHO,072,EXTRAÇÃO DE MINERAIS METÁLICOS NÃO-FERROSOS,07,EXTRAÇÃO DE MINERAIS METÁLICOS,B,INDÚSTRIAS EXTRATIVAS
0722702,BENEFICIAMENTO DE MINÉRIO DE ESTANHO,07227,EXTRAÇÃO DE MINÉRIO DE ESTANHO,072,EXTRAÇÃO DE MINERAIS METÁLICOS NÃO-FERROSOS,07,EXTRAÇÃO DE MINERAIS METÁLICOS,B,INDÚSTRIAS EXTRATIVAS
0723501,EXTRAÇÃO DE MINÉRIO DE MANGANÊS,07235,EXTRAÇÃO DE MINÉRIO DE MANGANÊS,072,EXTRAÇÃO DE MINERAIS METÁLICOS NÃO-FERROSOS,07,EXTRAÇÃO DE MINERAIS METÁLICOS,B,INDÚSTRIAS EXTRATIVAS
0723502,BENEFICIAMENTO DE MINÉRIO DE MANGANÊS,07235,EXTRAÇÃO DE MINÉRIO DE MANGANÊS,072,EXTRAÇÃO DE MINERAIS METÁLICOS NÃO-FERROSOS,07,EXTRAÇÃO DE MINERAIS METÁLICOS,B,INDÚSTRIAS EXTRATIVAS
0724301,EXTRAÇÃO DE MINÉRIO DE METAIS PRECIOSOS,07243,EXTRAÇÃO DE MINÉRIO DE METAIS PRECIOSOS,072,EXTRAÇÃO DE MINERAIS METÁLICOS NÃO-FERROSOS,07,EXTRAÇÃO DE MINERAIS METÁLICOS,B,INDÚSTRIAS EXTRATIVAS
0724302,BENEFICIAMENTO DE MINÉRIO DE METAIS PRECIOSOS,07243,EXTRAÇÃO DE MINÉRIO DE METAIS PRECIOSOS,072,EXTRAÇÃO DE MINERAIS METÁLICOS NÃO-FERROSOS,07,EXTRAÇÃO DE MINERAIS METÁLICOS,B,INDÚSTRIAS EXTRATIVAS
0725100,EXTRAÇÃO DE MINERAIS RADIOATIVOS,07251,EXTRAÇÃO DE MINERAIS RADIOATIVOS,072,EXTRAÇÃO DE MINERAIS METÁLICOS NÃO-FERROSOS,07,EXTRAÇÃO DE MINERAIS METÁLICOS,B,INDÚSTRIAS EXTRATIVAS
0729401,EXTRAÇÃO DE MINÉRIOS DE NIÓBIO E TITÂNIO,07294,EXTRAÇÃO DE MINERAIS METÁLICOS NÃO FERROSOS NÃO ESPECIFICADOS ANTERIORMENTE,072,EXTRAÇÃO DE MINERAIS METÁLICOS NÃO-FERROSOS,07,EXTRAÇÃO DE MINERAIS METÁLICOS,B,INDÚSTRIAS EXTRATIVAS
0729402,EXTRAÇÃO DE MINÉRIO DE TUNGSTÊNIO,07294,EXTRAÇÃO DE MINERAIS METÁLICOS NÃO FERROSOS NÃO ESPECIFICADOS ANTERIORMENTE,072,EXTRAÇÃO DE MINERAIS METÁLICOS NÃO-FERROSOS,07,EXTRAÇÃO DE MINERAIS METÁLICOS,B,INDÚSTRIAS EXTRATIVAS
0729403,EXTRAÇÃO DE MINÉRIO DE NÍQUEL,07294,EXTRAÇÃO DE MINERAIS METÁLICOS NÃO FERROSOS NÃO ESPECIFICADOS ANTERIORMENTE,072,EXTRAÇÃO DE MINERAIS METÁLICOS NÃO-FERROSOS,07,EXTRAÇÃO DE MINERAIS METÁLICOS,B,INDÚSTRIAS EXTRATIVAS
0729404,"EXTRAÇÃO DE MINÉRIOS DE COBRE, CHUMBO, ZINCO E OUTROS MINERAIS METÁLICOS NÃO FERROSOS NÃO ESPECIFICADOS ANTERIORMENTE",07294,EXTRAÇÃO DE MINERAIS METÁLICOS NÃO FERROSOS NÃO ESPECIFICADOS ANTERIORMENTE,072,EXTRAÇÃO DE MINERAIS METÁLICOS NÃO-FERROSOS,07,EXTRAÇÃO DE MINERAIS METÁLICOS,B,INDÚSTRIAS EXTRATIVAS
0729405,"BENEFICIAMENTO DE MINÉRIOS DE COBRE, CHUMBO, ZINCO E OUTROS MINERAIS METÁLICOS NÃO FERROSOS NÃO ESPECIFICADOS ANTERIORMENTE",07294,EXTRAÇÃO DE MINERAIS METÁLICOS NÃO FERROSOS NÃO ESPECIFICADOS ANTERIORMENTE,072,EXTRAÇÃO DE MINERAIS METÁLICOS NÃO-FERROSOS,07,EXTRAÇÃO DE MINERAIS METÁLICOS,B,INDÚSTRIAS EXTRATIVAS
0810001,EXTRAÇÃO DE ARDÓSIA E BENEFICIAMENTO ASSOCIADO,08100,"EXTRAÇÃO DE PEDRA, AREIA E ARGILA",081,"EXTRAÇÃO DE PEDRA, AREIA E ARGILA",08,EXTRAÇÃO DE MINERAIS NÃO-METÁLICOS,B,INDÚSTRIAS EXTRATIVAS
0810002,EXTRAÇÃO DE GRANITO E BENEFICIAMENTO ASSOCIADO,08100,"EXTRAÇÃO DE PEDRA, AREIA E ARGILA",081,"EXTRAÇÃO DE PEDRA, AREIA E ARGILA",08,EXTRAÇÃO DE MINERAIS NÃO-METÁLICOS,B,INDÚSTRIAS EXTRATIVAS
0810003,EXTRAÇÃO DE MÁRMORE E BENEFICIAMENTO ASSOCIADO,08100,"EXTRAÇÃO DE PEDRA, AREIA E ARGILA",081,"EXTRAÇÃO DE PEDRA, AREIA E ARGILA",08,EXTRAÇÃO DE MINERAIS NÃO-METÁLICOS,B,INDÚSTRIAS EXTRATIVAS
0810004,EXTRAÇÃO DE CALCÁRIO E DOLOMITA E BENEFICIAMENTO ASSOCIADO,08100,"EXTRAÇÃO DE PEDRA, AREIA E ARGILA",081,"EXTRAÇÃO DE PEDRA, AREIA E ARGILA",08,EXTRAÇÃO DE MINERAIS NÃO-METÁLICOS,B,INDÚSTRIAS EXTRATIVAS
0810005,EXTRAÇÃO DE GESSO E CAULIM,08100,"EXTRAÇÃO DE PEDRA, AREIA E ARGILA",081,"EXTRAÇÃO DE PEDRA, AREIA E ARGILA",08,EXTRAÇÃO DE MINERAIS NÃO-METÁLICOS,B,INDÚSTRIAS EXTRATIVAS
0810006,"EXTRAÇÃO DE AREIA, CASCALHO OU PEDREGULHO E BENEFICIAMENTO ASSOCIADO",08100,"EXTRAÇÃO DE PEDRA, AREIA E ARGILA",081,"EXTRAÇÃO DE PEDRA, AREIA E ARGILA",08,EXTRAÇÃO DE MINERAIS NÃO-METÁLICOS,B,INDÚSTRIAS EXTRATIVAS
0810007,EXTRAÇÃO DE ARGILA E BENEFICIAMENTO ASSOCIADO,08100,"EXTRAÇÃO DE PEDRA, AREIA E ARGILA",081,"EXTRAÇÃO DE PEDRA, AREIA E ARGILA",08,EXTRAÇÃO DE MINERAIS NÃO-METÁLICOS,B,INDÚSTRIAS EXTRATIVAS
0810008,EXTRAÇÃO DE SAIBRO E BENEFICIAMENTO ASSOCIADO,08100,"EXTRAÇÃO DE PEDRA, AREIA E ARGILA",081,"EXTRAÇÃO DE PEDRA, AREIA E ARGILA",08,EXTRAÇÃO DE MINERAIS NÃO-METÁLICOS,B,INDÚSTRIAS EXTRATIVAS
0810009,EXTRAÇÃO DE BASALTO E BENEFICIAMENTO ASSOCIADO,08100,"EXTRAÇÃO DE PEDRA, AREIA E ARGILA",081,"EXTRAÇÃO DE PEDRA, AREIA E ARGILA",08,EXTRAÇÃO DE MINERAIS NÃO-METÁLICOS,B,INDÚSTRIAS EXTRATIVAS
0810010,BENEFICIAMENTO DE GESSO E CAULIM ASSOCIADO À EXTRAÇÃO,08100,"EXTRAÇÃO DE PEDRA, AREIA E ARGILA",081,"EXTRAÇÃO DE PEDRA, AREIA E ARGILA",08,EXTRAÇÃO DE MINERAIS NÃO-METÁLICOS,B,INDÚSTRIAS EXTRATIVAS
0810099,EXTRAÇÃO E BRITAMENTO DE PEDRAS E OUTROS MATERIAIS PARA CONSTRUÇÃO E BENEFICIAMENTO ASSOCIADO,08100,"EXTRAÇÃO DE PEDRA, AREIA E ARGILA",081,"EXTRAÇÃO DE PEDRA, AREIA E ARGILA",08,EXTRAÇÃO DE MINERAIS NÃO-METÁLICOS,B,INDÚSTRIAS EXTRATIVAS
0891600,"EXTRAÇÃO DE MINERAIS PARA FABRICAÇÃO DE ADUBOS, FERTILIZANTES E OUTROS PRODUTOS QUÍMICOS",08916,"EXTRAÇÃO DE MINERAIS PARA FABRICAÇÃO DE ADUBOS, FERTILIZANTES E OUTROS PRODUTOS QUÍMICOS",089,EXTRAÇÃO DE OUTROS MINERAIS NÃO-METÁLICOS,08,EXTRAÇÃO DE MINERAIS NÃO-METÁLICOS,B,INDÚSTRIAS EXTRATIVAS
0892401,EXTRAÇÃO DE SAL MARINHO,08924,EXTRAÇÃO E REFINO DE SAL MARINHO E SAL-GEMA,089,EXTRAÇÃO DE OUTROS MINERAIS NÃO-METÁLICOS,08,EXTRAÇÃO DE MINERAIS NÃO-METÁLICOS,B,INDÚSTRIAS EXTRATIVAS
0892402,EXTRAÇÃO DE SAL GEMA,08924,EXTRAÇÃO E REFINO DE SAL MARINHO E SAL-GEMA,089,EXTRAÇÃO DE OUTROS MINERAIS NÃO-METÁLICOS,08,EXTRAÇÃO DE MINERAIS NÃO-METÁLICOS,B,INDÚSTRIAS EXTRATIVAS
0892403,REFINO E OUTROS TRATAMENTOS DO SAL,08924,EXTRAÇÃO E REFINO DE SAL MARINHO E SAL-GEMA,089,EXTRAÇÃO DE OUTROS MINERAIS NÃO-METÁLICOS,08,EXTRAÇÃO DE MINERAIS NÃO-METÁLICOS,B,INDÚSTRIAS EXTRATIVAS
0893200,EXTRAÇÃO DE GEMAS (PEDRAS PRECIOSAS E SEMIPRECIOSAS),08932,EXTRAÇÃO DE GEMAS (PEDRAS PRECIOSAS E SEMIPRECIOSAS),089,EXTRAÇÃO DE OUTROS MINERAIS NÃO-METÁLICOS,08,EXTRAÇÃO DE MINERAIS NÃO-METÁLICOS,B,INDÚSTRIAS EXTRATIVAS
0899101,EXTRAÇÃO DE GRAFITA,08991,EXTRAÇÃO DE MINERAIS NÃO METÁLICOS NÃO ESPECIFICADOS ANTERIORMENTE,089,EXTRAÇÃO DE OUTROS MINERAIS NÃO-METÁLICOS,08,EXTRAÇÃO DE MINERAIS NÃO-METÁLICOS,B,INDÚSTRIAS EXTRATIVAS
0899102,EXTRAÇÃO DE QUARTZO,08991,EXTRAÇÃO DE MINERAIS NÃO METÁLICOS NÃO ESPECIFICADOS ANTERIORMENTE,089,EXTRAÇÃO DE OUTROS MINERAIS NÃO-METÁLICOS,08,EXTRAÇÃO DE MINERAIS NÃO-METÁLICOS,B,INDÚSTRIAS EXTRATIVAS
0899103,EXTRAÇÃO DE AMIANTO,08991,EXTRAÇÃO DE MINERAIS NÃO METÁLICOS NÃO ESPECIFICADOS ANTERIORMENTE,089,EXTRAÇÃO DE OUTROS MINERAIS NÃO-METÁLICOS,08,EXTRAÇÃO DE MINERAIS NÃO-METÁLICOS,B,INDÚSTRIAS EXTRATIVAS
0899199,EXTRAÇÃO DE OUTROS MINERAIS NÃO METÁLICOS NÃO ESPECIFICADOS ANTERIORMENTE,08991,EXTRAÇÃO DE MINERAIS NÃO METÁLICOS NÃO ESPECIFICADOS ANTERIORMENTE,089,EXTRAÇÃO DE OUTROS MINERAIS NÃO-METÁLICOS,08,EXTRAÇÃO DE MINERAIS NÃO-METÁLICOS,B,INDÚSTRIAS EXTRATIVAS
0910600,ATIVIDADES DE APOIO À EXTRAÇÃO DE PETRÓLEO E GÁS NATURAL,09106,ATIVIDADES DE APOIO À EXTRAÇÃO DE PETRÓLEO E GÁS NATURAL,091,ATIVIDADES DE APOIO À EXTRAÇÃO DE PETRÓLEO E GÁS NATURAL,09,ATIVIDADES DE APOIO À EXTRAÇÃO DE MINERAIS,B,INDÚSTRIAS EXTRATIVAS
0990401,ATIVIDADES DE APOIO À EXTRAÇÃO DE MINÉRIO DE FERRO,09904,"ATIVIDADES DE APOIO À EXTRAÇÃO DE MINERAIS, EXCETO PETRÓLEO E GÁS NATURAL",099,"ATIVIDADES DE APOIO À EXTRAÇÃO DE MINERAIS, EXCETO PETRÓLEO E GÁS NATURAL",09,ATIVIDADES DE APOIO À EXTRAÇÃO DE MINERAIS,B,INDÚSTRIAS EXTRATIVAS
0990402,ATIVIDADES DE APOIO À EXTRAÇÃO DE MINERAIS METÁLICOS NÃO FERROSOS,09904,"ATIVIDADES DE APOIO À EXTRAÇÃO DE MINERAIS, EXCETO PETRÓLEO E GÁS NATURAL",099,"ATIVIDADES DE APOIO À EXTRAÇÃO DE MINERAIS, EXCETO PETRÓLEO E GÁS NATURAL",09,ATIVIDADES DE APOIO À EXTRAÇÃO DE MINERAIS,B,INDÚSTRIAS EXTRATIVAS
0990403,ATIVIDADES DE APOIO À EXTRAÇÃO DE MINERAIS NÃO METÁLICOS,09904,"ATIVIDADES DE APOIO À EXTRAÇÃO DE MINERAIS, EXCETO PETRÓLEO E GÁS NATURAL",099,"ATIVIDADES DE APOIO À EXTRAÇÃO DE MINERAIS, EXCETO PETRÓLEO E GÁS NATURAL",09,ATIVIDADES DE APOIO À EXTRAÇÃO DE MINERAIS,B,INDÚSTRIAS EXTRATIVAS
1011201,FRIGORÍFICO - ABATE DE BOVINOS,10112,"ABATE DE RESES, EXCETO SUÍNOS",101,ABATE E FABRICAÇÃO DE PRODUTOS DE CARNE,10,FABRICAÇÃO DE PRODUTOS ALIMENTÍCIOS,C,INDÚSTRIAS DE TRANSFORMAÇÃO
1011202,FRIGORÍFICO - ABATE DE EQÜINOS,10112,"ABATE DE RESES, EXCETO SUÍNOS",101,ABATE E FABRICAÇÃO DE PRODUTOS DE CARNE,10,FABRICAÇÃO DE PRODUTOS ALIMENTÍCIOS,C,INDÚSTRIAS DE TRANSFORMAÇÃO
1011203,FRIGORÍFICO - ABATE DE OVINOS E CAPRINOS,10112,"ABATE DE RESES, EXCETO SUÍNOS",101,ABATE E FABRICAÇÃO DE PRODUTOS DE CARNE,10,FABRICAÇÃO DE PRODUTOS ALIMENTÍCIOS,C,INDÚSTRIAS DE TRANSFORMAÇÃO
1011204,FRIGORÍFICO - ABATE DE BUFALINOS,10112,"ABATE DE RESES, EXCETO SUÍNOS",101,ABATE E FABRICAÇÃO DE PRODUTOS DE CARNE,10,FABRICAÇÃO DE PRODUTOS ALIMENTÍCIOS,C,INDÚSTRIAS DE TRANSFORMAÇÃO
1011205,MATADOURO - ABATE DE RESES SOB CONTRATO - EXCETO ABATE DE SUÍNOS,10112,"ABATE DE RESES, EXCETO SUÍNOS",101,ABATE E FABRICAÇÃO DE PRODUTOS DE CARNE,10,FABRICAÇÃO DE PRODUTOS ALIMENTÍCIOS,C,INDÚSTRIAS DE TRANSFORMAÇÃO
1012101,ABATE DE AVES,10121,"ABATE DE SUÍNOS, AVES E OUTROS PEQUENOS ANIMAIS",101,ABATE E FABRICAÇÃO DE PRODUTOS DE CARNE,10,FABRICAÇÃO DE PRODUTOS ALIMENTÍCIOS,C,INDÚSTRIAS DE TRANSFORMAÇÃO
1012102,ABATE DE PEQUENOS ANIMAIS,10121,"ABATE DE SUÍNOS, AVES E OUTROS PEQUENOS ANIMAIS",101,ABATE E FABRICAÇÃO DE PRODUTOS DE CARNE,10,FABRICAÇÃO DE PRODUTOS ALIMENTÍCIOS,C,INDÚSTRIAS DE TRANSFORMAÇÃO
1012103,FRIGORÍFICO - ABATE DE SUÍNOS,10121,"ABATE DE SUÍNOS, AVES E OUTROS PEQUENOS ANIMAIS",101,ABATE E FABRICAÇÃO DE PRODUTOS DE CARNE,10,FABRICAÇÃO DE PRODUTOS ALIMENTÍCIOS,C,INDÚSTRIAS DE TRANSFORMAÇÃO
1012104,MATADOURO - ABATE DE SUÍNOS SOB CONTRATO,10121,"ABATE DE SUÍNOS, AVES E OUTROS PEQUENOS ANIMAIS",101,ABATE E FABRICAÇÃO DE PRODUTOS DE CARNE,10,FABRICAÇÃO DE PRODUTOS ALIMENTÍCIOS,C,INDÚSTRIAS DE TRANSFORMAÇÃO
1013901,FABRICAÇÃO DE PRODUTOS DE CARNE,10139,FABRICAÇÃO DE PRODUTOS DE CARNE,101,ABATE E FABRICAÇÃO DE PRODUTOS DE CARNE,10,FABRICAÇÃO DE PRODUTOS ALIMENTÍCIOS,C,INDÚSTRIAS DE TRANSFORMAÇÃO
1013902,PREPARAÇÃO DE SUBPRODUTOS DO ABATE,10139,FABRICAÇÃO DE PRODUTOS DE CARNE,101,ABATE E FABRICAÇÃO DE PRODUTOS DE CARNE,10,FABRICAÇÃO DE PRODUTOS ALIMENTÍCIOS,C,INDÚSTRIAS DE TRANSFORMAÇÃO
1020101,"PRESERVAÇÃO DE PEIXES, CRUSTÁCEOS E MOLUSCOS",10201,PRESERVAÇÃO DO PESCADO E FABRICAÇÃO DE PRODUTOS DO PESCADO,102,PRESERVAÇÃO DO PESCADO E FABRICAÇÃO DE PRODUTOS DO PESCADO,10,FABRICAÇÃO DE PRODUTOS ALIMENTÍCIOS,C,INDÚSTRIAS DE TRANSFORMAÇÃO
1020102,"FABRICAÇÃO DE CONSERVAS DE PEIXES, CRUSTÁCEOS E MOLUSCOS",10201,PRESERVAÇÃO DO PESCADO E FABRICAÇÃO DE PRODUTOS DO PESCADO,102,PRESERVAÇÃO DO PESCADO E FABRICAÇÃO DE PRODUTOS DO PESCADO,10,FABRICAÇÃO DE PRODUTOS ALIMENTÍCIOS,C,INDÚSTRIAS DE TRANSFORMAÇÃO
1031700,FABRICAÇÃO DE CONSERVAS DE FRUTAS,10317,FABRICAÇÃO DE CONSERVAS DE FRUTAS,103,"FABRICAÇÃO DE CONSERVAS DE FRUTAS, LEGUMES E OUTROS VEGETAIS",10,FABRICAÇÃO DE PRODUTOS ALIMENTÍCIOS,C,INDÚSTRIAS DE TRANSFORMAÇÃO
1032501,FABRICAÇÃO DE CONSERVAS DE PALMITO,10325,FABRICAÇÃO DE CONSERVAS DE LEGUMES E OUTROS VEGETAIS,103,"FABRICAÇÃO DE CONSERVAS DE FRUTAS, LEGUMES E OUTROS VEGETAIS",10,FABRICAÇÃO DE PRODUTOS ALIMENTÍCIOS,C,INDÚSTRIAS DE TRANSFORMAÇÃO
1032599,"FABRICAÇÃO DE CONSERVAS DE LEGUMES E OUTROS VEGETAIS, EXCETO PALMITO",10325,FABRICAÇÃO DE CONSERVAS DE LEGUMES E OUTROS VEGETAIS,103,"FABRICAÇÃO DE CONSERVAS DE FRUTAS, LEGUMES E OUTROS VEGETAIS",10,FABRICAÇÃO DE PRODUTOS ALIMENTÍCIOS,C,INDÚSTRIAS DE TRANSFORMAÇÃO
1033301,"FABRICAÇÃO DE SUCOS CONCENTRADOS DE FRUTAS, HORTALIÇAS E LEGUMES",10333,"FABRICAÇÃO DE SUCOS DE FRUTAS, HORTALIÇAS E LEGUMES",103,"FABRICAÇÃO DE CONSERVAS DE FRUTAS, LEGUMES E OUTROS VEGETAIS",10,FABRICAÇÃO DE PRODUTOS ALIMENTÍCIOS,C,INDÚSTRIAS DE TRANSFORMAÇÃO
1033302,"FABRICAÇÃO DE SUCOS DE FRUTAS, HORTALIÇAS E LEGUMES, EXCETO CONCENTRADOS",10333,"FABRICAÇÃO DE SUCOS DE FRUTAS, HORTALIÇAS E LEGUMES",103,"FABRICAÇÃO DE CONSERVAS DE FRUTAS, LEGUMES E OUTROS VEGETAIS",10,FABRICAÇÃO DE PRODUTOS ALIMENTÍCIOS,C,INDÚSTRIAS DE TRANSFORMAÇÃO
1041400,"FABRICAÇÃO DE ÓLEOS VEGETAIS EM BRUTO, EXCETO ÓLEO DE MILHO",10414,"FABRICAÇÃO DE ÓLEOS VEGETAIS EM BRUTO, EXCETO ÓLEO DE MILHO",104,FABRICAÇÃO DE ÓLEOS E GORDURAS VEGETAIS E ANIMAIS,10,FABRICAÇÃO DE PRODUTOS ALIMENTÍCIOS,C,INDÚSTRIAS DE TRANSFORMAÇÃO
1042200,"FABRICAÇÃO DE ÓLEOS VEGETAIS REFINADOS, EXCETO ÓLEO DE MILHO",10422,"FABRICAÇÃO DE ÓLEOS VEGETAIS REFINADOS, EXCETO ÓLEO DE MILHO",104,FABRICAÇÃO DE ÓLEOS E GORDURAS VEGETAIS E ANIMAIS,10,FABRICAÇÃO DE PRODUTOS ALIMENTÍCIOS,C,INDÚSTRIAS DE TRANSFORMAÇÃO
1043100,FABRICAÇÃO DE MARGARINA E OUTRAS GORDURAS VEGETAIS E DE ÓLEOS NÃO COMESTÍVEIS DE ANIMAIS,10431,FABRICAÇÃO DE MARGARINA E OUTRAS GORDURAS VEGETAIS E DE ÓLEOS NÃO COMESTÍVEIS DE ANIMAIS,104,FABRICAÇÃO DE ÓLEOS E GORDURAS VEGETAIS E ANIMAIS,10,FABRICAÇÃO DE PRODUTOS ALIMENTÍCIOS,C,INDÚSTRIAS DE TRANSFORMAÇÃO
1051100,PREPARAÇÃO DO LEITE,10511,PREPARAÇÃO DO LEITE,105,LATICÍNIOS,10,FABRICAÇÃO DE PRODUTOS ALIMENTÍCIOS,C,INDÚSTRIAS DE TRANSFORMAÇÃO
1052000,FABRICAÇÃO DE LATICÍNIOS,10520,FABRICAÇÃO DE LATICÍNIOS,105,LATICÍNIOS,10,FABRICAÇÃO DE PRODUTOS ALIMENTÍCIOS,C,INDÚSTRIAS DE TRANSFORMAÇÃO
1053800,FABRICAÇÃO DE SORVETES E OUTROS GELADOS COMESTÍVEIS,10538,FABRICAÇÃO DE SORVETES E OUTROS GELADOS COMESTÍVEIS,105,LATICÍNIOS,10,FABRICAÇÃO DE PRODUTOS ALIMENTÍCIOS,C,INDÚSTRIAS DE TRANSFORMAÇÃO
1061901,BENEFICIAMENTO DE ARROZ,10619,BENEFICIAMENTO DE ARROZ E FABRICAÇÃO DE PRODUTOS DO ARROZ,106,"MOAGEM, FABRICAÇÃO DE PRODUTOS AMILÁCEOS E DE ALIMENTOS PARA ANIMAIS",10,FABRICAÇÃO DE PRODUTOS ALIMENTÍCIOS,C,INDÚSTRIAS DE TRANSFORMAÇÃO
1061902,FABRICAÇÃO DE PRODUTOS DO ARROZ,10619,BENEFICIAMENTO DE ARROZ E FABRICAÇÃO DE PRODUTOS DO ARROZ,106,"MOAGEM, FABRICAÇÃO DE PRODUTOS AMILÁCEOS E DE ALIMENTOS PARA ANIMAIS",10,FABRICAÇÃO DE PRODUTOS ALIMENTÍCIOS,C,INDÚSTRIAS DE TRANSFORMAÇÃO
1062700,MOAGEM DE TRIGO E FABRICAÇÃO DE DERIVADOS,10627,MOAGEM DE TRIGO E FABRICAÇÃO DE DERIVADOS,106,"MOAGEM, FABRICAÇÃO DE PRODUTOS AMILÁCEOS E DE ALIMENTOS PARA ANIMAIS",10,FABRICAÇÃO DE PRODUTOS ALIMENTÍCIOS,C,INDÚSTRIAS DE TRANSFORMAÇÃO
1063500,FABRICAÇÃO DE FARINHA DE MANDIOCA E DERIVADOS,10635,FABRICAÇÃO DE FARINHA DE MANDIOCA E DERIVADOS,106,"MOAGEM, FABRICAÇÃO DE PRODUTOS AMILÁCEOS E DE ALIMENTOS PARA ANIMAIS",10,FABRICAÇÃO DE PRODUTOS ALIMENTÍCIOS,C,INDÚSTRIAS DE TRANSFORMAÇÃO
1064300,"FABRICAÇÃO DE FARINHA DE MILHO E DERIVADOS, EXCETO ÓLEOS DE MILHO",10643,"FABRICAÇÃO DE FARINHA DE MILHO E DERIVADOS, EXCETO ÓLEOS DE MILHO",106,"MOAGEM, FABRICAÇÃO DE PRODUTOS AMILÁCEOS E DE ALIMENTOS PARA ANIMAIS",10,FABRICAÇÃO DE PRODUTOS ALIMENTÍCIOS,C,INDÚSTRIAS DE TRANSFORMAÇÃO
1065101,FABRICAÇÃO DE AMIDOS E FÉCULAS DE VEGETAIS,10651,FABRICAÇÃO DE AMIDOS E FÉCULAS DE VEGETAIS E DE ÓLEOS DE MILHO,106,"MOAGEM, FABRICAÇÃO DE PRODUTOS AMILÁCEOS E DE ALIMENTOS PARA ANIMAIS",10,FABRICAÇÃO DE PRODUTOS ALIMENTÍCIOS,C,INDÚSTRIAS DE TRANSFORMAÇÃO
1065102,FABRICAÇÃO DE ÓLEO DE MILHO EM BRUTO,10651,FABRICAÇÃO DE AMIDOS E FÉCULAS DE VEGETAIS E DE ÓLEOS DE MILHO,106,"MOAGEM, FABRICAÇÃO DE PRODUTOS AMILÁCEOS E DE ALIMENTOS PARA ANIMAIS",10,FABRICAÇÃO DE PRODUTOS ALIMENTÍCIOS,C,INDÚSTRIAS DE TRANSFORMAÇÃO
1065103,FABRICAÇÃO DE ÓLEO DE MILHO REFINADO,10651,FABRICAÇÃO DE AMIDOS E FÉCULAS DE VEGETAIS E DE ÓLEOS DE MILHO,106,"MOAGEM, FABRICAÇÃO DE PRODUTOS AMILÁCEOS E DE ALIMENTOS PARA ANIMAIS",10,FABRICAÇÃO DE PRODUTOS ALIMENTÍCIOS,C,INDÚSTRIAS DE TRANSFORMAÇÃO
1066000,FABRICAÇÃO DE ALIMENTOS PARA ANIMAIS,10660,FABRICAÇÃO DE ALIMENTOS PARA ANIMAIS,106,"MOAGEM, FABRICAÇÃO DE PRODUTOS AMILÁCEOS E DE ALIMENTOS PARA ANIMAIS",10,FABRICAÇÃO DE PRODUTOS ALIMENTÍCIOS,C,INDÚSTRIAS DE TRANSFORMAÇÃO
1069400,MOAGEM E FABRICAÇÃO DE PRODUTOS DE ORIGEM VEGETAL NÃO ESPECIFICADOS ANTERIORMENTE,10694,MOAGEM E FABRICAÇÃO DE PRODUTOS DE ORIGEM VEGETAL NÃO ESPECIFICADOS ANTERIORMENTE,106,"MOAGEM, FABRICAÇÃO DE PRODUTOS AMILÁCEOS E DE ALIMENTOS PARA ANIMAIS",10,FABRICAÇÃO DE PRODUTOS ALIMENTÍCIOS,C,INDÚSTRIAS DE TRANSFORMAÇÃO
1071600,FABRICAÇÃO DE AÇÚCAR EM BRUTO,10716,FABRICAÇÃO DE AÇÚCAR EM BRUTO,107,FABRICAÇÃO E REFINO DE AÇÚCAR,10,FABRICAÇÃO DE PRODUTOS ALIMENTÍCIOS,C,INDÚSTRIAS DE TRANSFORMAÇÃO
1072401,FABRICAÇÃO DE AÇÚCAR DE CANA REFINADO,10724,FABRICAÇÃO DE AÇÚCAR REFINADO,107,FABRICAÇÃO E REFINO DE AÇÚCAR,10,FABRICAÇÃO DE PRODUTOS ALIMENTÍCIOS,C,INDÚSTRIAS DE TRANSFORMAÇÃO
1072402,FABRICAÇÃO DE AÇÚCAR DE CEREAIS (DEXTROSE) E DE BETERRABA,10724,FABRICAÇÃO DE AÇÚCAR REFINADO,107,FABRICAÇÃO E REFINO DE AÇÚCAR,10,FABRICAÇÃO DE PRODUTOS ALIMENTÍCIOS,C,INDÚSTRIAS DE TRANSFORMAÇÃO
1081301,BENEFICIAMENTO DE CAFÉ,10813,TORREFAÇÃO E MOAGEM DE CAFÉ,108,TORREFAÇÃO E MOAGEM DE CAFÉ,10,FABRICAÇÃO DE PRODUTOS ALIMENTÍCIOS,C,INDÚSTRIAS DE TRANSFORMAÇÃO
1081302,TORREFAÇÃO E MOAGEM DE CAFÉ,10813,TORREFAÇÃO E MOAGEM DE CAFÉ,108,TORREFAÇÃO E MOAGEM DE CAFÉ,10,FABRICAÇÃO DE PRODUTOS ALIMENTÍCIOS,C,INDÚSTRIAS DE TRANSFORMAÇÃO
1082100,FABRICAÇÃO DE PRODUTOS À BASE DE CAFÉ,10821,FABRICAÇÃO DE PRODUTOS À BASE DE CAFÉ,108,TORREFAÇÃO E MOAGEM DE CAFÉ,10,FABRICAÇÃO DE PRODUTOS ALIMENTÍCIOS,C,INDÚSTRIAS DE TRANSFORMAÇÃO
1091101,FABRICAÇÃO DE PRODUTOS DE PANIFICAÇÃO INDUSTRIAL,10911,FABRICAÇÃO DE PRODUTOS DE PANIFICAÇÃO,109,FABRICAÇÃO DE OUTROS PRODUTOS ALIMENTÍCIOS,10,FABRICAÇÃO DE PRODUTOS ALIMENTÍCIOS,C,INDÚSTRIAS DE TRANSFORMAÇÃO
1091102,FABRICAÇÃO DE PRODUTOS DE PADARIA E CONFEITARIA COM PREDOMINÂNCIA  DE PRODUÇÃO PRÓPRIA,10911,FABRICAÇÃO DE PRODUTOS DE PANIFICAÇÃO,109,FABRICAÇÃO DE OUTROS PRODUTOS ALIMENTÍCIOS,10,FABRICAÇÃO DE PRODUTOS ALIMENTÍCIOS,C,INDÚSTRIAS DE TRANSFORMAÇÃO
1092900,FABRICAÇÃO DE BISCOITOS E BOLACHAS,10929,FABRICAÇÃO DE BISCOITOS E BOLACHAS,109,FABRICAÇÃO DE OUTROS PRODUTOS ALIMENTÍCIOS,10,FABRICAÇÃO DE PRODUTOS ALIMENTÍCIOS,C,INDÚSTRIAS DE TRANSFORMAÇÃO
1093701,FABRICAÇÃO DE PRODUTOS DERIVADOS DO CACAU E DE CHOCOLATES,10937,"FABRICAÇÃO DE PRODUTOS DERIVADOS DO CACAU, DE CHOCOLATES E CONFEITOS",109,FABRICAÇÃO DE OUTROS PRODUTOS ALIMENTÍCIOS,10,FABRICAÇÃO DE PRODUTOS ALIMENTÍCIOS,C,INDÚSTRIAS DE TRANSFORMAÇÃO
1093702,"FABRICAÇÃO DE FRUTAS CRISTALIZADAS, BALAS E SEMELHANTES",10937,"FABRICAÇÃO DE PRODUTOS DERIVADOS DO CACAU, DE CHOCOLATES E CONFEITOS",109,FABRICAÇÃO DE OUTROS PRODUTOS ALIMENTÍCIOS,10,FABRICAÇÃO DE PRODUTOS ALIMENTÍCIOS,C,INDÚSTRIAS DE TRANSFORMAÇÃO
1094500,FABRICAÇÃO DE MASSAS ALIMENTÍCIAS,10945,FABRICAÇÃO DE MASSAS ALIMENTÍCIAS,109,FABRICAÇÃO DE OUTROS PRODUTOS ALIMENTÍCIOS,10,FABRICAÇÃO DE PRODUTOS ALIMENTÍCIOS,C,INDÚSTRIAS DE TRANSFORMAÇÃO
1095300,"FABRICAÇÃO DE ESPECIARIAS, MOLHOS, TEMPEROS E CONDIMENTOS",10953,"FABRICAÇÃO DE ESPECIARIAS, MOLHOS, TEMPEROS E CONDIMENTOS",109,FABRICAÇÃO DE OUTROS PRODUTOS ALIMENTÍCIOS,10,FABRICAÇÃO DE PRODUTOS ALIMENTÍCIOS,C,INDÚSTRIAS DE TRANSFORMAÇÃO
1096100,FABRICAÇÃO DE ALIMENTOS E PRATOS PRONTOS,10961,FABRICAÇÃO DE ALIMENTOS E PRATOS PRONTOS,109,FABRICAÇÃO DE OUTROS PRODUTOS ALIMENTÍCIOS,10,FABRICAÇÃO DE PRODUTOS ALIMENTÍCIOS,C,INDÚSTRIAS DE TRANSFORMAÇÃO
1099601,FABRICAÇÃO DE VINAGRES,10996,FABRICAÇÃO DE PRODUTOS ALIMENTÍCIOS NÃO ESPECIFICADOS ANTERIORMENTE,109,FABRICAÇÃO DE OUTROS PRODUTOS ALIMENTÍCIOS,10,FABRICAÇÃO DE PRODUTOS ALIMENTÍCIOS,C,INDÚSTRIAS DE TRANSFORMAÇÃO
1099602,FABRICAÇÃO DE PÓS ALIMENTÍCIOS,10996,FABRICAÇÃO DE PRODUTOS ALIMENTÍCIOS NÃO ESPECIFICADOS ANTERIORMENTE,109,FABRICAÇÃO DE OUTROS PRODUTOS ALIMENTÍCIOS,10,FABRICAÇÃO DE PRODUTOS ALIMENTÍCIOS,C,INDÚSTRIAS DE TRANSFORMAÇÃO
1099603,FABRICAÇÃO DE FERMENTOS E LEVEDURAS,10996,FABRICAÇÃO DE PRODUTOS ALIMENTÍCIOS NÃO ESPECIFICADOS ANTERIORMENTE,109,FABRICAÇÃO DE OUTROS PRODUTOS ALIMENTÍCIOS,10,FABRICAÇÃO DE PRODUTOS ALIMENTÍCIOS,C,INDÚSTRIAS DE TRANSFORMAÇÃO
1099604,FABRICAÇÃO DE GELO COMUM,10996,FABRICAÇÃO DE PRODUTOS ALIMENTÍCIOS NÃO ESPECIFICADOS ANTERIORMENTE,109,FABRICAÇÃO DE OUTROS PRODUTOS ALIMENTÍCIOS,10,FABRICAÇÃO DE PRODUTOS ALIMENTÍCIOS,C,INDÚSTRIAS DE TRANSFORMAÇÃO
1099605,"FABRICAÇÃO DE PRODUTOS PARA INFUSÃO (CHÁ, MATE, ETC.)",10996,FABRICAÇÃO DE PRODUTOS ALIMENTÍCIOS NÃO ESPECIFICADOS ANTERIORMENTE,109,FABRICAÇÃO DE OUTROS PRODUTOS ALIMENTÍCIOS,10,FABRICAÇÃO DE PRODUTOS ALIMENTÍCIOS,C,INDÚSTRIAS DE TRANSFORMAÇÃO
1099606,FABRICAÇÃO DE ADOÇANTES NATURAIS E ARTIFICIAIS,10996,FABRICAÇÃO DE PRODUTOS ALIMENTÍCIOS NÃO ESPECIFICADOS ANTERIORMENTE,109,FABRICAÇÃO DE OUTROS PRODUTOS ALIMENTÍCIOS,10,FABRICAÇÃO DE PRODUTOS ALIMENTÍCIOS,C,INDÚSTRIAS DE TRANSFORMAÇÃO
1099607,FABRICAÇÃO DE ALIMENTOS DIETÉTICOS E COMPLEMENTOS ALIMENTARES,10996,FABRICAÇÃO DE PRODUTOS ALIMENTÍCIOS NÃO ESPECIFICADOS ANTERIORMENTE,109,FABRICAÇÃO DE OUTROS PRODUTOS ALIMENTÍCIOS,10,FABRICAÇÃO DE PRODUTOS ALIMENTÍCIOS,C,INDÚSTRIAS DE TRANSFORMAÇÃO
1099699,FABRICAÇÃO DE OUTROS PRODUTOS ALIMENTÍCIOS NÃO ESPECIFICADOS ANTERIORMENTE,10996,FABRICAÇÃO DE PRODUTOS ALIMENTÍCIOS NÃO ESPECIFICADOS ANTERIORMENTE,109,FABRICAÇÃO DE OUTROS PRODUTOS ALIMENTÍCIOS,10,FABRICAÇÃO DE PRODUTOS ALIMENTÍCIOS,C,INDÚSTRIAS DE TRANSFORMAÇÃO
1111901,FABRICAÇÃO DE AGUARDENTE DE CANA DE AÇÚCAR,11119,FABRICAÇÃO DE AGUARDENTES E OUTRAS BEBIDAS DESTILADAS,111,FABRICAÇÃO DE BEBIDAS ALCOÓLICAS,11,FABRICAÇÃO DE BEBIDAS,C,INDÚSTRIAS DE TRANSFORMAÇÃO
1111902,FABRICAÇÃO DE OUTRAS AGUARDENTES E BEBIDAS DESTILADAS,11119,FABRICAÇÃO DE AGUARDENTES E OUTRAS BEBIDAS DESTILADAS,111,FABRICAÇÃO DE BEBIDAS ALCOÓLICAS,11,FABRICAÇÃO DE BEBIDAS,C,INDÚSTRIAS DE TRANSFORMAÇÃO
1112700,FABRICAÇÃO DE VINHO,11127,FABRICAÇÃO DE VINHO,111,FABRICAÇÃO DE BEBIDAS ALCOÓLICAS,11,FABRICAÇÃO DE BEBIDAS,C,INDÚSTRIAS DE TRANSFORMAÇÃO
1113501,"FABRICAÇÃO DE MALTE, INCLUSIVE MALTE UÍSQUE",11135,"FABRICAÇÃO DE MALTE, CERVEJAS E CHOPES",111,FABRICAÇÃO DE BEBIDAS ALCOÓLICAS,11,FABRICAÇÃO DE BEBIDAS,C,INDÚSTRIAS DE TRANSFORMAÇÃO
1113502,FABRICAÇÃO DE CERVEJAS E CHOPES,11135,"FABRICAÇÃO DE MALTE, CERVEJAS E CHOPES",111,FABRICAÇÃO DE BEBIDAS ALCOÓLICAS,11,FABRICAÇÃO DE BEBIDAS,C,INDÚSTRIAS DE TRANSFORMAÇÃO
1121600,FABRICAÇÃO DE ÁGUAS ENVASADAS,11216,FABRICAÇÃO DE ÁGUAS ENVASADAS,112,FABRICAÇÃO DE BEBIDAS NÃO-ALCOÓLICAS,11,FABRICAÇÃO DE BEBIDAS,C,INDÚSTRIAS DE TRANSFORMAÇÃO
1122401,FABRICAÇÃO DE REFRIGERANTES,11224,FABRICAÇÃO DE REFRIGERANTES E DE OUTRAS BEBIDAS NÃO ALCOÓLICAS,112,FABRICAÇÃO DE BEBIDAS NÃO-ALCOÓLICAS,11,FABRICAÇÃO DE BEBIDAS,C,INDÚSTRIAS DE TRANSFORMAÇÃO
1122402,FABRICAÇÃO DE CHÁ MATE E OUTROS CHÁS PRONTOS PARA CONSUMO,11224,FABRICAÇÃO DE REFRIGERANTES E DE OUTRAS BEBIDAS NÃO ALCOÓLICAS,112,FABRICAÇÃO DE BEBIDAS NÃO-ALCOÓLICAS,11,FABRICAÇÃO DE BEBIDAS,C,INDÚSTRIAS DE TRANSFORMAÇÃO
1122403,"FABRICAÇÃO DE REFRESCOS, XAROPES E PÓS PARA REFRESCOS, EXCETO REFRESCOS DE FRUTAS",11224,FABRICAÇÃO DE REFRIGERANTES E DE OUTRAS BEBIDAS NÃO ALCOÓLICAS,112,FABRICAÇÃO DE BEBIDAS NÃO-ALCOÓLICAS,11,FABRICAÇÃO DE BEBIDAS,C,INDÚSTRIAS DE TRANSFORMAÇÃO
1122404,FABRICAÇÃO DE BEBIDAS ISOTÔNICAS,11224,FABRICAÇÃO DE REFRIGERANTES E DE OUTRAS BEBIDAS NÃO ALCOÓLICAS,112,FABRICAÇÃO DE BEBIDAS NÃO-ALCOÓLICAS,11,FABRICAÇÃO DE BEBIDAS,C,INDÚSTRIAS DE TRANSFORMAÇÃO
1122499,FABRICAÇÃO DE OUTRAS BEBIDAS NÃO ALCOÓLICAS NÃO ESPECIFICADAS ANTERIORMENTE,11224,FABRICAÇÃO DE REFRIGERANTES E DE OUTRAS BEBIDAS NÃO ALCOÓLICAS,112,FABRICAÇÃO DE BEBIDAS NÃO-ALCOÓLICAS,11,FABRICAÇÃO DE BEBIDAS,C,INDÚSTRIAS DE TRANSFORMAÇÃO
1210700,PROCESSAMENTO INDUSTRIAL DO FUMO,12107,PROCESSAMENTO INDUSTRIAL DO FUMO,121,PROCESSAMENTO INDUSTRIAL DO FUMO,12,FABRICAÇÃO DE PRODUTOS DO FUMO,C,INDÚSTRIAS DE TRANSFORMAÇÃO
1220401,FABRICAÇÃO DE CIGARROS,12204,FABRICAÇÃO DE PRODUTOS DO FUMO,122,FABRICAÇÃO DE PRODUTOS DO FUMO,12,FABRICAÇÃO DE PRODUTOS DO FUMO,C,INDÚSTRIAS DE TRANSFORMAÇÃO
1220402,FABRICAÇÃO DE CIGARRILHAS E CHARUTOS,12204,FABRICAÇÃO DE PRODUTOS DO FUMO,122,FABRICAÇÃO DE PRODUTOS DO FUMO,12,FABRICAÇÃO DE PRODUTOS DO FUMO,C,INDÚSTRIAS DE TRANSFORMAÇÃO
1220403,FABRICAÇÃO DE FILTROS PARA CIGARROS,12204,FABRICAÇÃO DE PRODUTOS DO FUMO,122,FABRICAÇÃO DE PRODUTOS DO FUMO,12,FABRICAÇÃO DE PRODUTOS DO FUMO,C,INDÚSTRIAS DE TRANSFORMAÇÃO
1220499,"FABRICAÇÃO DE OUTROS PRODUTOS DO FUMO, EXCETO CIGARROS, CIGARRILHAS E CHARUTOS",12204,FABRICAÇÃO DE PRODUTOS DO FUMO,122,FABRICAÇÃO DE PRODUTOS DO FUMO,12,FABRICAÇÃO DE PRODUTOS DO FUMO,C,INDÚSTRIAS DE TRANSFORMAÇÃO
1311100,PREPARAÇÃO E FIAÇÃO DE FIBRAS DE ALGODÃO,13111,PREPARAÇÃO E FIAÇÃO DE FIBRAS DE ALGODÃO,131,PREPARAÇÃO E FIAÇÃO DE FIBRAS TÊXTEIS,13,FABRICAÇÃO DE PRODUTOS TÊXTEIS,C,INDÚSTRIAS DE TRANSFORMAÇÃO
1312000,"PREPARAÇÃO E FIAÇÃO DE FIBRAS TÊXTEIS NATURAIS, EXCETO ALGODÃO",13120,"PREPARAÇÃO E FIAÇÃO DE FIBRAS TÊXTEIS NATURAIS, EXCETO ALGODÃO",131,PREPARAÇÃO E FIAÇÃO DE FIBRAS TÊXTEIS,13,FABRICAÇÃO DE PRODUTOS TÊXTEIS,C,INDÚSTRIAS DE TRANSFORMAÇÃO
1313800,FIAÇÃO DE FIBRAS ARTIFICIAIS E SINTÉTICAS,13138,FIAÇÃO DE FIBRAS ARTIFICIAIS E SINTÉTICAS,131,PREPARAÇÃO E FIAÇÃO DE FIBRAS TÊXTEIS,13,FABRICAÇÃO DE PRODUTOS TÊXTEIS,C,INDÚSTRIAS DE TRANSFORMAÇÃO
1314600,FABRICAÇÃO DE LINHAS PARA COSTURAR E BORDAR,13146,FABRICAÇÃO DE LINHAS PARA COSTURAR E BORDAR,131,PREPARAÇÃO E FIAÇÃO DE FIBRAS TÊXTEIS,13,FABRICAÇÃO DE PRODUTOS TÊXTEIS,C,INDÚSTRIAS DE TRANSFORMAÇÃO
1321900,TECELAGEM DE FIOS DE ALGODÃO,13219,TECELAGEM DE FIOS DE ALGODÃO,132,"TECELAGEM, EXCETO MALHA",13,FABRICAÇÃO DE PRODUTOS TÊXTEIS,C,INDÚSTRIAS DE TRANSFORMAÇÃO
1322700,"TECELAGEM DE FIOS DE FIBRAS TÊXTEIS NATURAIS, EXCETO ALGODÃO",13227,"TECELAGEM DE FIOS DE FIBRAS TÊXTEIS NATURAIS, EXCETO ALGODÃO",132,"TECELAGEM, EXCETO MALHA",13,FABRICAÇÃO DE PRODUTOS TÊXTEIS,C,INDÚSTRIAS DE TRANSFORMAÇÃO
1323500,TECELAGEM DE FIOS DE FIBRAS ARTIFICIAIS E SINTÉTICAS,13235,TECELAGEM DE FIOS DE FIBRAS ARTIFICIAIS E SINTÉTICAS,132,"TECELAGEM, EXCETO MALHA",13,FABRICAÇÃO DE PRODUTOS TÊXTEIS,C,INDÚSTRIAS DE TRANSFORMAÇÃO
1330800,FABRICAÇÃO DE TECIDOS DE MALHA,13308,FABRICAÇÃO DE TECIDOS DE MALHA,133,FABRICAÇÃO DE TECIDOS DE MALHA,13,FABRICAÇÃO DE PRODUTOS TÊXTEIS,C,INDÚSTRIAS DE TRANSFORMAÇÃO
1340501,"ESTAMPARIA E TEXTURIZAÇÃO EM FIOS, TECIDOS, ARTEFATOS TÊXTEIS E PEÇAS DO VESTUÁRIO",13405,"ACABAMENTOS EM FIOS, TECIDOS E ARTEFATOS TÊXTEIS",134,"ACABAMENTOS EM FIOS, TECIDOS E ARTEFATOS TÊXTEIS",13,FABRICAÇÃO DE PRODUTOS TÊXTEIS,C,INDÚSTRIAS DE TRANSFORMAÇÃO
1340502,"ALVEJAMENTO, TINGIMENTO E TORÇÃO EM FIOS, TECIDOS, ARTEFATOS TÊXTEIS E PEÇAS DO VESTUÁRIO",13405,"ACABAMENTOS EM FIOS, TECIDOS E ARTEFATOS TÊXTEIS",134,"ACABAMENTOS EM FIOS, TECIDOS E ARTEFATOS TÊXTEIS",13,FABRICAÇÃO DE PRODUTOS TÊXTEIS,C,INDÚSTRIAS DE TRANSFORMAÇÃO
1340599,"OUTROS SERVIÇOS DE ACABAMENTO EM FIOS, TECIDOS, ARTEFATOS TÊXTEIS E PEÇAS DO VESTUÁRIO",13405,"ACABAMENTOS EM FIOS, TECIDOS E ARTEFATOS TÊXTEIS",134,"ACABAMENTOS EM FIOS, TECIDOS E ARTEFATOS TÊXTEIS",13,FABRICAÇÃO DE PRODUTOS TÊXTEIS,C,INDÚSTRIAS DE TRANSFORMAÇÃO
1351100,FABRICAÇÃO DE ARTEFATOS TÊXTEIS PARA USO DOMÉSTICO,13511,FABRICAÇÃO DE ARTEFATOS TÊXTEIS PARA USO DOMÉSTICO,135,"FABRICAÇÃO DE ARTEFATOS TÊXTEIS, EXCETO VESTUÁRIO",13,FABRICAÇÃO DE PRODUTOS TÊXTEIS,C,INDÚSTRIAS DE TRANSFORMAÇÃO
1352900,FABRICAÇÃO DE ARTEFATOS DE TAPEÇARIA,13529,FABRICAÇÃO DE ARTEFATOS DE TAPEÇARIA,135,"FABRICAÇÃO DE ARTEFATOS TÊXTEIS, EXCETO VESTUÁRIO",13,FABRICAÇÃO DE PRODUTOS TÊXTEIS,C,INDÚSTRIAS DE TRANSFORMAÇÃO
1353700,FABRICAÇÃO DE ARTEFATOS DE CORDOARIA,13537,FABRICAÇÃO DE ARTEFATOS DE CORDOARIA,135,"FABRICAÇÃO DE ARTEFATOS TÊXTEIS, EXCETO VESTUÁRIO",13,FABRICAÇÃO DE PRODUTOS TÊXTEIS,C,INDÚSTRIAS DE TRANSFORMAÇÃO
1354500,"FABRICAÇÃO DE TECIDOS ESPECIAIS, INCLUSIVE ARTEFATOS",13545,"FABRICAÇÃO DE TECIDOS ESPECIAIS, INCLUSIVE ARTEFATOS",135,"FABRICAÇÃO DE ARTEFATOS TÊXTEIS, EXCETO VESTUÁRIO",13,FABRICAÇÃO DE PRODUTOS TÊXTEIS,C,INDÚSTRIAS DE TRANSFORMAÇÃO
1359600,FABRICAÇÃO DE OUTROS PRODUTOS TÊXTEIS NÃO ESPECIFICADOS ANTERIORMENTE,13596,FABRICAÇÃO DE OUTROS PRODUTOS TÊXTEIS NÃO ESPECIFICADOS ANTERIORMENTE,135,"FABRICAÇÃO DE ARTEFATOS TÊXTEIS, EXCETO VESTUÁRIO",13,FABRICAÇÃO DE PRODUTOS TÊXTEIS,C,INDÚSTRIAS DE TRANSFORMAÇÃO
1411801,CONFECÇÃO DE ROUPAS ÍNTIMAS,14118,CONFECÇÃO DE ROUPAS ÍNTIMAS,141,CONFECÇÃO DE ARTIGOS DO VESTUÁRIO E ACESSÓRIOS,14,CONFECÇÃO DE ARTIGOS DO VESTUÁRIO E ACESSÓRIOS,C,INDÚSTRIAS DE TRANSFORMAÇÃO
1411802,FACÇÃO DE ROUPAS ÍNTIMAS,14118,CONFECÇÃO DE ROUPAS ÍNTIMAS,141,CONFECÇÃO DE ARTIGOS DO VESTUÁRIO E ACESSÓRIOS,14,CONFECÇÃO DE ARTIGOS DO VESTUÁRIO E ACESSÓRIOS,C,INDÚSTRIAS DE TRANSFORMAÇÃO
1412601,"CONFECÇÃO DE PEÇAS DE VESTUÁRIO, EXCETO ROUPAS ÍNTIMAS E AS CONFECCIONADAS SOB MEDIDA",14126,"CONFECÇÃO DE PEÇAS DE VESTUÁRIO, EXCETO ROUPAS ÍNTIMAS",141,CONFECÇÃO DE ARTIGOS DO VESTUÁRIO E ACESSÓRIOS,14,CONFECÇÃO DE ARTIGOS DO VESTUÁRIO E ACESSÓRIOS,C,INDÚSTRIAS DE TRANSFORMAÇÃO
1412602,"CONFECÇÃO, SOB MEDIDA, DE PEÇAS DO VESTUÁRIO, EXCETO ROUPAS ÍNTIMAS",14126,"CONFECÇÃO DE PEÇAS DE VESTUÁRIO, EXCETO ROUPAS ÍNTIMAS",141,CONFECÇÃO DE ARTIGOS DO VESTUÁRIO E ACESSÓRIOS,14,CONFECÇÃO DE ARTIGOS DO VESTUÁRIO E ACESSÓRIOS,C,INDÚSTRIAS DE TRANSFORMAÇÃO
1412603,"FACÇÃO DE PEÇAS DO VESTUÁRIO, EXCETO ROUPAS ÍNTIMAS",14126,"CONFECÇÃO DE PEÇAS DE VESTUÁRIO, EXCETO ROUPAS ÍNTIMAS",141,CONFECÇÃO DE ARTIGOS DO VESTUÁRIO E ACESSÓRIOS,14,CONFECÇÃO DE ARTIGOS DO VESTUÁRIO E ACESSÓRIOS,C,INDÚSTRIAS DE TRANSFORMAÇÃO
1413401,"CONFECÇÃO DE ROUPAS PROFISSIONAIS, EXCETO SOB MEDIDA",14134,CONFECÇÃO DE ROUPAS PROFISSIONAIS,141,CONFECÇÃO DE ARTIGOS DO VESTUÁRIO E ACESSÓRIOS,14,CONFECÇÃO DE ARTIGOS DO VESTUÁRIO E ACESSÓRIOS,C,INDÚSTRIAS DE TRANSFORMAÇÃO
1413402,"CONFECÇÃO, SOB MEDIDA, DE ROUPAS PROFISSIONAIS",14134,CONFECÇÃO DE ROUPAS PROFISSIONAIS,141,CONFECÇÃO DE ARTIGOS DO VESTUÁRIO E ACESSÓRIOS,14,CONFECÇÃO DE ARTIGOS DO VESTUÁRIO E ACESSÓRIOS,C,INDÚSTRIAS DE TRANSFORMAÇÃO
1413403,FACÇÃO DE ROUPAS PROFISSIONAIS,14134,CONFECÇÃO DE ROUPAS PROFISSIONAIS,141,CONFECÇÃO DE ARTIGOS DO VESTUÁRIO E ACESSÓRIOS,14,CONFECÇÃO DE ARTIGOS DO VESTUÁRIO E ACESSÓRIOS,C,INDÚSTRIAS DE TRANSFORMAÇÃO
1414200,"FABRICAÇÃO DE ACESSÓRIOS DO VESTUÁRIO, EXCETO PARA SEGURANÇA E PROTEÇÃO",14142,"FABRICAÇÃO DE ACESSÓRIOS DO VESTUÁRIO, EXCETO PARA SEGURANÇA E PROTEÇÃO",141,CONFECÇÃO DE ARTIGOS DO VESTUÁRIO E ACESSÓRIOS,14,CONFECÇÃO DE ARTIGOS DO VESTUÁRIO E ACESSÓRIOS,C,INDÚSTRIAS DE TRANSFORMAÇÃO
1421500,FABRICAÇÃO DE MEIAS,14215,FABRICAÇÃO DE MEIAS,142,FABRICAÇÃO DE ARTIGOS DE MALHARIA E TRICOTAGEM,14,CONFECÇÃO DE ARTIGOS DO VESTUÁRIO E ACESSÓRIOS,C,INDÚSTRIAS DE TRANSFORMAÇÃO
1422300,"FABRICAÇÃO DE ARTIGOS DO VESTUÁRIO, PRODUZIDOS EM MALHARIAS E TRICOTAGENS, EXCETO MEIAS",14223,"FABRICAÇÃO DE ARTIGOS DO VESTUÁRIO, PRODUZIDOS EM MALHARIAS E TRICOTAGENS, EXCETO MEIAS",142,FABRICAÇÃO DE ARTIGOS DE MALHARIA E TRICOTAGEM,14,CONFECÇÃO DE ARTIGOS DO VESTUÁRIO E ACESSÓRIOS,C,INDÚSTRIAS DE TRANSFORMAÇÃO
1510600,CURTIMENTO E OUTRAS PREPARAÇÕES DE COURO,15106,CURTIMENTO E OUTRAS PREPARAÇÕES DE COURO,151,CURTIMENTO E OUTRAS PREPARAÇÕES DE COURO,15,"PREPARAÇÃO DE COUROS E FABRICAÇÃO DE ARTEFATOS DE COURO, ARTIGOS PARA VIAGEM E CALÇADOS",C,INDÚSTRIAS DE TRANSFORMAÇÃO
1521100,"FABRICAÇÃO DE ARTIGOS PARA VIAGEM, BOLSAS E SEMELHANTES DE QUALQUER MATERIAL",15211,"FABRICAÇÃO DE ARTIGOS PARA VIAGEM, BOLSAS E SEMELHANTES DE QUALQUER MATERIAL",152,FABRICAÇÃO DE ARTIGOS PARA VIAGEM E DE ARTEFATOS DIVERSOS DE COURO,15,"PREPARAÇÃO DE COUROS E FABRICAÇÃO DE ARTEFATOS DE COURO, ARTIGOS PARA VIAGEM E CALÇADOS",C,INDÚSTRIAS DE TRANSFORMAÇÃO
1529700,FABRICAÇÃO DE ARTEFATOS DE COURO NÃO ESPECIFICADOS ANTERIORMENTE,15297,FABRICAÇÃO DE ARTEFATOS DE COURO NÃO ESPECIFICADOS ANTERIORMENTE,152,FABRICAÇÃO DE ARTIGOS PARA VIAGEM E DE ARTEFATOS DIVERSOS DE COURO,15,"PREPARAÇÃO DE COUROS E FABRICAÇÃO DE ARTEFATOS DE COURO, ARTIGOS PARA VIAGEM E CALÇADOS",C,INDÚSTRIAS DE TRANSFORMAÇÃO
1531901,FABRICAÇÃO DE CALÇADOS DE COURO,15319,FABRICAÇÃO DE CALÇADOS DE COURO,153,FABRICAÇÃO DE CALÇADOS,15,"PREPARAÇÃO DE COUROS E FABRICAÇÃO DE ARTEFATOS DE COURO, ARTIGOS PARA VIAGEM E CALÇADOS",C,INDÚSTRIAS DE TRANSFORMAÇÃO
1531902,ACABAMENTO DE CALÇADOS DE COURO SOB CONTRATO,15319,FABRICAÇÃO DE CALÇADOS DE COURO,153,FABRICAÇÃO DE CALÇADOS,15,"PREPARAÇÃO DE COUROS E FABRICAÇÃO DE ARTEFATOS DE COURO, ARTIGOS PARA VIAGEM E CALÇADOS",C,INDÚSTRIAS DE TRANSFORMAÇÃO
1532700,FABRICAÇÃO DE TÊNIS DE QUALQUER MATERIAL,15327,FABRICAÇÃO DE TÊNIS DE QUALQUER MATERIAL,153,FABRICAÇÃO DE CALÇADOS,15,"PREPARAÇÃO DE COUROS E FABRICAÇÃO DE ARTEFATOS DE COURO, ARTIGOS PARA VIAGEM E CALÇADOS",C,INDÚSTRIAS DE TRANSFORMAÇÃO
1533500,FABRICAÇÃO DE CALÇADOS DE MATERIAL SINTÉTICO,15335,FABRICAÇÃO DE CALÇADOS DE MATERIAL SINTÉTICO,153,FABRICAÇÃO DE CALÇADOS,15,"PREPARAÇÃO DE COUROS E FABRICAÇÃO DE ARTEFATOS DE COURO, ARTIGOS PARA VIAGEM E CALÇADOS",C,INDÚSTRIAS DE TRANSFORMAÇÃO
1539400,FABRICAÇÃO DE CALÇADOS DE MATERIAIS NÃO ESPECIFICADOS ANTERIORMENTE,15394,FABRICAÇÃO DE CALÇADOS DE MATERIAIS NÃO ESPECIFICADOS ANTERIORMENTE,153,FABRICAÇÃO DE CALÇADOS,15,"PREPARAÇÃO DE COUROS E FABRICAÇÃO DE ARTEFATOS DE COURO, ARTIGOS PARA VIAGEM E CALÇADOS",C,INDÚSTRIAS DE TRANSFORMAÇÃO
1540800,"FABRICAÇÃO DE PARTES PARA CALÇADOS, DE QUALQUER MATERIAL",15408,"FABRICAÇÃO DE PARTES PARA CALÇADOS, DE QUALQUER MATERIAL",154,"FABRICAÇÃO DE PARTES PARA CALÇADOS, DE QUALQUER MATERIAL",15,"PREPARAÇÃO DE COUROS E FABRICAÇÃO DE ARTEFATOS DE COURO, ARTIGOS PARA VIAGEM E CALÇADOS",C,INDÚSTRIAS DE TRANSFORMAÇÃO
1610203,SERRARIAS COM DESDOBRAMENTO DE MADEIRA EM BRUTO,16102,DESDOBRAMENTO DE MADEIRA,161,DESDOBRAMENTO DE MADEIRA,16,FABRICAÇÃO DE PRODUTOS DE MADEIRA,C,INDÚSTRIAS DE TRANSFORMAÇÃO
1610204,SERRARIAS SEM DESDOBRAMENTO DE MADEIRA EM BRUTO - RESSERRAGEM,16102,DESDOBRAMENTO DE MADEIRA,161,DESDOBRAMENTO DE MADEIRA,16,FABRICAÇÃO DE PRODUTOS DE MADEIRA,C,INDÚSTRIAS DE TRANSFORMAÇÃO
1610205,SERVIÇO DE TRATAMENTO DE MADEIRA REALIZADO SOB CONTRATO,16102,DESDOBRAMENTO DE MADEIRA,161,DESDOBRAMENTO DE MADEIRA,16,FABRICAÇÃO DE PRODUTOS DE MADEIRA,C,INDÚSTRIAS DE TRANSFORMAÇÃO
1621800,"FABRICAÇÃO DE MADEIRA LAMINADA E DE CHAPAS DE MADEIRA COMPENSADA, PRENSADA E AGLOMERADA",16218,"FABRICAÇÃO DE MADEIRA LAMINADA E DE CHAPAS DE MADEIRA COMPENSADA, PRENSADA E AGLOMERADA",162,"FABRICAÇÃO DE PRODUTOS DE MADEIRA, CORTIÇA E MATERIAL TRANÇADO, EXCETO MÓVEIS",16,FABRICAÇÃO DE PRODUTOS DE MADEIRA,C,INDÚSTRIAS DE TRANSFORMAÇÃO
1622601,FABRICAÇÃO DE CASAS DE MADEIRA PRÉ FABRICADAS,16226,FABRICAÇÃO DE ESTRUTURAS DE MADEIRA E DE ARTIGOS DE CARPINTARIA PARA CONSTRUÇÃO,162,"FABRICAÇÃO DE PRODUTOS DE MADEIRA, CORTIÇA E MATERIAL TRANÇADO, EXCETO MÓVEIS",16,FABRICAÇÃO DE PRODUTOS DE MADEIRA,C,INDÚSTRIAS DE TRANSFORMAÇÃO
1622602,FABRICAÇÃO DE ESQUADRIAS DE MADEIRA E DE PEÇAS DE MADEIRA PARA INSTALAÇÕES INDUSTRIAIS E COMERCIAIS,16226,FABRICAÇÃO DE ESTRUTURAS DE MADEIRA E DE ARTIGOS DE CARPINTARIA PARA CONSTRUÇÃO,162,"FABRICAÇÃO DE PRODUTOS DE MADEIRA, CORTIÇA E MATERIAL TRANÇADO, EXCETO MÓVEIS",16,FABRICAÇÃO DE PRODUTOS DE MADEIRA,C,INDÚSTRIAS DE TRANSFORMAÇÃO
1622699,FABRICAÇÃO DE OUTROS ARTIGOS DE CARPINTARIA PARA CONSTRUÇÃO,16226,FABRICAÇÃO DE ESTRUTURAS DE MADEIRA E DE ARTIGOS DE CARPINTARIA PARA CONSTRUÇÃO,162,"FABRICAÇÃO DE PRODUTOS DE MADEIRA, CORTIÇA E MATERIAL TRANÇADO, EXCETO MÓVEIS",16,FABRICAÇÃO DE PRODUTOS DE MADEIRA,C,INDÚSTRIAS DE TRANSFORMAÇÃO
1623400,FABRICAÇÃO DE ARTEFATOS DE TANOARIA E DE EMBALAGENS DE MADEIRA,16234,FABRICAÇÃO DE ARTEFATOS DE TANOARIA E DE EMBALAGENS DE MADEIRA,162,"FABRICAÇÃO DE PRODUTOS DE MADEIRA, CORTIÇA E MATERIAL TRANÇADO, EXCETO MÓVEIS",16,FABRICAÇÃO DE PRODUTOS DE MADEIRA,C,INDÚSTRIAS DE TRANSFORMAÇÃO
1629301,"FABRICAÇÃO DE ARTEFATOS DIVERSOS DE MADEIRA, EXCETO MÓVEIS",16293,"FABRICAÇÃO DE ARTEFATOS DE MADEIRA, PALHA, CORTIÇA, VIME E MATERIAL TRANÇADO NÃO ESPECIFICADOS ANTERIORMENTE, EXCETO MÓVEIS",162,"FABRICAÇÃO DE PRODUTOS DE MADEIRA, CORTIÇA E MATERIAL TRANÇADO, EXCETO MÓVEIS",16,FABRICAÇÃO DE PRODUTOS DE MADEIRA,C,INDÚSTRIAS DE TRANSFORMAÇÃO
1629302,"FABRICAÇÃO DE ARTEFATOS DIVERSOS DE CORTIÇA, BAMBU, PALHA, VIME E OUTROS MATERIAIS TRANÇADOS, EXCETO MÓVEIS",16293,"FABRICAÇÃO DE ARTEFATOS DE MADEIRA, PALHA, CORTIÇA, VIME E MATERIAL TRANÇADO NÃO ESPECIFICADOS ANTERIORMENTE, EXCETO MÓVEIS",162,"FABRICAÇÃO DE PRODUTOS DE MADEIRA, CORTIÇA E MATERIAL TRANÇADO, EXCETO MÓVEIS",16,FABRICAÇÃO DE PRODUTOS DE MADEIRA,C,INDÚSTRIAS DE TRANSFORMAÇÃO
1710900,FABRICAÇÃO DE CELULOSE E OUTRAS PASTAS PARA A FABRICAÇÃO DE PAPEL,17109,FABRICAÇÃO DE CELULOSE E OUTRAS PASTAS PARA A FABRICAÇÃO DE PAPEL,171,FABRICAÇÃO DE CELULOSE E OUTRAS PASTAS PARA A FABRICAÇÃO DE PAPEL,17,"FABRICAÇÃO DE CELULOSE, PAPEL E PRODUTOS DE PAPEL",C,INDÚSTRIAS DE TRANSFORMAÇÃO
1721400,FABRICAÇÃO DE PAPEL,17214,FABRICAÇÃO DE PAPEL,172,"FABRICAÇÃO DE PAPEL, CARTOLINA E PAPEL-CARTÃO",17,"FABRICAÇÃO DE CELULOSE, PAPEL E PRODUTOS DE PAPEL",C,INDÚSTRIAS DE TRANSFORMAÇÃO
1722200,FABRICAÇÃO DE CARTOLINA E PAPEL CARTÃO,17222,FABRICAÇÃO DE CARTOLINA E PAPEL-CARTÃO,172,"FABRICAÇÃO DE PAPEL, CARTOLINA E PAPEL-CARTÃO",17,"FABRICAÇÃO DE CELULOSE, PAPEL E PRODUTOS DE PAPEL",C,INDÚSTRIAS DE TRANSFORMAÇÃO
1731100,FABRICAÇÃO DE EMBALAGENS DE PAPEL,17311,FABRICAÇÃO DE EMBALAGENS DE PAPEL,173,"FABRICAÇÃO DE EMBALAGENS DE PAPEL, CARTOLINA, PAPEL-CARTÃO E PAPELÃO ONDULADO",17,"FABRICAÇÃO DE CELULOSE, PAPEL E PRODUTOS DE PAPEL",C,INDÚSTRIAS DE TRANSFORMAÇÃO
1732000,FABRICAÇÃO DE EMBALAGENS DE CARTOLINA E PAPEL CARTÃO,17320,FABRICAÇÃO DE EMBALAGENS DE CARTOLINA E PAPEL-CARTÃO,173,"FABRICAÇÃO DE EMBALAGENS DE PAPEL, CARTOLINA, PAPEL-CARTÃO E PAPELÃO ONDULADO",17,"FABRICAÇÃO DE CELULOSE, PAPEL E PRODUTOS DE PAPEL",C,INDÚSTRIAS DE TRANSFORMAÇÃO
1733800,FABRICAÇÃO DE CHAPAS E DE EMBALAGENS DE PAPELÃO ONDULADO,17338,FABRICAÇÃO DE CHAPAS E DE EMBALAGENS DE PAPELÃO ONDULADO,173,"FABRICAÇÃO DE EMBALAGENS DE PAPEL, CARTOLINA, PAPEL-CARTÃO E PAPELÃO ONDULADO",17,"FABRICAÇÃO DE CELULOSE, PAPEL E PRODUTOS DE PAPEL",C,INDÚSTRIAS DE TRANSFORMAÇÃO
1741901,FABRICAÇÃO DE FORMULÁRIOS CONTÍNUOS,17419,"FABRICAÇÃO DE PRODUTOS DE PAPEL, CARTOLINA, PAPEL CARTÃO E PAPELÃO ONDULADO PARA USO COMERCIAL E DE ESCRITÓRIO",174,"FABRICAÇÃO DE PRODUTOS DIVERSOS DE PAPEL, CARTOLINA, PAPEL-CARTÃO E PAPELÃO ONDULADO",17,"FABRICAÇÃO DE CELULOSE, PAPEL E PRODUTOS DE PAPEL",C,INDÚSTRIAS DE TRANSFORMAÇÃO
1741902,"FABRICAÇÃO DE PRODUTOS DE PAPEL, CARTOLINA, PAPEL CARTÃO E PAPELÃO ONDULADO PARA USO COMERCIAL E DE ESCRITÓRIO",17419,"FABRICAÇÃO DE PRODUTOS DE PAPEL, CARTOLINA, PAPEL CARTÃO E PAPELÃO ONDULADO PARA USO COMERCIAL E DE ESCRITÓRIO",174,"FABRICAÇÃO DE PRODUTOS DIVERSOS DE PAPEL, CARTOLINA, PAPEL-CARTÃO E PAPELÃO ONDULADO",17,"FABRICAÇÃO DE CELULOSE, PAPEL E PRODUTOS DE PAPEL",C,INDÚSTRIAS DE TRANSFORMAÇÃO
1742701,FABRICAÇÃO DE FRALDAS DESCARTÁVEIS,17427,FABRICAÇÃO DE PRODUTOS DE PAPEL PARA USOS DOMÉSTICO E HIGIÊNICO-SANITÁRIO,174,"FABRICAÇÃO DE PRODUTOS DIVERSOS DE PAPEL, CARTOLINA, PAPEL-CARTÃO E PAPELÃO ONDULADO",17,"FABRICAÇÃO DE CELULOSE, PAPEL E PRODUTOS DE PAPEL",C,INDÚSTRIAS DE TRANSFORMAÇÃO
1742702,FABRICAÇÃO DE ABSORVENTES HIGIÊNICOS,17427,FABRICAÇÃO DE PRODUTOS DE PAPEL PARA USOS DOMÉSTICO E HIGIÊNICO-SANITÁRIO,174,"FABRICAÇÃO DE PRODUTOS DIVERSOS DE PAPEL, CARTOLINA, PAPEL-CARTÃO E PAPELÃO ONDULADO",17,"FABRICAÇÃO DE CELULOSE, PAPEL E PRODUTOS DE PAPEL",C,INDÚSTRIAS DE TRANSFORMAÇÃO
1742799,FABRICAÇÃO DE PRODUTOS DE PAPEL PARA USO DOMÉSTICO E HIGIÊNICO SANITÁRIO NÃO ESPECIFICADOS ANTERIORMENTE,17427,FABRICAÇÃO DE PRODUTOS DE PAPEL PARA USOS DOMÉSTICO E HIGIÊNICO-SANITÁRIO,174,"FABRICAÇÃO DE PRODUTOS DIVERSOS DE PAPEL, CARTOLINA, PAPEL-CARTÃO E PAPELÃO ONDULADO",17,"FABRICAÇÃO DE CELULOSE, PAPEL E PRODUTOS DE PAPEL",C,INDÚSTRIAS DE TRANSFORMAÇÃO
1749400,"FABRICAÇÃO DE PRODUTOS DE PASTAS CELULÓSICAS, PAPEL, CARTOLINA, PAPEL CARTÃO E PAPELÃO ONDULADO NÃO ESPECIFICADOS ANTERIORMENTE",17494,"FABRICAÇÃO DE PRODUTOS DE PASTAS CELULÓSICAS, PAPEL, CARTOLINA, PAPEL-CARTÃO E PAPELÃO ONDULADO NÃO ESPECIFICADOS ANTERIORMENTE",174,"FABRICAÇÃO DE PRODUTOS DIVERSOS DE PAPEL, CARTOLINA, PAPEL-CARTÃO E PAPELÃO ONDULADO",17,"FABRICAÇÃO DE CELULOSE, PAPEL E PRODUTOS DE PAPEL",C,INDÚSTRIAS DE TRANSFORMAÇÃO
1811301,IMPRESSÃO DE JORNAIS,18113,"IMPRESSÃO DE JORNAIS, LIVROS, REVISTAS E OUTRAS PUBLICAÇÕES PERIÓDICAS",181,ATIVIDADE DE IMPRESSÃO,18,IMPRESSÃO E REPRODUÇÃO DE GRAVAÇÕES,C,INDÚSTRIAS DE TRANSFORMAÇÃO
1811302,"IMPRESSÃO DE LIVROS, REVISTAS E OUTRAS PUBLICAÇÕES PERIÓDICAS",18113,"IMPRESSÃO DE JORNAIS, LIVROS, REVISTAS E OUTRAS PUBLICAÇÕES PERIÓDICAS",181,ATIVIDADE DE IMPRESSÃO,18,IMPRESSÃO E REPRODUÇÃO DE GRAVAÇÕES,C,INDÚSTRIAS DE TRANSFORMAÇÃO
1812100,IMPRESSÃO DE MATERIAL DE SEGURANÇA,18121,IMPRESSÃO DE MATERIAL DE SEGURANÇA,181,ATIVIDADE DE IMPRESSÃO,18,IMPRESSÃO E REPRODUÇÃO DE GRAVAÇÕES,C,INDÚSTRIAS DE TRANSFORMAÇÃO
1813001,IMPRESSÃO DE MATERIAL PARA USO PUBLICITÁRIO,18130,IMPRESSÃO DE MATERIAIS PARA OUTROS USOS,181,ATIVIDADE DE IMPRESSÃO,18,IMPRESSÃO E REPRODUÇÃO DE GRAVAÇÕES,C,INDÚSTRIAS DE TRANSFORMAÇÃO
1813099,IMPRESSÃO DE MATERIAL PARA OUTROS USOS,18130,IMPRESSÃO DE MATERIAIS PARA OUTROS USOS,181,ATIVIDADE DE IMPRESSÃO,18,IMPRESSÃO E REPRODUÇÃO DE GRAVAÇÕES,C,INDÚSTRIAS DE TRANSFORMAÇÃO
1821100,SERVIÇOS DE PRÉ IMPRESSÃO,18211,SERVIÇOS DE PRÉ-IMPRESSÃO,182,SERVIÇOS DE PRÉ-IMPRESSÃO E ACABAMENTOS GRÁFICOS,18,IMPRESSÃO E REPRODUÇÃO DE GRAVAÇÕES,C,INDÚSTRIAS DE TRANSFORMAÇÃO
1822901,SERVIÇOS DE ENCADERNAÇÃO E PLASTIFICAÇÃO,18229,SERVIÇOS DE ACABAMENTOS GRÁFICOS,182,SERVIÇOS DE PRÉ-IMPRESSÃO E ACABAMENTOS GRÁFICOS,18,IMPRESSÃO E REPRODUÇÃO DE GRAVAÇÕES,C,INDÚSTRIAS DE TRANSFORMAÇÃO
1822999,"SERVIÇOS DE ACABAMENTOS GRÁFICOS, EXCETO ENCADERNAÇÃO E PLASTIFICAÇÃO",18229,SERVIÇOS DE ACABAMENTOS GRÁFICOS,182,SERVIÇOS DE PRÉ-IMPRESSÃO E ACABAMENTOS GRÁFICOS,18,IMPRESSÃO E REPRODUÇÃO DE GRAVAÇÕES,C,INDÚSTRIAS DE TRANSFORMAÇÃO
1830001,REPRODUÇÃO DE SOM EM QUALQUER SUPORTE,18300,REPRODUÇÃO DE MATERIAIS GRAVADOS EM QUALQUER SUPORTE,183,REPRODUÇÃO DE MATERIAIS GRAVADOS EM QUALQUER SUPORTE,18,IMPRESSÃO E REPRODUÇÃO DE GRAVAÇÕES,C,INDÚSTRIAS DE TRANSFORMAÇÃO
1830002,REPRODUÇÃO DE VÍDEO EM QUALQUER SUPORTE,18300,REPRODUÇÃO DE MATERIAIS GRAVADOS EM QUALQUER SUPORTE,183,REPRODUÇÃO DE MATERIAIS GRAVADOS EM QUALQUER SUPORTE,18,IMPRESSÃO E REPRODUÇÃO DE GRAVAÇÕES,C,INDÚSTRIAS DE TRANSFORMAÇÃO
1830003,REPRODUÇÃO DE SOFTWARE EM QUALQUER SUPORTE,18300,REPRODUÇÃO DE MATERIAIS GRAVADOS EM QUALQUER SUPORTE,183,REPRODUÇÃO DE MATERIAIS GRAVADOS EM QUALQUER SUPORTE,18,IMPRESSÃO E REPRODUÇÃO DE GRAVAÇÕES,C,INDÚSTRIAS DE TRANSFORMAÇÃO
1910100,COQUERIAS,19101,COQUERIAS,191,COQUERIAS,19,"FABRICAÇÃO DE COQUE, DE PRODUTOS DERIVADOS DO PETRÓLEO E DE BIOCOMBUSTÍVEIS",C,INDÚSTRIAS DE TRANSFORMAÇÃO
1921700,FABRICAÇÃO DE PRODUTOS DO REFINO DE PETRÓLEO,19217,FABRICAÇÃO DE PRODUTOS DO REFINO DE PETRÓLEO,192,FABRICAÇÃO DE PRODUTOS DERIVADOS DO PETRÓLEO,19,"FABRICAÇÃO DE COQUE, DE PRODUTOS DERIVADOS DO PETRÓLEO E DE BIOCOMBUSTÍVEIS",C,INDÚSTRIAS DE TRANSFORMAÇÃO
1922501,FORMULAÇÃO DE COMBUSTÍVEIS,19225,"FABRICAÇÃO DE PRODUTOS DERIVADOS DO PETRÓLEO, EXCETO PRODUTOS DO REFINO",192,FABRICAÇÃO DE PRODUTOS DERIVADOS DO PETRÓLEO,19,"FABRICAÇÃO DE COQUE, DE PRODUTOS DERIVADOS DO PETRÓLEO E DE BIOCOMBUSTÍVEIS",C,INDÚSTRIAS DE TRANSFORMAÇÃO
1922502,RERREFINO DE ÓLEOS LUBRIFICANTES,19225,"FABRICAÇÃO DE PRODUTOS DERIVADOS DO PETRÓLEO, EXCETO PRODUTOS DO REFINO",192,FABRICAÇÃO DE PRODUTOS DERIVADOS DO PETRÓLEO,19,"FABRICAÇÃO DE COQUE, DE PRODUTOS DERIVADOS DO PETRÓLEO E DE BIOCOMBUSTÍVEIS",C,INDÚSTRIAS DE TRANSFORMAÇÃO
1922599,"FABRICAÇÃO DE OUTROS PRODUTOS DERIVADOS DO PETRÓLEO, EXCETO PRODUTOS DO REFINO",19225,"FABRICAÇÃO DE PRODUTOS DERIVADOS DO PETRÓLEO, EXCETO PRODUTOS DO REFINO",192,FABRICAÇÃO DE PRODUTOS DERIVADOS DO PETRÓLEO,19,"FABRICAÇÃO DE COQUE, DE PRODUTOS DERIVADOS DO PETRÓLEO E DE BIOCOMBUSTÍVEIS",C,INDÚSTRIAS DE TRANSFORMAÇÃO
1931400,FABRICAÇÃO DE ÁLCOOL,19314,FABRICAÇÃO DE ÁLCOOL,193,FABRICAÇÃO DE BIOCOMBUSTÍVEIS,19,"FABRICAÇÃO DE COQUE, DE PRODUTOS DERIVADOS DO PETRÓLEO E DE BIOCOMBUSTÍVEIS",C,INDÚSTRIAS DE TRANSFORMAÇÃO
1932200,"FABRICAÇÃO DE BIOCOMBUSTÍVEIS, EXCETO ÁLCOOL",19322,"FABRICAÇÃO DE BIOCOMBUSTÍVEIS, EXCETO ÁLCOOL",193,FABRICAÇÃO DE BIOCOMBUSTÍVEIS,19,"FABRICAÇÃO DE COQUE, DE PRODUTOS DERIVADOS DO PETRÓLEO E DE BIOCOMBUSTÍVEIS",C,INDÚSTRIAS DE TRANSFORMAÇÃO
2011800,FABRICAÇÃO DE CLORO E ÁLCALIS,20118,FABRICAÇÃO DE CLORO E ÁLCALIS,201,FABRICAÇÃO DE PRODUTOS QUÍMICOS INORGÂNICOS,20,FABRICAÇÃO DE PRODUTOS QUÍMICOS,C,INDÚSTRIAS DE TRANSFORMAÇÃO
2012600,FABRICAÇÃO DE INTERMEDIÁRIOS PARA FERTILIZANTES,20126,FABRICAÇÃO DE INTERMEDIÁRIOS PARA FERTILIZANTES,201,FABRICAÇÃO DE PRODUTOS QUÍMICOS INORGÂNICOS,20,FABRICAÇÃO DE PRODUTOS QUÍMICOS,C,INDÚSTRIAS DE TRANSFORMAÇÃO
2013401,FABRICAÇÃO DE ADUBOS E FERTILIZANTES ORGANOMINERAIS,20134,FABRICAÇÃO DE ADUBOS E FERTILIZANTES,201,FABRICAÇÃO DE PRODUTOS QUÍMICOS INORGÂNICOS,20,FABRICAÇÃO DE PRODUTOS QUÍMICOS,C,INDÚSTRIAS DE TRANSFORMAÇÃO
2013402,"FABRICAÇÃO DE ADUBOS E FERTILIZANTES, EXCETO ORGANOMINERAIS",20134,FABRICAÇÃO DE ADUBOS E FERTILIZANTES,201,FABRICAÇÃO DE PRODUTOS QUÍMICOS INORGÂNICOS,20,FABRICAÇÃO DE PRODUTOS QUÍMICOS,C,INDÚSTRIAS DE TRANSFORMAÇÃO
2014200,FABRICAÇÃO DE GASES INDUSTRIAIS,20142,FABRICAÇÃO DE GASES INDUSTRIAIS,201,FABRICAÇÃO DE PRODUTOS QUÍMICOS INORGÂNICOS,20,FABRICAÇÃO DE PRODUTOS QUÍMICOS,C,INDÚSTRIAS DE TRANSFORMAÇÃO
2019301,ELABORAÇÃO DE COMBUSTÍVEIS NUCLEARES,20193,FABRICAÇÃO DE PRODUTOS QUÍMICOS INORGÂNICOS NÃO ESPECIFICADOS ANTERIORMENTE,201,FABRICAÇÃO DE PRODUTOS QUÍMICOS INORGÂNICOS,20,FABRICAÇÃO DE PRODUTOS QUÍMICOS,C,INDÚSTRIAS DE TRANSFORMAÇÃO
2019399,FABRICAÇÃO DE OUTROS PRODUTOS QUÍMICOS INORGÂNICOS NÃO ESPECIFICADOS ANTERIORMENTE,20193,FABRICAÇÃO DE PRODUTOS QUÍMICOS INORGÂNICOS NÃO ESPECIFICADOS ANTERIORMENTE,201,FABRICAÇÃO DE PRODUTOS QUÍMICOS INORGÂNICOS,20,FABRICAÇÃO DE PRODUTOS QUÍMICOS,C,INDÚSTRIAS DE TRANSFORMAÇÃO
2021500,FABRICAÇÃO DE PRODUTOS PETROQUÍMICOS BÁSICOS,20215,FABRICAÇÃO DE PRODUTOS PETROQUÍMICOS BÁSICOS,202,FABRICAÇÃO DE PRODUTOS QUÍMICOS ORGÂNICOS,20,FABRICAÇÃO DE PRODUTOS QUÍMICOS,C,INDÚSTRIAS DE TRANSFORMAÇÃO
2022300,"FABRICAÇÃO DE INTERMEDIÁRIOS PARA PLASTIFICANTES, RESINAS E FIBRAS",20223,"FABRICAÇÃO DE INTERMEDIÁRIOS PARA PLASTIFICANTES, RESINAS E FIBRAS",202,FABRICAÇÃO DE PRODUTOS QUÍMICOS ORGÂNICOS,20,FABRICAÇÃO DE PRODUTOS QUÍMICOS,C,INDÚSTRIAS DE TRANSFORMAÇÃO
2029100,FABRICAÇÃO DE PRODUTOS QUÍMICOS ORGÂNICOS NÃO ESPECIFICADOS ANTERIORMENTE,20291,FABRICAÇÃO DE PRODUTOS QUÍMICOS ORGÂNICOS NÃO ESPECIFICADOS ANTERIORMENTE,202,FABRICAÇÃO DE PRODUTOS QUÍMICOS ORGÂNICOS,20,FABRICAÇÃO DE PRODUTOS QUÍMICOS,C,INDÚSTRIAS DE TRANSFORMAÇÃO
2031200,FABRICAÇÃO DE RESINAS TERMOPLÁSTICAS,20312,FABRICAÇÃO DE RESINAS TERMOPLÁSTICAS,203,FABRICAÇÃO DE RESINAS E ELASTÔMEROS,20,FABRICAÇÃO DE PRODUTOS QUÍMICOS,C,INDÚSTRIAS DE TRANSFORMAÇÃO
2032100,FABRICAÇÃO DE RESINAS TERMOFIXAS,20321,FABRICAÇÃO DE RESINAS TERMOFIXAS,203,FABRICAÇÃO DE RESINAS E ELASTÔMEROS,20,FABRICAÇÃO DE PRODUTOS QUÍMICOS,C,INDÚSTRIAS DE TRANSFORMAÇÃO
2033900,FABRICAÇÃO DE ELASTÔMEROS,20339,FABRICAÇÃO DE ELASTÔMEROS,203,FABRICAÇÃO DE RESINAS E ELASTÔMEROS,20,FABRICAÇÃO DE PRODUTOS QUÍMICOS,C,INDÚSTRIAS DE TRANSFORMAÇÃO
2040100,FABRICAÇÃO DE FIBRAS ARTIFICIAIS E SINTÉTICAS,20401,FABRICAÇÃO DE FIBRAS ARTIFICIAIS E SINTÉTICAS,204,FABRICAÇÃO DE FIBRAS ARTIFICIAIS E SINTÉTICAS,20,FABRICAÇÃO DE PRODUTOS QUÍMICOS,C,INDÚSTRIAS DE TRANSFORMAÇÃO
2051700,FABRICAÇÃO DE DEFENSIVOS AGRÍCOLAS,20517,FABRICAÇÃO DE DEFENSIVOS AGRÍCOLAS,205,FABRICAÇÃO DE DEFENSIVOS AGRÍCOLAS E DESINFESTANTES DOMISSANITÁRIOS,20,FABRICAÇÃO DE PRODUTOS QUÍMICOS,C,INDÚSTRIAS DE TRANSFORMAÇÃO
2052500,FABRICAÇÃO DE DESINFESTANTES DOMISSANITÁRIOS,20525,FABRICAÇÃO DE DESINFESTANTES DOMISSANITÁRIOS,205,FABRICAÇÃO DE DEFENSIVOS AGRÍCOLAS E DESINFESTANTES DOMISSANITÁRIOS,20,FABRICAÇÃO DE PRODUTOS QUÍMICOS,C,INDÚSTRIAS DE TRANSFORMAÇÃO
2061400,FABRICAÇÃO DE SABÕES E DETERGENTES SINTÉTICOS,20614,FABRICAÇÃO DE SABÕES E DETERGENTES SINTÉTICOS,206,"FABRICAÇÃO DE SABÕES, DETERGENTES, PRODUTOS DE LIMPEZA, COSMÉTICOS, PRODUTOS DE PERFUMARIA E DE HIGIENE PESSOAL",20,FABRICAÇÃO DE PRODUTOS QUÍMICOS,C,INDÚSTRIAS DE TRANSFORMAÇÃO
2062200,FABRICAÇÃO DE PRODUTOS DE LIMPEZA E POLIMENTO,20622,FABRICAÇÃO DE PRODUTOS DE LIMPEZA E POLIMENTO,206,"FABRICAÇÃO DE SABÕES, DETERGENTES, PRODUTOS DE LIMPEZA, COSMÉTICOS, PRODUTOS DE PERFUMARIA E DE HIGIENE PESSOAL",20,FABRICAÇÃO DE PRODUTOS QUÍMICOS,C,INDÚSTRIAS DE TRANSFORMAÇÃO
2063100,"FABRICAÇÃO DE COSMÉTICOS, PRODUTOS DE PERFUMARIA E DE HIGIENE PESSOAL",20631,"FABRICAÇÃO DE COSMÉTICOS, PRODUTOS DE PERFUMARIA E DE HIGIENE PESSOAL",206,"FABRICAÇÃO DE SABÕES, DETERGENTES, PRODUTOS DE LIMPEZA, COSMÉTICOS, PRODUTOS DE PERFUMARIA E DE HIGIENE PESSOAL",20,FABRICAÇÃO DE PRODUTOS QUÍMICOS,C,INDÚSTRIAS DE TRANSFORMAÇÃO
2071100,"FABRICAÇÃO DE TINTAS, VERNIZES, ESMALTES E LACAS",20711,"FABRICAÇÃO DE TINTAS, VERNIZES, ESMALTES E LACAS",207,"FABRICAÇÃO DE TINTAS, VERNIZES, ESMALTES, LACAS E PRODUTOS AFINS",20,FABRICAÇÃO DE PRODUTOS QUÍMICOS,C,INDÚSTRIAS DE TRANSFORMAÇÃO
2072000,FABRICAÇÃO DE TINTAS DE IMPRESSÃO,20720,FABRICAÇÃO DE TINTAS DE IMPRESSÃO,207,"FABRICAÇÃO DE TINTAS, VERNIZES, ESMALTES, LACAS E PRODUTOS AFINS",20,FABRICAÇÃO DE PRODUTOS QUÍMICOS,C,INDÚSTRIAS DE TRANSFORMAÇÃO
2073800,"FABRICAÇÃO DE IMPERMEABILIZANTES, SOLVENTES E PRODUTOS AFINS",20738,"FABRICAÇÃO DE IMPERMEABILIZANTES, SOLVENTES E PRODUTOS AFINS",207,"FABRICAÇÃO DE TINTAS, VERNIZES, ESMALTES, LACAS E PRODUTOS AFINS",20,FABRICAÇÃO DE PRODUTOS QUÍMICOS,C,INDÚSTRIAS DE TRANSFORMAÇÃO
2091600,FABRICAÇÃO DE ADESIVOS E SELANTES,20916,FABRICAÇÃO DE ADESIVOS E SELANTES,209,FABRICAÇÃO DE PRODUTOS E PREPARADOS QUÍMICOS DIVERSOS,20,FABRICAÇÃO DE PRODUTOS QUÍMICOS,C,INDÚSTRIAS DE TRANSFORMAÇÃO
2092401,"FABRICAÇÃO DE PÓLVORAS, EXPLOSIVOS E DETONANTES",20924,FABRICAÇÃO DE EXPLOSIVOS,209,FABRICAÇÃO DE PRODUTOS E PREPARADOS QUÍMICOS DIVERSOS,20,FABRICAÇÃO DE PRODUTOS QUÍMICOS,C,INDÚSTRIAS DE TRANSFORMAÇÃO
2092402,FABRICAÇÃO DE ARTIGOS PIROTÉCNICOS,20924,FABRICAÇÃO DE EXPLOSIVOS,209,FABRICAÇÃO DE PRODUTOS E PREPARADOS QUÍMICOS DIVERSOS,20,FABRICAÇÃO DE PRODUTOS QUÍMICOS,C,INDÚSTRIAS DE TRANSFORMAÇÃO
2092403,FABRICAÇÃO DE FÓSFOROS DE SEGURANÇA,20924,FABRICAÇÃO DE EXPLOSIVOS,209,FABRICAÇÃO DE PRODUTOS E PREPARADOS QUÍMICOS DIVERSOS,20,FABRICAÇÃO DE PRODUTOS QUÍMICOS,C,INDÚSTRIAS DE TRANSFORMAÇÃO
2093200,FABRICAÇÃO DE ADITIVOS DE USO INDUSTRIAL,20932,FABRICAÇÃO DE ADITIVOS DE USO INDUSTRIAL,209,FABRICAÇÃO DE PRODUTOS E PREPARADOS QUÍMICOS DIVERSOS,20,FABRICAÇÃO DE PRODUTOS QUÍMICOS,C,INDÚSTRIAS DE TRANSFORMAÇÃO
2094100,FABRICAÇÃO DE CATALISADORES,20941,FABRICAÇÃO DE CATALISADORES,209,FABRICAÇÃO DE PRODUTOS E PREPARADOS QUÍMICOS DIVERSOS,20,FABRICAÇÃO DE PRODUTOS QUÍMICOS,C,INDÚSTRIAS DE TRANSFORMAÇÃO
2099101,"FABRICAÇÃO DE CHAPAS, FILMES, PAPÉIS E OUTROS MATERIAIS E PRODUTOS QUÍMICOS PARA FOTOGRAFIA",20991,FABRICAÇÃO DE PRODUTOS QUÍMICOS NÃO ESPECIFICADOS ANTERIORMENTE,209,FABRICAÇÃO DE PRODUTOS E PREPARADOS QUÍMICOS DIVERSOS,20,FABRICAÇÃO DE PRODUTOS QUÍMICOS,C,INDÚSTRIAS DE TRANSFORMAÇÃO
2099199,FABRICAÇÃO DE OUTROS PRODUTOS QUÍMICOS NÃO ESPECIFICADOS ANTERIORMENTE,20991,FABRICAÇÃO DE PRODUTOS QUÍMICOS NÃO ESPECIFICADOS ANTERIORMENTE,209,FABRICAÇÃO DE PRODUTOS E PREPARADOS QUÍMICOS DIVERSOS,20,FABRICAÇÃO DE PRODUTOS QUÍMICOS,C,INDÚSTRIAS DE TRANSFORMAÇÃO
2110600,FABRICAÇÃO DE PRODUTOS FARMOQUÍMICOS,21106,FABRICAÇÃO DE PRODUTOS FARMOQUÍMICOS,211,FABRICAÇÃO DE PRODUTOS FARMOQUÍMICOS,21,FABRICAÇÃO DE PRODUTOS FARMOQUÍMICOS E FARMACÊUTICOS,C,INDÚSTRIAS DE TRANSFORMAÇÃO
2121101,FABRICAÇÃO DE MEDICAMENTOS ALOPÁTICOS PARA USO HUMANO,21211,FABRICAÇÃO DE MEDICAMENTOS PARA USO HUMANO,212,FABRICAÇÃO DE PRODUTOS FARMACÊUTICOS,21,FABRICAÇÃO DE PRODUTOS FARMOQUÍMICOS E FARMACÊUTICOS,C,INDÚSTRIAS DE TRANSFORMAÇÃO
2121102,FABRICAÇÃO DE MEDICAMENTOS HOMEOPÁTICOS PARA USO HUMANO,21211,FABRICAÇÃO DE MEDICAMENTOS PARA USO HUMANO,212,FABRICAÇÃO DE PRODUTOS FARMACÊUTICOS,21,FABRICAÇÃO DE PRODUTOS FARMOQUÍMICOS E FARMACÊUTICOS,C,INDÚSTRIAS DE TRANSFORMAÇÃO
2121103,FABRICAÇÃO DE MEDICAMENTOS FITOTERÁPICOS PARA USO HUMANO,21211,FABRICAÇÃO DE MEDICAMENTOS PARA USO HUMANO,212,FABRICAÇÃO DE PRODUTOS FARMACÊUTICOS,21,FABRICAÇÃO DE PRODUTOS FARMOQUÍMICOS E FARMACÊUTICOS,C,INDÚSTRIAS DE TRANSFORMAÇÃO
2122000,FABRICAÇÃO DE MEDICAMENTOS PARA USO VETERINÁRIO,21220,FABRICAÇÃO DE MEDICAMENTOS PARA USO VETERINÁRIO,212,FABRICAÇÃO DE PRODUTOS FARMACÊUTICOS,21,FABRICAÇÃO DE PRODUTOS FARMOQUÍMICOS E FARMACÊUTICOS,C,INDÚSTRIAS DE TRANSFORMAÇÃO
2123800,FABRICAÇÃO DE PREPARAÇÕES FARMACÊUTICAS,21238,FABRICAÇÃO DE PREPARAÇÕES FARMACÊUTICAS,212,FABRICAÇÃO DE PRODUTOS FARMACÊUTICOS,21,FABRICAÇÃO DE PRODUTOS FARMOQUÍMICOS E FARMACÊUTICOS,C,INDÚSTRIAS DE TRANSFORMAÇÃO
2211100,FABRICAÇÃO DE PNEUMÁTICOS E DE CÂMARAS DE AR,22111,FABRICAÇÃO DE PNEUMÁTICOS E DE CÂMARAS-DE-AR,221,FABRICAÇÃO DE PRODUTOS DE BORRACHA,22,FABRICAÇÃO DE PRODUTOS DE BORRACHA E DE MATERIAL PLÁSTICO,C,INDÚSTRIAS DE TRANSFORMAÇÃO
2212900,REFORMA DE PNEUMÁTICOS USADOS,22129,REFORMA DE PNEUMÁTICOS USADOS,221,FABRICAÇÃO DE PRODUTOS DE BORRACHA,22,FABRICAÇÃO DE PRODUTOS DE BORRACHA E DE MATERIAL PLÁSTICO,C,INDÚSTRIAS DE TRANSFORMAÇÃO
2219600,FABRICAÇÃO DE ARTEFATOS DE BORRACHA NÃO ESPECIFICADOS ANTERIORMENTE,22196,FABRICAÇÃO DE ARTEFATOS DE BORRACHA NÃO ESPECIFICADOS ANTERIORMENTE,221,FABRICAÇÃO DE PRODUTOS DE BORRACHA,22,FABRICAÇÃO DE PRODUTOS DE BORRACHA E DE MATERIAL PLÁSTICO,C,INDÚSTRIAS DE TRANSFORMAÇÃO
2221800,FABRICAÇÃO DE LAMINADOS PLANOS E TUBULARES DE MATERIAL PLÁSTICO,22218,FABRICAÇÃO DE LAMINADOS PLANOS E TUBULARES DE MATERIAL PLÁSTICO,222,FABRICAÇÃO DE PRODUTOS DE MATERIAL PLÁSTICO,22,FABRICAÇÃO DE PRODUTOS DE BORRACHA E DE MATERIAL PLÁSTICO,C,INDÚSTRIAS DE TRANSFORMAÇÃO
2222600,FABRICAÇÃO DE EMBALAGENS DE MATERIAL PLÁSTICO,22226,FABRICAÇÃO DE EMBALAGENS DE MATERIAL PLÁSTICO,222,FABRICAÇÃO DE PRODUTOS DE MATERIAL PLÁSTICO,22,FABRICAÇÃO DE PRODUTOS DE BORRACHA E DE MATERIAL PLÁSTICO,C,INDÚSTRIAS DE TRANSFORMAÇÃO
2223400,FABRICAÇÃO DE TUBOS E ACESSÓRIOS DE MATERIAL PLÁSTICO PARA USO NA CONSTRUÇÃO,22234,FABRICAÇÃO DE TUBOS E ACESSÓRIOS DE MATERIAL PLÁSTICO PARA USO NA CONSTRUÇÃO,222,FABRICAÇÃO DE PRODUTOS DE MATERIAL PLÁSTICO,22,FABRICAÇÃO DE PRODUTOS DE BORRACHA E DE MATERIAL PLÁSTICO,C,INDÚSTRIAS DE TRANSFORMAÇÃO
2229301,FABRICAÇÃO DE ARTEFATOS DE MATERIAL PLÁSTICO PARA USO PESSOAL E DOMÉSTICO,22293,FABRICAÇÃO DE ARTEFATOS DE MATERIAL PLÁSTICO NÃO ESPECIFICADOS ANTERIORMENTE,222,FABRICAÇÃO DE PRODUTOS DE MATERIAL PLÁSTICO,22,FABRICAÇÃO DE PRODUTOS DE BORRACHA E DE MATERIAL PLÁSTICO,C,INDÚSTRIAS DE TRANSFORMAÇÃO
2229302,FABRICAÇÃO DE ARTEFATOS DE MATERIAL PLÁSTICO PARA USOS INDUSTRIAIS,22293,FABRICAÇÃO DE ARTEFATOS DE MATERIAL PLÁSTICO NÃO ESPECIFICADOS ANTERIORMENTE,222,FABRICAÇÃO DE PRODUTOS DE MATERIAL PLÁSTICO,22,FABRICAÇÃO DE PRODUTOS DE BORRACHA E DE MATERIAL PLÁSTICO,C,INDÚSTRIAS DE TRANSFORMAÇÃO
2229303,"FABRICAÇÃO DE ARTEFATOS DE MATERIAL PLÁSTICO PARA USO NA CONSTRUÇÃO, EXCETO TUBOS E ACESSÓRIOS",22293,FABRICAÇÃO DE ARTEFATOS DE MATERIAL PLÁSTICO NÃO ESPECIFICADOS ANTERIORMENTE,222,FABRICAÇÃO DE PRODUTOS DE MATERIAL PLÁSTICO,22,FABRICAÇÃO DE PRODUTOS DE BORRACHA E DE MATERIAL PLÁSTICO,C,INDÚSTRIAS DE TRANSFORMAÇÃO
2229399,FABRICAÇÃO DE ARTEFATOS DE MATERIAL PLÁSTICO PARA OUTROS USOS NÃO ESPECIFICADOS ANTERIORMENTE,22293,FABRICAÇÃO DE ARTEFATOS DE MATERIAL PLÁSTICO NÃO ESPECIFICADOS ANTERIORMENTE,222,FABRICAÇÃO DE PRODUTOS DE MATERIAL PLÁSTICO,22,FABRICAÇÃO DE PRODUTOS DE BORRACHA E DE MATERIAL PLÁSTICO,C,INDÚSTRIAS DE TRANSFORMAÇÃO
2311700,FABRICAÇÃO DE VIDRO PLANO E DE SEGURANÇA,23117,FABRICAÇÃO DE VIDRO PLANO E DE SEGURANÇA,231,FABRICAÇÃO DE VIDRO E DE PRODUTOS DO VIDRO,23,FABRICAÇÃO DE PRODUTOS DE MINERAIS NÃO-METÁLICOS,C,INDÚSTRIAS DE TRANSFORMAÇÃO
2312500,FABRICAÇÃO DE EMBALAGENS DE VIDRO,23125,FABRICAÇÃO DE EMBALAGENS DE VIDRO,231,FABRICAÇÃO DE VIDRO E DE PRODUTOS DO VIDRO,23,FABRICAÇÃO DE PRODUTOS DE MINERAIS NÃO-METÁLICOS,C,INDÚSTRIAS DE TRANSFORMAÇÃO
2319200,FABRICAÇÃO DE ARTIGOS DE VIDRO,23192,FABRICAÇÃO DE ARTIGOS DE VIDRO,231,FABRICAÇÃO DE VIDRO E DE PRODUTOS DO VIDRO,23,FABRICAÇÃO DE PRODUTOS DE MINERAIS NÃO-METÁLICOS,C,INDÚSTRIAS DE TRANSFORMAÇÃO
2320600,FABRICAÇÃO DE CIMENTO,23206,FABRICAÇÃO DE CIMENTO,232,FABRICAÇÃO DE CIMENTO,23,FABRICAÇÃO DE PRODUTOS DE MINERAIS NÃO-METÁLICOS,C,INDÚSTRIAS DE TRANSFORMAÇÃO
2330301,"FABRICAÇÃO DE ESTRUTURAS PRÉ MOLDADAS DE CONCRETO ARMADO, EM SÉRIE E SOB ENCOMENDA",23303,"FABRICAÇÃO DE ARTEFATOS DE CONCRETO, CIMENTO, FIBROCIMENTO, GESSO E MATERIAIS SEMELHANTES",233,"FABRICAÇÃO DE ARTEFATOS DE CONCRETO, CIMENTO, FIBROCIMENTO, GESSO E MATERIAIS SEMELHANTES",23,FABRICAÇÃO DE PRODUTOS DE MINERAIS NÃO-METÁLICOS,C,INDÚSTRIAS DE TRANSFORMAÇÃO
2330302,FABRICAÇÃO DE ARTEFATOS DE CIMENTO PARA USO NA CONSTRUÇÃO,23303,"FABRICAÇÃO DE ARTEFATOS DE CONCRETO, CIMENTO, FIBROCIMENTO, GESSO E MATERIAIS SEMELHANTES",233,"FABRICAÇÃO DE ARTEFATOS DE CONCRETO, CIMENTO, FIBROCIMENTO, GESSO E MATERIAIS SEMELHANTES",23,FABRICAÇÃO DE PRODUTOS DE MINERAIS NÃO-METÁLICOS,C,INDÚSTRIAS DE TRANSFORMAÇÃO
2330303,FABRICAÇÃO DE ARTEFATOS DE FIBROCIMENTO PARA USO NA CONSTRUÇÃO,23303,"FABRICAÇÃO DE ARTEFATOS DE CONCRETO, CIMENTO, FIBROCIMENTO, GESSO E MATERIAIS SEMELHANTES",233,"FABRICAÇÃO DE ARTEFATOS DE CONCRETO, CIMENTO, FIBROCIMENTO, GESSO E MATERIAIS SEMELHANTES",23,FABRICAÇÃO DE PRODUTOS DE MINERAIS NÃO-METÁLICOS,C,INDÚSTRIAS DE TRANSFORMAÇÃO
2330304,FABRICAÇÃO DE CASAS PRÉ MOLDADAS DE CONCRETO,23303,"FABRICAÇÃO DE ARTEFATOS DE CONCRETO, CIMENTO, FIBROCIMENTO, GESSO E MATERIAIS SEMELHANTES",233,"FABRICAÇÃO DE ARTEFATOS DE CONCRETO, CIMENTO, FIBROCIMENTO, GESSO E MATERIAIS SEMELHANTES",23,FABRICAÇÃO DE PRODUTOS DE MINERAIS NÃO-METÁLICOS,C,INDÚSTRIAS DE TRANSFORMAÇÃO
2330305,PREPARAÇÃO DE MASSA DE CONCRETO E ARGAMASSA PARA CONSTRUÇÃO,23303,"FABRICAÇÃO DE ARTEFATOS DE CONCRETO, CIMENTO, FIBROCIMENTO, GESSO E MATERIAIS SEMELHANTES",233,"FABRICAÇÃO DE ARTEFATOS DE CONCRETO, CIMENTO, FIBROCIMENTO, GESSO E MATERIAIS SEMELHANTES",23,FABRICAÇÃO DE PRODUTOS DE MINERAIS NÃO-METÁLICOS,C,INDÚSTRIAS DE TRANSFORMAÇÃO
2330399,"FABRICAÇÃO DE OUTROS ARTEFATOS E PRODUTOS DE CONCRETO, CIMENTO, FIBROCIMENTO, GESSO E MATERIAIS SEMELHANTES",23303,"FABRICAÇÃO DE ARTEFATOS DE CONCRETO, CIMENTO, FIBROCIMENTO, GESSO E MATERIAIS SEMELHANTES",233,"FABRICAÇÃO DE ARTEFATOS DE CONCRETO, CIMENTO, FIBROCIMENTO, GESSO E MATERIAIS SEMELHANTES",23,FABRICAÇÃO DE PRODUTOS DE MINERAIS NÃO-METÁLICOS,C,INDÚSTRIAS DE TRANSFORMAÇÃO
2341900,FABRICAÇÃO DE PRODUTOS CERÂMICOS REFRATÁRIOS,23419,FABRICAÇÃO DE PRODUTOS CERÂMICOS REFRATÁRIOS,234,FABRICAÇÃO DE PRODUTOS CERÂMICOS,23,FABRICAÇÃO DE PRODUTOS DE MINERAIS NÃO-METÁLICOS,C,INDÚSTRIAS DE TRANSFORMAÇÃO
2342701,FABRICAÇÃO DE AZULEJOS E PISOS,23427,FABRICAÇÃO DE PRODUTOS CERÂMICOS NÃO REFRATÁRIOS PARA USO ESTRUTURAL NA CONSTRUÇÃO,234,FABRICAÇÃO DE PRODUTOS CERÂMICOS,23,FABRICAÇÃO DE PRODUTOS DE MINERAIS NÃO-METÁLICOS,C,INDÚSTRIAS DE TRANSFORMAÇÃO
2342702,"FABRICAÇÃO DE ARTEFATOS DE CERÂMICA E BARRO COZIDO PARA USO NA CONSTRUÇÃO, EXCETO AZULEJOS E PISOS",23427,FABRICAÇÃO DE PRODUTOS CERÂMICOS NÃO REFRATÁRIOS PARA USO ESTRUTURAL NA CONSTRUÇÃO,234,FABRICAÇÃO DE PRODUTOS CERÂMICOS,23,FABRICAÇÃO DE PRODUTOS DE MINERAIS NÃO-METÁLICOS,C,INDÚSTRIAS DE TRANSFORMAÇÃO
2349401,FABRICAÇÃO DE MATERIAL SANITÁRIO DE CERÂMICA,23494,FABRICAÇÃO DE PRODUTOS CERÂMICOS NÃO REFRATÁRIOS NÃO ESPECIFICADOS ANTERIORMENTE,234,FABRICAÇÃO DE PRODUTOS CERÂMICOS,23,FABRICAÇÃO DE PRODUTOS DE MINERAIS NÃO-METÁLICOS,C,INDÚSTRIAS DE TRANSFORMAÇÃO
2349499,FABRICAÇÃO DE PRODUTOS CERÂMICOS NÃO REFRATÁRIOS NÃO ESPECIFICADOS ANTERIORMENTE,23494,FABRICAÇÃO DE PRODUTOS CERÂMICOS NÃO REFRATÁRIOS NÃO ESPECIFICADOS ANTERIORMENTE,234,FABRICAÇÃO DE PRODUTOS CERÂMICOS,23,FABRICAÇÃO DE PRODUTOS DE MINERAIS NÃO-METÁLICOS,C,INDÚSTRIAS DE TRANSFORMAÇÃO
2391501,"BRITAMENTO DE PEDRAS, EXCETO ASSOCIADO À EXTRAÇÃO",23915,APARELHAMENTO E OUTROS TRABALHOS EM PEDRAS,239,APARELHAMENTO DE PEDRAS E FABRICAÇÃO DE OUTROS PRODUTOS DE MINERAIS NÃO-METÁLICOS,23,FABRICAÇÃO DE PRODUTOS DE MINERAIS NÃO-METÁLICOS,C,INDÚSTRIAS DE TRANSFORMAÇÃO
2391502,"APARELHAMENTO DE PEDRAS PARA CONSTRUÇÃO, EXCETO ASSOCIADO À EXTRAÇÃO",23915,APARELHAMENTO E OUTROS TRABALHOS EM PEDRAS,239,APARELHAMENTO DE PEDRAS E FABRICAÇÃO DE OUTROS PRODUTOS DE MINERAIS NÃO-METÁLICOS,23,FABRICAÇÃO DE PRODUTOS DE MINERAIS NÃO-METÁLICOS,C,INDÚSTRIAS DE TRANSFORMAÇÃO
2391503,"APARELHAMENTO DE PLACAS E EXECUÇÃO DE TRABALHOS EM MÁRMORE, GRANITO, ARDÓSIA E OUTRAS PEDRAS",23915,APARELHAMENTO E OUTROS TRABALHOS EM PEDRAS,239,APARELHAMENTO DE PEDRAS E FABRICAÇÃO DE OUTROS PRODUTOS DE MINERAIS NÃO-METÁLICOS,23,FABRICAÇÃO DE PRODUTOS DE MINERAIS NÃO-METÁLICOS,C,INDÚSTRIAS DE TRANSFORMAÇÃO
2392300,FABRICAÇÃO DE CAL E GESSO,23923,FABRICAÇÃO DE CAL E GESSO,239,APARELHAMENTO DE PEDRAS E FABRICAÇÃO DE OUTROS PRODUTOS DE MINERAIS NÃO-METÁLICOS,23,FABRICAÇÃO DE PRODUTOS DE MINERAIS NÃO-METÁLICOS,C,INDÚSTRIAS DE TRANSFORMAÇÃO
2399101,"DECORAÇÃO, LAPIDAÇÃO, GRAVAÇÃO, VITRIFICAÇÃO E OUTROS TRABALHOS EM CERÂMICA, LOUÇA, VIDRO E CRISTAL",23991,FABRICAÇÃO DE PRODUTOS DE MINERAIS NÃO METÁLICOS NÃO ESPECIFICADOS ANTERIORMENTE,239,APARELHAMENTO DE PEDRAS E FABRICAÇÃO DE OUTROS PRODUTOS DE MINERAIS NÃO-METÁLICOS,23,FABRICAÇÃO DE PRODUTOS DE MINERAIS NÃO-METÁLICOS,C,INDÚSTRIAS DE TRANSFORMAÇÃO
2399102,FABRICAÇÃO DE ABRASIVOS,23991,FABRICAÇÃO DE PRODUTOS DE MINERAIS NÃO METÁLICOS NÃO ESPECIFICADOS ANTERIORMENTE,239,APARELHAMENTO DE PEDRAS E FABRICAÇÃO DE OUTROS PRODUTOS DE MINERAIS NÃO-METÁLICOS,23,FABRICAÇÃO DE PRODUTOS DE MINERAIS NÃO-METÁLICOS,C,INDÚSTRIAS DE TRANSFORMAÇÃO
2399199,FABRICAÇÃO DE OUTROS PRODUTOS DE MINERAIS NÃO METÁLICOS NÃO ESPECIFICADOS ANTERIORMENTE,23991,FABRICAÇÃO DE PRODUTOS DE MINERAIS NÃO METÁLICOS NÃO ESPECIFICADOS ANTERIORMENTE,239,APARELHAMENTO DE PEDRAS E FABRICAÇÃO DE OUTROS PRODUTOS DE MINERAIS NÃO-METÁLICOS,23,FABRICAÇÃO DE PRODUTOS DE MINERAIS NÃO-METÁLICOS,C,INDÚSTRIAS DE TRANSFORMAÇÃO
2411300,PRODUÇÃO DE FERRO GUSA,24113,PRODUÇÃO DE FERRO-GUSA,241,PRODUÇÃO DE FERRO-GUSA E DE FERROLIGAS,24,METALURGIA,C,INDÚSTRIAS DE TRANSFORMAÇÃO
2412100,PRODUÇÃO DE FERROLIGAS,24121,PRODUÇÃO DE FERROLIGAS,241,PRODUÇÃO DE FERRO-GUSA E DE FERROLIGAS,24,METALURGIA,C,INDÚSTRIAS DE TRANSFORMAÇÃO
2421100,PRODUÇÃO DE SEMI ACABADOS DE AÇO,24211,PRODUÇÃO DE SEMIACABADOS DE AÇO,242,SIDERURGIA,24,METALURGIA,C,INDÚSTRIAS DE TRANSFORMAÇÃO
2422901,"PRODUÇÃO DE LAMINADOS PLANOS DE AÇO AO CARBONO, REVESTIDOS OU NÃO",24229,PRODUÇÃO DE LAMINADOS PLANOS DE AÇO,242,SIDERURGIA,24,METALURGIA,C,INDÚSTRIAS DE TRANSFORMAÇÃO
2422902,PRODUÇÃO DE LAMINADOS PLANOS DE AÇOS ESPECIAIS,24229,PRODUÇÃO DE LAMINADOS PLANOS DE AÇO,242,SIDERURGIA,24,METALURGIA,C,INDÚSTRIAS DE TRANSFORMAÇÃO
2423701,PRODUÇÃO DE TUBOS DE AÇO SEM COSTURA,24237,PRODUÇÃO DE LAMINADOS LONGOS DE AÇO,242,SIDERURGIA,24,METALURGIA,C,INDÚSTRIAS DE TRANSFORMAÇÃO
2423702,"PRODUÇÃO DE LAMINADOS LONGOS DE AÇO, EXCETO TUBOS",24237,PRODUÇÃO DE LAMINADOS LONGOS DE AÇO,242,SIDERURGIA,24,METALURGIA,C,INDÚSTRIAS DE TRANSFORMAÇÃO
2424501,PRODUÇÃO DE ARAMES DE AÇO,24245,"PRODUÇÃO DE RELAMINADOS, TREFILADOS E PERFILADOS DE AÇO",242,SIDERURGIA,24,METALURGIA,C,INDÚSTRIAS DE TRANSFORMAÇÃO
2424502,"PRODUÇÃO DE RELAMINADOS, TREFILADOS E PERFILADOS DE AÇO, EXCETO ARAMES",24245,"PRODUÇÃO DE RELAMINADOS, TREFILADOS E PERFILADOS DE AÇO",242,SIDERURGIA,24,METALURGIA,C,INDÚSTRIAS DE TRANSFORMAÇÃO
2431800,PRODUÇÃO DE TUBOS DE AÇO COM COSTURA,24318,PRODUÇÃO DE TUBOS DE AÇO COM COSTURA,243,"PRODUÇÃO DE TUBOS DE AÇO, EXCETO TUBOS SEM COSTURA",24,METALURGIA,C,INDÚSTRIAS DE TRANSFORMAÇÃO
2439300,PRODUÇÃO DE OUTROS TUBOS DE FERRO E AÇO,24393,PRODUÇÃO DE OUTROS TUBOS DE FERRO E AÇO,243,"PRODUÇÃO DE TUBOS DE AÇO, EXCETO TUBOS SEM COSTURA",24,METALURGIA,C,INDÚSTRIAS DE TRANSFORMAÇÃO
2441501,PRODUÇÃO DE ALUMÍNIO E SUAS LIGAS EM FORMAS PRIMÁRIAS,24415,METALURGIA DO ALUMÍNIO E SUAS LIGAS,244,METALURGIA DOS METAIS NÃO-FERROSOS,24,METALURGIA,C,INDÚSTRIAS DE TRANSFORMAÇÃO
2441502,PRODUÇÃO DE LAMINADOS DE ALUMÍNIO,24415,METALURGIA DO ALUMÍNIO E SUAS LIGAS,244,METALURGIA DOS METAIS NÃO-FERROSOS,24,METALURGIA,C,INDÚSTRIAS DE TRANSFORMAÇÃO
2442300,METALURGIA DOS METAIS PRECIOSOS,24423,METALURGIA DOS METAIS PRECIOSOS,244,METALURGIA DOS METAIS NÃO-FERROSOS,24,METALURGIA,C,INDÚSTRIAS DE TRANSFORMAÇÃO
2443100,METALURGIA DO COBRE,24431,METALURGIA DO COBRE,244,METALURGIA DOS METAIS NÃO-FERROSOS,24,METALURGIA,C,INDÚSTRIAS DE TRANSFORMAÇÃO
2449101,PRODUÇÃO DE ZINCO EM FORMAS PRIMÁRIAS,24491,METALURGIA DOS METAIS NÃO FERROSOS E SUAS LIGAS NÃO ESPECIFICADOS ANTERIORMENTE,244,METALURGIA DOS METAIS NÃO-FERROSOS,24,METALURGIA,C,INDÚSTRIAS DE TRANSFORMAÇÃO
2449102,PRODUÇÃO DE LAMINADOS DE ZINCO,24491,METALURGIA DOS METAIS NÃO FERROSOS E SUAS LIGAS NÃO ESPECIFICADOS ANTERIORMENTE,244,METALURGIA DOS METAIS NÃO-FERROSOS,24,METALURGIA,C,INDÚSTRIAS DE TRANSFORMAÇÃO
2449103,FABRICAÇÃO DE ÂNODOS PARA GALVANOPLASTIA,24491,METALURGIA DOS METAIS NÃO FERROSOS E SUAS LIGAS NÃO ESPECIFICADOS ANTERIORMENTE,244,METALURGIA DOS METAIS NÃO-FERROSOS,24,METALURGIA,C,INDÚSTRIAS DE TRANSFORMAÇÃO
2449199,METALURGIA DE OUTROS METAIS NÃO FERROSOS E SUAS LIGAS NÃO ESPECIFICADOS ANTERIORMENTE,24491,METALURGIA DOS METAIS NÃO FERROSOS E SUAS LIGAS NÃO ESPECIFICADOS ANTERIORMENTE,244,METALURGIA DOS METAIS NÃO-FERROSOS,24,METALURGIA,C,INDÚSTRIAS DE TRANSFORMAÇÃO
2451200,FUNDIÇÃO DE FERRO E AÇO,24512,FUNDIÇÃO DE FERRO E AÇO,245,FUNDIÇÃO,24,METALURGIA,C,INDÚSTRIAS DE TRANSFORMAÇÃO
2452100,FUNDIÇÃO DE METAIS NÃO FERROSOS E SUAS LIGAS,24521,FUNDIÇÃO DE METAIS NÃO FERROSOS E SUAS LIGAS,245,FUNDIÇÃO,24,METALURGIA,C,INDÚSTRIAS DE TRANSFORMAÇÃO
2511000,FABRICAÇÃO DE ESTRUTURAS METÁLICAS,25110,FABRICAÇÃO DE ESTRUTURAS METÁLICAS,251,FABRICAÇÃO DE ESTRUTURAS METÁLICAS E OBRAS DE CALDEIRARIA PESADA,25,"FABRICAÇÃO DE PRODUTOS DE METAL, EXCETO MÁQUINAS  E EQUIPAMENTOS",C,INDÚSTRIAS DE TRANSFORMAÇÃO
2512800,FABRICAÇÃO DE ESQUADRIAS DE METAL,25128,FABRICAÇÃO DE ESQUADRIAS DE METAL,251,FABRICAÇÃO DE ESTRUTURAS METÁLICAS E OBRAS DE CALDEIRARIA PESADA,25,"FABRICAÇÃO DE PRODUTOS DE METAL, EXCETO MÁQUINAS  E EQUIPAMENTOS",C,INDÚSTRIAS DE TRANSFORMAÇÃO
2513600,FABRICAÇÃO DE OBRAS DE CALDEIRARIA PESADA,25136,FABRICAÇÃO DE OBRAS DE CALDEIRARIA PESADA,251,FABRICAÇÃO DE ESTRUTURAS METÁLICAS E OBRAS DE CALDEIRARIA PESADA,25,"FABRICAÇÃO DE PRODUTOS DE METAL, EXCETO MÁQUINAS  E EQUIPAMENTOS",C,INDÚSTRIAS DE TRANSFORMAÇÃO
2521700,"FABRICAÇÃO DE TANQUES, RESERVATÓRIOS METÁLICOS E CALDEIRAS PARA AQUECIMENTO CENTRAL",25217,"FABRICAÇÃO DE TANQUES, RESERVATÓRIOS METÁLICOS E CALDEIRAS PARA AQUECIMENTO CENTRAL",252,"FABRICAÇÃO DE TANQUES, RESERVATÓRIOS METÁLICOS E CALDEIRAS",25,"FABRICAÇÃO DE PRODUTOS DE METAL, EXCETO MÁQUINAS  E EQUIPAMENTOS",C,INDÚSTRIAS DE TRANSFORMAÇÃO
2522500,"FABRICAÇÃO DE CALDEIRAS GERADORAS DE VAPOR, EXCETO PARA AQUECIMENTO CENTRAL E PARA VEÍCULOS",25225,"FABRICAÇÃO DE CALDEIRAS GERADORAS DE VAPOR, EXCETO PARA AQUECIMENTO CENTRAL E PARA VEÍCULOS",252,"FABRICAÇÃO DE TANQUES, RESERVATÓRIOS METÁLICOS E CALDEIRAS",25,"FABRICAÇÃO DE PRODUTOS DE METAL, EXCETO MÁQUINAS  E EQUIPAMENTOS",C,INDÚSTRIAS DE TRANSFORMAÇÃO
2531401,PRODUÇÃO DE FORJADOS DE AÇO,25314,PRODUÇÃO DE FORJADOS DE AÇO E DE METAIS NÃO FERROSOS E SUAS LIGAS,253,"FORJARIA, ESTAMPARIA, METALURGIA DO PÓ E SERVIÇOS DE TRATAMENTO DE METAIS",25,"FABRICAÇÃO DE PRODUTOS DE METAL, EXCETO MÁQUINAS  E EQUIPAMENTOS",C,INDÚSTRIAS DE TRANSFORMAÇÃO
2531402,PRODUÇÃO DE FORJADOS DE METAIS NÃO FERROSOS E SUAS LIGAS,25314,PRODUÇÃO DE FORJADOS DE AÇO E DE METAIS NÃO FERROSOS E SUAS LIGAS,253,"FORJARIA, ESTAMPARIA, METALURGIA DO PÓ E SERVIÇOS DE TRATAMENTO DE METAIS",25,"FABRICAÇÃO DE PRODUTOS DE METAL, EXCETO MÁQUINAS  E EQUIPAMENTOS",C,INDÚSTRIAS DE TRANSFORMAÇÃO
2532201,PRODUÇÃO DE ARTEFATOS ESTAMPADOS DE METAL,25322,PRODUÇÃO DE ARTEFATOS ESTAMPADOS DE METAL; METALURGIA DO PÓ,253,"FORJARIA, ESTAMPARIA, METALURGIA DO PÓ E SERVIÇOS DE TRATAMENTO DE METAIS",25,"FABRICAÇÃO DE PRODUTOS DE METAL, EXCETO MÁQUINAS  E EQUIPAMENTOS",C,INDÚSTRIAS DE TRANSFORMAÇÃO
2532202,METALURGIA DO PÓ,25322,PRODUÇÃO DE ARTEFATOS ESTAMPADOS DE METAL; METALURGIA DO PÓ,253,"FORJARIA, ESTAMPARIA, METALURGIA DO PÓ E SERVIÇOS DE TRATAMENTO DE METAIS",25,"FABRICAÇÃO DE PRODUTOS DE METAL, EXCETO MÁQUINAS  E EQUIPAMENTOS",C,INDÚSTRIAS DE TRANSFORMAÇÃO
2539001,"SERVIÇOS DE USINAGEM, TORNEARIA E SOLDA",25390,"SERVIÇOS DE USINAGEM, SOLDA, TRATAMENTO E REVESTIMENTO EM METAIS",253,"FORJARIA, ESTAMPARIA, METALURGIA DO PÓ E SERVIÇOS DE TRATAMENTO DE METAIS",25,"FABRICAÇÃO DE PRODUTOS DE METAL, EXCETO MÁQUINAS  E EQUIPAMENTOS",C,INDÚSTRIAS DE TRANSFORMAÇÃO
2539002,SERVIÇOS DE TRATAMENTO E REVESTIMENTO EM METAIS,25390,"SERVIÇOS DE USINAGEM, SOLDA, TRATAMENTO E REVESTIMENTO EM METAIS",253,"FORJARIA, ESTAMPARIA, METALURGIA DO PÓ E SERVIÇOS DE TRATAMENTO DE METAIS",25,"FABRICAÇÃO DE PRODUTOS DE METAL, EXCETO MÁQUINAS  E EQUIPAMENTOS",C,INDÚSTRIAS DE TRANSFORMAÇÃO
2541100,FABRICAÇÃO DE ARTIGOS DE CUTELARIA,25411,FABRICAÇÃO DE ARTIGOS DE CUTELARIA,254,"FABRICAÇÃO DE ARTIGOS DE CUTELARIA, DE SERRALHERIA E FERRAMENTAS",25,"FABRICAÇÃO DE PRODUTOS DE METAL, EXCETO MÁQUINAS  E EQUIPAMENTOS",C,INDÚSTRIAS DE TRANSFORMAÇÃO
2542000,"FABRICAÇÃO DE ARTIGOS DE SERRALHERIA, EXCETO ESQUADRIAS",25420,"FABRICAÇÃO DE ARTIGOS DE SERRALHERIA, EXCETO ESQUADRIAS",254,"FABRICAÇÃO DE ARTIGOS DE CUTELARIA, DE SERRALHERIA E FERRAMENTAS",25,"FABRICAÇÃO DE PRODUTOS DE METAL, EXCETO MÁQUINAS  E EQUIPAMENTOS",C,INDÚSTRIAS DE TRANSFORMAÇÃO
2543800,FABRICAÇÃO DE FERRAMENTAS,25438,FABRICAÇÃO DE FERRAMENTAS,254,"FABRICAÇÃO DE ARTIGOS DE CUTELARIA, DE SERRALHERIA E FERRAMENTAS",25,"FABRICAÇÃO DE PRODUTOS DE METAL, EXCETO MÁQUINAS  E EQUIPAMENTOS",C,INDÚSTRIAS DE TRANSFORMAÇÃO
2550101,"FABRICAÇÃO DE EQUIPAMENTO BÉLICO PESADO, EXCETO VEÍCULOS MILITARES DE COMBATE",25501,"FABRICAÇÃO DE EQUIPAMENTO BÉLICO PESADO, ARMAS E MUNIÇÕES",255,"FABRICAÇÃO DE EQUIPAMENTO BÉLICO PESADO, ARMAS E MUNIÇÕES",25,"FABRICAÇÃO DE PRODUTOS DE METAL, EXCETO MÁQUINAS  E EQUIPAMENTOS",C,INDÚSTRIAS DE TRANSFORMAÇÃO
2550102,"FABRICAÇÃO DE ARMAS DE FOGO, OUTRAS ARMAS  E MUNIÇÕES",25501,"FABRICAÇÃO DE EQUIPAMENTO BÉLICO PESADO, ARMAS E MUNIÇÕES",255,"FABRICAÇÃO DE EQUIPAMENTO BÉLICO PESADO, ARMAS E MUNIÇÕES",25,"FABRICAÇÃO DE PRODUTOS DE METAL, EXCETO MÁQUINAS  E EQUIPAMENTOS",C,INDÚSTRIAS DE TRANSFORMAÇÃO
2591800,FABRICAÇÃO DE EMBALAGENS METÁLICAS,25918,FABRICAÇÃO DE EMBALAGENS METÁLICAS,259,FABRICAÇÃO DE PRODUTOS DE METAL NÃO ESPECIFICADOS ANTERIORMENTE,25,"FABRICAÇÃO DE PRODUTOS DE METAL, EXCETO MÁQUINAS  E EQUIPAMENTOS",C,INDÚSTRIAS DE TRANSFORMAÇÃO
2592601,FABRICAÇÃO DE PRODUTOS DE TREFILADOS DE METAL PADRONIZADOS,25926,FABRICAÇÃO DE PRODUTOS DE TREFILADOS DE METAL,259,FABRICAÇÃO DE PRODUTOS DE METAL NÃO ESPECIFICADOS ANTERIORMENTE,25,"FABRICAÇÃO DE PRODUTOS DE METAL, EXCETO MÁQUINAS  E EQUIPAMENTOS",C,INDÚSTRIAS DE TRANSFORMAÇÃO
2592602,"FABRICAÇÃO DE PRODUTOS DE TREFILADOS DE METAL, EXCETO PADRONIZADOS",25926,FABRICAÇÃO DE PRODUTOS DE TREFILADOS DE METAL,259,FABRICAÇÃO DE PRODUTOS DE METAL NÃO ESPECIFICADOS ANTERIORMENTE,25,"FABRICAÇÃO DE PRODUTOS DE METAL, EXCETO MÁQUINAS  E EQUIPAMENTOS",C,INDÚSTRIAS DE TRANSFORMAÇÃO
2593400,FABRICAÇÃO DE ARTIGOS DE METAL PARA USO DOMÉSTICO E PESSOAL,25934,FABRICAÇÃO DE ARTIGOS DE METAL PARA USO DOMÉSTICO E PESSOAL,259,FABRICAÇÃO DE PRODUTOS DE METAL NÃO ESPECIFICADOS ANTERIORMENTE,25,"FABRICAÇÃO DE PRODUTOS DE METAL, EXCETO MÁQUINAS  E EQUIPAMENTOS",C,INDÚSTRIAS DE TRANSFORMAÇÃO
2599301,SERVIÇOS DE CONFECÇÃO DE ARMAÇÕES METÁLICAS PARA A CONSTRUÇÃO,25993,FABRICAÇÃO DE PRODUTOS DE METAL NÃO ESPECIFICADOS ANTERIORMENTE,259,FABRICAÇÃO DE PRODUTOS DE METAL NÃO ESPECIFICADOS ANTERIORMENTE,25,"FABRICAÇÃO DE PRODUTOS DE METAL, EXCETO MÁQUINAS  E EQUIPAMENTOS",C,INDÚSTRIAS DE TRANSFORMAÇÃO
2599302,SERVIÇO DE CORTE E DOBRA DE METAIS,25993,FABRICAÇÃO DE PRODUTOS DE METAL NÃO ESPECIFICADOS ANTERIORMENTE,259,FABRICAÇÃO DE PRODUTOS DE METAL NÃO ESPECIFICADOS ANTERIORMENTE,25,"FABRICAÇÃO DE PRODUTOS DE METAL, EXCETO MÁQUINAS  E EQUIPAMENTOS",C,INDÚSTRIAS DE TRANSFORMAÇÃO
2599399,FABRICAÇÃO DE OUTROS PRODUTOS DE METAL NÃO ESPECIFICADOS ANTERIORMENTE,25993,FABRICAÇÃO DE PRODUTOS DE METAL NÃO ESPECIFICADOS ANTERIORMENTE,259,FABRICAÇÃO DE PRODUTOS DE METAL NÃO ESPECIFICADOS ANTERIORMENTE,25,"FABRICAÇÃO DE PRODUTOS DE METAL, EXCETO MÁQUINAS  E EQUIPAMENTOS",C,INDÚSTRIAS DE TRANSFORMAÇÃO
2610800,FABRICAÇÃO DE COMPONENTES ELETRÔNICOS,26108,FABRICAÇÃO DE COMPONENTES ELETRÔNICOS,261,FABRICAÇÃO DE COMPONENTES ELETRÔNICOS,26,"FABRICAÇÃO DE EQUIPAMENTOS DE INFORMÁTICA, PRODUTOS ELETRÔNICOS E ÓPTICOS",C,INDÚSTRIAS DE TRANSFORMAÇÃO
2621300,FABRICAÇÃO DE EQUIPAMENTOS DE INFORMÁTICA,26213,FABRICAÇÃO DE EQUIPAMENTOS DE INFORMÁTICA,262,FABRICAÇÃO DE EQUIPAMENTOS DE INFORMÁTICA E PERIFÉRICOS,26,"FABRICAÇÃO DE EQUIPAMENTOS DE INFORMÁTICA, PRODUTOS ELETRÔNICOS E ÓPTICOS",C,INDÚSTRIAS DE TRANSFORMAÇÃO
2622100,FABRICAÇÃO DE PERIFÉRICOS PARA EQUIPAMENTOS DE INFORMÁTICA,26221,FABRICAÇÃO DE PERIFÉRICOS PARA EQUIPAMENTOS DE INFORMÁTICA,262,FABRICAÇÃO DE EQUIPAMENTOS DE INFORMÁTICA E PERIFÉRICOS,26,"FABRICAÇÃO DE EQUIPAMENTOS DE INFORMÁTICA, PRODUTOS ELETRÔNICOS E ÓPTICOS",C,INDÚSTRIAS DE TRANSFORMAÇÃO
2631100,"FABRICAÇÃO DE EQUIPAMENTOS TRANSMISSORES DE COMUNICAÇÃO, PEÇAS E ACESSÓRIOS",26311,FABRICAÇÃO DE EQUIPAMENTOS TRANSMISSORES DE COMUNICAÇÃO,263,FABRICAÇÃO DE EQUIPAMENTOS DE COMUNICAÇÃO,26,"FABRICAÇÃO DE EQUIPAMENTOS DE INFORMÁTICA, PRODUTOS ELETRÔNICOS E ÓPTICOS",C,INDÚSTRIAS DE TRANSFORMAÇÃO
2632900,"FABRICAÇÃO DE APARELHOS TELEFÔNICOS E DE OUTROS EQUIPAMENTOS DE COMUNICAÇÃO, PEÇAS E ACESSÓRIOS",26329,FABRICAÇÃO DE APARELHOS TELEFÔNICOS E DE OUTROS EQUIPAMENTOS DE COMUNICAÇÃO,263,FABRICAÇÃO DE EQUIPAMENTOS DE COMUNICAÇÃO,26,"FABRICAÇÃO DE EQUIPAMENTOS DE INFORMÁTICA, PRODUTOS ELETRÔNICOS E ÓPTICOS",C,INDÚSTRIAS DE TRANSFORMAÇÃO
2640000,"FABRICAÇÃO DE APARELHOS DE RECEPÇÃO, REPRODUÇÃO, GRAVAÇÃO E AMPLIFICAÇÃO DE ÁUDIO E VÍDEO",26400,"FABRICAÇÃO DE APARELHOS DE RECEPÇÃO, REPRODUÇÃO, GRAVAÇÃO E AMPLIFICAÇÃO DE ÁUDIO E VÍDEO",264,"FABRICAÇÃO DE APARELHOS DE RECEPÇÃO, REPRODUÇÃO, GRAVAÇÃO E AMPLIFICAÇÃO DE ÁUDIO E VÍDEO",26,"FABRICAÇÃO DE EQUIPAMENTOS DE INFORMÁTICA, PRODUTOS ELETRÔNICOS E ÓPTICOS",C,INDÚSTRIAS DE TRANSFORMAÇÃO
2651500,"FABRICAÇÃO DE APARELHOS E EQUIPAMENTOS DE MEDIDA, TESTE E CONTROLE",26515,"FABRICAÇÃO DE APARELHOS E EQUIPAMENTOS DE MEDIDA, TESTE E CONTROLE",265,"FABRICAÇÃO DE APARELHOS E INSTRUMENTOS DE MEDIDA, TESTE E CONTROLE; CRONÔMETROS E RELÓGIOS",26,"FABRICAÇÃO DE EQUIPAMENTOS DE INFORMÁTICA, PRODUTOS ELETRÔNICOS E ÓPTICOS",C,INDÚSTRIAS DE TRANSFORMAÇÃO
2652300,FABRICAÇÃO DE CRONÔMETROS E RELÓGIOS,26523,FABRICAÇÃO DE CRONÔMETROS E RELÓGIOS,265,"FABRICAÇÃO DE APARELHOS E INSTRUMENTOS DE MEDIDA, TESTE E CONTROLE; CRONÔMETROS E RELÓGIOS",26,"FABRICAÇÃO DE EQUIPAMENTOS DE INFORMÁTICA, PRODUTOS ELETRÔNICOS E ÓPTICOS",C,INDÚSTRIAS DE TRANSFORMAÇÃO
2660400,FABRICAÇÃO DE APARELHOS ELETROMÉDICOS E ELETROTERAPÊUTICOS E EQUIPAMENTOS DE IRRADIAÇÃO,26604,FABRICAÇÃO DE APARELHOS ELETROMÉDICOS E ELETROTERAPÊUTICOS E EQUIPAMENTOS DE IRRADIAÇÃO,266,FABRICAÇÃO DE APARELHOS ELETROMÉDICOS E ELETROTERAPÊUTICOS E EQUIPAMENTOS DE IRRADIAÇÃO,26,"FABRICAÇÃO DE EQUIPAMENTOS DE INFORMÁTICA, PRODUTOS ELETRÔNICOS E ÓPTICOS",C,INDÚSTRIAS DE TRANSFORMAÇÃO
2670101,"FABRICAÇÃO DE EQUIPAMENTOS E INSTRUMENTOS ÓPTICOS, PEÇAS E ACESSÓRIOS",26701,"FABRICAÇÃO DE EQUIPAMENTOS E INSTRUMENTOS ÓPTICOS, FOTOGRÁFICOS E CINEMATOGRÁFICOS",267,"FABRICAÇÃO DE EQUIPAMENTOS E INSTRUMENTOS ÓPTICOS, FOTOGRÁFICOS E CINEMATOGRÁFICOS",26,"FABRICAÇÃO DE EQUIPAMENTOS DE INFORMÁTICA, PRODUTOS ELETRÔNICOS E ÓPTICOS",C,INDÚSTRIAS DE TRANSFORMAÇÃO
2670102,"FABRICAÇÃO DE APARELHOS FOTOGRÁFICOS E CINEMATOGRÁFICOS, PEÇAS E ACESSÓRIOS",26701,"FABRICAÇÃO DE EQUIPAMENTOS E INSTRUMENTOS ÓPTICOS, FOTOGRÁFICOS E CINEMATOGRÁFICOS",267,"FABRICAÇÃO DE EQUIPAMENTOS E INSTRUMENTOS ÓPTICOS, FOTOGRÁFICOS E CINEMATOGRÁFICOS",26,"FABRICAÇÃO DE EQUIPAMENTOS DE INFORMÁTICA, PRODUTOS ELETRÔNICOS E ÓPTICOS",C,INDÚSTRIAS DE TRANSFORMAÇÃO
2680900,"FABRICAÇÃO DE MÍDIAS VIRGENS, MAGNÉTICAS E ÓPTICAS",26809,"FABRICAÇÃO DE MÍDIAS VIRGENS, MAGNÉTICAS E ÓPTICAS",268,"FABRICAÇÃO DE MÍDIAS VIRGENS, MAGNÉTICAS E ÓPTICAS",26,"FABRICAÇÃO DE EQUIPAMENTOS DE INFORMÁTICA, PRODUTOS ELETRÔNICOS E ÓPTICOS",C,INDÚSTRIAS DE TRANSFORMAÇÃO
2710401,"FABRICAÇÃO DE GERADORES DE CORRENTE CONTÍNUA E ALTERNADA, PEÇAS E ACESSÓRIOS",27104,"FABRICAÇÃO DE GERADORES, TRANSFORMADORES E MOTORES ELÉTRICOS",271,"FABRICAÇÃO DE GERADORES, TRANSFORMADORES E MOTORES ELÉTRICOS",27,"FABRICAÇÃO DE MÁQUINAS, APARELHOS E MATERIAIS ELÉTRICOS",C,INDÚSTRIAS DE TRANSFORMAÇÃO
2710402,"FABRICAÇÃO DE TRANSFORMADORES, INDUTORES, CONVERSORES, SINCRONIZADORES E SEMELHANTES, PEÇAS E ACESSÓRIOS",27104,"FABRICAÇÃO DE GERADORES, TRANSFORMADORES E MOTORES ELÉTRICOS",271,"FABRICAÇÃO DE GERADORES, TRANSFORMADORES E MOTORES ELÉTRICOS",27,"FABRICAÇÃO DE MÁQUINAS, APARELHOS E MATERIAIS ELÉTRICOS",C,INDÚSTRIAS DE TRANSFORMAÇÃO
2710403,"FABRICAÇÃO DE MOTORES ELÉTRICOS, PEÇAS E ACESSÓRIOS",27104,"FABRICAÇÃO DE GERADORES, TRANSFORMADORES E MOTORES ELÉTRICOS",271,"FABRICAÇÃO DE GERADORES, TRANSFORMADORES E MOTORES ELÉTRICOS",27,"FABRICAÇÃO DE MÁQUINAS, APARELHOS E MATERIAIS ELÉTRICOS",C,INDÚSTRIAS DE TRANSFORMAÇÃO
2721000,"FABRICAÇÃO DE PILHAS, BATERIAS E ACUMULADORES ELÉTRICOS, EXCETO PARA VEÍCULOS AUTOMOTORES",27210,"FABRICAÇÃO DE PILHAS, BATERIAS E ACUMULADORES ELÉTRICOS, EXCETO PARA VEÍCULOS AUTOMOTORES",272,"FABRICAÇÃO DE PILHAS, BATERIAS E ACUMULADORES ELÉTRICOS",27,"FABRICAÇÃO DE MÁQUINAS, APARELHOS E MATERIAIS ELÉTRICOS",C,INDÚSTRIAS DE TRANSFORMAÇÃO
2722801,FABRICAÇÃO DE BATERIAS E ACUMULADORES PARA VEÍCULOS AUTOMOTORES,27228,FABRICAÇÃO DE BATERIAS E ACUMULADORES PARA VEÍCULOS AUTOMOTORES,272,"FABRICAÇÃO DE PILHAS, BATERIAS E ACUMULADORES ELÉTRICOS",27,"FABRICAÇÃO DE MÁQUINAS, APARELHOS E MATERIAIS ELÉTRICOS",C,INDÚSTRIAS DE TRANSFORMAÇÃO
2722802,RECONDICIONAMENTO DE BATERIAS E ACUMULADORES PARA VEÍCULOS AUTOMOTORES,27228,FABRICAÇÃO DE BATERIAS E ACUMULADORES PARA VEÍCULOS AUTOMOTORES,272,"FABRICAÇÃO DE PILHAS, BATERIAS E ACUMULADORES ELÉTRICOS",27,"FABRICAÇÃO DE MÁQUINAS, APARELHOS E MATERIAIS ELÉTRICOS",C,INDÚSTRIAS DE TRANSFORMAÇÃO
2731700,FABRICAÇÃO DE APARELHOS E EQUIPAMENTOS PARA DISTRIBUIÇÃO E CONTROLE DE ENERGIA ELÉTRICA,27317,FABRICAÇÃO DE APARELHOS E EQUIPAMENTOS PARA DISTRIBUIÇÃO E CONTROLE DE ENERGIA ELÉTRICA,273,FABRICAÇÃO DE EQUIPAMENTOS PARA DISTRIBUIÇÃO E CONTROLE DE ENERGIA ELÉTRICA,27,"FABRICAÇÃO DE MÁQUINAS, APARELHOS E MATERIAIS ELÉTRICOS",C,INDÚSTRIAS DE TRANSFORMAÇÃO
2732500,FABRICAÇÃO DE MATERIAL ELÉTRICO PARA INSTALAÇÕES EM CIRCUITO DE CONSUMO,27325,FABRICAÇÃO DE MATERIAL ELÉTRICO PARA INSTALAÇÕES EM CIRCUITO DE CONSUMO,273,FABRICAÇÃO DE EQUIPAMENTOS PARA DISTRIBUIÇÃO E CONTROLE DE ENERGIA ELÉTRICA,27,"FABRICAÇÃO DE MÁQUINAS, APARELHOS E MATERIAIS ELÉTRICOS",C,INDÚSTRIAS DE TRANSFORMAÇÃO
2733300,"FABRICAÇÃO DE FIOS, CABOS E CONDUTORES ELÉTRICOS ISOLADOS",27333,"FABRICAÇÃO DE FIOS, CABOS E CONDUTORES ELÉTRICOS ISOLADOS",273,FABRICAÇÃO DE EQUIPAMENTOS PARA DISTRIBUIÇÃO E CONTROLE DE ENERGIA ELÉTRICA,27,"FABRICAÇÃO DE MÁQUINAS, APARELHOS E MATERIAIS ELÉTRICOS",C,INDÚSTRIAS DE TRANSFORMAÇÃO
2740601,FABRICAÇÃO DE LÂMPADAS,27406,FABRICAÇÃO DE LÂMPADAS E OUTROS EQUIPAMENTOS DE ILUMINAÇÃO,274,FABRICAÇÃO DE LÂMPADAS E OUTROS EQUIPAMENTOS DE ILUMINAÇÃO,27,"FABRICAÇÃO DE MÁQUINAS, APARELHOS E MATERIAIS ELÉTRICOS",C,INDÚSTRIAS DE TRANSFORMAÇÃO
2740602,FABRICAÇÃO DE LUMINÁRIAS E OUTROS EQUIPAMENTOS DE ILUMINAÇÃO,27406,FABRICAÇÃO DE LÂMPADAS E OUTROS EQUIPAMENTOS DE ILUMINAÇÃO,274,FABRICAÇÃO DE LÂMPADAS E OUTROS EQUIPAMENTOS DE ILUMINAÇÃO,27,"FABRICAÇÃO DE MÁQUINAS, APARELHOS E MATERIAIS ELÉTRICOS",C,INDÚSTRIAS DE TRANSFORMAÇÃO
2751100,"FABRICAÇÃO DE FOGÕES, REFRIGERADORES E MÁQUINAS DE LAVAR E SECAR PARA USO DOMÉSTICO, PEÇAS E ACESSÓRIOS",27511,"FABRICAÇÃO DE FOGÕES, REFRIGERADORES E MÁQUINAS DE LAVAR E SECAR PARA USO DOMÉSTICO",275,FABRICAÇÃO DE ELETRODOMÉSTICOS,27,"FABRICAÇÃO DE MÁQUINAS, APARELHOS E MATERIAIS ELÉTRICOS",C,INDÚSTRIAS DE TRANSFORMAÇÃO
2759701,"FABRICAÇÃO DE APARELHOS ELÉTRICOS DE USO PESSOAL, PEÇAS E ACESSÓRIOS",27597,FABRICAÇÃO DE APARELHOS ELETRODOMÉSTICOS NÃO ESPECIFICADOS ANTERIORMENTE,275,FABRICAÇÃO DE ELETRODOMÉSTICOS,27,"FABRICAÇÃO DE MÁQUINAS, APARELHOS E MATERIAIS ELÉTRICOS",C,INDÚSTRIAS DE TRANSFORMAÇÃO
2759799,"FABRICAÇÃO DE OUTROS APARELHOS ELETRODOMÉSTICOS NÃO ESPECIFICADOS ANTERIORMENTE, PEÇAS E ACESSÓRIOS",27597,FABRICAÇÃO DE APARELHOS ELETRODOMÉSTICOS NÃO ESPECIFICADOS ANTERIORMENTE,275,FABRICAÇÃO DE ELETRODOMÉSTICOS,27,"FABRICAÇÃO DE MÁQUINAS, APARELHOS E MATERIAIS ELÉTRICOS",C,INDÚSTRIAS DE TRANSFORMAÇÃO
2790201,"FABRICAÇÃO DE ELETRODOS, CONTATOS E OUTROS ARTIGOS DE CARVÃO E GRAFITA PARA USO ELÉTRICO, ELETROÍMÃS E ISOLADORES",27902,FABRICAÇÃO DE EQUIPAMENTOS E APARELHOS ELÉTRICOS NÃO ESPECIFICADOS ANTERIORMENTE,279,FABRICAÇÃO DE EQUIPAMENTOS E APARELHOS ELÉTRICOS NÃO ESPECIFICADOS ANTERIORMENTE,27,"FABRICAÇÃO DE MÁQUINAS, APARELHOS E MATERIAIS ELÉTRICOS",C,INDÚSTRIAS DE TRANSFORMAÇÃO
2790202,FABRICAÇÃO DE EQUIPAMENTOS PARA SINALIZAÇÃO E ALARME,27902,FABRICAÇÃO DE EQUIPAMENTOS E APARELHOS ELÉTRICOS NÃO ESPECIFICADOS ANTERIORMENTE,279,FABRICAÇÃO DE EQUIPAMENTOS E APARELHOS ELÉTRICOS NÃO ESPECIFICADOS ANTERIORMENTE,27,"FABRICAÇÃO DE MÁQUINAS, APARELHOS E MATERIAIS ELÉTRICOS",C,INDÚSTRIAS DE TRANSFORMAÇÃO
2790299,FABRICAÇÃO DE OUTROS EQUIPAMENTOS E APARELHOS ELÉTRICOS NÃO ESPECIFICADOS ANTERIORMENTE,27902,FABRICAÇÃO DE EQUIPAMENTOS E APARELHOS ELÉTRICOS NÃO ESPECIFICADOS ANTERIORMENTE,279,FABRICAÇÃO DE EQUIPAMENTOS E APARELHOS ELÉTRICOS NÃO ESPECIFICADOS ANTERIORMENTE,27,"FABRICAÇÃO DE MÁQUINAS, APARELHOS E MATERIAIS ELÉTRICOS",C,INDÚSTRIAS DE TRANSFORMAÇÃO
2811900,"FABRICAÇÃO DE MOTORES E TURBINAS, PEÇAS E ACESSÓRIOS, EXCETO PARA AVIÕES E VEÍCULOS RODOVIÁRIOS",28119,"FABRICAÇÃO DE MOTORES E TURBINAS, EXCETO PARA AVIÕES E VEÍCULOS RODOVIÁRIOS",281,"FABRICAÇÃO DE MOTORES, BOMBAS, COMPRESSORES E EQUIPAMENTOS DE TRANSMISSÃO",28,FABRICAÇÃO DE MÁQUINAS E EQUIPAMENTOS,C,INDÚSTRIAS DE TRANSFORMAÇÃO
2812700,"FABRICAÇÃO DE EQUIPAMENTOS HIDRÁULICOS E PNEUMÁTICOS, PEÇAS E ACESSÓRIOS, EXCETO VÁLVULAS",28127,"FABRICAÇÃO DE EQUIPAMENTOS HIDRÁULICOS E PNEUMÁTICOS, EXCETO VÁLVULAS",281,"FABRICAÇÃO DE MOTORES, BOMBAS, COMPRESSORES E EQUIPAMENTOS DE TRANSMISSÃO",28,FABRICAÇÃO DE MÁQUINAS E EQUIPAMENTOS,C,INDÚSTRIAS DE TRANSFORMAÇÃO
2813500,"FABRICAÇÃO DE VÁLVULAS, REGISTROS E DISPOSITIVOS SEMELHANTES, PEÇAS E ACESSÓRIOS",28135,"FABRICAÇÃO DE VÁLVULAS, REGISTROS E DISPOSITIVOS SEMELHANTES",281,"FABRICAÇÃO DE MOTORES, BOMBAS, COMPRESSORES E EQUIPAMENTOS DE TRANSMISSÃO",28,FABRICAÇÃO DE MÁQUINAS E EQUIPAMENTOS,C,INDÚSTRIAS DE TRANSFORMAÇÃO
2814301,"FABRICAÇÃO DE COMPRESSORES PARA USO INDUSTRIAL, PEÇAS E ACESSÓRIOS",28143,FABRICAÇÃO DE COMPRESSORES,281,"FABRICAÇÃO DE MOTORES, BOMBAS, COMPRESSORES E EQUIPAMENTOS DE TRANSMISSÃO",28,FABRICAÇÃO DE MÁQUINAS E EQUIPAMENTOS,C,INDÚSTRIAS DE TRANSFORMAÇÃO
2814302,"FABRICAÇÃO DE COMPRESSORES PARA USO NÃO INDUSTRIAL, PEÇAS E ACESSÓRIOS",28143,FABRICAÇÃO DE COMPRESSORES,281,"FABRICAÇÃO DE MOTORES, BOMBAS, COMPRESSORES E EQUIPAMENTOS DE TRANSMISSÃO",28,FABRICAÇÃO DE MÁQUINAS E EQUIPAMENTOS,C,INDÚSTRIAS DE TRANSFORMAÇÃO
2815101,FABRICAÇÃO DE ROLAMENTOS PARA FINS INDUSTRIAIS,28151,FABRICAÇÃO DE EQUIPAMENTOS DE TRANSMISSÃO PARA FINS INDUSTRIAIS,281,"FABRICAÇÃO DE MOTORES, BOMBAS, COMPRESSORES E EQUIPAMENTOS DE TRANSMISSÃO",28,FABRICAÇÃO DE MÁQUINAS E EQUIPAMENTOS,C,INDÚSTRIAS DE TRANSFORMAÇÃO
2815102,"FABRICAÇÃO DE EQUIPAMENTOS DE TRANSMISSÃO PARA FINS INDUSTRIAIS, EXCETO ROLAMENTOS",28151,FABRICAÇÃO DE EQUIPAMENTOS DE TRANSMISSÃO PARA FINS INDUSTRIAIS,281,"FABRICAÇÃO DE MOTORES, BOMBAS, COMPRESSORES E EQUIPAMENTOS DE TRANSMISSÃO",28,FABRICAÇÃO DE MÁQUINAS E EQUIPAMENTOS,C,INDÚSTRIAS DE TRANSFORMAÇÃO
2821601,"FABRICAÇÃO DE FORNOS INDUSTRIAIS, APARELHOS E EQUIPAMENTOS NÃO ELÉTRICOS PARA INSTALAÇÕES TÉRMICAS, PEÇAS E ACESSÓRIOS",28216,FABRICAÇÃO DE APARELHOS E EQUIPAMENTOS PARA INSTALAÇÕES TÉRMICAS,282,FABRICAÇÃO DE MÁQUINAS E EQUIPAMENTOS DE USO GERAL,28,FABRICAÇÃO DE MÁQUINAS E EQUIPAMENTOS,C,INDÚSTRIAS DE TRANSFORMAÇÃO
2821602,"FABRICAÇÃO DE ESTUFAS E FORNOS ELÉTRICOS PARA FINS INDUSTRIAIS, PEÇAS E ACESSÓRIOS",28216,FABRICAÇÃO DE APARELHOS E EQUIPAMENTOS PARA INSTALAÇÕES TÉRMICAS,282,FABRICAÇÃO DE MÁQUINAS E EQUIPAMENTOS DE USO GERAL,28,FABRICAÇÃO DE MÁQUINAS E EQUIPAMENTOS,C,INDÚSTRIAS DE TRANSFORMAÇÃO
2822401,"FABRICAÇÃO DE MÁQUINAS, EQUIPAMENTOS E APARELHOS PARA TRANSPORTE E ELEVAÇÃO DE PESSOAS, PEÇAS E ACESSÓRIOS",28224,"FABRICAÇÃO DE MÁQUINAS, EQUIPAMENTOS E APARELHOS PARA TRANSPORTE E ELEVAÇÃO DE CARGAS E PESSOAS",282,FABRICAÇÃO DE MÁQUINAS E EQUIPAMENTOS DE USO GERAL,28,FABRICAÇÃO DE MÁQUINAS E EQUIPAMENTOS,C,INDÚSTRIAS DE TRANSFORMAÇÃO
2822402,"FABRICAÇÃO DE MÁQUINAS, EQUIPAMENTOS E APARELHOS PARA TRANSPORTE E ELEVAÇÃO DE CARGAS, PEÇAS E ACESSÓRIOS",28224,"FABRICAÇÃO DE MÁQUINAS, EQUIPAMENTOS E APARELHOS PARA TRANSPORTE E ELEVAÇÃO DE CARGAS E PESSOAS",282,FABRICAÇÃO DE MÁQUINAS E EQUIPAMENTOS DE USO GERAL,28,FABRICAÇÃO DE MÁQUINAS E EQUIPAMENTOS,C,INDÚSTRIAS DE TRANSFORMAÇÃO
2823200,"FABRICAÇÃO DE MÁQUINAS E APARELHOS DE REFRIGERAÇÃO E VENTILAÇÃO PARA USO INDUSTRIAL E COMERCIAL, PEÇAS E ACESSÓRIOS",28232,FABRICAÇÃO DE MÁQUINAS E APARELHOS DE REFRIGERAÇÃO E VENTILAÇÃO PARA USO INDUSTRIAL E COMERCIAL,282,FABRICAÇÃO DE MÁQUINAS E EQUIPAMENTOS DE USO GERAL,28,FABRICAÇÃO DE MÁQUINAS E EQUIPAMENTOS,C,INDÚSTRIAS DE TRANSFORMAÇÃO
2824101,FABRICAÇÃO DE APARELHOS E EQUIPAMENTOS DE AR CONDICIONADO PARA USO INDUSTRIAL,28241,FABRICAÇÃO DE APARELHOS E EQUIPAMENTOS DE AR CONDICIONADO,282,FABRICAÇÃO DE MÁQUINAS E EQUIPAMENTOS DE USO GERAL,28,FABRICAÇÃO DE MÁQUINAS E EQUIPAMENTOS,C,INDÚSTRIAS DE TRANSFORMAÇÃO
2824102,FABRICAÇÃO DE APARELHOS E EQUIPAMENTOS DE AR CONDICIONADO PARA USO NÃO INDUSTRIAL,28241,FABRICAÇÃO DE APARELHOS E EQUIPAMENTOS DE AR CONDICIONADO,282,FABRICAÇÃO DE MÁQUINAS E EQUIPAMENTOS DE USO GERAL,28,FABRICAÇÃO DE MÁQUINAS E EQUIPAMENTOS,C,INDÚSTRIAS DE TRANSFORMAÇÃO
2825900,"FABRICAÇÃO DE MÁQUINAS E EQUIPAMENTOS PARA SANEAMENTO BÁSICO E AMBIENTAL, PEÇAS E ACESSÓRIOS",28259,FABRICAÇÃO DE MÁQUINAS E EQUIPAMENTOS PARA SANEAMENTO BÁSICO E AMBIENTAL,282,FABRICAÇÃO DE MÁQUINAS E EQUIPAMENTOS DE USO GERAL,28,FABRICAÇÃO DE MÁQUINAS E EQUIPAMENTOS,C,INDÚSTRIAS DE TRANSFORMAÇÃO
2829101,"FABRICAÇÃO DE MÁQUINAS DE ESCREVER, CALCULAR E OUTROS EQUIPAMENTOS NÃO ELETRÔNICOS PARA ESCRITÓRIO, PEÇAS E ACESSÓRIOS",28291,FABRICAÇÃO DE MÁQUINAS E EQUIPAMENTOS DE USO GERAL NÃO ESPECIFICADOS ANTERIORMENTE,282,FABRICAÇÃO DE MÁQUINAS E EQUIPAMENTOS DE USO GERAL,28,FABRICAÇÃO DE MÁQUINAS E EQUIPAMENTOS,C,INDÚSTRIAS DE TRANSFORMAÇÃO
2829199,"FABRICAÇÃO DE OUTRAS MÁQUINAS E EQUIPAMENTOS DE USO GERAL NÃO ESPECIFICADOS ANTERIORMENTE, PEÇAS E ACESSÓRIOS",28291,FABRICAÇÃO DE MÁQUINAS E EQUIPAMENTOS DE USO GERAL NÃO ESPECIFICADOS ANTERIORMENTE,282,FABRICAÇÃO DE MÁQUINAS E EQUIPAMENTOS DE USO GERAL,28,FABRICAÇÃO DE MÁQUINAS E EQUIPAMENTOS,C,INDÚSTRIAS DE TRANSFORMAÇÃO
2831300,"FABRICAÇÃO DE TRATORES AGRÍCOLAS, PEÇAS E ACESSÓRIOS",28313,FABRICAÇÃO DE TRATORES AGRÍCOLAS,283,FABRICAÇÃO DE TRATORES E DE MÁQUINAS E EQUIPAMENTOS PARA A AGRICULTURA E PECUÁRIA,28,FABRICAÇÃO DE MÁQUINAS E EQUIPAMENTOS,C,INDÚSTRIAS DE TRANSFORMAÇÃO
2832100,"FABRICAÇÃO DE EQUIPAMENTOS PARA IRRIGAÇÃO AGRÍCOLA, PEÇAS E ACESSÓRIOS",28321,FABRICAÇÃO DE EQUIPAMENTOS PARA IRRIGAÇÃO AGRÍCOLA,283,FABRICAÇÃO DE TRATORES E DE MÁQUINAS E EQUIPAMENTOS PARA A AGRICULTURA E PECUÁRIA,28,FABRICAÇÃO DE MÁQUINAS E EQUIPAMENTOS,C,INDÚSTRIAS DE TRANSFORMAÇÃO
2833000,"FABRICAÇÃO DE MÁQUINAS E EQUIPAMENTOS PARA A AGRICULTURA E PECUÁRIA, PEÇAS E ACESSÓRIOS, EXCETO PARA IRRIGAÇÃO",28330,"FABRICAÇÃO DE MÁQUINAS E EQUIPAMENTOS PARA A AGRICULTURA E PECUÁRIA, EXCETO PARA IRRIGAÇÃO",283,FABRICAÇÃO DE TRATORES E DE MÁQUINAS E EQUIPAMENTOS PARA A AGRICULTURA E PECUÁRIA,28,FABRICAÇÃO DE MÁQUINAS E EQUIPAMENTOS,C,INDÚSTRIAS DE TRANSFORMAÇÃO
2840200,"FABRICAÇÃO DE MÁQUINAS FERRAMENTA, PEÇAS E ACESSÓRIOS",28402,FABRICAÇÃO DE MÁQUINAS-FERRAMENTA,284,FABRICAÇÃO DE MÁQUINAS-FERRAMENTA,28,FABRICAÇÃO DE MÁQUINAS E EQUIPAMENTOS,C,INDÚSTRIAS DE TRANSFORMAÇÃO
2851800,"FABRICAÇÃO DE MÁQUINAS E EQUIPAMENTOS PARA A PROSPECÇÃO E EXTRAÇÃO DE PETRÓLEO, PEÇAS E ACESSÓRIOS",28518,FABRICAÇÃO DE MÁQUINAS E EQUIPAMENTOS PARA A PROSPECÇÃO E EXTRAÇÃO DE PETRÓLEO,285,FABRICAÇÃO DE MÁQUINAS E EQUIPAMENTOS DE USO NA EXTRAÇÃO MINERAL E NA CONSTRUÇÃO,28,FABRICAÇÃO DE MÁQUINAS E EQUIPAMENTOS,C,INDÚSTRIAS DE TRANSFORMAÇÃO
2852600,"FABRICAÇÃO DE OUTRAS MÁQUINAS E EQUIPAMENTOS PARA USO NA EXTRAÇÃO MINERAL, PEÇAS E ACESSÓRIOS, EXCETO NA EXTRAÇÃO DE PETRÓLEO",28526,"FABRICAÇÃO DE OUTRAS MÁQUINAS E EQUIPAMENTOS PARA USO NA EXTRAÇÃO MINERAL, EXCETO NA EXTRAÇÃO DE PETRÓLEO",285,FABRICAÇÃO DE MÁQUINAS E EQUIPAMENTOS DE USO NA EXTRAÇÃO MINERAL E NA CONSTRUÇÃO,28,FABRICAÇÃO DE MÁQUINAS E EQUIPAMENTOS,C,INDÚSTRIAS DE TRANSFORMAÇÃO
2853400,"FABRICAÇÃO DE TRATORES, PEÇAS E ACESSÓRIOS, EXCETO AGRÍCOLAS",28534,"FABRICAÇÃO DE TRATORES, EXCETO AGRÍCOLAS",285,FABRICAÇÃO DE MÁQUINAS E EQUIPAMENTOS DE USO NA EXTRAÇÃO MINERAL E NA CONSTRUÇÃO,28,FABRICAÇÃO DE MÁQUINAS E EQUIPAMENTOS,C,INDÚSTRIAS DE TRANSFORMAÇÃO
2854200,"FABRICAÇÃO DE MÁQUINAS E EQUIPAMENTOS PARA TERRAPLENAGEM, PAVIMENTAÇÃO E CONSTRUÇÃO, PEÇAS E ACESSÓRIOS, EXCETO TRATORES",28542,"FABRICAÇÃO DE MÁQUINAS E EQUIPAMENTOS PARA TERRAPLENAGEM, PAVIMENTAÇÃO E CONSTRUÇÃO, EXCETO TRATORES",285,FABRICAÇÃO DE MÁQUINAS E EQUIPAMENTOS DE USO NA EXTRAÇÃO MINERAL E NA CONSTRUÇÃO,28,FABRICAÇÃO DE MÁQUINAS E EQUIPAMENTOS,C,INDÚSTRIAS DE TRANSFORMAÇÃO
2861500,"FABRICAÇÃO DE MÁQUINAS PARA A INDÚSTRIA METALÚRGICA, PEÇAS E ACESSÓRIOS, EXCETO MÁQUINAS FERRAMENTA",28615,"FABRICAÇÃO DE MÁQUINAS PARA A INDÚSTRIA METALÚRGICA, EXCETO MÁQUINAS-FERRAMENTA",286,FABRICAÇÃO DE MÁQUINAS E EQUIPAMENTOS DE USO INDUSTRIAL ESPECÍFICO,28,FABRICAÇÃO DE MÁQUINAS E EQUIPAMENTOS,C,INDÚSTRIAS DE TRANSFORMAÇÃO
2862300,"FABRICAÇÃO DE MÁQUINAS E EQUIPAMENTOS PARA AS INDÚSTRIAS DE ALIMENTOS, BEBIDAS E FUMO, PEÇAS E ACESSÓRIOS",28623,"FABRICAÇÃO DE MÁQUINAS E EQUIPAMENTOS PARA AS INDÚSTRIAS DE ALIMENTOS, BEBIDAS E FUMO",286,FABRICAÇÃO DE MÁQUINAS E EQUIPAMENTOS DE USO INDUSTRIAL ESPECÍFICO,28,FABRICAÇÃO DE MÁQUINAS E EQUIPAMENTOS,C,INDÚSTRIAS DE TRANSFORMAÇÃO
2863100,"FABRICAÇÃO DE MÁQUINAS E EQUIPAMENTOS PARA A INDÚSTRIA TÊXTIL, PEÇAS E ACESSÓRIOS",28631,FABRICAÇÃO DE MÁQUINAS E EQUIPAMENTOS PARA A INDÚSTRIA TÊXTIL,286,FABRICAÇÃO DE MÁQUINAS E EQUIPAMENTOS DE USO INDUSTRIAL ESPECÍFICO,28,FABRICAÇÃO DE MÁQUINAS E EQUIPAMENTOS,C,INDÚSTRIAS DE TRANSFORMAÇÃO
2864000,"FABRICAÇÃO DE MÁQUINAS E EQUIPAMENTOS PARA AS INDÚSTRIAS DO VESTUÁRIO, DO COURO E DE CALÇADOS, PEÇAS E ACESSÓRIOS",28640,"FABRICAÇÃO DE MÁQUINAS E EQUIPAMENTOS PARA AS INDÚSTRIAS DO VESTUÁRIO, DO COURO E DE CALÇADOS",286,FABRICAÇÃO DE MÁQUINAS E EQUIPAMENTOS DE USO INDUSTRIAL ESPECÍFICO,28,FABRICAÇÃO DE MÁQUINAS E EQUIPAMENTOS,C,INDÚSTRIAS DE TRANSFORMAÇÃO
2865800,"FABRICAÇÃO DE MÁQUINAS E EQUIPAMENTOS PARA AS INDÚSTRIAS DE CELULOSE, PAPEL E PAPELÃO E ARTEFATOS, PEÇAS E ACESSÓRIOS",28658,"FABRICAÇÃO DE MÁQUINAS E EQUIPAMENTOS PARA AS INDÚSTRIAS DE CELULOSE, PAPEL E PAPELÃO E ARTEFATOS",286,FABRICAÇÃO DE MÁQUINAS E EQUIPAMENTOS DE USO INDUSTRIAL ESPECÍFICO,28,FABRICAÇÃO DE MÁQUINAS E EQUIPAMENTOS,C,INDÚSTRIAS DE TRANSFORMAÇÃO
2866600,"FABRICAÇÃO DE MÁQUINAS E EQUIPAMENTOS PARA A INDÚSTRIA DO PLÁSTICO, PEÇAS E ACESSÓRIOS",28666,FABRICAÇÃO DE MÁQUINAS E EQUIPAMENTOS PARA A INDÚSTRIA DO PLÁSTICO,286,FABRICAÇÃO DE MÁQUINAS E EQUIPAMENTOS DE USO INDUSTRIAL ESPECÍFICO,28,FABRICAÇÃO DE MÁQUINAS E EQUIPAMENTOS,C,INDÚSTRIAS DE TRANSFORMAÇÃO
2869100,"FABRICAÇÃO DE MÁQUINAS E EQUIPAMENTOS PARA USO INDUSTRIAL ESPECÍFICO NÃO ESPECIFICADOS ANTERIORMENTE, PEÇAS E ACESSÓRIOS",28691,FABRICAÇÃO DE MÁQUINAS E EQUIPAMENTOS PARA USO INDUSTRIAL ESPECÍFICO NÃO ESPECIFICADOS ANTERIORMENTE,286,FABRICAÇÃO DE MÁQUINAS E EQUIPAMENTOS DE USO INDUSTRIAL ESPECÍFICO,28,FABRICAÇÃO DE MÁQUINAS E EQUIPAMENTOS,C,INDÚSTRIAS DE TRANSFORMAÇÃO
2910701,"FABRICAÇÃO DE AUTOMÓVEIS, CAMIONETAS E UTILITÁRIOS",29107,"FABRICAÇÃO DE AUTOMÓVEIS, CAMIONETAS E UTILITÁRIOS",291,"FABRICAÇÃO DE AUTOMÓVEIS, CAMIONETAS E UTILITÁRIOS",29,"FABRICAÇÃO DE VEÍCULOS AUTOMOTORES, REBOQUES E CARROCERIAS",C,INDÚSTRIAS DE TRANSFORMAÇÃO
2910702,"FABRICAÇÃO DE CHASSIS COM MOTOR PARA AUTOMÓVEIS, CAMIONETAS E UTILITÁRIOS",29107,"FABRICAÇÃO DE AUTOMÓVEIS, CAMIONETAS E UTILITÁRIOS",291,"FABRICAÇÃO DE AUTOMÓVEIS, CAMIONETAS E UTILITÁRIOS",29,"FABRICAÇÃO DE VEÍCULOS AUTOMOTORES, REBOQUES E CARROCERIAS",C,INDÚSTRIAS DE TRANSFORMAÇÃO
2910703,"FABRICAÇÃO DE MOTORES PARA AUTOMÓVEIS, CAMIONETAS E UTILITÁRIOS",29107,"FABRICAÇÃO DE AUTOMÓVEIS, CAMIONETAS E UTILITÁRIOS",291,"FABRICAÇÃO DE AUTOMÓVEIS, CAMIONETAS E UTILITÁRIOS",29,"FABRICAÇÃO DE VEÍCULOS AUTOMOTORES, REBOQUES E CARROCERIAS",C,INDÚSTRIAS DE TRANSFORMAÇÃO
2920401,FABRICAÇÃO DE CAMINHÕES E ÔNIBUS,29204,FABRICAÇÃO DE CAMINHÕES E ÔNIBUS,292,FABRICAÇÃO DE CAMINHÕES E ÔNIBUS,29,"FABRICAÇÃO DE VEÍCULOS AUTOMOTORES, REBOQUES E CARROCERIAS",C,INDÚSTRIAS DE TRANSFORMAÇÃO
2920402,FABRICAÇÃO DE MOTORES PARA CAMINHÕES E ÔNIBUS,29204,FABRICAÇÃO DE CAMINHÕES E ÔNIBUS,292,FABRICAÇÃO DE CAMINHÕES E ÔNIBUS,29,"FABRICAÇÃO DE VEÍCULOS AUTOMOTORES, REBOQUES E CARROCERIAS",C,INDÚSTRIAS DE TRANSFORMAÇÃO
2930101,"FABRICAÇÃO DE CABINES, CARROCERIAS E REBOQUES PARA CAMINHÕES",29301,"FABRICAÇÃO DE CABINES, CARROCERIAS E REBOQUES PARA VEÍCULOS AUTOMOTORES",293,"FABRICAÇÃO DE CABINES, CARROCERIAS E REBOQUES PARA VEÍCULOS AUTOMOTORES",29,"FABRICAÇÃO DE VEÍCULOS AUTOMOTORES, REBOQUES E CARROCERIAS",C,INDÚSTRIAS DE TRANSFORMAÇÃO
2930102,FABRICAÇÃO DE CARROCERIAS PARA ÔNIBUS,29301,"FABRICAÇÃO DE CABINES, CARROCERIAS E REBOQUES PARA VEÍCULOS AUTOMOTORES",293,"FABRICAÇÃO DE CABINES, CARROCERIAS E REBOQUES PARA VEÍCULOS AUTOMOTORES",29,"FABRICAÇÃO DE VEÍCULOS AUTOMOTORES, REBOQUES E CARROCERIAS",C,INDÚSTRIAS DE TRANSFORMAÇÃO
2930103,"FABRICAÇÃO DE CABINES, CARROCERIAS E REBOQUES PARA OUTROS VEÍCULOS AUTOMOTORES, EXCETO CAMINHÕES E ÔNIBUS",29301,"FABRICAÇÃO DE CABINES, CARROCERIAS E REBOQUES PARA VEÍCULOS AUTOMOTORES",293,"FABRICAÇÃO DE CABINES, CARROCERIAS E REBOQUES PARA VEÍCULOS AUTOMOTORES",29,"FABRICAÇÃO DE VEÍCULOS AUTOMOTORES, REBOQUES E CARROCERIAS",C,INDÚSTRIAS DE TRANSFORMAÇÃO
2941700,FABRICAÇÃO DE PEÇAS E ACESSÓRIOS PARA O SISTEMA MOTOR DE VEÍCULOS AUTOMOTORES,29417,FABRICAÇÃO DE PEÇAS E ACESSÓRIOS PARA O SISTEMA MOTOR DE VEÍCULOS AUTOMOTORES,294,FABRICAÇÃO DE PEÇAS E ACESSÓRIOS PARA VEÍCULOS AUTOMOTORES,29,"FABRICAÇÃO DE VEÍCULOS AUTOMOTORES, REBOQUES E CARROCERIAS",C,INDÚSTRIAS DE TRANSFORMAÇÃO
2942500,FABRICAÇÃO DE PEÇAS E ACESSÓRIOS PARA OS SISTEMAS DE MARCHA E TRANSMISSÃO DE VEÍCULOS AUTOMOTORES,29425,FABRICAÇÃO DE PEÇAS E ACESSÓRIOS PARA OS SISTEMAS DE MARCHA E TRANSMISSÃO DE VEÍCULOS AUTOMOTORES,294,FABRICAÇÃO DE PEÇAS E ACESSÓRIOS PARA VEÍCULOS AUTOMOTORES,29,"FABRICAÇÃO DE VEÍCULOS AUTOMOTORES, REBOQUES E CARROCERIAS",C,INDÚSTRIAS DE TRANSFORMAÇÃO
2943300,FABRICAÇÃO DE PEÇAS E ACESSÓRIOS PARA O SISTEMA DE FREIOS DE VEÍCULOS AUTOMOTORES,29433,FABRICAÇÃO DE PEÇAS E ACESSÓRIOS PARA O SISTEMA DE FREIOS DE VEÍCULOS AUTOMOTORES,294,FABRICAÇÃO DE PEÇAS E ACESSÓRIOS PARA VEÍCULOS AUTOMOTORES,29,"FABRICAÇÃO DE VEÍCULOS AUTOMOTORES, REBOQUES E CARROCERIAS",C,INDÚSTRIAS DE TRANSFORMAÇÃO
2944100,FABRICAÇÃO DE PEÇAS E ACESSÓRIOS PARA O SISTEMA DE DIREÇÃO E SUSPENSÃO DE VEÍCULOS AUTOMOTORES,29441,FABRICAÇÃO DE PEÇAS E ACESSÓRIOS PARA O SISTEMA DE DIREÇÃO E SUSPENSÃO DE VEÍCULOS AUTOMOTORES,294,FABRICAÇÃO DE PEÇAS E ACESSÓRIOS PARA VEÍCULOS AUTOMOTORES,29,"FABRICAÇÃO DE VEÍCULOS AUTOMOTORES, REBOQUES E CARROCERIAS",C,INDÚSTRIAS DE TRANSFORMAÇÃO
2945000,"FABRICAÇÃO DE MATERIAL ELÉTRICO E ELETRÔNICO PARA VEÍCULOS AUTOMOTORES, EXCETO BATERIAS",29450,"FABRICAÇÃO DE MATERIAL ELÉTRICO E ELETRÔNICO PARA VEÍCULOS AUTOMOTORES, EXCETO BATERIAS",294,FABRICAÇÃO DE PEÇAS E ACESSÓRIOS PARA VEÍCULOS AUTOMOTORES,29,"FABRICAÇÃO DE VEÍCULOS AUTOMOTORES, REBOQUES E CARROCERIAS",C,INDÚSTRIAS DE TRANSFORMAÇÃO
2949201,FABRICAÇÃO DE BANCOS E ESTOFADOS PARA VEÍCULOS AUTOMOTORES,29492,FABRICAÇÃO DE PEÇAS E ACESSÓRIOS PARA VEÍCULOS AUTOMOTORES NÃO ESPECIFICADOS ANTERIORMENTE,294,FABRICAÇÃO DE PEÇAS E ACESSÓRIOS PARA VEÍCULOS AUTOMOTORES,29,"FABRICAÇÃO DE VEÍCULOS AUTOMOTORES, REBOQUES E CARROCERIAS",C,INDÚSTRIAS DE TRANSFORMAÇÃO
2949299,FABRICAÇÃO DE OUTRAS PEÇAS E ACESSÓRIOS PARA VEÍCULOS AUTOMOTORES NÃO ESPECIFICADAS ANTERIORMENTE,29492,FABRICAÇÃO DE PEÇAS E ACESSÓRIOS PARA VEÍCULOS AUTOMOTORES NÃO ESPECIFICADOS ANTERIORMENTE,294,FABRICAÇÃO DE PEÇAS E ACESSÓRIOS PARA VEÍCULOS AUTOMOTORES,29,"FABRICAÇÃO DE VEÍCULOS AUTOMOTORES, REBOQUES E CARROCERIAS",C,INDÚSTRIAS DE TRANSFORMAÇÃO
2950600,RECONDICIONAMENTO E RECUPERAÇÃO DE MOTORES PARA VEÍCULOS AUTOMOTORES,29506,RECONDICIONAMENTO E RECUPERAÇÃO DE MOTORES PARA VEÍCULOS AUTOMOTORES,295,RECONDICIONAMENTO E RECUPERAÇÃO DE MOTORES PARA VEÍCULOS AUTOMOTORES,29,"FABRICAÇÃO DE VEÍCULOS AUTOMOTORES, REBOQUES E CARROCERIAS",C,INDÚSTRIAS DE TRANSFORMAÇÃO
3011301,CONSTRUÇÃO DE EMBARCAÇÕES DE GRANDE PORTE,30113,CONSTRUÇÃO DE EMBARCAÇÕES E ESTRUTURAS FLUTUANTES,301,CONSTRUÇÃO DE EMBARCAÇÕES,30,"FABRICAÇÃO DE OUTROS EQUIPAMENTOS DE TRANSPORTE, EXCETO VEÍCULOS AUTOMOTORES",C,INDÚSTRIAS DE TRANSFORMAÇÃO
3011302,"CONSTRUÇÃO DE EMBARCAÇÕES PARA USO COMERCIAL E PARA USOS ESPECIAIS, EXCETO DE GRANDE PORTE",30113,CONSTRUÇÃO DE EMBARCAÇÕES E ESTRUTURAS FLUTUANTES,301,CONSTRUÇÃO DE EMBARCAÇÕES,30,"FABRICAÇÃO DE OUTROS EQUIPAMENTOS DE TRANSPORTE, EXCETO VEÍCULOS AUTOMOTORES",C,INDÚSTRIAS DE TRANSFORMAÇÃO
3012100,CONSTRUÇÃO DE EMBARCAÇÕES PARA ESPORTE E LAZER,30121,CONSTRUÇÃO DE EMBARCAÇÕES PARA ESPORTE E LAZER,301,CONSTRUÇÃO DE EMBARCAÇÕES,30,"FABRICAÇÃO DE OUTROS EQUIPAMENTOS DE TRANSPORTE, EXCETO VEÍCULOS AUTOMOTORES",C,INDÚSTRIAS DE TRANSFORMAÇÃO
3031800,"FABRICAÇÃO DE LOCOMOTIVAS, VAGÕES E OUTROS MATERIAIS RODANTES",30318,"FABRICAÇÃO DE LOCOMOTIVAS, VAGÕES E OUTROS MATERIAIS RODANTES",303,FABRICAÇÃO DE VEÍCULOS FERROVIÁRIOS,30,"FABRICAÇÃO DE OUTROS EQUIPAMENTOS DE TRANSPORTE, EXCETO VEÍCULOS AUTOMOTORES",C,INDÚSTRIAS DE TRANSFORMAÇÃO
3032600,FABRICAÇÃO DE PEÇAS E ACESSÓRIOS PARA VEÍCULOS FERROVIÁRIOS,30326,FABRICAÇÃO DE PEÇAS E ACESSÓRIOS PARA VEÍCULOS FERROVIÁRIOS,303,FABRICAÇÃO DE VEÍCULOS FERROVIÁRIOS,30,"FABRICAÇÃO DE OUTROS EQUIPAMENTOS DE TRANSPORTE, EXCETO VEÍCULOS AUTOMOTORES",C,INDÚSTRIAS DE TRANSFORMAÇÃO
3041500,FABRICAÇÃO DE AERONAVES,30415,FABRICAÇÃO DE AERONAVES,304,FABRICAÇÃO DE AERONAVES,30,"FABRICAÇÃO DE OUTROS EQUIPAMENTOS DE TRANSPORTE, EXCETO VEÍCULOS AUTOMOTORES",C,INDÚSTRIAS DE TRANSFORMAÇÃO
3042300,"FABRICAÇÃO DE TURBINAS, MOTORES E OUTROS COMPONENTES E PEÇAS PARA AERONAVES",30423,"FABRICAÇÃO DE TURBINAS, MOTORES E OUTROS COMPONENTES E PEÇAS PARA AERONAVES",304,FABRICAÇÃO DE AERONAVES,30,"FABRICAÇÃO DE OUTROS EQUIPAMENTOS DE TRANSPORTE, EXCETO VEÍCULOS AUTOMOTORES",C,INDÚSTRIAS DE TRANSFORMAÇÃO
3050400,FABRICAÇÃO DE VEÍCULOS MILITARES DE COMBATE,30504,FABRICAÇÃO DE VEÍCULOS MILITARES DE COMBATE,305,FABRICAÇÃO DE VEÍCULOS MILITARES DE COMBATE,30,"FABRICAÇÃO DE OUTROS EQUIPAMENTOS DE TRANSPORTE, EXCETO VEÍCULOS AUTOMOTORES",C,INDÚSTRIAS DE TRANSFORMAÇÃO
3091101,FABRICAÇÃO DE MOTOCICLETAS,30911,FABRICAÇÃO DE MOTOCICLETAS,309,FABRICAÇÃO DE EQUIPAMENTOS DE TRANSPORTE NÃO ESPECIFICADOS ANTERIORMENTE,30,"FABRICAÇÃO DE OUTROS EQUIPAMENTOS DE TRANSPORTE, EXCETO VEÍCULOS AUTOMOTORES",C,INDÚSTRIAS DE TRANSFORMAÇÃO
3091102,FABRICAÇÃO DE PEÇAS E ACESSÓRIOS PARA MOTOCICLETAS,30911,FABRICAÇÃO DE MOTOCICLETAS,309,FABRICAÇÃO DE EQUIPAMENTOS DE TRANSPORTE NÃO ESPECIFICADOS ANTERIORMENTE,30,"FABRICAÇÃO DE OUTROS EQUIPAMENTOS DE TRANSPORTE, EXCETO VEÍCULOS AUTOMOTORES",C,INDÚSTRIAS DE TRANSFORMAÇÃO
3092000,"FABRICAÇÃO DE BICICLETAS E TRICICLOS NÃO MOTORIZADOS, PEÇAS E ACESSÓRIOS",30920,FABRICAÇÃO DE BICICLETAS E TRICICLOS NÃO MOTORIZADOS,309,FABRICAÇÃO DE EQUIPAMENTOS DE TRANSPORTE NÃO ESPECIFICADOS ANTERIORMENTE,30,"FABRICAÇÃO DE OUTROS EQUIPAMENTOS DE TRANSPORTE, EXCETO VEÍCULOS AUTOMOTORES",C,INDÚSTRIAS DE TRANSFORMAÇÃO
3099700,FABRICAÇÃO DE EQUIPAMENTOS DE TRANSPORTE NÃO ESPECIFICADOS ANTERIORMENTE,30997,FABRICAÇÃO DE EQUIPAMENTOS DE TRANSPORTE NÃO ESPECIFICADOS ANTERIORMENTE,309,FABRICAÇÃO DE EQUIPAMENTOS DE TRANSPORTE NÃO ESPECIFICADOS ANTERIORMENTE,30,"FABRICAÇÃO DE OUTROS EQUIPAMENTOS DE TRANSPORTE, EXCETO VEÍCULOS AUTOMOTORES",C,INDÚSTRIAS DE TRANSFORMAÇÃO
3101200,FABRICAÇÃO DE MÓVEIS COM PREDOMINÂNCIA DE MADEIRA,31012,FABRICAÇÃO DE MÓVEIS COM PREDOMINÂNCIA DE MADEIRA,310,FABRICAÇÃO DE MÓVEIS,31,FABRICAÇÃO DE MÓVEIS,C,INDÚSTRIAS DE TRANSFORMAÇÃO
3102100,FABRICAÇÃO DE MÓVEIS COM PREDOMINÂNCIA DE METAL,31021,FABRICAÇÃO DE MÓVEIS COM PREDOMINÂNCIA DE METAL,310,FABRICAÇÃO DE MÓVEIS,31,FABRICAÇÃO DE MÓVEIS,C,INDÚSTRIAS DE TRANSFORMAÇÃO
3103900,"FABRICAÇÃO DE MÓVEIS DE OUTROS MATERIAIS, EXCETO MADEIRA E METAL",31039,"FABRICAÇÃO DE MÓVEIS DE OUTROS MATERIAIS, EXCETO MADEIRA E METAL",310,FABRICAÇÃO DE MÓVEIS,31,FABRICAÇÃO DE MÓVEIS,C,INDÚSTRIAS DE TRANSFORMAÇÃO
3104700,FABRICAÇÃO DE COLCHÕES,31047,FABRICAÇÃO DE COLCHÕES,310,FABRICAÇÃO DE MÓVEIS,31,FABRICAÇÃO DE MÓVEIS,C,INDÚSTRIAS DE TRANSFORMAÇÃO
3211601,LAPIDAÇÃO DE GEMAS,32116,LAPIDAÇÃO DE GEMAS E FABRICAÇÃO DE ARTEFATOS DE OURIVESARIA E JOALHERIA,321,"FABRICAÇÃO DE ARTIGOS DE JOALHERIA, BIJUTERIA E SEMELHANTES",32,FABRICAÇÃO DE PRODUTOS DIVERSOS,C,INDÚSTRIAS DE TRANSFORMAÇÃO
3211602,FABRICAÇÃO DE ARTEFATOS DE JOALHERIA E OURIVESARIA,32116,LAPIDAÇÃO DE GEMAS E FABRICAÇÃO DE ARTEFATOS DE OURIVESARIA E JOALHERIA,321,"FABRICAÇÃO DE ARTIGOS DE JOALHERIA, BIJUTERIA E SEMELHANTES",32,FABRICAÇÃO DE PRODUTOS DIVERSOS,C,INDÚSTRIAS DE TRANSFORMAÇÃO
3211603,CUNHAGEM DE MOEDAS E MEDALHAS,32116,LAPIDAÇÃO DE GEMAS E FABRICAÇÃO DE ARTEFATOS DE OURIVESARIA E JOALHERIA,321,"FABRICAÇÃO DE ARTIGOS DE JOALHERIA, BIJUTERIA E SEMELHANTES",32,FABRICAÇÃO DE PRODUTOS DIVERSOS,C,INDÚSTRIAS DE TRANSFORMAÇÃO
3212400,FABRICAÇÃO DE BIJUTERIAS E ARTEFATOS SEMELHANTES,32124,FABRICAÇÃO DE BIJUTERIAS E ARTEFATOS SEMELHANTES,321,"FABRICAÇÃO DE ARTIGOS DE JOALHERIA, BIJUTERIA E SEMELHANTES",32,FABRICAÇÃO DE PRODUTOS DIVERSOS,C,INDÚSTRIAS DE TRANSFORMAÇÃO
3220500,"FABRICAÇÃO DE INSTRUMENTOS MUSICAIS, PEÇAS E ACESSÓRIOS",32205,FABRICAÇÃO DE INSTRUMENTOS MUSICAIS,322,FABRICAÇÃO DE INSTRUMENTOS MUSICAIS,32,FABRICAÇÃO DE PRODUTOS DIVERSOS,C,INDÚSTRIAS DE TRANSFORMAÇÃO
3230200,FABRICAÇÃO DE ARTEFATOS PARA PESCA E ESPORTE,32302,FABRICAÇÃO DE ARTEFATOS PARA PESCA E ESPORTE,323,FABRICAÇÃO DE ARTEFATOS PARA PESCA E ESPORTE,32,FABRICAÇÃO DE PRODUTOS DIVERSOS,C,INDÚSTRIAS DE TRANSFORMAÇÃO
3240001,FABRICAÇÃO DE JOGOS ELETRÔNICOS,32400,FABRICAÇÃO DE BRINQUEDOS E JOGOS RECREATIVOS,324,FABRICAÇÃO DE BRINQUEDOS E JOGOS RECREATIVOS,32,FABRICAÇÃO DE PRODUTOS DIVERSOS,C,INDÚSTRIAS DE TRANSFORMAÇÃO
3240002,"FABRICAÇÃO DE MESAS DE BILHAR, DE SINUCA E ACESSÓRIOS NÃO ASSOCIADA À LOCAÇÃO",32400,FABRICAÇÃO DE BRINQUEDOS E JOGOS RECREATIVOS,324,FABRICAÇÃO DE BRINQUEDOS E JOGOS RECREATIVOS,32,FABRICAÇÃO DE PRODUTOS DIVERSOS,C,INDÚSTRIAS DE TRANSFORMAÇÃO
3240003,"FABRICAÇÃO DE MESAS DE BILHAR, DE SINUCA E ACESSÓRIOS ASSOCIADA À LOCAÇÃO",32400,FABRICAÇÃO DE BRINQUEDOS E JOGOS RECREATIVOS,324,FABRICAÇÃO DE BRINQUEDOS E JOGOS RECREATIVOS,32,FABRICAÇÃO DE PRODUTOS DIVERSOS,C,INDÚSTRIAS DE TRANSFORMAÇÃO
3240099,FABRICAÇÃO DE OUTROS BRINQUEDOS E JOGOS RECREATIVOS NÃO ESPECIFICADOS ANTERIORMENTE,32400,FABRICAÇÃO DE BRINQUEDOS E JOGOS RECREATIVOS,324,FABRICAÇÃO DE BRINQUEDOS E JOGOS RECREATIVOS,32,FABRICAÇÃO DE PRODUTOS DIVERSOS,C,INDÚSTRIAS DE TRANSFORMAÇÃO
3250701,"FABRICAÇÃO DE INSTRUMENTOS NÃO ELETRÔNICOS E UTENSÍLIOS PARA USO MÉDICO, CIRÚRGICO, ODONTOLÓGICO E DE LABORATÓRIO",32507,FABRICAÇÃO DE INSTRUMENTOS E MATERIAIS PARA USO MÉDICO E ODONTOLÓGICO E DE ARTIGOS ÓPTICOS,325,FABRICAÇÃO DE INSTRUMENTOS E MATERIAIS PARA USO MÉDICO E ODONTOLÓGICO E DE ARTIGOS ÓPTICOS,32,FABRICAÇÃO DE PRODUTOS DIVERSOS,C,INDÚSTRIAS DE TRANSFORMAÇÃO
3250702,"FABRICAÇÃO DE MOBILIÁRIO PARA USO MÉDICO, CIRÚRGICO, ODONTOLÓGICO E DE LABORATÓRIO",32507,FABRICAÇÃO DE INSTRUMENTOS E MATERIAIS PARA USO MÉDICO E ODONTOLÓGICO E DE ARTIGOS ÓPTICOS,325,FABRICAÇÃO DE INSTRUMENTOS E MATERIAIS PARA USO MÉDICO E ODONTOLÓGICO E DE ARTIGOS ÓPTICOS,32,FABRICAÇÃO DE PRODUTOS DIVERSOS,C,INDÚSTRIAS DE TRANSFORMAÇÃO
3250703,FABRICAÇÃO DE APARELHOS E UTENSÍLIOS PARA CORREÇÃO DE DEFEITOS FÍSICOS E APARELHOS ORTOPÉDICOS EM GERAL SOB ENCOMENDA,32507,FABRICAÇÃO DE INSTRUMENTOS E MATERIAIS PARA USO MÉDICO E ODONTOLÓGICO E DE ARTIGOS ÓPTICOS,325,FABRICAÇÃO DE INSTRUMENTOS E MATERIAIS PARA USO MÉDICO E ODONTOLÓGICO E DE ARTIGOS ÓPTICOS,32,FABRICAÇÃO DE PRODUTOS DIVERSOS,C,INDÚSTRIAS DE TRANSFORMAÇÃO
3250704,"FABRICAÇÃO DE APARELHOS E UTENSÍLIOS PARA CORREÇÃO DE DEFEITOS FÍSICOS E APARELHOS ORTOPÉDICOS EM GERAL, EXCETO SOB ENCOMENDA",32507,FABRICAÇÃO DE INSTRUMENTOS E MATERIAIS PARA USO MÉDICO E ODONTOLÓGICO E DE ARTIGOS ÓPTICOS,325,FABRICAÇÃO DE INSTRUMENTOS E MATERIAIS PARA USO MÉDICO E ODONTOLÓGICO E DE ARTIGOS ÓPTICOS,32,FABRICAÇÃO DE PRODUTOS DIVERSOS,C,INDÚSTRIAS DE TRANSFORMAÇÃO
3250705,FABRICAÇÃO DE MATERIAIS PARA MEDICINA E ODONTOLOGIA,32507,FABRICAÇÃO DE INSTRUMENTOS E MATERIAIS PARA USO MÉDICO E ODONTOLÓGICO E DE ARTIGOS ÓPTICOS,325,FABRICAÇÃO DE INSTRUMENTOS E MATERIAIS PARA USO MÉDICO E ODONTOLÓGICO E DE ARTIGOS ÓPTICOS,32,FABRICAÇÃO DE PRODUTOS DIVERSOS,C,INDÚSTRIAS DE TRANSFORMAÇÃO
3250706,SERVIÇOS DE PRÓTESE DENTÁRIA,32507,FABRICAÇÃO DE INSTRUMENTOS E MATERIAIS PARA USO MÉDICO E ODONTOLÓGICO E DE ARTIGOS ÓPTICOS,325,FABRICAÇÃO DE INSTRUMENTOS E MATERIAIS PARA USO MÉDICO E ODONTOLÓGICO E DE ARTIGOS ÓPTICOS,32,FABRICAÇÃO DE PRODUTOS DIVERSOS,C,INDÚSTRIAS DE TRANSFORMAÇÃO
3250707,FABRICAÇÃO DE ARTIGOS ÓPTICOS,32507,FABRICAÇÃO DE INSTRUMENTOS E MATERIAIS PARA USO MÉDICO E ODONTOLÓGICO E DE ARTIGOS ÓPTICOS,325,FABRICAÇÃO DE INSTRUMENTOS E MATERIAIS PARA USO MÉDICO E ODONTOLÓGICO E DE ARTIGOS ÓPTICOS,32,FABRICAÇÃO DE PRODUTOS DIVERSOS,C,INDÚSTRIAS DE TRANSFORMAÇÃO
3250709,SERVIÇO DE LABORATÓRIO ÓPTICO,32507,FABRICAÇÃO DE INSTRUMENTOS E MATERIAIS PARA USO MÉDICO E ODONTOLÓGICO E DE ARTIGOS ÓPTICOS,325,FABRICAÇÃO DE INSTRUMENTOS E MATERIAIS PARA USO MÉDICO E ODONTOLÓGICO E DE ARTIGOS ÓPTICOS,32,FABRICAÇÃO DE PRODUTOS DIVERSOS,C,INDÚSTRIAS DE TRANSFORMAÇÃO
3291400,"FABRICAÇÃO DE ESCOVAS, PINCÉIS E VASSOURAS",32914,"FABRICAÇÃO DE ESCOVAS, PINCÉIS E VASSOURAS",329,FABRICAÇÃO DE PRODUTOS DIVERSOS,32,FABRICAÇÃO DE PRODUTOS DIVERSOS,C,INDÚSTRIAS DE TRANSFORMAÇÃO
3292201,FABRICAÇÃO DE ROUPAS DE PROTEÇÃO E SEGURANÇA E RESISTENTES A FOGO,32922,FABRICAÇÃO DE EQUIPAMENTOS E ACESSÓRIOS PARA SEGURANÇA E PROTEÇÃO PESSOAL E PROFISSIONAL,329,FABRICAÇÃO DE PRODUTOS DIVERSOS,32,FABRICAÇÃO DE PRODUTOS DIVERSOS,C,INDÚSTRIAS DE TRANSFORMAÇÃO
3292202,FABRICAÇÃO DE EQUIPAMENTOS E ACESSÓRIOS PARA SEGURANÇA PESSOAL E PROFISSIONAL,32922,FABRICAÇÃO DE EQUIPAMENTOS E ACESSÓRIOS PARA SEGURANÇA E PROTEÇÃO PESSOAL E PROFISSIONAL,329,FABRICAÇÃO DE PRODUTOS DIVERSOS,32,FABRICAÇÃO DE PRODUTOS DIVERSOS,C,INDÚSTRIAS DE TRANSFORMAÇÃO
3299001,FABRICAÇÃO DE GUARDA CHUVAS E SIMILARES,32990,FABRICAÇÃO DE PRODUTOS DIVERSOS NÃO ESPECIFICADOS ANTERIORMENTE,329,FABRICAÇÃO DE PRODUTOS DIVERSOS,32,FABRICAÇÃO DE PRODUTOS DIVERSOS,C,INDÚSTRIAS DE TRANSFORMAÇÃO
3299002,"FABRICAÇÃO DE CANETAS, LÁPIS E OUTROS ARTIGOS PARA ESCRITÓRIO",32990,FABRICAÇÃO DE PRODUTOS DIVERSOS NÃO ESPECIFICADOS ANTERIORMENTE,329,FABRICAÇÃO DE PRODUTOS DIVERSOS,32,FABRICAÇÃO DE PRODUTOS DIVERSOS,C,INDÚSTRIAS DE TRANSFORMAÇÃO
3299003,"FABRICAÇÃO DE LETRAS, LETREIROS E PLACAS DE QUALQUER MATERIAL, EXCETO LUMINOSOS",32990,FABRICAÇÃO DE PRODUTOS DIVERSOS NÃO ESPECIFICADOS ANTERIORMENTE,329,FABRICAÇÃO DE PRODUTOS DIVERSOS,32,FABRICAÇÃO DE PRODUTOS DIVERSOS,C,INDÚSTRIAS DE TRANSFORMAÇÃO
3299004,FABRICAÇÃO DE PAINÉIS E LETREIROS LUMINOSOS,32990,FABRICAÇÃO DE PRODUTOS DIVERSOS NÃO ESPECIFICADOS ANTERIORMENTE,329,FABRICAÇÃO DE PRODUTOS DIVERSOS,32,FABRICAÇÃO DE PRODUTOS DIVERSOS,C,INDÚSTRIAS DE TRANSFORMAÇÃO
3299005,FABRICAÇÃO DE AVIAMENTOS PARA COSTURA,32990,FABRICAÇÃO DE PRODUTOS DIVERSOS NÃO ESPECIFICADOS ANTERIORMENTE,329,FABRICAÇÃO DE PRODUTOS DIVERSOS,32,FABRICAÇÃO DE PRODUTOS DIVERSOS,C,INDÚSTRIAS DE TRANSFORMAÇÃO
3299006,"FABRICAÇÃO DE VELAS, INCLUSIVE DECORATIVAS",32990,FABRICAÇÃO DE PRODUTOS DIVERSOS NÃO ESPECIFICADOS ANTERIORMENTE,329,FABRICAÇÃO DE PRODUTOS DIVERSOS,32,FABRICAÇÃO DE PRODUTOS DIVERSOS,C,INDÚSTRIAS DE TRANSFORMAÇÃO
3299099,FABRICAÇÃO DE PRODUTOS DIVERSOS NÃO ESPECIFICADOS ANTERIORMENTE,32990,FABRICAÇÃO DE PRODUTOS DIVERSOS NÃO ESPECIFICADOS ANTERIORMENTE,329,FABRICAÇÃO DE PRODUTOS DIVERSOS,32,FABRICAÇÃO DE PRODUTOS DIVERSOS,C,INDÚSTRIAS DE TRANSFORMAÇÃO
3311200,"MANUTENÇÃO E REPARAÇÃO DE TANQUES, RESERVATÓRIOS METÁLICOS E CALDEIRAS, EXCETO PARA VEÍCULOS",33112,"MANUTENÇÃO E REPARAÇÃO DE TANQUES, RESERVATÓRIOS METÁLICOS E CALDEIRAS, EXCETO PARA VEÍCULOS",331,MANUTENÇÃO E REPARAÇÃO DE MÁQUINAS E EQUIPAMENTOS,33,"MANUTENÇÃO, REPARAÇÃO E INSTALAÇÃO DE MÁQUINAS E EQUIPAMENTOS",C,INDÚSTRIAS DE TRANSFORMAÇÃO
3312102,"MANUTENÇÃO E REPARAÇÃO DE APARELHOS E INSTRUMENTOS DE MEDIDA, TESTE E CONTROLE",33121,MANUTENÇÃO E REPARAÇÃO DE EQUIPAMENTOS ELETRÔNICOS E ÓPTICOS,331,MANUTENÇÃO E REPARAÇÃO DE MÁQUINAS E EQUIPAMENTOS,33,"MANUTENÇÃO, REPARAÇÃO E INSTALAÇÃO DE MÁQUINAS E EQUIPAMENTOS",C,INDÚSTRIAS DE TRANSFORMAÇÃO
3312103,MANUTENÇÃO E REPARAÇÃO DE APARELHOS ELETROMÉDICOS E ELETROTERAPÊUTICOS E EQUIPAMENTOS DE IRRADIAÇÃO,33121,MANUTENÇÃO E REPARAÇÃO DE EQUIPAMENTOS ELETRÔNICOS E ÓPTICOS,331,MANUTENÇÃO E REPARAÇÃO DE MÁQUINAS E EQUIPAMENTOS,33,"MANUTENÇÃO, REPARAÇÃO E INSTALAÇÃO DE MÁQUINAS E EQUIPAMENTOS",C,INDÚSTRIAS DE TRANSFORMAÇÃO
3312104,MANUTENÇÃO E REPARAÇÃO DE EQUIPAMENTOS E INSTRUMENTOS ÓPTICOS,33121,MANUTENÇÃO E REPARAÇÃO DE EQUIPAMENTOS ELETRÔNICOS E ÓPTICOS,331,MANUTENÇÃO E REPARAÇÃO DE MÁQUINAS E EQUIPAMENTOS,33,"MANUTENÇÃO, REPARAÇÃO E INSTALAÇÃO DE MÁQUINAS E EQUIPAMENTOS",C,INDÚSTRIAS DE TRANSFORMAÇÃO
3313901,"MANUTENÇÃO E REPARAÇÃO DE GERADORES, TRANSFORMADORES E MOTORES ELÉTRICOS",33139,MANUTENÇÃO E REPARAÇÃO DE MÁQUINAS E EQUIPAMENTOS ELÉTRICOS,331,MANUTENÇÃO E REPARAÇÃO DE MÁQUINAS E EQUIPAMENTOS,33,"MANUTENÇÃO, REPARAÇÃO E INSTALAÇÃO DE MÁQUINAS E EQUIPAMENTOS",C,INDÚSTRIAS DE TRANSFORMAÇÃO
3313902,"MANUTENÇÃO E REPARAÇÃO DE BATERIAS E ACUMULADORES ELÉTRICOS, EXCETO PARA VEÍCULOS",33139,MANUTENÇÃO E REPARAÇÃO DE MÁQUINAS E EQUIPAMENTOS ELÉTRICOS,331,MANUTENÇÃO E REPARAÇÃO DE MÁQUINAS E EQUIPAMENTOS,33,"MANUTENÇÃO, REPARAÇÃO E INSTALAÇÃO DE MÁQUINAS E EQUIPAMENTOS",C,INDÚSTRIAS DE TRANSFORMAÇÃO
3313999,"MANUTENÇÃO E REPARAÇÃO DE MÁQUINAS, APARELHOS E MATERIAIS ELÉTRICOS NÃO ESPECIFICADOS ANTERIORMENTE",33139,MANUTENÇÃO E REPARAÇÃO DE MÁQUINAS E EQUIPAMENTOS ELÉTRICOS,331,MANUTENÇÃO E REPARAÇÃO DE MÁQUINAS E EQUIPAMENTOS,33,"MANUTENÇÃO, REPARAÇÃO E INSTALAÇÃO DE MÁQUINAS E EQUIPAMENTOS",C,INDÚSTRIAS DE TRANSFORMAÇÃO
3314701,MANUTENÇÃO E REPARAÇÃO DE MÁQUINAS MOTRIZES NÃO ELÉTRICAS,33147,MANUTENÇÃO E REPARAÇÃO DE MÁQUINAS E EQUIPAMENTOS DA INDÚSTRIA MECÂNICA,331,MANUTENÇÃO E REPARAÇÃO DE MÁQUINAS E EQUIPAMENTOS,33,"MANUTENÇÃO, REPARAÇÃO E INSTALAÇÃO DE MÁQUINAS E EQUIPAMENTOS",C,INDÚSTRIAS DE TRANSFORMAÇÃO
3314702,"MANUTENÇÃO E REPARAÇÃO DE EQUIPAMENTOS HIDRÁULICOS E PNEUMÁTICOS, EXCETO VÁLVULAS",33147,MANUTENÇÃO E REPARAÇÃO DE MÁQUINAS E EQUIPAMENTOS DA INDÚSTRIA MECÂNICA,331,MANUTENÇÃO E REPARAÇÃO DE MÁQUINAS E EQUIPAMENTOS,33,"MANUTENÇÃO, REPARAÇÃO E INSTALAÇÃO DE MÁQUINAS E EQUIPAMENTOS",C,INDÚSTRIAS DE TRANSFORMAÇÃO
3314703,MANUTENÇÃO E REPARAÇÃO DE VÁLVULAS INDUSTRIAIS,33147,MANUTENÇÃO E REPARAÇÃO DE MÁQUINAS E EQUIPAMENTOS DA INDÚSTRIA MECÂNICA,331,MANUTENÇÃO E REPARAÇÃO DE MÁQUINAS E EQUIPAMENTOS,33,"MANUTENÇÃO, REPARAÇÃO E INSTALAÇÃO DE MÁQUINAS E EQUIPAMENTOS",C,INDÚSTRIAS DE TRANSFORMAÇÃO
3314704,MANUTENÇÃO E REPARAÇÃO DE COMPRESSORES,33147,MANUTENÇÃO E REPARAÇÃO DE MÁQUINAS E EQUIPAMENTOS DA INDÚSTRIA MECÂNICA,331,MANUTENÇÃO E REPARAÇÃO DE MÁQUINAS E EQUIPAMENTOS,33,"MANUTENÇÃO, REPARAÇÃO E INSTALAÇÃO DE MÁQUINAS E EQUIPAMENTOS",C,INDÚSTRIAS DE TRANSFORMAÇÃO
3314705,MANUTENÇÃO E REPARAÇÃO DE EQUIPAMENTOS DE TRANSMISSÃO PARA FINS INDUSTRIAIS,33147,MANUTENÇÃO E REPARAÇÃO DE MÁQUINAS E EQUIPAMENTOS DA INDÚSTRIA MECÂNICA,331,MANUTENÇÃO E REPARAÇÃO DE MÁQUINAS E EQUIPAMENTOS,33,"MANUTENÇÃO, REPARAÇÃO E INSTALAÇÃO DE MÁQUINAS E EQUIPAMENTOS",C,INDÚSTRIAS DE TRANSFORMAÇÃO
3314706,"MANUTENÇÃO E REPARAÇÃO DE MÁQUINAS, APARELHOS E EQUIPAMENTOS PARA INSTALAÇÕES TÉRMICAS",33147,MANUTENÇÃO E REPARAÇÃO DE MÁQUINAS E EQUIPAMENTOS DA INDÚSTRIA MECÂNICA,331,MANUTENÇÃO E REPARAÇÃO DE MÁQUINAS E EQUIPAMENTOS,33,"MANUTENÇÃO, REPARAÇÃO E INSTALAÇÃO DE MÁQUINAS E EQUIPAMENTOS",C,INDÚSTRIAS DE TRANSFORMAÇÃO
3314707,MANUTENÇÃO E REPARAÇÃO DE MÁQUINAS E APARELHOS DE REFRIGERAÇÃO E VENTILAÇÃO PARA USO INDUSTRIAL E COMERCIAL,33147,MANUTENÇÃO E REPARAÇÃO DE MÁQUINAS E EQUIPAMENTOS DA INDÚSTRIA MECÂNICA,331,MANUTENÇÃO E REPARAÇÃO DE MÁQUINAS E EQUIPAMENTOS,33,"MANUTENÇÃO, REPARAÇÃO E INSTALAÇÃO DE MÁQUINAS E EQUIPAMENTOS",C,INDÚSTRIAS DE TRANSFORMAÇÃO
3314708,"MANUTENÇÃO E REPARAÇÃO DE MÁQUINAS, EQUIPAMENTOS E APARELHOS PARA TRANSPORTE E ELEVAÇÃO DE CARGAS",33147,MANUTENÇÃO E REPARAÇÃO DE MÁQUINAS E EQUIPAMENTOS DA INDÚSTRIA MECÂNICA,331,MANUTENÇÃO E REPARAÇÃO DE MÁQUINAS E EQUIPAMENTOS,33,"MANUTENÇÃO, REPARAÇÃO E INSTALAÇÃO DE MÁQUINAS E EQUIPAMENTOS",C,INDÚSTRIAS DE TRANSFORMAÇÃO
3314709,"MANUTENÇÃO E REPARAÇÃO DE MÁQUINAS DE ESCREVER, CALCULAR E DE OUTROS EQUIPAMENTOS NÃO ELETRÔNICOS PARA ESCRITÓRIO",33147,MANUTENÇÃO E REPARAÇÃO DE MÁQUINAS E EQUIPAMENTOS DA INDÚSTRIA MECÂNICA,331,MANUTENÇÃO E REPARAÇÃO DE MÁQUINAS E EQUIPAMENTOS,33,"MANUTENÇÃO, REPARAÇÃO E INSTALAÇÃO DE MÁQUINAS E EQUIPAMENTOS",C,INDÚSTRIAS DE TRANSFORMAÇÃO
3314710,MANUTENÇÃO E REPARAÇÃO DE MÁQUINAS E EQUIPAMENTOS PARA USO GERAL NÃO ESPECIFICADOS ANTERIORMENTE,33147,MANUTENÇÃO E REPARAÇÃO DE MÁQUINAS E EQUIPAMENTOS DA INDÚSTRIA MECÂNICA,331,MANUTENÇÃO E REPARAÇÃO DE MÁQUINAS E EQUIPAMENTOS,33,"MANUTENÇÃO, REPARAÇÃO E INSTALAÇÃO DE MÁQUINAS E EQUIPAMENTOS",C,INDÚSTRIAS DE TRANSFORMAÇÃO
3314711,MANUTENÇÃO E REPARAÇÃO DE MÁQUINAS E EQUIPAMENTOS PARA AGRICULTURA E PECUÁRIA,33147,MANUTENÇÃO E REPARAÇÃO DE MÁQUINAS E EQUIPAMENTOS DA INDÚSTRIA MECÂNICA,331,MANUTENÇÃO E REPARAÇÃO DE MÁQUINAS E EQUIPAMENTOS,33,"MANUTENÇÃO, REPARAÇÃO E INSTALAÇÃO DE MÁQUINAS E EQUIPAMENTOS",C,INDÚSTRIAS DE TRANSFORMAÇÃO
3314712,MANUTENÇÃO E REPARAÇÃO DE TRATORES AGRÍCOLAS,33147,MANUTENÇÃO E REPARAÇÃO DE MÁQUINAS E EQUIPAMENTOS DA INDÚSTRIA MECÂNICA,331,MANUTENÇÃO E REPARAÇÃO DE MÁQUINAS E EQUIPAMENTOS,33,"MANUTENÇÃO, REPARAÇÃO E INSTALAÇÃO DE MÁQUINAS E EQUIPAMENTOS",C,INDÚSTRIAS DE TRANSFORMAÇÃO
3314713,MANUTENÇÃO E REPARAÇÃO DE MÁQUINAS FERRAMENTA,33147,MANUTENÇÃO E REPARAÇÃO DE MÁQUINAS E EQUIPAMENTOS DA INDÚSTRIA MECÂNICA,331,MANUTENÇÃO E REPARAÇÃO DE MÁQUINAS E EQUIPAMENTOS,33,"MANUTENÇÃO, REPARAÇÃO E INSTALAÇÃO DE MÁQUINAS E EQUIPAMENTOS",C,INDÚSTRIAS DE TRANSFORMAÇÃO
3314714,MANUTENÇÃO E REPARAÇÃO DE MÁQUINAS E EQUIPAMENTOS PARA A PROSPECÇÃO E EXTRAÇÃO DE PETRÓLEO,33147,MANUTENÇÃO E REPARAÇÃO DE MÁQUINAS E EQUIPAMENTOS DA INDÚSTRIA MECÂNICA,331,MANUTENÇÃO E REPARAÇÃO DE MÁQUINAS E EQUIPAMENTOS,33,"MANUTENÇÃO, REPARAÇÃO E INSTALAÇÃO DE MÁQUINAS E EQUIPAMENTOS",C,INDÚSTRIAS DE TRANSFORMAÇÃO
3314715,"MANUTENÇÃO E REPARAÇÃO DE MÁQUINAS E EQUIPAMENTOS PARA USO NA EXTRAÇÃO MINERAL, EXCETO NA EXTRAÇÃO DE PETRÓLEO",33147,MANUTENÇÃO E REPARAÇÃO DE MÁQUINAS E EQUIPAMENTOS DA INDÚSTRIA MECÂNICA,331,MANUTENÇÃO E REPARAÇÃO DE MÁQUINAS E EQUIPAMENTOS,33,"MANUTENÇÃO, REPARAÇÃO E INSTALAÇÃO DE MÁQUINAS E EQUIPAMENTOS",C,INDÚSTRIAS DE TRANSFORMAÇÃO
3314716,"MANUTENÇÃO E REPARAÇÃO DE TRATORES, EXCETO AGRÍCOLAS",33147,MANUTENÇÃO E REPARAÇÃO DE MÁQUINAS E EQUIPAMENTOS DA INDÚSTRIA MECÂNICA,331,MANUTENÇÃO E REPARAÇÃO DE MÁQUINAS E EQUIPAMENTOS,33,"MANUTENÇÃO, REPARAÇÃO E INSTALAÇÃO DE MÁQUINAS E EQUIPAMENTOS",C,INDÚSTRIAS DE TRANSFORMAÇÃO
3314717,"MANUTENÇÃO E REPARAÇÃO DE MÁQUINAS E EQUIPAMENTOS DE TERRAPLENAGEM, PAVIMENTAÇÃO E CONSTRUÇÃO, EXCETO TRATORES",33147,MANUTENÇÃO E REPARAÇÃO DE MÁQUINAS E EQUIPAMENTOS DA INDÚSTRIA MECÂNICA,331,MANUTENÇÃO E REPARAÇÃO DE MÁQUINAS E EQUIPAMENTOS,33,"MANUTENÇÃO, REPARAÇÃO E INSTALAÇÃO DE MÁQUINAS E EQUIPAMENTOS",C,INDÚSTRIAS DE TRANSFORMAÇÃO
3314718,"MANUTENÇÃO E REPARAÇÃO DE MÁQUINAS PARA A INDÚSTRIA METALÚRGICA, EXCETO MÁQUINAS FERRAMENTA",33147,MANUTENÇÃO E REPARAÇÃO DE MÁQUINAS E EQUIPAMENTOS DA INDÚSTRIA MECÂNICA,331,MANUTENÇÃO E REPARAÇÃO DE MÁQUINAS E EQUIPAMENTOS,33,"MANUTENÇÃO, REPARAÇÃO E INSTALAÇÃO DE MÁQUINAS E EQUIPAMENTOS",C,INDÚSTRIAS DE TRANSFORMAÇÃO
3314719,"MANUTENÇÃO E REPARAÇÃO DE MÁQUINAS E EQUIPAMENTOS PARA AS INDÚSTRIAS DE ALIMENTOS, BEBIDAS E FUMO",33147,MANUTENÇÃO E REPARAÇÃO DE MÁQUINAS E EQUIPAMENTOS DA INDÚSTRIA MECÂNICA,331,MANUTENÇÃO E REPARAÇÃO DE MÁQUINAS E EQUIPAMENTOS,33,"MANUTENÇÃO, REPARAÇÃO E INSTALAÇÃO DE MÁQUINAS E EQUIPAMENTOS",C,INDÚSTRIAS DE TRANSFORMAÇÃO
3314720,"MANUTENÇÃO E REPARAÇÃO DE MÁQUINAS E EQUIPAMENTOS PARA A INDÚSTRIA TÊXTIL, DO VESTUÁRIO, DO COURO E CALÇADOS",33147,MANUTENÇÃO E REPARAÇÃO DE MÁQUINAS E EQUIPAMENTOS DA INDÚSTRIA MECÂNICA,331,MANUTENÇÃO E REPARAÇÃO DE MÁQUINAS E EQUIPAMENTOS,33,"MANUTENÇÃO, REPARAÇÃO E INSTALAÇÃO DE MÁQUINAS E EQUIPAMENTOS",C,INDÚSTRIAS DE TRANSFORMAÇÃO
3314721,"MANUTENÇÃO E REPARAÇÃO DE MÁQUINAS E APARELHOS PARA A INDÚSTRIA DE CELULOSE, PAPEL E PAPELÃO E ARTEFATOS",33147,MANUTENÇÃO E REPARAÇÃO DE MÁQUINAS E EQUIPAMENTOS DA INDÚSTRIA MECÂNICA,331,MANUTENÇÃO E REPARAÇÃO DE MÁQUINAS E EQUIPAMENTOS,33,"MANUTENÇÃO, REPARAÇÃO E INSTALAÇÃO DE MÁQUINAS E EQUIPAMENTOS",C,INDÚSTRIAS DE TRANSFORMAÇÃO
3314722,MANUTENÇÃO E REPARAÇÃO DE MÁQUINAS E APARELHOS PARA A INDÚSTRIA DO PLÁSTICO,33147,MANUTENÇÃO E REPARAÇÃO DE MÁQUINAS E EQUIPAMENTOS DA INDÚSTRIA MECÂNICA,331,MANUTENÇÃO E REPARAÇÃO DE MÁQUINAS E EQUIPAMENTOS,33,"MANUTENÇÃO, REPARAÇÃO E INSTALAÇÃO DE MÁQUINAS E EQUIPAMENTOS",C,INDÚSTRIAS DE TRANSFORMAÇÃO
3314799,MANUTENÇÃO E REPARAÇÃO DE OUTRAS MÁQUINAS E EQUIPAMENTOS PARA USOS INDUSTRIAIS NÃO ESPECIFICADOS ANTERIORMENTE,33147,MANUTENÇÃO E REPARAÇÃO DE MÁQUINAS E EQUIPAMENTOS DA INDÚSTRIA MECÂNICA,331,MANUTENÇÃO E REPARAÇÃO DE MÁQUINAS E EQUIPAMENTOS,33,"MANUTENÇÃO, REPARAÇÃO E INSTALAÇÃO DE MÁQUINAS E EQUIPAMENTOS",C,INDÚSTRIAS DE TRANSFORMAÇÃO
3315500,MANUTENÇÃO E REPARAÇÃO DE VEÍCULOS FERROVIÁRIOS,33155,MANUTENÇÃO E REPARAÇÃO DE VEÍCULOS FERROVIÁRIOS,331,MANUTENÇÃO E REPARAÇÃO DE MÁQUINAS E EQUIPAMENTOS,33,"MANUTENÇÃO, REPARAÇÃO E INSTALAÇÃO DE MÁQUINAS E EQUIPAMENTOS",C,INDÚSTRIAS DE TRANSFORMAÇÃO
3316301,"MANUTENÇÃO E REPARAÇÃO DE AERONAVES, EXCETO A MANUTENÇÃO NA PISTA",33163,MANUTENÇÃO E REPARAÇÃO DE AERONAVES,331,MANUTENÇÃO E REPARAÇÃO DE MÁQUINAS E EQUIPAMENTOS,33,"MANUTENÇÃO, REPARAÇÃO E INSTALAÇÃO DE MÁQUINAS E EQUIPAMENTOS",C,INDÚSTRIAS DE TRANSFORMAÇÃO
3316302,MANUTENÇÃO DE AERONAVES NA PISTA,33163,MANUTENÇÃO E REPARAÇÃO DE AERONAVES,331,MANUTENÇÃO E REPARAÇÃO DE MÁQUINAS E EQUIPAMENTOS,33,"MANUTENÇÃO, REPARAÇÃO E INSTALAÇÃO DE MÁQUINAS E EQUIPAMENTOS",C,INDÚSTRIAS DE TRANSFORMAÇÃO
3317101,MANUTENÇÃO E REPARAÇÃO DE EMBARCAÇÕES E ESTRUTURAS FLUTUANTES,33171,MANUTENÇÃO E REPARAÇÃO DE EMBARCAÇÕES,331,MANUTENÇÃO E REPARAÇÃO DE MÁQUINAS E EQUIPAMENTOS,33,"MANUTENÇÃO, REPARAÇÃO E INSTALAÇÃO DE MÁQUINAS E EQUIPAMENTOS",C,INDÚSTRIAS DE TRANSFORMAÇÃO
3317102,MANUTENÇÃO E REPARAÇÃO DE EMBARCAÇÕES PARA ESPORTE E LAZER,33171,MANUTENÇÃO E REPARAÇÃO DE EMBARCAÇÕES,331,MANUTENÇÃO E REPARAÇÃO DE MÁQUINAS E EQUIPAMENTOS,33,"MANUTENÇÃO, REPARAÇÃO E INSTALAÇÃO DE MÁQUINAS E EQUIPAMENTOS",C,INDÚSTRIAS DE TRANSFORMAÇÃO
3319800,MANUTENÇÃO E REPARAÇÃO DE EQUIPAMENTOS E PRODUTOS NÃO ESPECIFICADOS ANTERIORMENTE,33198,MANUTENÇÃO E REPARAÇÃO DE EQUIPAMENTOS E PRODUTOS NÃO ESPECIFICADOS ANTERIORMENTE,331,MANUTENÇÃO E REPARAÇÃO DE MÁQUINAS E EQUIPAMENTOS,33,"MANUTENÇÃO, REPARAÇÃO E INSTALAÇÃO DE MÁQUINAS E EQUIPAMENTOS",C,INDÚSTRIAS DE TRANSFORMAÇÃO
3321000,INSTALAÇÃO DE MÁQUINAS E EQUIPAMENTOS INDUSTRIAIS,33210,INSTALAÇÃO DE MÁQUINAS E EQUIPAMENTOS INDUSTRIAIS,332,INSTALAÇÃO DE MÁQUINAS E EQUIPAMENTOS,33,"MANUTENÇÃO, REPARAÇÃO E INSTALAÇÃO DE MÁQUINAS E EQUIPAMENTOS",C,INDÚSTRIAS DE TRANSFORMAÇÃO
3329501,SERVIÇOS DE MONTAGEM DE MÓVEIS DE QUALQUER MATERIAL,33295,INSTALAÇÃO DE EQUIPAMENTOS NÃO ESPECIFICADOS ANTERIORMENTE,332,INSTALAÇÃO DE MÁQUINAS E EQUIPAMENTOS,33,"MANUTENÇÃO, REPARAÇÃO E INSTALAÇÃO DE MÁQUINAS E EQUIPAMENTOS",C,INDÚSTRIAS DE TRANSFORMAÇÃO
3329599,INSTALAÇÃO DE OUTROS EQUIPAMENTOS NÃO ESPECIFICADOS ANTERIORMENTE,33295,INSTALAÇÃO DE EQUIPAMENTOS NÃO ESPECIFICADOS ANTERIORMENTE,332,INSTALAÇÃO DE MÁQUINAS E EQUIPAMENTOS,33,"MANUTENÇÃO, REPARAÇÃO E INSTALAÇÃO DE MÁQUINAS E EQUIPAMENTOS",C,INDÚSTRIAS DE TRANSFORMAÇÃO
3511501,GERAÇÃO DE ENERGIA ELÉTRICA,35115,GERAÇÃO DE ENERGIA ELÉTRICA,351,"GERAÇÃO, TRANSMISSÃO E DISTRIBUIÇÃO DE ENERGIA ELÉTRICA",35,"ELETRICIDADE, GÁS E OUTRAS UTILIDADES",D,ELETRICIDADE E GÁS
3511502,ATIVIDADES DE COORDENAÇÃO E CONTROLE DA OPERAÇÃO DA GERAÇÃO E TRANSMISSÃO DE ENERGIA ELÉTRICA,35115,GERAÇÃO DE ENERGIA ELÉTRICA,351,"GERAÇÃO, TRANSMISSÃO E DISTRIBUIÇÃO DE ENERGIA ELÉTRICA",35,"ELETRICIDADE, GÁS E OUTRAS UTILIDADES",D,ELETRICIDADE E GÁS
3512300,TRANSMISSÃO DE ENERGIA ELÉTRICA,35123,TRANSMISSÃO DE ENERGIA ELÉTRICA,351,"GERAÇÃO, TRANSMISSÃO E DISTRIBUIÇÃO DE ENERGIA ELÉTRICA",35,"ELETRICIDADE, GÁS E OUTRAS UTILIDADES",D,ELETRICIDADE E GÁS
3513100,COMÉRCIO ATACADISTA DE ENERGIA ELÉTRICA,35131,COMÉRCIO ATACADISTA DE ENERGIA ELÉTRICA,351,"GERAÇÃO, TRANSMISSÃO E DISTRIBUIÇÃO DE ENERGIA ELÉTRICA",35,"ELETRICIDADE, GÁS E OUTRAS UTILIDADES",D,ELETRICIDADE E GÁS
3514000,DISTRIBUIÇÃO DE ENERGIA ELÉTRICA,35140,DISTRIBUIÇÃO DE ENERGIA ELÉTRICA,351,"GERAÇÃO, TRANSMISSÃO E DISTRIBUIÇÃO DE ENERGIA ELÉTRICA",35,"ELETRICIDADE, GÁS E OUTRAS UTILIDADES",D,ELETRICIDADE E GÁS
3520401,PRODUÇÃO DE GÁS; PROCESSAMENTO DE GÁS NATURAL,35204,PRODUÇÃO DE GÁS; PROCESSAMENTO DE GÁS NATURAL; DISTRIBUIÇÃO DE COMBUSTÍVEIS GASOSOS POR REDES URBANAS,352,PRODUÇÃO E DISTRIBUIÇÃO DE COMBUSTÍVEIS GASOSOS POR REDES URBANAS,35,"ELETRICIDADE, GÁS E OUTRAS UTILIDADES",D,ELETRICIDADE E GÁS
3520402,DISTRIBUIÇÃO DE COMBUSTÍVEIS GASOSOS POR REDES URBANAS,35204,PRODUÇÃO DE GÁS; PROCESSAMENTO DE GÁS NATURAL; DISTRIBUIÇÃO DE COMBUSTÍVEIS GASOSOS POR REDES URBANAS,352,PRODUÇÃO E DISTRIBUIÇÃO DE COMBUSTÍVEIS GASOSOS POR REDES URBANAS,35,"ELETRICIDADE, GÁS E OUTRAS UTILIDADES",D,ELETRICIDADE E GÁS
3530100,"PRODUÇÃO E DISTRIBUIÇÃO DE VAPOR, ÁGUA QUENTE E AR CONDICIONADO",35301,"PRODUÇÃO E DISTRIBUIÇÃO DE VAPOR, ÁGUA QUENTE E AR CONDICIONADO",353,"PRODUÇÃO E DISTRIBUIÇÃO DE VAPOR, ÁGUA QUENTE E AR CONDICIONADO",35,"ELETRICIDADE, GÁS E OUTRAS UTILIDADES",D,ELETRICIDADE E GÁS
3600601,"CAPTAÇÃO, TRATAMENTO E DISTRIBUIÇÃO DE ÁGUA",36006,"CAPTAÇÃO, TRATAMENTO E DISTRIBUIÇÃO DE ÁGUA",360,"CAPTAÇÃO, TRATAMENTO E DISTRIBUIÇÃO DE ÁGUA",36,"CAPTAÇÃO, TRATAMENTO E DISTRIBUIÇÃO DE ÁGUA",E,"ÁGUA, ESGOTO, ATIVIDADES DE GESTÃO DE RESÍDUOS E DESCONTAMINAÇÃO"
3600602,DISTRIBUIÇÃO DE ÁGUA POR CAMINHÕES,36006,"CAPTAÇÃO, TRATAMENTO E DISTRIBUIÇÃO DE ÁGUA",360,"CAPTAÇÃO, TRATAMENTO E DISTRIBUIÇÃO DE ÁGUA",36,"CAPTAÇÃO, TRATAMENTO E DISTRIBUIÇÃO DE ÁGUA",E,"ÁGUA, ESGOTO, ATIVIDADES DE GESTÃO DE RESÍDUOS E DESCONTAMINAÇÃO"
3701100,GESTÃO DE REDES DE ESGOTO,37011,GESTÃO DE REDES DE ESGOTO,370,ESGOTO E ATIVIDADES RELACIONADAS,37,ESGOTO E ATIVIDADES RELACIONADAS,E,"ÁGUA, ESGOTO, ATIVIDADES DE GESTÃO DE RESÍDUOS E DESCONTAMINAÇÃO"
3702900,"ATIVIDADES RELACIONADAS A ESGOTO, EXCETO A GESTÃO DE REDES",37029,"ATIVIDADES RELACIONADAS A ESGOTO, EXCETO A GESTÃO DE REDES",370,ESGOTO E ATIVIDADES RELACIONADAS,37,ESGOTO E ATIVIDADES RELACIONADAS,E,"ÁGUA, ESGOTO, ATIVIDADES DE GESTÃO DE RESÍDUOS E DESCONTAMINAÇÃO"
3811400,COLETA DE RESÍDUOS NÃO PERIGOSOS,38114,COLETA DE RESÍDUOS NÃO PERIGOSOS,381,COLETA DE RESÍDUOS,38,"COLETA, TRATAMENTO E DISPOSIÇÃO DE RESÍDUOS; RECUPERAÇÃO DE MATERIAIS",E,"ÁGUA, ESGOTO, ATIVIDADES DE GESTÃO DE RESÍDUOS E DESCONTAMINAÇÃO"
3812200,COLETA DE RESÍDUOS PERIGOSOS,38122,COLETA DE RESÍDUOS PERIGOSOS,381,COLETA DE RESÍDUOS,38,"COLETA, TRATAMENTO E DISPOSIÇÃO DE RESÍDUOS; RECUPERAÇÃO DE MATERIAIS",E,"ÁGUA, ESGOTO, ATIVIDADES DE GESTÃO DE RESÍDUOS E DESCONTAMINAÇÃO"
3821100,TRATAMENTO E DISPOSIÇÃO DE RESÍDUOS NÃO PERIGOSOS,38211,TRATAMENTO E DISPOSIÇÃO DE RESÍDUOS NÃO PERIGOSOS,382,TRATAMENTO E DISPOSIÇÃO DE RESÍDUOS,38,"COLETA, TRATAMENTO E DISPOSIÇÃO DE RESÍDUOS; RECUPERAÇÃO DE MATERIAIS",E,"ÁGUA, ESGOTO, ATIVIDADES DE GESTÃO DE RESÍDUOS E DESCONTAMINAÇÃO"
3822000,TRATAMENTO E DISPOSIÇÃO DE RESÍDUOS PERIGOSOS,38220,TRATAMENTO E DISPOSIÇÃO DE RESÍDUOS PERIGOSOS,382,TRATAMENTO E DISPOSIÇÃO DE RESÍDUOS,38,"COLETA, TRATAMENTO E DISPOSIÇÃO DE RESÍDUOS; RECUPERAÇÃO DE MATERIAIS",E,"ÁGUA, ESGOTO, ATIVIDADES DE GESTÃO DE RESÍDUOS E DESCONTAMINAÇÃO"
3831901,RECUPERAÇÃO DE SUCATAS DE ALUMÍNIO,38319,RECUPERAÇÃO DE MATERIAIS METÁLICOS,383,RECUPERAÇÃO DE MATERIAIS,38,"COLETA, TRATAMENTO E DISPOSIÇÃO DE RESÍDUOS; RECUPERAÇÃO DE MATERIAIS",E,"ÁGUA, ESGOTO, ATIVIDADES DE GESTÃO DE RESÍDUOS E DESCONTAMINAÇÃO"
3831999,"RECUPERAÇÃO DE MATERIAIS METÁLICOS, EXCETO ALUMÍNIO",38319,RECUPERAÇÃO DE MATERIAIS METÁLICOS,383,RECUPERAÇÃO DE MATERIAIS,38,"COLETA, TRATAMENTO E DISPOSIÇÃO DE RESÍDUOS; RECUPERAÇÃO DE MATERIAIS",E,"ÁGUA, ESGOTO, ATIVIDADES DE GESTÃO DE RESÍDUOS E DESCONTAMINAÇÃO"
3832700,RECUPERAÇÃO DE MATERIAIS PLÁSTICOS,38327,RECUPERAÇÃO DE MATERIAIS PLÁSTICOS,383,RECUPERAÇÃO DE MATERIAIS,38,"COLETA, TRATAMENTO E DISPOSIÇÃO DE RESÍDUOS; RECUPERAÇÃO DE MATERIAIS",E,"ÁGUA, ESGOTO, ATIVIDADES DE GESTÃO DE RESÍDUOS E DESCONTAMINAÇÃO"
3839401,USINAS DE COMPOSTAGEM,38394,RECUPERAÇÃO DE MATERIAIS NÃO ESPECIFICADOS ANTERIORMENTE,383,RECUPERAÇÃO DE MATERIAIS,38,"COLETA, TRATAMENTO E DISPOSIÇÃO DE RESÍDUOS; RECUPERAÇÃO DE MATERIAIS",E,"ÁGUA, ESGOTO, ATIVIDADES DE GESTÃO DE RESÍDUOS E DESCONTAMINAÇÃO"
3839499,RECUPERAÇÃO DE MATERIAIS NÃO ESPECIFICADOS ANTERIORMENTE,38394,RECUPERAÇÃO DE MATERIAIS NÃO ESPECIFICADOS ANTERIORMENTE,383,RECUPERAÇÃO DE MATERIAIS,38,"COLETA, TRATAMENTO E DISPOSIÇÃO DE RESÍDUOS; RECUPERAÇÃO DE MATERIAIS",E,"ÁGUA, ESGOTO, ATIVIDADES DE GESTÃO DE RESÍDUOS E DESCONTAMINAÇÃO"
3900500,DESCONTAMINAÇÃO E OUTROS SERVIÇOS DE GESTÃO DE RESÍDUOS,39005,DESCONTAMINAÇÃO E OUTROS SERVIÇOS DE GESTÃO DE RESÍDUOS,390,DESCONTAMINAÇÃO E OUTROS SERVIÇOS DE GESTÃO DE RESÍDUOS,39,DESCONTAMINAÇÃO E OUTROS SERVIÇOS DE GESTÃO DE RESÍDUOS,E,"ÁGUA, ESGOTO, ATIVIDADES DE GESTÃO DE RESÍDUOS E DESCONTAMINAÇÃO"
4110700,INCORPORAÇÃO DE EMPREENDIMENTOS IMOBILIÁRIOS,41107,INCORPORAÇÃO DE EMPREENDIMENTOS IMOBILIÁRIOS,411,INCORPORAÇÃO DE EMPREENDIMENTOS IMOBILIÁRIOS,41,CONSTRUÇÃO DE EDIFÍCIOS,F,CONSTRUÇÃO
4120400,CONSTRUÇÃO DE EDIFÍCIOS,41204,CONSTRUÇÃO DE EDIFÍCIOS,412,CONSTRUÇÃO DE EDIFÍCIOS,41,CONSTRUÇÃO DE EDIFÍCIOS,F,CONSTRUÇÃO
4211101,CONSTRUÇÃO DE RODOVIAS E FERROVIAS,42111,CONSTRUÇÃO DE RODOVIAS E FERROVIAS,421,"CONSTRUÇÃO DE RODOVIAS, FERROVIAS, OBRAS URBANAS E OBRAS-DE-ARTE ESPECIAIS",42,OBRAS DE INFRA-ESTRUTURA,F,CONSTRUÇÃO
4211102,PINTURA PARA SINALIZAÇÃO EM PISTAS RODOVIÁRIAS E AEROPORTOS,42111,CONSTRUÇÃO DE RODOVIAS E FERROVIAS,421,"CONSTRUÇÃO DE RODOVIAS, FERROVIAS, OBRAS URBANAS E OBRAS-DE-ARTE ESPECIAIS",42,OBRAS DE INFRA-ESTRUTURA,F,CONSTRUÇÃO
4212000,CONSTRUÇÃO DE OBRAS DE ARTE ESPECIAIS,42120,CONSTRUÇÃO DE OBRAS DE ARTE ESPECIAIS,421,"CONSTRUÇÃO DE RODOVIAS, FERROVIAS, OBRAS URBANAS E OBRAS-DE-ARTE ESPECIAIS",42,OBRAS DE INFRA-ESTRUTURA,F,CONSTRUÇÃO
4213800,"OBRAS DE URBANIZAÇÃO - RUAS, PRAÇAS E CALÇADAS",42138,"OBRAS DE URBANIZAÇÃO - RUAS, PRAÇAS E CALÇADAS",421,"CONSTRUÇÃO DE RODOVIAS, FERROVIAS, OBRAS URBANAS E OBRAS-DE-ARTE ESPECIAIS",42,OBRAS DE INFRA-ESTRUTURA,F,CONSTRUÇÃO
4221901,CONSTRUÇÃO DE BARRAGENS E REPRESAS PARA GERAÇÃO DE ENERGIA ELÉTRICA,42219,OBRAS PARA GERAÇÃO E DISTRIBUIÇÃO DE ENERGIA ELÉTRICA E PARA TELECOMUNICAÇÕES,422,"OBRAS DE INFRA-ESTRUTURA PARA ENERGIA ELÉTRICA, TELECOMUNICAÇÕES, ÁGUA, ESGOTO E TRANSPORTE POR DUTOS",42,OBRAS DE INFRA-ESTRUTURA,F,CONSTRUÇÃO
4221902,CONSTRUÇÃO DE ESTAÇÕES E REDES DE DISTRIBUIÇÃO DE ENERGIA ELÉTRICA,42219,OBRAS PARA GERAÇÃO E DISTRIBUIÇÃO DE ENERGIA ELÉTRICA E PARA TELECOMUNICAÇÕES,422,"OBRAS DE INFRA-ESTRUTURA PARA ENERGIA ELÉTRICA, TELECOMUNICAÇÕES, ÁGUA, ESGOTO E TRANSPORTE POR DUTOS",42,OBRAS DE INFRA-ESTRUTURA,F,CONSTRUÇÃO
4221903,MANUTENÇÃO DE REDES DE DISTRIBUIÇÃO DE ENERGIA ELÉTRICA,42219,OBRAS PARA GERAÇÃO E DISTRIBUIÇÃO DE ENERGIA ELÉTRICA E PARA TELECOMUNICAÇÕES,422,"OBRAS DE INFRA-ESTRUTURA PARA ENERGIA ELÉTRICA, TELECOMUNICAÇÕES, ÁGUA, ESGOTO E TRANSPORTE POR DUTOS",42,OBRAS DE INFRA-ESTRUTURA,F,CONSTRUÇÃO
4221904,CONSTRUÇÃO DE ESTAÇÕES E REDES DE TELECOMUNICAÇÕES,42219,OBRAS PARA GERAÇÃO E DISTRIBUIÇÃO DE ENERGIA ELÉTRICA E PARA TELECOMUNICAÇÕES,422,"OBRAS DE INFRA-ESTRUTURA PARA ENERGIA ELÉTRICA, TELECOMUNICAÇÕES, ÁGUA, ESGOTO E TRANSPORTE POR DUTOS",42,OBRAS DE INFRA-ESTRUTURA,F,CONSTRUÇÃO
4221905,MANUTENÇÃO DE ESTAÇÕES E REDES DE TELECOMUNICAÇÕES,42219,OBRAS PARA GERAÇÃO E DISTRIBUIÇÃO DE ENERGIA ELÉTRICA E PARA TELECOMUNICAÇÕES,422,"OBRAS DE INFRA-ESTRUTURA PARA ENERGIA ELÉTRICA, TELECOMUNICAÇÕES, ÁGUA, ESGOTO E TRANSPORTE POR DUTOS",42,OBRAS DE INFRA-ESTRUTURA,F,CONSTRUÇÃO
4222701,"CONSTRUÇÃO DE REDES DE ABASTECIMENTO DE ÁGUA, COLETA DE ESGOTO E CONSTRUÇÕES CORRELATAS, EXCETO OBRAS DE IRRIGAÇÃO",42227,"CONSTRUÇÃO DE REDES DE ABASTECIMENTO DE ÁGUA, COLETA DE ESGOTO E CONSTRUÇÕES CORRELATAS",422,"OBRAS DE INFRA-ESTRUTURA PARA ENERGIA ELÉTRICA, TELECOMUNICAÇÕES, ÁGUA, ESGOTO E TRANSPORTE POR DUTOS",42,OBRAS DE INFRA-ESTRUTURA,F,CONSTRUÇÃO
4222702,OBRAS DE IRRIGAÇÃO,42227,"CONSTRUÇÃO DE REDES DE ABASTECIMENTO DE ÁGUA, COLETA DE ESGOTO E CONSTRUÇÕES CORRELATAS",422,"OBRAS DE INFRA-ESTRUTURA PARA ENERGIA ELÉTRICA, TELECOMUNICAÇÕES, ÁGUA, ESGOTO E TRANSPORTE POR DUTOS",42,OBRAS DE INFRA-ESTRUTURA,F,CONSTRUÇÃO
4223500,"CONSTRUÇÃO DE REDES DE TRANSPORTES POR DUTOS, EXCETO PARA ÁGUA E ESGOTO",42235,"CONSTRUÇÃO DE REDES DE TRANSPORTES POR DUTOS, EXCETO PARA ÁGUA E ESGOTO",422,"OBRAS DE INFRA-ESTRUTURA PARA ENERGIA ELÉTRICA, TELECOMUNICAÇÕES, ÁGUA, ESGOTO E TRANSPORTE POR DUTOS",42,OBRAS DE INFRA-ESTRUTURA,F,CONSTRUÇÃO
4291000,"OBRAS PORTUÁRIAS, MARÍTIMAS E FLUVIAIS",42910,"OBRAS PORTUÁRIAS, MARÍTIMAS E FLUVIAIS",429,CONSTRUÇÃO DE OUTRAS OBRAS DE INFRA-ESTRUTURA,42,OBRAS DE INFRA-ESTRUTURA,F,CONSTRUÇÃO
4292801,MONTAGEM DE ESTRUTURAS METÁLICAS,42928,MONTAGEM DE INSTALAÇÕES INDUSTRIAIS E DE ESTRUTURAS METÁLICAS,429,CONSTRUÇÃO DE OUTRAS OBRAS DE INFRA-ESTRUTURA,42,OBRAS DE INFRA-ESTRUTURA,F,CONSTRUÇÃO
4292802,OBRAS DE MONTAGEM INDUSTRIAL,42928,MONTAGEM DE INSTALAÇÕES INDUSTRIAIS E DE ESTRUTURAS METÁLICAS,429,CONSTRUÇÃO DE OUTRAS OBRAS DE INFRA-ESTRUTURA,42,OBRAS DE INFRA-ESTRUTURA,F,CONSTRUÇÃO
4299501,CONSTRUÇÃO DE INSTALAÇÕES ESPORTIVAS E RECREATIVAS,42995,OBRAS DE ENGENHARIA CIVIL NÃO ESPECIFICADAS ANTERIORMENTE,429,CONSTRUÇÃO DE OUTRAS OBRAS DE INFRA-ESTRUTURA,42,OBRAS DE INFRA-ESTRUTURA,F,CONSTRUÇÃO
4299599,OUTRAS OBRAS DE ENGENHARIA CIVIL NÃO ESPECIFICADAS ANTERIORMENTE,42995,OBRAS DE ENGENHARIA CIVIL NÃO ESPECIFICADAS ANTERIORMENTE,429,CONSTRUÇÃO DE OUTRAS OBRAS DE INFRA-ESTRUTURA,42,OBRAS DE INFRA-ESTRUTURA,F,CONSTRUÇÃO
4311801,DEMOLIÇÃO DE EDIFÍCIOS E OUTRAS ESTRUTURAS,43118,DEMOLIÇÃO E PREPARAÇÃO DE CANTEIROS DE OBRAS,431,DEMOLIÇÃO E PREPARAÇÃO DO TERRENO,43,SERVIÇOS ESPECIALIZADOS PARA CONSTRUÇÃO,F,CONSTRUÇÃO
4311802,PREPARAÇÃO DE CANTEIRO E LIMPEZA DE TERRENO,43118,DEMOLIÇÃO E PREPARAÇÃO DE CANTEIROS DE OBRAS,431,DEMOLIÇÃO E PREPARAÇÃO DO TERRENO,43,SERVIÇOS ESPECIALIZADOS PARA CONSTRUÇÃO,F,CONSTRUÇÃO
4312600,PERFURAÇÕES E SONDAGENS,43126,PERFURAÇÕES E SONDAGENS,431,DEMOLIÇÃO E PREPARAÇÃO DO TERRENO,43,SERVIÇOS ESPECIALIZADOS PARA CONSTRUÇÃO,F,CONSTRUÇÃO
4313400,OBRAS DE TERRAPLENAGEM,43134,OBRAS DE TERRAPLENAGEM,431,DEMOLIÇÃO E PREPARAÇÃO DO TERRENO,43,SERVIÇOS ESPECIALIZADOS PARA CONSTRUÇÃO,F,CONSTRUÇÃO
4319300,SERVIÇOS DE PREPARAÇÃO DO TERRENO NÃO ESPECIFICADOS ANTERIORMENTE,43193,SERVIÇOS DE PREPARAÇÃO DO TERRENO NÃO ESPECIFICADOS ANTERIORMENTE,431,DEMOLIÇÃO E PREPARAÇÃO DO TERRENO,43,SERVIÇOS ESPECIALIZADOS PARA CONSTRUÇÃO,F,CONSTRUÇÃO
4321500,INSTALAÇÃO E MANUTENÇÃO ELÉTRICA,43215,INSTALAÇÕES ELÉTRICAS,432,"INSTALAÇÕES ELÉTRICAS, HIDRÁULICAS E OUTRAS INSTALAÇÕES EM CONSTRUÇÕES",43,SERVIÇOS ESPECIALIZADOS PARA CONSTRUÇÃO,F,CONSTRUÇÃO
4322301,"INSTALAÇÕES HIDRÁULICAS, SANITÁRIAS E DE GÁS",43223,"INSTALAÇÕES HIDRÁULICAS, DE SISTEMAS DE VENTILAÇÃO E REFRIGERAÇÃO",432,"INSTALAÇÕES ELÉTRICAS, HIDRÁULICAS E OUTRAS INSTALAÇÕES EM CONSTRUÇÕES",43,SERVIÇOS ESPECIALIZADOS PARA CONSTRUÇÃO,F,CONSTRUÇÃO
4322302,"INSTALAÇÃO E MANUTENÇÃO DE SISTEMAS CENTRAIS DE AR CONDICIONADO, DE VENTILAÇÃO E REFRIGERAÇÃO",43223,"INSTALAÇÕES HIDRÁULICAS, DE SISTEMAS DE VENTILAÇÃO E REFRIGERAÇÃO",432,"INSTALAÇÕES ELÉTRICAS, HIDRÁULICAS E OUTRAS INSTALAÇÕES EM CONSTRUÇÕES",43,SERVIÇOS ESPECIALIZADOS PARA CONSTRUÇÃO,F,CONSTRUÇÃO
4322303,INSTALAÇÕES DE SISTEMA DE PREVENÇÃO CONTRA INCÊNDIO,43223,"INSTALAÇÕES HIDRÁULICAS, DE SISTEMAS DE VENTILAÇÃO E REFRIGERAÇÃO",432,"INSTALAÇÕES ELÉTRICAS, HIDRÁULICAS E OUTRAS INSTALAÇÕES EM CONSTRUÇÕES",43,SERVIÇOS ESPECIALIZADOS PARA CONSTRUÇÃO,F,CONSTRUÇÃO
4329101,INSTALAÇÃO DE PAINÉIS PUBLICITÁRIOS,43291,OBRAS DE INSTALAÇÕES EM CONSTRUÇÕES NÃO ESPECIFICADAS ANTERIORMENTE,432,"INSTALAÇÕES ELÉTRICAS, HIDRÁULICAS E OUTRAS INSTALAÇÕES EM CONSTRUÇÕES",43,SERVIÇOS ESPECIALIZADOS PARA CONSTRUÇÃO,F,CONSTRUÇÃO
4329102,INSTALAÇÃO DE EQUIPAMENTOS PARA ORIENTAÇÃO À NAVEGAÇÃO MARÍTIMA FLUVIAL E LACUSTRE,43291,OBRAS DE INSTALAÇÕES EM CONSTRUÇÕES NÃO ESPECIFICADAS ANTERIORMENTE,432,"INSTALAÇÕES ELÉTRICAS, HIDRÁULICAS E OUTRAS INSTALAÇÕES EM CONSTRUÇÕES",43,SERVIÇOS ESPECIALIZADOS PARA CONSTRUÇÃO,F,CONSTRUÇÃO
4329103,"INSTALAÇÃO, MANUTENÇÃO E REPARAÇÃO DE ELEVADORES, ESCADAS E ESTEIRAS ROLANTES",43291,OBRAS DE INSTALAÇÕES EM CONSTRUÇÕES NÃO ESPECIFICADAS ANTERIORMENTE,432,"INSTALAÇÕES ELÉTRICAS, HIDRÁULICAS E OUTRAS INSTALAÇÕES EM CONSTRUÇÕES",43,SERVIÇOS ESPECIALIZADOS PARA CONSTRUÇÃO,F,CONSTRUÇÃO
4329104,"MONTAGEM E INSTALAÇÃO DE SISTEMAS E EQUIPAMENTOS DE ILUMINAÇÃO E SINALIZAÇÃO EM VIAS PÚBLICAS, PORTOS E AEROPORTOS",43291,OBRAS DE INSTALAÇÕES EM CONSTRUÇÕES NÃO ESPECIFICADAS ANTERIORMENTE,432,"INSTALAÇÕES ELÉTRICAS, HIDRÁULICAS E OUTRAS INSTALAÇÕES EM CONSTRUÇÕES",43,SERVIÇOS ESPECIALIZADOS PARA CONSTRUÇÃO,F,CONSTRUÇÃO
4329105,"TRATAMENTOS TÉRMICOS, ACÚSTICOS OU DE VIBRAÇÃO",43291,OBRAS DE INSTALAÇÕES EM CONSTRUÇÕES NÃO ESPECIFICADAS ANTERIORMENTE,432,"INSTALAÇÕES ELÉTRICAS, HIDRÁULICAS E OUTRAS INSTALAÇÕES EM CONSTRUÇÕES",43,SERVIÇOS ESPECIALIZADOS PARA CONSTRUÇÃO,F,CONSTRUÇÃO
4329199,OUTRAS OBRAS DE INSTALAÇÕES EM CONSTRUÇÕES NÃO ESPECIFICADAS ANTERIORMENTE,43291,OBRAS DE INSTALAÇÕES EM CONSTRUÇÕES NÃO ESPECIFICADAS ANTERIORMENTE,432,"INSTALAÇÕES ELÉTRICAS, HIDRÁULICAS E OUTRAS INSTALAÇÕES EM CONSTRUÇÕES",43,SERVIÇOS ESPECIALIZADOS PARA CONSTRUÇÃO,F,CONSTRUÇÃO
4330401,IMPERMEABILIZAÇÃO EM OBRAS DE ENGENHARIA CIVIL,43304,OBRAS DE ACABAMENTO,433,OBRAS DE ACABAMENTO,43,SERVIÇOS ESPECIALIZADOS PARA CONSTRUÇÃO,F,CONSTRUÇÃO
4330402,"INSTALAÇÃO DE PORTAS, JANELAS, TETOS, DIVISÓRIAS E ARMÁRIOS EMBUTIDOS DE QUALQUER MATERIAL",43304,OBRAS DE ACABAMENTO,433,OBRAS DE ACABAMENTO,43,SERVIÇOS ESPECIALIZADOS PARA CONSTRUÇÃO,F,CONSTRUÇÃO
4330403,OBRAS DE ACABAMENTO EM GESSO E ESTUQUE,43304,OBRAS DE ACABAMENTO,433,OBRAS DE ACABAMENTO,43,SERVIÇOS ESPECIALIZADOS PARA CONSTRUÇÃO,F,CONSTRUÇÃO
4330404,SERVIÇOS DE PINTURA DE EDIFÍCIOS EM GERAL,43304,OBRAS DE ACABAMENTO,433,OBRAS DE ACABAMENTO,43,SERVIÇOS ESPECIALIZADOS PARA CONSTRUÇÃO,F,CONSTRUÇÃO
4330405,APLICAÇÃO DE REVESTIMENTOS E DE RESINAS EM INTERIORES E EXTERIORES,43304,OBRAS DE ACABAMENTO,433,OBRAS DE ACABAMENTO,43,SERVIÇOS ESPECIALIZADOS PARA CONSTRUÇÃO,F,CONSTRUÇÃO
4330499,OUTRAS OBRAS DE ACABAMENTO DA CONSTRUÇÃO,43304,OBRAS DE ACABAMENTO,433,OBRAS DE ACABAMENTO,43,SERVIÇOS ESPECIALIZADOS PARA CONSTRUÇÃO,F,CONSTRUÇÃO
4391600,OBRAS DE FUNDAÇÕES,43916,OBRAS DE FUNDAÇÕES,439,OUTROS SERVIÇOS ESPECIALIZADOS PARA CONSTRUÇÃO,43,SERVIÇOS ESPECIALIZADOS PARA CONSTRUÇÃO,F,CONSTRUÇÃO
4399101,ADMINISTRAÇÃO DE OBRAS,43991,SERVIÇOS ESPECIALIZADOS PARA CONSTRUÇÃO NÃO ESPECIFICADOS ANTERIORMENTE,439,OUTROS SERVIÇOS ESPECIALIZADOS PARA CONSTRUÇÃO,43,SERVIÇOS ESPECIALIZADOS PARA CONSTRUÇÃO,F,CONSTRUÇÃO
4399102,MONTAGEM E DESMONTAGEM DE ANDAIMES E OUTRAS ESTRUTURAS TEMPORÁRIAS,43991,SERVIÇOS ESPECIALIZADOS PARA CONSTRUÇÃO NÃO ESPECIFICADOS ANTERIORMENTE,439,OUTROS SERVIÇOS ESPECIALIZADOS PARA CONSTRUÇÃO,43,SERVIÇOS ESPECIALIZADOS PARA CONSTRUÇÃO,F,CONSTRUÇÃO
4399103,OBRAS DE ALVENARIA,43991,SERVIÇOS ESPECIALIZADOS PARA CONSTRUÇÃO NÃO ESPECIFICADOS ANTERIORMENTE,439,OUTROS SERVIÇOS ESPECIALIZADOS PARA CONSTRUÇÃO,43,SERVIÇOS ESPECIALIZADOS PARA CONSTRUÇÃO,F,CONSTRUÇÃO
4399104,SERVIÇOS DE OPERAÇÃO E FORNECIMENTO DE EQUIPAMENTOS PARA TRANSPORTE E ELEVAÇÃO DE CARGAS E PESSOAS PARA USO EM OBRAS,43991,SERVIÇOS ESPECIALIZADOS PARA CONSTRUÇÃO NÃO ESPECIFICADOS ANTERIORMENTE,439,OUTROS SERVIÇOS ESPECIALIZADOS PARA CONSTRUÇÃO,43,SERVIÇOS ESPECIALIZADOS PARA CONSTRUÇÃO,F,CONSTRUÇÃO
4399105,PERFURAÇÃO E CONSTRUÇÃO DE POÇOS DE ÁGUA,43991,SERVIÇOS ESPECIALIZADOS PARA CONSTRUÇÃO NÃO ESPECIFICADOS ANTERIORMENTE,439,OUTROS SERVIÇOS ESPECIALIZADOS PARA CONSTRUÇÃO,43,SERVIÇOS ESPECIALIZADOS PARA CONSTRUÇÃO,F,CONSTRUÇÃO
4399199,SERVIÇOS ESPECIALIZADOS PARA CONSTRUÇÃO NÃO ESPECIFICADOS ANTERIORMENTE,43991,SERVIÇOS ESPECIALIZADOS PARA CONSTRUÇÃO NÃO ESPECIFICADOS ANTERIORMENTE,439,OUTROS SERVIÇOS ESPECIALIZADOS PARA CONSTRUÇÃO,43,SERVIÇOS ESPECIALIZADOS PARA CONSTRUÇÃO,F,CONSTRUÇÃO
4511101,"COMÉRCIO A VAREJO DE AUTOMÓVEIS, CAMIONETAS E UTILITÁRIOS NOVOS",45111,COMÉRCIO A VAREJO E POR ATACADO DE VEÍCULOS AUTOMOTORES,451,COMÉRCIO DE VEÍCULOS AUTOMOTORES,45,COMÉRCIO E REPARAÇÃO DE VEÍCULOS AUTOMOTORES E MOTOCICLETAS,G,COMÉRCIO; REPARAÇÃO DE VEÍCULOS AUTOMOTORES E MOTOCICLETAS
4511102,"COMÉRCIO A VAREJO DE AUTOMÓVEIS, CAMIONETAS E UTILITÁRIOS USADOS",45111,COMÉRCIO A VAREJO E POR ATACADO DE VEÍCULOS AUTOMOTORES,451,COMÉRCIO DE VEÍCULOS AUTOMOTORES,45,COMÉRCIO E REPARAÇÃO DE VEÍCULOS AUTOMOTORES E MOTOCICLETAS,G,COMÉRCIO; REPARAÇÃO DE VEÍCULOS AUTOMOTORES E MOTOCICLETAS
4511103,"COMÉRCIO POR ATACADO DE AUTOMÓVEIS, CAMIONETAS E UTILITÁRIOS NOVOS E USADOS",45111,COMÉRCIO A VAREJO E POR ATACADO DE VEÍCULOS AUTOMOTORES,451,COMÉRCIO DE VEÍCULOS AUTOMOTORES,45,COMÉRCIO E REPARAÇÃO DE VEÍCULOS AUTOMOTORES E MOTOCICLETAS,G,COMÉRCIO; REPARAÇÃO DE VEÍCULOS AUTOMOTORES E MOTOCICLETAS
4511104,COMÉRCIO POR ATACADO DE CAMINHÕES NOVOS E USADOS,45111,COMÉRCIO A VAREJO E POR ATACADO DE VEÍCULOS AUTOMOTORES,451,COMÉRCIO DE VEÍCULOS AUTOMOTORES,45,COMÉRCIO E REPARAÇÃO DE VEÍCULOS AUTOMOTORES E MOTOCICLETAS,G,COMÉRCIO; REPARAÇÃO DE VEÍCULOS AUTOMOTORES E MOTOCICLETAS
4511105,COMÉRCIO POR ATACADO DE REBOQUES E SEMI REBOQUES NOVOS E USADOS,45111,COMÉRCIO A VAREJO E POR ATACADO DE VEÍCULOS AUTOMOTORES,451,COMÉRCIO DE VEÍCULOS AUTOMOTORES,45,COMÉRCIO E REPARAÇÃO DE VEÍCULOS AUTOMOTORES E MOTOCICLETAS,G,COMÉRCIO; REPARAÇÃO DE VEÍCULOS AUTOMOTORES E MOTOCICLETAS
4511106,COMÉRCIO POR ATACADO DE ÔNIBUS E MICROÔNIBUS NOVOS E USADOS,45111,COMÉRCIO A VAREJO E POR ATACADO DE VEÍCULOS AUTOMOTORES,451,COMÉRCIO DE VEÍCULOS AUTOMOTORES,45,COMÉRCIO E REPARAÇÃO DE VEÍCULOS AUTOMOTORES E MOTOCICLETAS,G,COMÉRCIO; REPARAÇÃO DE VEÍCULOS AUTOMOTORES E MOTOCICLETAS
4512901,REPRESENTANTES COMERCIAIS E AGENTES DO COMÉRCIO DE VEÍCULOS AUTOMOTORES,45129,REPRESENTANTES COMERCIAIS E AGENTES DO COMÉRCIO DE VEÍCULOS AUTOMOTORES,451,COMÉRCIO DE VEÍCULOS AUTOMOTORES,45,COMÉRCIO E REPARAÇÃO DE VEÍCULOS AUTOMOTORES E MOTOCICLETAS,G,COMÉRCIO; REPARAÇÃO DE VEÍCULOS AUTOMOTORES E MOTOCICLETAS
4512902,COMÉRCIO SOB CONSIGNAÇÃO DE VEÍCULOS AUTOMOTORES,45129,REPRESENTANTES COMERCIAIS E AGENTES DO COMÉRCIO DE VEÍCULOS AUTOMOTORES,451,COMÉRCIO DE VEÍCULOS AUTOMOTORES,45,COMÉRCIO E REPARAÇÃO DE VEÍCULOS AUTOMOTORES E MOTOCICLETAS,G,COMÉRCIO; REPARAÇÃO DE VEÍCULOS AUTOMOTORES E MOTOCICLETAS
4520001,SERVIÇOS DE MANUTENÇÃO E REPARAÇÃO MECÂNICA DE VEÍCULOS AUTOMOTORES,45200,MANUTENÇÃO E REPARAÇÃO DE VEÍCULOS AUTOMOTORES,452,MANUTENÇÃO E REPARAÇÃO DE VEÍCULOS AUTOMOTORES,45,COMÉRCIO E REPARAÇÃO DE VEÍCULOS AUTOMOTORES E MOTOCICLETAS,G,COMÉRCIO; REPARAÇÃO DE VEÍCULOS AUTOMOTORES E MOTOCICLETAS
4520002,SERVIÇOS DE LANTERNAGEM OU FUNILARIA E PINTURA DE VEÍCULOS AUTOMOTORES,45200,MANUTENÇÃO E REPARAÇÃO DE VEÍCULOS AUTOMOTORES,452,MANUTENÇÃO E REPARAÇÃO DE VEÍCULOS AUTOMOTORES,45,COMÉRCIO E REPARAÇÃO DE VEÍCULOS AUTOMOTORES E MOTOCICLETAS,G,COMÉRCIO; REPARAÇÃO DE VEÍCULOS AUTOMOTORES E MOTOCICLETAS
4520003,SERVIÇOS DE MANUTENÇÃO E REPARAÇÃO ELÉTRICA DE VEÍCULOS AUTOMOTORES,45200,MANUTENÇÃO E REPARAÇÃO DE VEÍCULOS AUTOMOTORES,452,MANUTENÇÃO E REPARAÇÃO DE VEÍCULOS AUTOMOTORES,45,COMÉRCIO E REPARAÇÃO DE VEÍCULOS AUTOMOTORES E MOTOCICLETAS,G,COMÉRCIO; REPARAÇÃO DE VEÍCULOS AUTOMOTORES E MOTOCICLETAS
4520004,SERVIÇOS DE ALINHAMENTO E BALANCEAMENTO DE VEÍCULOS AUTOMOTORES,45200,MANUTENÇÃO E REPARAÇÃO DE VEÍCULOS AUTOMOTORES,452,MANUTENÇÃO E REPARAÇÃO DE VEÍCULOS AUTOMOTORES,45,COMÉRCIO E REPARAÇÃO DE VEÍCULOS AUTOMOTORES E MOTOCICLETAS,G,COMÉRCIO; REPARAÇÃO DE VEÍCULOS AUTOMOTORES E MOTOCICLETAS
4520005,"SERVIÇOS DE LAVAGEM, LUBRIFICAÇÃO E POLIMENTO DE VEÍCULOS AUTOMOTORES",45200,MANUTENÇÃO E REPARAÇÃO DE VEÍCULOS AUTOMOTORES,452,MANUTENÇÃO E REPARAÇÃO DE VEÍCULOS AUTOMOTORES,45,COMÉRCIO E REPARAÇÃO DE VEÍCULOS AUTOMOTORES E MOTOCICLETAS,G,COMÉRCIO; REPARAÇÃO DE VEÍCULOS AUTOMOTORES E MOTOCICLETAS
4520006,SERVIÇOS DE BORRACHARIA PARA VEÍCULOS AUTOMOTORES,45200,MANUTENÇÃO E REPARAÇÃO DE VEÍCULOS AUTOMOTORES,452,MANUTENÇÃO E REPARAÇÃO DE VEÍCULOS AUTOMOTORES,45,COMÉRCIO E REPARAÇÃO DE VEÍCULOS AUTOMOTORES E MOTOCICLETAS,G,COMÉRCIO; REPARAÇÃO DE VEÍCULOS AUTOMOTORES E MOTOCICLETAS
4520007,"SERVIÇOS DE INSTALAÇÃO, MANUTENÇÃO E REPARAÇÃO DE ACESSÓRIOS PARA VEÍCULOS AUTOMOTORES",45200,MANUTENÇÃO E REPARAÇÃO DE VEÍCULOS AUTOMOTORES,452,MANUTENÇÃO E REPARAÇÃO DE VEÍCULOS AUTOMOTORES,45,COMÉRCIO E REPARAÇÃO DE VEÍCULOS AUTOMOTORES E MOTOCICLETAS,G,COMÉRCIO; REPARAÇÃO DE VEÍCULOS AUTOMOTORES E MOTOCICLETAS
4520008,SERVIÇOS DE CAPOTARIA,45200,MANUTENÇÃO E REPARAÇÃO DE VEÍCULOS AUTOMOTORES,452,MANUTENÇÃO E REPARAÇÃO DE VEÍCULOS AUTOMOTORES,45,COMÉRCIO E REPARAÇÃO DE VEÍCULOS AUTOMOTORES E MOTOCICLETAS,G,COMÉRCIO; REPARAÇÃO DE VEÍCULOS AUTOMOTORES E MOTOCICLETAS
4530701,COMÉRCIO POR ATACADO DE PEÇAS E ACESSÓRIOS NOVOS PARA VEÍCULOS AUTOMOTORES,45307,COMÉRCIO DE PEÇAS E ACESSÓRIOS PARA VEÍCULOS AUTOMOTORES,453,COMÉRCIO DE PEÇAS E ACESSÓRIOS PARA VEÍCULOS AUTOMOTORES,45,COMÉRCIO E REPARAÇÃO DE VEÍCULOS AUTOMOTORES E MOTOCICLETAS,G,COMÉRCIO; REPARAÇÃO DE VEÍCULOS AUTOMOTORES E MOTOCICLETAS
4530702,COMÉRCIO POR ATACADO DE PNEUMÁTICOS E CÂMARAS DE AR,45307,COMÉRCIO DE PEÇAS E ACESSÓRIOS PARA VEÍCULOS AUTOMOTORES,453,COMÉRCIO DE PEÇAS E ACESSÓRIOS PARA VEÍCULOS AUTOMOTORES,45,COMÉRCIO E REPARAÇÃO DE VEÍCULOS AUTOMOTORES E MOTOCICLETAS,G,COMÉRCIO; REPARAÇÃO DE VEÍCULOS AUTOMOTORES E MOTOCICLETAS
4530703,COMÉRCIO A VAREJO DE PEÇAS E ACESSÓRIOS NOVOS PARA VEÍCULOS AUTOMOTORES,45307,COMÉRCIO DE PEÇAS E ACESSÓRIOS PARA VEÍCULOS AUTOMOTORES,453,COMÉRCIO DE PEÇAS E ACESSÓRIOS PARA VEÍCULOS AUTOMOTORES,45,COMÉRCIO E REPARAÇÃO DE VEÍCULOS AUTOMOTORES E MOTOCICLETAS,G,COMÉRCIO; REPARAÇÃO DE VEÍCULOS AUTOMOTORES E MOTOCICLETAS
4530704,COMÉRCIO A VAREJO DE PEÇAS E ACESSÓRIOS USADOS PARA VEÍCULOS AUTOMOTORES,45307,COMÉRCIO DE PEÇAS E ACESSÓRIOS PARA VEÍCULOS AUTOMOTORES,453,COMÉRCIO DE PEÇAS E ACESSÓRIOS PARA VEÍCULOS AUTOMOTORES,45,COMÉRCIO E REPARAÇÃO DE VEÍCULOS AUTOMOTORES E MOTOCICLETAS,G,COMÉRCIO; REPARAÇÃO DE VEÍCULOS AUTOMOTORES E MOTOCICLETAS
4530705,COMÉRCIO A VAREJO DE PNEUMÁTICOS E CÂMARAS DE AR,45307,COMÉRCIO DE PEÇAS E ACESSÓRIOS PARA VEÍCULOS AUTOMOTORES,453,COMÉRCIO DE PEÇAS E ACESSÓRIOS PARA VEÍCULOS AUTOMOTORES,45,COMÉRCIO E REPARAÇÃO DE VEÍCULOS AUTOMOTORES E MOTOCICLETAS,G,COMÉRCIO; REPARAÇÃO DE VEÍCULOS AUTOMOTORES E MOTOCICLETAS
4530706,REPRESENTANTES COMERCIAIS E AGENTES DO COMÉRCIO DE PEÇAS E ACESSÓRIOS NOVOS E USADOS PARA VEÍCULOS AUTOMOTORES,45307,COMÉRCIO DE PEÇAS E ACESSÓRIOS PARA VEÍCULOS AUTOMOTORES,453,COMÉRCIO DE PEÇAS E ACESSÓRIOS PARA VEÍCULOS AUTOMOTORES,45,COMÉRCIO E REPARAÇÃO DE VEÍCULOS AUTOMOTORES E MOTOCICLETAS,G,COMÉRCIO; REPARAÇÃO DE VEÍCULOS AUTOMOTORES E MOTOCICLETAS
4541201,COMÉRCIO POR ATACADO DE MOTOCICLETAS E MOTONETAS,45412,"COMÉRCIO POR ATACADO E A VAREJO DE MOTOCICLETAS, PEÇAS E ACESSÓRIOS",454,"COMÉRCIO, MANUTENÇÃO E REPARAÇÃO DE MOTOCICLETAS, PEÇAS E ACESSÓRIOS",45,COMÉRCIO E REPARAÇÃO DE VEÍCULOS AUTOMOTORES E MOTOCICLETAS,G,COMÉRCIO; REPARAÇÃO DE VEÍCULOS AUTOMOTORES E MOTOCICLETAS
4541202,COMÉRCIO POR ATACADO DE PEÇAS E ACESSÓRIOS PARA MOTOCICLETAS E MOTONETAS,45412,"COMÉRCIO POR ATACADO E A VAREJO DE MOTOCICLETAS, PEÇAS E ACESSÓRIOS",454,"COMÉRCIO, MANUTENÇÃO E REPARAÇÃO DE MOTOCICLETAS, PEÇAS E ACESSÓRIOS",45,COMÉRCIO E REPARAÇÃO DE VEÍCULOS AUTOMOTORES E MOTOCICLETAS,G,COMÉRCIO; REPARAÇÃO DE VEÍCULOS AUTOMOTORES E MOTOCICLETAS
4541203,COMÉRCIO A VAREJO DE MOTOCICLETAS E MOTONETAS NOVAS,45412,"COMÉRCIO POR ATACADO E A VAREJO DE MOTOCICLETAS, PEÇAS E ACESSÓRIOS",454,"COMÉRCIO, MANUTENÇÃO E REPARAÇÃO DE MOTOCICLETAS, PEÇAS E ACESSÓRIOS",45,COMÉRCIO E REPARAÇÃO DE VEÍCULOS AUTOMOTORES E MOTOCICLETAS,G,COMÉRCIO; REPARAÇÃO DE VEÍCULOS AUTOMOTORES E MOTOCICLETAS
4541204,COMÉRCIO A VAREJO DE MOTOCICLETAS E MOTONETAS USADAS,45412,"COMÉRCIO POR ATACADO E A VAREJO DE MOTOCICLETAS, PEÇAS E ACESSÓRIOS",454,"COMÉRCIO, MANUTENÇÃO E REPARAÇÃO DE MOTOCICLETAS, PEÇAS E ACESSÓRIOS",45,COMÉRCIO E REPARAÇÃO DE VEÍCULOS AUTOMOTORES E MOTOCICLETAS,G,COMÉRCIO; REPARAÇÃO DE VEÍCULOS AUTOMOTORES E MOTOCICLETAS
4541206,COMÉRCIO A VAREJO DE PEÇAS E ACESSÓRIOS NOVOS PARA MOTOCICLETAS E MOTONETAS,45412,"COMÉRCIO POR ATACADO E A VAREJO DE MOTOCICLETAS, PEÇAS E ACESSÓRIOS",454,"COMÉRCIO, MANUTENÇÃO E REPARAÇÃO DE MOTOCICLETAS, PEÇAS E ACESSÓRIOS",45,COMÉRCIO E REPARAÇÃO DE VEÍCULOS AUTOMOTORES E MOTOCICLETAS,G,COMÉRCIO; REPARAÇÃO DE VEÍCULOS AUTOMOTORES E MOTOCICLETAS
4541207,COMÉRCIO A VAREJO DE PEÇAS E ACESSÓRIOS USADOS PARA MOTOCICLETAS E MOTONETAS,45412,"COMÉRCIO POR ATACADO E A VAREJO DE MOTOCICLETAS, PEÇAS E ACESSÓRIOS",454,"COMÉRCIO, MANUTENÇÃO E REPARAÇÃO DE MOTOCICLETAS, PEÇAS E ACESSÓRIOS",45,COMÉRCIO E REPARAÇÃO DE VEÍCULOS AUTOMOTORES E MOTOCICLETAS,G,COMÉRCIO; REPARAÇÃO DE VEÍCULOS AUTOMOTORES E MOTOCICLETAS
4542101,"REPRESENTANTES COMERCIAIS E AGENTES DO COMÉRCIO DE MOTOCICLETAS E MOTONETAS, PEÇAS E ACESSÓRIOS",45421,"REPRESENTANTES COMERCIAIS E AGENTES DO COMÉRCIO DE MOTOCICLETAS, PEÇAS E ACESSÓRIOS",454,"COMÉRCIO, MANUTENÇÃO E REPARAÇÃO DE MOTOCICLETAS, PEÇAS E ACESSÓRIOS",45,COMÉRCIO E REPARAÇÃO DE VEÍCULOS AUTOMOTORES E MOTOCICLETAS,G,COMÉRCIO; REPARAÇÃO DE VEÍCULOS AUTOMOTORES E MOTOCICLETAS
4542102,COMÉRCIO SOB CONSIGNAÇÃO DE MOTOCICLETAS E MOTONETAS,45421,"REPRESENTANTES COMERCIAIS E AGENTES DO COMÉRCIO DE MOTOCICLETAS, PEÇAS E ACESSÓRIOS",454,"COMÉRCIO, MANUTENÇÃO E REPARAÇÃO DE MOTOCICLETAS, PEÇAS E ACESSÓRIOS",45,COMÉRCIO E REPARAÇÃO DE VEÍCULOS AUTOMOTORES E MOTOCICLETAS,G,COMÉRCIO; REPARAÇÃO DE VEÍCULOS AUTOMOTORES E MOTOCICLETAS
4543900,MANUTENÇÃO E REPARAÇÃO DE MOTOCICLETAS E MOTONETAS,45439,MANUTENÇÃO E REPARAÇÃO DE MOTOCICLETAS,454,"COMÉRCIO, MANUTENÇÃO E REPARAÇÃO DE MOTOCICLETAS, PEÇAS E ACESSÓRIOS",45,COMÉRCIO E REPARAÇÃO DE VEÍCULOS AUTOMOTORES E MOTOCICLETAS,G,COMÉRCIO; REPARAÇÃO DE VEÍCULOS AUTOMOTORES E MOTOCICLETAS
4611700,REPRESENTANTES COMERCIAIS E AGENTES DO COMÉRCIO DE MATÉRIAS PRIMAS AGRÍCOLAS E ANIMAIS VIVOS,46117,REPRESENTANTES COMERCIAIS E AGENTES DO COMÉRCIO DE MATÉRIAS-PRIMAS AGRÍCOLAS E ANIMAIS VIVOS,461,"REPRESENTANTES COMERCIAIS E AGENTES DO COMÉRCIO, EXCETO DE VEÍCULOS AUTOMOTORES E MOTOCICLETAS",46,"COMÉRCIO POR ATACADO, EXCETO VEÍCULOS AUTOMOTORES E MOTOCICLETAS",G,COMÉRCIO; REPARAÇÃO DE VEÍCULOS AUTOMOTORES E MOTOCICLETAS
4612500,"REPRESENTANTES COMERCIAIS E AGENTES DO COMÉRCIO DE COMBUSTÍVEIS, MINERAIS, PRODUTOS SIDERÚRGICOS E QUÍMICOS",46125,"REPRESENTANTES COMERCIAIS E AGENTES DO COMÉRCIO DE COMBUSTÍVEIS, MINERAIS, PRODUTOS SIDERÚRGICOS E QUÍMICOS",461,"REPRESENTANTES COMERCIAIS E AGENTES DO COMÉRCIO, EXCETO DE VEÍCULOS AUTOMOTORES E MOTOCICLETAS",46,"COMÉRCIO POR ATACADO, EXCETO VEÍCULOS AUTOMOTORES E MOTOCICLETAS",G,COMÉRCIO; REPARAÇÃO DE VEÍCULOS AUTOMOTORES E MOTOCICLETAS
4613300,"REPRESENTANTES COMERCIAIS E AGENTES DO COMÉRCIO DE MADEIRA, MATERIAL DE CONSTRUÇÃO E FERRAGENS",46133,"REPRESENTANTES COMERCIAIS E AGENTES DO COMÉRCIO DE MADEIRA, MATERIAL DE CONSTRUÇÃO E FERRAGENS",461,"REPRESENTANTES COMERCIAIS E AGENTES DO COMÉRCIO, EXCETO DE VEÍCULOS AUTOMOTORES E MOTOCICLETAS",46,"COMÉRCIO POR ATACADO, EXCETO VEÍCULOS AUTOMOTORES E MOTOCICLETAS",G,COMÉRCIO; REPARAÇÃO DE VEÍCULOS AUTOMOTORES E MOTOCICLETAS
4614100,"REPRESENTANTES COMERCIAIS E AGENTES DO COMÉRCIO DE MÁQUINAS, EQUIPAMENTOS, EMBARCAÇÕES E AERONAVES",46141,"REPRESENTANTES COMERCIAIS E AGENTES DO COMÉRCIO DE MÁQUINAS, EQUIPAMENTOS, EMBARCAÇÕES E AERONAVES",461,"REPRESENTANTES COMERCIAIS E AGENTES DO COMÉRCIO, EXCETO DE VEÍCULOS AUTOMOTORES E MOTOCICLETAS",46,"COMÉRCIO POR ATACADO, EXCETO VEÍCULOS AUTOMOTORES E MOTOCICLETAS",G,COMÉRCIO; REPARAÇÃO DE VEÍCULOS AUTOMOTORES E MOTOCICLETAS
4615000,"REPRESENTANTES COMERCIAIS E AGENTES DO COMÉRCIO DE ELETRODOMÉSTICOS, MÓVEIS E ARTIGOS DE USO DOMÉSTICO",46150,"REPRESENTANTES COMERCIAIS E AGENTES DO COMÉRCIO DE ELETRODOMÉSTICOS, MÓVEIS E ARTIGOS DE USO DOMÉSTICO",461,"REPRESENTANTES COMERCIAIS E AGENTES DO COMÉRCIO, EXCETO DE VEÍCULOS AUTOMOTORES E MOTOCICLETAS",46,"COMÉRCIO POR ATACADO, EXCETO VEÍCULOS AUTOMOTORES E MOTOCICLETAS",G,COMÉRCIO; REPARAÇÃO DE VEÍCULOS AUTOMOTORES E MOTOCICLETAS
4616800,"REPRESENTANTES COMERCIAIS E AGENTES DO COMÉRCIO DE TÊXTEIS, VESTUÁRIO, CALÇADOS E ARTIGOS DE VIAGEM",46168,"REPRESENTANTES COMERCIAIS E AGENTES DO COMÉRCIO DE TÊXTEIS, VESTUÁRIO, CALÇADOS E ARTIGOS DE VIAGEM",461,"REPRESENTANTES COMERCIAIS E AGENTES DO COMÉRCIO, EXCETO DE VEÍCULOS AUTOMOTORES E MOTOCICLETAS",46,"COMÉRCIO POR ATACADO, EXCETO VEÍCULOS AUTOMOTORES E MOTOCICLETAS",G,COMÉRCIO; REPARAÇÃO DE VEÍCULOS AUTOMOTORES E MOTOCICLETAS
4617600,"REPRESENTANTES COMERCIAIS E AGENTES DO COMÉRCIO DE PRODUTOS ALIMENTÍCIOS, BEBIDAS E FUMO",46176,"REPRESENTANTES COMERCIAIS E AGENTES DO COMÉRCIO DE PRODUTOS ALIMENTÍCIOS, BEBIDAS E FUMO",461,"REPRESENTANTES COMERCIAIS E AGENTES DO COMÉRCIO, EXCETO DE VEÍCULOS AUTOMOTORES E MOTOCICLETAS",46,"COMÉRCIO POR ATACADO, EXCETO VEÍCULOS AUTOMOTORES E MOTOCICLETAS",G,COMÉRCIO; REPARAÇÃO DE VEÍCULOS AUTOMOTORES E MOTOCICLETAS
4618401,"REPRESENTANTES COMERCIAIS E AGENTES DO COMÉRCIO DE MEDICAMENTOS, COSMÉTICOS E PRODUTOS DE PERFUMARIA",46184,REPRESENTANTES COMERCIAIS E AGENTES DO COMÉRCIO ESPECIALIZADO EM PRODUTOS NÃO ESPECIFICADOS ANTERIORMENTE,461,"REPRESENTANTES COMERCIAIS E AGENTES DO COMÉRCIO, EXCETO DE VEÍCULOS AUTOMOTORES E MOTOCICLETAS",46,"COMÉRCIO POR ATACADO, EXCETO VEÍCULOS AUTOMOTORES E MOTOCICLETAS",G,COMÉRCIO; REPARAÇÃO DE VEÍCULOS AUTOMOTORES E MOTOCICLETAS
4618402,REPRESENTANTES COMERCIAIS E AGENTES DO COMÉRCIO DE INSTRUMENTOS E MATERIAIS ODONTO MÉDICO HOSPITALARES,46184,REPRESENTANTES COMERCIAIS E AGENTES DO COMÉRCIO ESPECIALIZADO EM PRODUTOS NÃO ESPECIFICADOS ANTERIORMENTE,461,"REPRESENTANTES COMERCIAIS E AGENTES DO COMÉRCIO, EXCETO DE VEÍCULOS AUTOMOTORES E MOTOCICLETAS",46,"COMÉRCIO POR ATACADO, EXCETO VEÍCULOS AUTOMOTORES E MOTOCICLETAS",G,COMÉRCIO; REPARAÇÃO DE VEÍCULOS AUTOMOTORES E MOTOCICLETAS
4618403,"REPRESENTANTES COMERCIAIS E AGENTES DO COMÉRCIO DE JORNAIS, REVISTAS E OUTRAS PUBLICAÇÕES",46184,REPRESENTANTES COMERCIAIS E AGENTES DO COMÉRCIO ESPECIALIZADO EM PRODUTOS NÃO ESPECIFICADOS ANTERIORMENTE,461,"REPRESENTANTES COMERCIAIS E AGENTES DO COMÉRCIO, EXCETO DE VEÍCULOS AUTOMOTORES E MOTOCICLETAS",46,"COMÉRCIO POR ATACADO, EXCETO VEÍCULOS AUTOMOTORES E MOTOCICLETAS",G,COMÉRCIO; REPARAÇÃO DE VEÍCULOS AUTOMOTORES E MOTOCICLETAS
4618499,OUTROS REPRESENTANTES COMERCIAIS E AGENTES DO COMÉRCIO ESPECIALIZADO EM PRODUTOS NÃO ESPECIFICADOS ANTERIORMENTE,46184,REPRESENTANTES COMERCIAIS E AGENTES DO COMÉRCIO ESPECIALIZADO EM PRODUTOS NÃO ESPECIFICADOS ANTERIORMENTE,461,"REPRESENTANTES COMERCIAIS E AGENTES DO COMÉRCIO, EXCETO DE VEÍCULOS AUTOMOTORES E MOTOCICLETAS",46,"COMÉRCIO POR ATACADO, EXCETO VEÍCULOS AUTOMOTORES E MOTOCICLETAS",G,COMÉRCIO; REPARAÇÃO DE VEÍCULOS AUTOMOTORES E MOTOCICLETAS
4619200,REPRESENTANTES COMERCIAIS E AGENTES DO COMÉRCIO DE MERCADORIAS EM GERAL NÃO ESPECIALIZADO,46192,REPRESENTANTES COMERCIAIS E AGENTES DO COMÉRCIO DE MERCADORIAS EM GERAL NÃO ESPECIALIZADO,461,"REPRESENTANTES COMERCIAIS E AGENTES DO COMÉRCIO, EXCETO DE VEÍCULOS AUTOMOTORES E MOTOCICLETAS",46,"COMÉRCIO POR ATACADO, EXCETO VEÍCULOS AUTOMOTORES E MOTOCICLETAS",G,COMÉRCIO; REPARAÇÃO DE VEÍCULOS AUTOMOTORES E MOTOCICLETAS
4621400,COMÉRCIO ATACADISTA DE CAFÉ EM GRÃO,46214,COMÉRCIO ATACADISTA DE CAFÉ EM GRÃO,462,COMÉRCIO ATACADISTA DE MATÉRIAS-PRIMAS AGRÍCOLAS E ANIMAIS VIVOS,46,"COMÉRCIO POR ATACADO, EXCETO VEÍCULOS AUTOMOTORES E MOTOCICLETAS",G,COMÉRCIO; REPARAÇÃO DE VEÍCULOS AUTOMOTORES E MOTOCICLETAS
4622200,COMÉRCIO ATACADISTA DE SOJA,46222,COMÉRCIO ATACADISTA DE SOJA,462,COMÉRCIO ATACADISTA DE MATÉRIAS-PRIMAS AGRÍCOLAS E ANIMAIS VIVOS,46,"COMÉRCIO POR ATACADO, EXCETO VEÍCULOS AUTOMOTORES E MOTOCICLETAS",G,COMÉRCIO; REPARAÇÃO DE VEÍCULOS AUTOMOTORES E MOTOCICLETAS
4623101,COMÉRCIO ATACADISTA DE ANIMAIS VIVOS,46231,"COMÉRCIO ATACADISTA DE ANIMAIS VIVOS, ALIMENTOS PARA ANIMAIS E MATÉRIAS-PRIMAS AGRÍCOLAS, EXCETO CAFÉ E SOJA",462,COMÉRCIO ATACADISTA DE MATÉRIAS-PRIMAS AGRÍCOLAS E ANIMAIS VIVOS,46,"COMÉRCIO POR ATACADO, EXCETO VEÍCULOS AUTOMOTORES E MOTOCICLETAS",G,COMÉRCIO; REPARAÇÃO DE VEÍCULOS AUTOMOTORES E MOTOCICLETAS
4623102,"COMÉRCIO ATACADISTA DE COUROS, LÃS, PELES E OUTROS SUBPRODUTOS NÃO COMESTÍVEIS DE ORIGEM ANIMAL",46231,"COMÉRCIO ATACADISTA DE ANIMAIS VIVOS, ALIMENTOS PARA ANIMAIS E MATÉRIAS-PRIMAS AGRÍCOLAS, EXCETO CAFÉ E SOJA",462,COMÉRCIO ATACADISTA DE MATÉRIAS-PRIMAS AGRÍCOLAS E ANIMAIS VIVOS,46,"COMÉRCIO POR ATACADO, EXCETO VEÍCULOS AUTOMOTORES E MOTOCICLETAS",G,COMÉRCIO; REPARAÇÃO DE VEÍCULOS AUTOMOTORES E MOTOCICLETAS
4623103,COMÉRCIO ATACADISTA DE ALGODÃO,46231,"COMÉRCIO ATACADISTA DE ANIMAIS VIVOS, ALIMENTOS PARA ANIMAIS E MATÉRIAS-PRIMAS AGRÍCOLAS, EXCETO CAFÉ E SOJA",462,COMÉRCIO ATACADISTA DE MATÉRIAS-PRIMAS AGRÍCOLAS E ANIMAIS VIVOS,46,"COMÉRCIO POR ATACADO, EXCETO VEÍCULOS AUTOMOTORES E MOTOCICLETAS",G,COMÉRCIO; REPARAÇÃO DE VEÍCULOS AUTOMOTORES E MOTOCICLETAS
4623104,COMÉRCIO ATACADISTA DE FUMO EM FOLHA NÃO BENEFICIADO,46231,"COMÉRCIO ATACADISTA DE ANIMAIS VIVOS, ALIMENTOS PARA ANIMAIS E MATÉRIAS-PRIMAS AGRÍCOLAS, EXCETO CAFÉ E SOJA",462,COMÉRCIO ATACADISTA DE MATÉRIAS-PRIMAS AGRÍCOLAS E ANIMAIS VIVOS,46,"COMÉRCIO POR ATACADO, EXCETO VEÍCULOS AUTOMOTORES E MOTOCICLETAS",G,COMÉRCIO; REPARAÇÃO DE VEÍCULOS AUTOMOTORES E MOTOCICLETAS
4623105,COMÉRCIO ATACADISTA DE CACAU,46231,"COMÉRCIO ATACADISTA DE ANIMAIS VIVOS, ALIMENTOS PARA ANIMAIS E MATÉRIAS-PRIMAS AGRÍCOLAS, EXCETO CAFÉ E SOJA",462,COMÉRCIO ATACADISTA DE MATÉRIAS-PRIMAS AGRÍCOLAS E ANIMAIS VIVOS,46,"COMÉRCIO POR ATACADO, EXCETO VEÍCULOS AUTOMOTORES E MOTOCICLETAS",G,COMÉRCIO; REPARAÇÃO DE VEÍCULOS AUTOMOTORES E MOTOCICLETAS
4623106,"COMÉRCIO ATACADISTA DE SEMENTES, FLORES, PLANTAS E GRAMAS",46231,"COMÉRCIO ATACADISTA DE ANIMAIS VIVOS, ALIMENTOS PARA ANIMAIS E MATÉRIAS-PRIMAS AGRÍCOLAS, EXCETO CAFÉ E SOJA",462,COMÉRCIO ATACADISTA DE MATÉRIAS-PRIMAS AGRÍCOLAS E ANIMAIS VIVOS,46,"COMÉRCIO POR ATACADO, EXCETO VEÍCULOS AUTOMOTORES E MOTOCICLETAS",G,COMÉRCIO; REPARAÇÃO DE VEÍCULOS AUTOMOTORES E MOTOCICLETAS
4623107,COMÉRCIO ATACADISTA DE SISAL,46231,"COMÉRCIO ATACADISTA DE ANIMAIS VIVOS, ALIMENTOS PARA ANIMAIS E MATÉRIAS-PRIMAS AGRÍCOLAS, EXCETO CAFÉ E SOJA",462,COMÉRCIO ATACADISTA DE MATÉRIAS-PRIMAS AGRÍCOLAS E ANIMAIS VIVOS,46,"COMÉRCIO POR ATACADO, EXCETO VEÍCULOS AUTOMOTORES E MOTOCICLETAS",G,COMÉRCIO; REPARAÇÃO DE VEÍCULOS AUTOMOTORES E MOTOCICLETAS
4623108,COMÉRCIO ATACADISTA DE MATÉRIAS PRIMAS AGRÍCOLAS COM ATIVIDADE DE FRACIONAMENTO E ACONDICIONAMENTO ASSOCIADA,46231,"COMÉRCIO ATACADISTA DE ANIMAIS VIVOS, ALIMENTOS PARA ANIMAIS E MATÉRIAS-PRIMAS AGRÍCOLAS, EXCETO CAFÉ E SOJA",462,COMÉRCIO ATACADISTA DE MATÉRIAS-PRIMAS AGRÍCOLAS E ANIMAIS VIVOS,46,"COMÉRCIO POR ATACADO, EXCETO VEÍCULOS AUTOMOTORES E MOTOCICLETAS",G,COMÉRCIO; REPARAÇÃO DE VEÍCULOS AUTOMOTORES E MOTOCICLETAS
4623109,COMÉRCIO ATACADISTA DE ALIMENTOS PARA ANIMAIS,46231,"COMÉRCIO ATACADISTA DE ANIMAIS VIVOS, ALIMENTOS PARA ANIMAIS E MATÉRIAS-PRIMAS AGRÍCOLAS, EXCETO CAFÉ E SOJA",462,COMÉRCIO ATACADISTA DE MATÉRIAS-PRIMAS AGRÍCOLAS E ANIMAIS VIVOS,46,"COMÉRCIO POR ATACADO, EXCETO VEÍCULOS AUTOMOTORES E MOTOCICLETAS",G,COMÉRCIO; REPARAÇÃO DE VEÍCULOS AUTOMOTORES E MOTOCICLETAS
4623199,COMÉRCIO ATACADISTA DE MATÉRIAS PRIMAS AGRÍCOLAS NÃO ESPECIFICADAS ANTERIORMENTE,46231,"COMÉRCIO ATACADISTA DE ANIMAIS VIVOS, ALIMENTOS PARA ANIMAIS E MATÉRIAS-PRIMAS AGRÍCOLAS, EXCETO CAFÉ E SOJA",462,COMÉRCIO ATACADISTA DE MATÉRIAS-PRIMAS AGRÍCOLAS E ANIMAIS VIVOS,46,"COMÉRCIO POR ATACADO, EXCETO VEÍCULOS AUTOMOTORES E MOTOCICLETAS",G,COMÉRCIO; REPARAÇÃO DE VEÍCULOS AUTOMOTORES E MOTOCICLETAS
4631100,COMÉRCIO ATACADISTA DE LEITE E LATICÍNIOS,46311,COMÉRCIO ATACADISTA DE LEITE E LATICÍNIOS,463,"COMÉRCIO ATACADISTA ESPECIALIZADO EM PRODUTOS ALIMENTÍCIOS, BEBIDAS E FUMO",46,"COMÉRCIO POR ATACADO, EXCETO VEÍCULOS AUTOMOTORES E MOTOCICLETAS",G,COMÉRCIO; REPARAÇÃO DE VEÍCULOS AUTOMOTORES E MOTOCICLETAS
4632001,COMÉRCIO ATACADISTA DE CEREAIS E LEGUMINOSAS BENEFICIADOS,46320,"COMÉRCIO ATACADISTA DE CEREAIS E LEGUMINOSAS BENEFICIADOS, FARINHAS, AMIDOS E FÉCULAS",463,"COMÉRCIO ATACADISTA ESPECIALIZADO EM PRODUTOS ALIMENTÍCIOS, BEBIDAS E FUMO",46,"COMÉRCIO POR ATACADO, EXCETO VEÍCULOS AUTOMOTORES E MOTOCICLETAS",G,COMÉRCIO; REPARAÇÃO DE VEÍCULOS AUTOMOTORES E MOTOCICLETAS
4632002,"COMÉRCIO ATACADISTA DE FARINHAS, AMIDOS E FÉCULAS",46320,"COMÉRCIO ATACADISTA DE CEREAIS E LEGUMINOSAS BENEFICIADOS, FARINHAS, AMIDOS E FÉCULAS",463,"COMÉRCIO ATACADISTA ESPECIALIZADO EM PRODUTOS ALIMENTÍCIOS, BEBIDAS E FUMO",46,"COMÉRCIO POR ATACADO, EXCETO VEÍCULOS AUTOMOTORES E MOTOCICLETAS",G,COMÉRCIO; REPARAÇÃO DE VEÍCULOS AUTOMOTORES E MOTOCICLETAS
4632003,"COMÉRCIO ATACADISTA DE CEREAIS E LEGUMINOSAS BENEFICIADOS, FARINHAS, AMIDOS E FÉCULAS, COM ATIVIDADE DE FRACIONAMENTO E ACONDICIONAMENTO ASSOCIADA",46320,"COMÉRCIO ATACADISTA DE CEREAIS E LEGUMINOSAS BENEFICIADOS, FARINHAS, AMIDOS E FÉCULAS",463,"COMÉRCIO ATACADISTA ESPECIALIZADO EM PRODUTOS ALIMENTÍCIOS, BEBIDAS E FUMO",46,"COMÉRCIO POR ATACADO, EXCETO VEÍCULOS AUTOMOTORES E MOTOCICLETAS",G,COMÉRCIO; REPARAÇÃO DE VEÍCULOS AUTOMOTORES E MOTOCICLETAS
4633801,"COMÉRCIO ATACADISTA DE FRUTAS, VERDURAS, RAÍZES, TUBÉRCULOS, HORTALIÇAS E LEGUMES FRESCOS",46338,COMÉRCIO ATACADISTA DE HORTIFRUTIGRANJEIROS,463,"COMÉRCIO ATACADISTA ESPECIALIZADO EM PRODUTOS ALIMENTÍCIOS, BEBIDAS E FUMO",46,"COMÉRCIO POR ATACADO, EXCETO VEÍCULOS AUTOMOTORES E MOTOCICLETAS",G,COMÉRCIO; REPARAÇÃO DE VEÍCULOS AUTOMOTORES E MOTOCICLETAS
4633802,COMÉRCIO ATACADISTA DE AVES VIVAS E OVOS,46338,COMÉRCIO ATACADISTA DE HORTIFRUTIGRANJEIROS,463,"COMÉRCIO ATACADISTA ESPECIALIZADO EM PRODUTOS ALIMENTÍCIOS, BEBIDAS E FUMO",46,"COMÉRCIO POR ATACADO, EXCETO VEÍCULOS AUTOMOTORES E MOTOCICLETAS",G,COMÉRCIO; REPARAÇÃO DE VEÍCULOS AUTOMOTORES E MOTOCICLETAS
4633803,COMÉRCIO ATACADISTA DE COELHOS E OUTROS PEQUENOS ANIMAIS VIVOS PARA ALIMENTAÇÃO,46338,COMÉRCIO ATACADISTA DE HORTIFRUTIGRANJEIROS,463,"COMÉRCIO ATACADISTA ESPECIALIZADO EM PRODUTOS ALIMENTÍCIOS, BEBIDAS E FUMO",46,"COMÉRCIO POR ATACADO, EXCETO VEÍCULOS AUTOMOTORES E MOTOCICLETAS",G,COMÉRCIO; REPARAÇÃO DE VEÍCULOS AUTOMOTORES E MOTOCICLETAS
4634601,COMÉRCIO ATACADISTA DE CARNES BOVINAS E SUÍNAS E DERIVADOS,46346,"COMÉRCIO ATACADISTA DE CARNES, PRODUTOS DA CARNE E PESCADO",463,"COMÉRCIO ATACADISTA ESPECIALIZADO EM PRODUTOS ALIMENTÍCIOS, BEBIDAS E FUMO",46,"COMÉRCIO POR ATACADO, EXCETO VEÍCULOS AUTOMOTORES E MOTOCICLETAS",G,COMÉRCIO; REPARAÇÃO DE VEÍCULOS AUTOMOTORES E MOTOCICLETAS
4634602,COMÉRCIO ATACADISTA DE AVES ABATIDAS E DERIVADOS,46346,"COMÉRCIO ATACADISTA DE CARNES, PRODUTOS DA CARNE E PESCADO",463,"COMÉRCIO ATACADISTA ESPECIALIZADO EM PRODUTOS ALIMENTÍCIOS, BEBIDAS E FUMO",46,"COMÉRCIO POR ATACADO, EXCETO VEÍCULOS AUTOMOTORES E MOTOCICLETAS",G,COMÉRCIO; REPARAÇÃO DE VEÍCULOS AUTOMOTORES E MOTOCICLETAS
4634603,COMÉRCIO ATACADISTA DE PESCADOS E FRUTOS DO MAR,46346,"COMÉRCIO ATACADISTA DE CARNES, PRODUTOS DA CARNE E PESCADO",463,"COMÉRCIO ATACADISTA ESPECIALIZADO EM PRODUTOS ALIMENTÍCIOS, BEBIDAS E FUMO",46,"COMÉRCIO POR ATACADO, EXCETO VEÍCULOS AUTOMOTORES E MOTOCICLETAS",G,COMÉRCIO; REPARAÇÃO DE VEÍCULOS AUTOMOTORES E MOTOCICLETAS
4634699,COMÉRCIO ATACADISTA DE CARNES E DERIVADOS DE OUTROS ANIMAIS,46346,"COMÉRCIO ATACADISTA DE CARNES, PRODUTOS DA CARNE E PESCADO",463,"COMÉRCIO ATACADISTA ESPECIALIZADO EM PRODUTOS ALIMENTÍCIOS, BEBIDAS E FUMO",46,"COMÉRCIO POR ATACADO, EXCETO VEÍCULOS AUTOMOTORES E MOTOCICLETAS",G,COMÉRCIO; REPARAÇÃO DE VEÍCULOS AUTOMOTORES E MOTOCICLETAS
4635401,COMÉRCIO ATACADISTA DE ÁGUA MINERAL,46354,COMÉRCIO ATACADISTA DE BEBIDAS,463,"COMÉRCIO ATACADISTA ESPECIALIZADO EM PRODUTOS ALIMENTÍCIOS, BEBIDAS E FUMO",46,"COMÉRCIO POR ATACADO, EXCETO VEÍCULOS AUTOMOTORES E MOTOCICLETAS",G,COMÉRCIO; REPARAÇÃO DE VEÍCULOS AUTOMOTORES E MOTOCICLETAS
4635402,"COMÉRCIO ATACADISTA DE CERVEJA, CHOPE E REFRIGERANTE",46354,COMÉRCIO ATACADISTA DE BEBIDAS,463,"COMÉRCIO ATACADISTA ESPECIALIZADO EM PRODUTOS ALIMENTÍCIOS, BEBIDAS E FUMO",46,"COMÉRCIO POR ATACADO, EXCETO VEÍCULOS AUTOMOTORES E MOTOCICLETAS",G,COMÉRCIO; REPARAÇÃO DE VEÍCULOS AUTOMOTORES E MOTOCICLETAS
4635403,COMÉRCIO ATACADISTA DE BEBIDAS COM ATIVIDADE DE FRACIONAMENTO E ACONDICIONAMENTO ASSOCIADA,46354,COMÉRCIO ATACADISTA DE BEBIDAS,463,"COMÉRCIO ATACADISTA ESPECIALIZADO EM PRODUTOS ALIMENTÍCIOS, BEBIDAS E FUMO",46,"COMÉRCIO POR ATACADO, EXCETO VEÍCULOS AUTOMOTORES E MOTOCICLETAS",G,COMÉRCIO; REPARAÇÃO DE VEÍCULOS AUTOMOTORES E MOTOCICLETAS
4635499,COMÉRCIO ATACADISTA DE BEBIDAS NÃO ESPECIFICADAS ANTERIORMENTE,46354,COMÉRCIO ATACADISTA DE BEBIDAS,463,"COMÉRCIO ATACADISTA ESPECIALIZADO EM PRODUTOS ALIMENTÍCIOS, BEBIDAS E FUMO",46,"COMÉRCIO POR ATACADO, EXCETO VEÍCULOS AUTOMOTORES E MOTOCICLETAS",G,COMÉRCIO; REPARAÇÃO DE VEÍCULOS AUTOMOTORES E MOTOCICLETAS
4636201,COMÉRCIO ATACADISTA DE FUMO BENEFICIADO,46362,COMÉRCIO ATACADISTA DE PRODUTOS DO FUMO,463,"COMÉRCIO ATACADISTA ESPECIALIZADO EM PRODUTOS ALIMENTÍCIOS, BEBIDAS E FUMO",46,"COMÉRCIO POR ATACADO, EXCETO VEÍCULOS AUTOMOTORES E MOTOCICLETAS",G,COMÉRCIO; REPARAÇÃO DE VEÍCULOS AUTOMOTORES E MOTOCICLETAS
4636202,"COMÉRCIO ATACADISTA DE CIGARROS, CIGARRILHAS E CHARUTOS",46362,COMÉRCIO ATACADISTA DE PRODUTOS DO FUMO,463,"COMÉRCIO ATACADISTA ESPECIALIZADO EM PRODUTOS ALIMENTÍCIOS, BEBIDAS E FUMO",46,"COMÉRCIO POR ATACADO, EXCETO VEÍCULOS AUTOMOTORES E MOTOCICLETAS",G,COMÉRCIO; REPARAÇÃO DE VEÍCULOS AUTOMOTORES E MOTOCICLETAS
4637101,"COMÉRCIO ATACADISTA DE CAFÉ TORRADO, MOÍDO E SOLÚVEL",46371,COMÉRCIO ATACADISTA ESPECIALIZADO EM PRODUTOS ALIMENTÍCIOS NÃO ESPECIFICADOS ANTERIORMENTE,463,"COMÉRCIO ATACADISTA ESPECIALIZADO EM PRODUTOS ALIMENTÍCIOS, BEBIDAS E FUMO",46,"COMÉRCIO POR ATACADO, EXCETO VEÍCULOS AUTOMOTORES E MOTOCICLETAS",G,COMÉRCIO; REPARAÇÃO DE VEÍCULOS AUTOMOTORES E MOTOCICLETAS
4637102,COMÉRCIO ATACADISTA DE AÇÚCAR,46371,COMÉRCIO ATACADISTA ESPECIALIZADO EM PRODUTOS ALIMENTÍCIOS NÃO ESPECIFICADOS ANTERIORMENTE,463,"COMÉRCIO ATACADISTA ESPECIALIZADO EM PRODUTOS ALIMENTÍCIOS, BEBIDAS E FUMO",46,"COMÉRCIO POR ATACADO, EXCETO VEÍCULOS AUTOMOTORES E MOTOCICLETAS",G,COMÉRCIO; REPARAÇÃO DE VEÍCULOS AUTOMOTORES E MOTOCICLETAS
4637103,COMÉRCIO ATACADISTA DE ÓLEOS E GORDURAS,46371,COMÉRCIO ATACADISTA ESPECIALIZADO EM PRODUTOS ALIMENTÍCIOS NÃO ESPECIFICADOS ANTERIORMENTE,463,"COMÉRCIO ATACADISTA ESPECIALIZADO EM PRODUTOS ALIMENTÍCIOS, BEBIDAS E FUMO",46,"COMÉRCIO POR ATACADO, EXCETO VEÍCULOS AUTOMOTORES E MOTOCICLETAS",G,COMÉRCIO; REPARAÇÃO DE VEÍCULOS AUTOMOTORES E MOTOCICLETAS
4637104,"COMÉRCIO ATACADISTA DE PÃES, BOLOS, BISCOITOS E SIMILARES",46371,COMÉRCIO ATACADISTA ESPECIALIZADO EM PRODUTOS ALIMENTÍCIOS NÃO ESPECIFICADOS ANTERIORMENTE,463,"COMÉRCIO ATACADISTA ESPECIALIZADO EM PRODUTOS ALIMENTÍCIOS, BEBIDAS E FUMO",46,"COMÉRCIO POR ATACADO, EXCETO VEÍCULOS AUTOMOTORES E MOTOCICLETAS",G,COMÉRCIO; REPARAÇÃO DE VEÍCULOS AUTOMOTORES E MOTOCICLETAS
4637105,COMÉRCIO ATACADISTA DE MASSAS ALIMENTÍCIAS,46371,COMÉRCIO ATACADISTA ESPECIALIZADO EM PRODUTOS ALIMENTÍCIOS NÃO ESPECIFICADOS ANTERIORMENTE,463,"COMÉRCIO ATACADISTA ESPECIALIZADO EM PRODUTOS ALIMENTÍCIOS, BEBIDAS E FUMO",46,"COMÉRCIO POR ATACADO, EXCETO VEÍCULOS AUTOMOTORES E MOTOCICLETAS",G,COMÉRCIO; REPARAÇÃO DE VEÍCULOS AUTOMOTORES E MOTOCICLETAS
4637106,COMÉRCIO ATACADISTA DE SORVETES,46371,COMÉRCIO ATACADISTA ESPECIALIZADO EM PRODUTOS ALIMENTÍCIOS NÃO ESPECIFICADOS ANTERIORMENTE,463,"COMÉRCIO ATACADISTA ESPECIALIZADO EM PRODUTOS ALIMENTÍCIOS, BEBIDAS E FUMO",46,"COMÉRCIO POR ATACADO, EXCETO VEÍCULOS AUTOMOTORES E MOTOCICLETAS",G,COMÉRCIO; REPARAÇÃO DE VEÍCULOS AUTOMOTORES E MOTOCICLETAS
4637107,"COMÉRCIO ATACADISTA DE CHOCOLATES, CONFEITOS, BALAS, BOMBONS E SEMELHANTES",46371,COMÉRCIO ATACADISTA ESPECIALIZADO EM PRODUTOS ALIMENTÍCIOS NÃO ESPECIFICADOS ANTERIORMENTE,463,"COMÉRCIO ATACADISTA ESPECIALIZADO EM PRODUTOS ALIMENTÍCIOS, BEBIDAS E FUMO",46,"COMÉRCIO POR ATACADO, EXCETO VEÍCULOS AUTOMOTORES E MOTOCICLETAS",G,COMÉRCIO; REPARAÇÃO DE VEÍCULOS AUTOMOTORES E MOTOCICLETAS
4637199,COMÉRCIO ATACADISTA ESPECIALIZADO EM OUTROS PRODUTOS ALIMENTÍCIOS NÃO ESPECIFICADOS ANTERIORMENTE,46371,COMÉRCIO ATACADISTA ESPECIALIZADO EM PRODUTOS ALIMENTÍCIOS NÃO ESPECIFICADOS ANTERIORMENTE,463,"COMÉRCIO ATACADISTA ESPECIALIZADO EM PRODUTOS ALIMENTÍCIOS, BEBIDAS E FUMO",46,"COMÉRCIO POR ATACADO, EXCETO VEÍCULOS AUTOMOTORES E MOTOCICLETAS",G,COMÉRCIO; REPARAÇÃO DE VEÍCULOS AUTOMOTORES E MOTOCICLETAS
4639701,COMÉRCIO ATACADISTA DE PRODUTOS ALIMENTÍCIOS EM GERAL,46397,COMÉRCIO ATACADISTA DE PRODUTOS ALIMENTÍCIOS EM GERAL,463,"COMÉRCIO ATACADISTA ESPECIALIZADO EM PRODUTOS ALIMENTÍCIOS, BEBIDAS E FUMO",46,"COMÉRCIO POR ATACADO, EXCETO VEÍCULOS AUTOMOTORES E MOTOCICLETAS",G,COMÉRCIO; REPARAÇÃO DE VEÍCULOS AUTOMOTORES E MOTOCICLETAS
4639702,"COMÉRCIO ATACADISTA DE PRODUTOS ALIMENTÍCIOS EM GERAL, COM ATIVIDADE DE FRACIONAMENTO E ACONDICIONAMENTO ASSOCIADA",46397,COMÉRCIO ATACADISTA DE PRODUTOS ALIMENTÍCIOS EM GERAL,463,"COMÉRCIO ATACADISTA ESPECIALIZADO EM PRODUTOS ALIMENTÍCIOS, BEBIDAS E FUMO",46,"COMÉRCIO POR ATACADO, EXCETO VEÍCULOS AUTOMOTORES E MOTOCICLETAS",G,COMÉRCIO; REPARAÇÃO DE VEÍCULOS AUTOMOTORES E MOTOCICLETAS
4641901,COMÉRCIO ATACADISTA DE TECIDOS,46419,"COMÉRCIO ATACADISTA DE TECIDOS, ARTEFATOS DE TECIDOS E DE ARMARINHO",464,COMÉRCIO ATACADISTA DE PRODUTOS DE CONSUMO NÃO-ALIMENTAR,46,"COMÉRCIO POR ATACADO, EXCETO VEÍCULOS AUTOMOTORES E MOTOCICLETAS",G,COMÉRCIO; REPARAÇÃO DE VEÍCULOS AUTOMOTORES E MOTOCICLETAS
4641902,"COMÉRCIO ATACADISTA DE ARTIGOS DE CAMA, MESA E BANHO",46419,"COMÉRCIO ATACADISTA DE TECIDOS, ARTEFATOS DE TECIDOS E DE ARMARINHO",464,COMÉRCIO ATACADISTA DE PRODUTOS DE CONSUMO NÃO-ALIMENTAR,46,"COMÉRCIO POR ATACADO, EXCETO VEÍCULOS AUTOMOTORES E MOTOCICLETAS",G,COMÉRCIO; REPARAÇÃO DE VEÍCULOS AUTOMOTORES E MOTOCICLETAS
4641903,COMÉRCIO ATACADISTA DE ARTIGOS DE ARMARINHO,46419,"COMÉRCIO ATACADISTA DE TECIDOS, ARTEFATOS DE TECIDOS E DE ARMARINHO",464,COMÉRCIO ATACADISTA DE PRODUTOS DE CONSUMO NÃO-ALIMENTAR,46,"COMÉRCIO POR ATACADO, EXCETO VEÍCULOS AUTOMOTORES E MOTOCICLETAS",G,COMÉRCIO; REPARAÇÃO DE VEÍCULOS AUTOMOTORES E MOTOCICLETAS
4642701,"COMÉRCIO ATACADISTA DE ARTIGOS DO VESTUÁRIO E ACESSÓRIOS, EXCETO PROFISSIONAIS E DE SEGURANÇA",46427,COMÉRCIO ATACADISTA DE ARTIGOS DO VESTUÁRIO E ACESSÓRIOS,464,COMÉRCIO ATACADISTA DE PRODUTOS DE CONSUMO NÃO-ALIMENTAR,46,"COMÉRCIO POR ATACADO, EXCETO VEÍCULOS AUTOMOTORES E MOTOCICLETAS",G,COMÉRCIO; REPARAÇÃO DE VEÍCULOS AUTOMOTORES E MOTOCICLETAS
4642702,COMÉRCIO ATACADISTA DE ROUPAS E ACESSÓRIOS PARA USO PROFISSIONAL E DE SEGURANÇA DO TRABALHO,46427,COMÉRCIO ATACADISTA DE ARTIGOS DO VESTUÁRIO E ACESSÓRIOS,464,COMÉRCIO ATACADISTA DE PRODUTOS DE CONSUMO NÃO-ALIMENTAR,46,"COMÉRCIO POR ATACADO, EXCETO VEÍCULOS AUTOMOTORES E MOTOCICLETAS",G,COMÉRCIO; REPARAÇÃO DE VEÍCULOS AUTOMOTORES E MOTOCICLETAS
4643501,COMÉRCIO ATACADISTA DE CALÇADOS,46435,COMÉRCIO ATACADISTA DE CALÇADOS E ARTIGOS DE VIAGEM,464,COMÉRCIO ATACADISTA DE PRODUTOS DE CONSUMO NÃO-ALIMENTAR,46,"COMÉRCIO POR ATACADO, EXCETO VEÍCULOS AUTOMOTORES E MOTOCICLETAS",G,COMÉRCIO; REPARAÇÃO DE VEÍCULOS AUTOMOTORES E MOTOCICLETAS
4643502,"COMÉRCIO ATACADISTA DE BOLSAS, MALAS E ARTIGOS DE VIAGEM",46435,COMÉRCIO ATACADISTA DE CALÇADOS E ARTIGOS DE VIAGEM,464,COMÉRCIO ATACADISTA DE PRODUTOS DE CONSUMO NÃO-ALIMENTAR,46,"COMÉRCIO POR ATACADO, EXCETO VEÍCULOS AUTOMOTORES E MOTOCICLETAS",G,COMÉRCIO; REPARAÇÃO DE VEÍCULOS AUTOMOTORES E MOTOCICLETAS
4644301,COMÉRCIO ATACADISTA DE MEDICAMENTOS E DROGAS DE USO HUMANO,46443,COMÉRCIO ATACADISTA DE PRODUTOS FARMACÊUTICOS PARA USO HUMANO E VETERINÁRIO,464,COMÉRCIO ATACADISTA DE PRODUTOS DE CONSUMO NÃO-ALIMENTAR,46,"COMÉRCIO POR ATACADO, EXCETO VEÍCULOS AUTOMOTORES E MOTOCICLETAS",G,COMÉRCIO; REPARAÇÃO DE VEÍCULOS AUTOMOTORES E MOTOCICLETAS
4644302,COMÉRCIO ATACADISTA DE MEDICAMENTOS E DROGAS DE USO VETERINÁRIO,46443,COMÉRCIO ATACADISTA DE PRODUTOS FARMACÊUTICOS PARA USO HUMANO E VETERINÁRIO,464,COMÉRCIO ATACADISTA DE PRODUTOS DE CONSUMO NÃO-ALIMENTAR,46,"COMÉRCIO POR ATACADO, EXCETO VEÍCULOS AUTOMOTORES E MOTOCICLETAS",G,COMÉRCIO; REPARAÇÃO DE VEÍCULOS AUTOMOTORES E MOTOCICLETAS
4645101,"COMÉRCIO ATACADISTA DE INSTRUMENTOS E MATERIAIS PARA USO MÉDICO, CIRÚRGICO, HOSPITALAR E DE LABORATÓRIOS",46451,"COMÉRCIO ATACADISTA DE INSTRUMENTOS E MATERIAIS PARA USO MÉDICO, CIRÚRGICO, ORTOPÉDICO E ODONTOLÓGICO",464,COMÉRCIO ATACADISTA DE PRODUTOS DE CONSUMO NÃO-ALIMENTAR,46,"COMÉRCIO POR ATACADO, EXCETO VEÍCULOS AUTOMOTORES E MOTOCICLETAS",G,COMÉRCIO; REPARAÇÃO DE VEÍCULOS AUTOMOTORES E MOTOCICLETAS
4645102,COMÉRCIO ATACADISTA DE PRÓTESES E ARTIGOS DE ORTOPEDIA,46451,"COMÉRCIO ATACADISTA DE INSTRUMENTOS E MATERIAIS PARA USO MÉDICO, CIRÚRGICO, ORTOPÉDICO E ODONTOLÓGICO",464,COMÉRCIO ATACADISTA DE PRODUTOS DE CONSUMO NÃO-ALIMENTAR,46,"COMÉRCIO POR ATACADO, EXCETO VEÍCULOS AUTOMOTORES E MOTOCICLETAS",G,COMÉRCIO; REPARAÇÃO DE VEÍCULOS AUTOMOTORES E MOTOCICLETAS
4645103,COMÉRCIO ATACADISTA DE PRODUTOS ODONTOLÓGICOS,46451,"COMÉRCIO ATACADISTA DE INSTRUMENTOS E MATERIAIS PARA USO MÉDICO, CIRÚRGICO, ORTOPÉDICO E ODONTOLÓGICO",464,COMÉRCIO ATACADISTA DE PRODUTOS DE CONSUMO NÃO-ALIMENTAR,46,"COMÉRCIO POR ATACADO, EXCETO VEÍCULOS AUTOMOTORES E MOTOCICLETAS",G,COMÉRCIO; REPARAÇÃO DE VEÍCULOS AUTOMOTORES E MOTOCICLETAS
4646001,COMÉRCIO ATACADISTA DE COSMÉTICOS E PRODUTOS DE PERFUMARIA,46460,"COMÉRCIO ATACADISTA DE COSMÉTICOS, PRODUTOS DE PERFUMARIA E DE HIGIENE PESSOAL",464,COMÉRCIO ATACADISTA DE PRODUTOS DE CONSUMO NÃO-ALIMENTAR,46,"COMÉRCIO POR ATACADO, EXCETO VEÍCULOS AUTOMOTORES E MOTOCICLETAS",G,COMÉRCIO; REPARAÇÃO DE VEÍCULOS AUTOMOTORES E MOTOCICLETAS
4646002,COMÉRCIO ATACADISTA DE PRODUTOS DE HIGIENE PESSOAL,46460,"COMÉRCIO ATACADISTA DE COSMÉTICOS, PRODUTOS DE PERFUMARIA E DE HIGIENE PESSOAL",464,COMÉRCIO ATACADISTA DE PRODUTOS DE CONSUMO NÃO-ALIMENTAR,46,"COMÉRCIO POR ATACADO, EXCETO VEÍCULOS AUTOMOTORES E MOTOCICLETAS",G,COMÉRCIO; REPARAÇÃO DE VEÍCULOS AUTOMOTORES E MOTOCICLETAS
4647801,COMÉRCIO ATACADISTA DE ARTIGOS DE ESCRITÓRIO E DE PAPELARIA,46478,"COMÉRCIO ATACADISTA DE ARTIGOS DE ESCRITÓRIO E DE PAPELARIA; LIVROS, JORNAIS E OUTRAS PUBLICAÇÕES",464,COMÉRCIO ATACADISTA DE PRODUTOS DE CONSUMO NÃO-ALIMENTAR,46,"COMÉRCIO POR ATACADO, EXCETO VEÍCULOS AUTOMOTORES E MOTOCICLETAS",G,COMÉRCIO; REPARAÇÃO DE VEÍCULOS AUTOMOTORES E MOTOCICLETAS
4647802,"COMÉRCIO ATACADISTA DE LIVROS, JORNAIS E OUTRAS PUBLICAÇÕES",46478,"COMÉRCIO ATACADISTA DE ARTIGOS DE ESCRITÓRIO E DE PAPELARIA; LIVROS, JORNAIS E OUTRAS PUBLICAÇÕES",464,COMÉRCIO ATACADISTA DE PRODUTOS DE CONSUMO NÃO-ALIMENTAR,46,"COMÉRCIO POR ATACADO, EXCETO VEÍCULOS AUTOMOTORES E MOTOCICLETAS",G,COMÉRCIO; REPARAÇÃO DE VEÍCULOS AUTOMOTORES E MOTOCICLETAS
4649401,COMÉRCIO ATACADISTA DE EQUIPAMENTOS ELÉTRICOS DE USO PESSOAL E DOMÉSTICO,46494,COMÉRCIO ATACADISTA DE EQUIPAMENTOS E ARTIGOS DE USO PESSOAL E DOMÉSTICO NÃO ESPECIFICADOS ANTERIORMENTE,464,COMÉRCIO ATACADISTA DE PRODUTOS DE CONSUMO NÃO-ALIMENTAR,46,"COMÉRCIO POR ATACADO, EXCETO VEÍCULOS AUTOMOTORES E MOTOCICLETAS",G,COMÉRCIO; REPARAÇÃO DE VEÍCULOS AUTOMOTORES E MOTOCICLETAS
4649402,COMÉRCIO ATACADISTA DE APARELHOS ELETRÔNICOS DE USO PESSOAL E DOMÉSTICO,46494,COMÉRCIO ATACADISTA DE EQUIPAMENTOS E ARTIGOS DE USO PESSOAL E DOMÉSTICO NÃO ESPECIFICADOS ANTERIORMENTE,464,COMÉRCIO ATACADISTA DE PRODUTOS DE CONSUMO NÃO-ALIMENTAR,46,"COMÉRCIO POR ATACADO, EXCETO VEÍCULOS AUTOMOTORES E MOTOCICLETAS",G,COMÉRCIO; REPARAÇÃO DE VEÍCULOS AUTOMOTORES E MOTOCICLETAS
4649403,"COMÉRCIO ATACADISTA DE BICICLETAS, TRICICLOS E OUTROS VEÍCULOS RECREATIVOS",46494,COMÉRCIO ATACADISTA DE EQUIPAMENTOS E ARTIGOS DE USO PESSOAL E DOMÉSTICO NÃO ESPECIFICADOS ANTERIORMENTE,464,COMÉRCIO ATACADISTA DE PRODUTOS DE CONSUMO NÃO-ALIMENTAR,46,"COMÉRCIO POR ATACADO, EXCETO VEÍCULOS AUTOMOTORES E MOTOCICLETAS",G,COMÉRCIO; REPARAÇÃO DE VEÍCULOS AUTOMOTORES E MOTOCICLETAS
4649404,COMÉRCIO ATACADISTA DE MÓVEIS E ARTIGOS DE COLCHOARIA,46494,COMÉRCIO ATACADISTA DE EQUIPAMENTOS E ARTIGOS DE USO PESSOAL E DOMÉSTICO NÃO ESPECIFICADOS ANTERIORMENTE,464,COMÉRCIO ATACADISTA DE PRODUTOS DE CONSUMO NÃO-ALIMENTAR,46,"COMÉRCIO POR ATACADO, EXCETO VEÍCULOS AUTOMOTORES E MOTOCICLETAS",G,COMÉRCIO; REPARAÇÃO DE VEÍCULOS AUTOMOTORES E MOTOCICLETAS
4649405,COMÉRCIO ATACADISTA DE ARTIGOS DE TAPEÇARIA; PERSIANAS E CORTINAS,46494,COMÉRCIO ATACADISTA DE EQUIPAMENTOS E ARTIGOS DE USO PESSOAL E DOMÉSTICO NÃO ESPECIFICADOS ANTERIORMENTE,464,COMÉRCIO ATACADISTA DE PRODUTOS DE CONSUMO NÃO-ALIMENTAR,46,"COMÉRCIO POR ATACADO, EXCETO VEÍCULOS AUTOMOTORES E MOTOCICLETAS",G,COMÉRCIO; REPARAÇÃO DE VEÍCULOS AUTOMOTORES E MOTOCICLETAS
4649406,"COMÉRCIO ATACADISTA DE LUSTRES, LUMINÁRIAS E ABAJURES",46494,COMÉRCIO ATACADISTA DE EQUIPAMENTOS E ARTIGOS DE USO PESSOAL E DOMÉSTICO NÃO ESPECIFICADOS ANTERIORMENTE,464,COMÉRCIO ATACADISTA DE PRODUTOS DE CONSUMO NÃO-ALIMENTAR,46,"COMÉRCIO POR ATACADO, EXCETO VEÍCULOS AUTOMOTORES E MOTOCICLETAS",G,COMÉRCIO; REPARAÇÃO DE VEÍCULOS AUTOMOTORES E MOTOCICLETAS
4649407,"COMÉRCIO ATACADISTA DE FILMES, CDS, DVDS, FITAS E DISCOS",46494,COMÉRCIO ATACADISTA DE EQUIPAMENTOS E ARTIGOS DE USO PESSOAL E DOMÉSTICO NÃO ESPECIFICADOS ANTERIORMENTE,464,COMÉRCIO ATACADISTA DE PRODUTOS DE CONSUMO NÃO-ALIMENTAR,46,"COMÉRCIO POR ATACADO, EXCETO VEÍCULOS AUTOMOTORES E MOTOCICLETAS",G,COMÉRCIO; REPARAÇÃO DE VEÍCULOS AUTOMOTORES E MOTOCICLETAS
4649408,"COMÉRCIO ATACADISTA DE PRODUTOS DE HIGIENE, LIMPEZA E CONSERVAÇÃO DOMICILIAR",46494,COMÉRCIO ATACADISTA DE EQUIPAMENTOS E ARTIGOS DE USO PESSOAL E DOMÉSTICO NÃO ESPECIFICADOS ANTERIORMENTE,464,COMÉRCIO ATACADISTA DE PRODUTOS DE CONSUMO NÃO-ALIMENTAR,46,"COMÉRCIO POR ATACADO, EXCETO VEÍCULOS AUTOMOTORES E MOTOCICLETAS",G,COMÉRCIO; REPARAÇÃO DE VEÍCULOS AUTOMOTORES E MOTOCICLETAS
4649409,"COMÉRCIO ATACADISTA DE PRODUTOS DE HIGIENE, LIMPEZA E CONSERVAÇÃO DOMICILIAR, COM ATIVIDADE DE FRACIONAMENTO E ACONDICIONAMENTO ASSOCIADA",46494,COMÉRCIO ATACADISTA DE EQUIPAMENTOS E ARTIGOS DE USO PESSOAL E DOMÉSTICO NÃO ESPECIFICADOS ANTERIORMENTE,464,COMÉRCIO ATACADISTA DE PRODUTOS DE CONSUMO NÃO-ALIMENTAR,46,"COMÉRCIO POR ATACADO, EXCETO VEÍCULOS AUTOMOTORES E MOTOCICLETAS",G,COMÉRCIO; REPARAÇÃO DE VEÍCULOS AUTOMOTORES E MOTOCICLETAS
4649410,"COMÉRCIO ATACADISTA DE JÓIAS, RELÓGIOS E BIJUTERIAS, INCLUSIVE PEDRAS PRECIOSAS E SEMIPRECIOSAS LAPIDADAS",46494,COMÉRCIO ATACADISTA DE EQUIPAMENTOS E ARTIGOS DE USO PESSOAL E DOMÉSTICO NÃO ESPECIFICADOS ANTERIORMENTE,464,COMÉRCIO ATACADISTA DE PRODUTOS DE CONSUMO NÃO-ALIMENTAR,46,"COMÉRCIO POR ATACADO, EXCETO VEÍCULOS AUTOMOTORES E MOTOCICLETAS",G,COMÉRCIO; REPARAÇÃO DE VEÍCULOS AUTOMOTORES E MOTOCICLETAS
4649499,COMÉRCIO ATACADISTA DE OUTROS EQUIPAMENTOS E ARTIGOS DE USO PESSOAL E DOMÉSTICO NÃO ESPECIFICADOS ANTERIORMENTE,46494,COMÉRCIO ATACADISTA DE EQUIPAMENTOS E ARTIGOS DE USO PESSOAL E DOMÉSTICO NÃO ESPECIFICADOS ANTERIORMENTE,464,COMÉRCIO ATACADISTA DE PRODUTOS DE CONSUMO NÃO-ALIMENTAR,46,"COMÉRCIO POR ATACADO, EXCETO VEÍCULOS AUTOMOTORES E MOTOCICLETAS",G,COMÉRCIO; REPARAÇÃO DE VEÍCULOS AUTOMOTORES E MOTOCICLETAS
4651601,COMÉRCIO ATACADISTA DE EQUIPAMENTOS DE INFORMÁTICA,46516,"COMÉRCIO ATACADISTA DE COMPUTADORES, PERIFÉRICOS E SUPRIMENTOS DE INFORMÁTICA",465,COMÉRCIO ATACADISTA DE EQUIPAMENTOS E PRODUTOS DE TECNOLOGIAS DE INFORMAÇÃO E COMUNICAÇÃO,46,"COMÉRCIO POR ATACADO, EXCETO VEÍCULOS AUTOMOTORES E MOTOCICLETAS",G,COMÉRCIO; REPARAÇÃO DE VEÍCULOS AUTOMOTORES E MOTOCICLETAS
4651602,COMÉRCIO ATACADISTA DE SUPRIMENTOS PARA INFORMÁTICA,46516,"COMÉRCIO ATACADISTA DE COMPUTADORES, PERIFÉRICOS E SUPRIMENTOS DE INFORMÁTICA",465,COMÉRCIO ATACADISTA DE EQUIPAMENTOS E PRODUTOS DE TECNOLOGIAS DE INFORMAÇÃO E COMUNICAÇÃO,46,"COMÉRCIO POR ATACADO, EXCETO VEÍCULOS AUTOMOTORES E MOTOCICLETAS",G,COMÉRCIO; REPARAÇÃO DE VEÍCULOS AUTOMOTORES E MOTOCICLETAS
4652400,COMÉRCIO ATACADISTA DE COMPONENTES ELETRÔNICOS E EQUIPAMENTOS DE TELEFONIA E COMUNICAÇÃO,46524,COMÉRCIO ATACADISTA DE COMPONENTES ELETRÔNICOS E EQUIPAMENTOS DE TELEFONIA E COMUNICAÇÃO,465,COMÉRCIO ATACADISTA DE EQUIPAMENTOS E PRODUTOS DE TECNOLOGIAS DE INFORMAÇÃO E COMUNICAÇÃO,46,"COMÉRCIO POR ATACADO, EXCETO VEÍCULOS AUTOMOTORES E MOTOCICLETAS",G,COMÉRCIO; REPARAÇÃO DE VEÍCULOS AUTOMOTORES E MOTOCICLETAS
4661300,"COMÉRCIO ATACADISTA DE MÁQUINAS, APARELHOS E EQUIPAMENTOS PARA USO AGROPECUÁRIO; PARTES E PEÇAS",46613,"COMÉRCIO ATACADISTA DE MÁQUINAS, APARELHOS E EQUIPAMENTOS PARA USO AGROPECUÁRIO; PARTES E PEÇAS",466,"COMÉRCIO ATACADISTA DE MÁQUINAS, APARELHOS E EQUIPAMENTOS, EXCETO DE TECNOLOGIAS DE INFORMAÇÃO E COMUNICAÇÃO",46,"COMÉRCIO POR ATACADO, EXCETO VEÍCULOS AUTOMOTORES E MOTOCICLETAS",G,COMÉRCIO; REPARAÇÃO DE VEÍCULOS AUTOMOTORES E MOTOCICLETAS
4662100,"COMÉRCIO ATACADISTA DE MÁQUINAS, EQUIPAMENTOS PARA TERRAPLENAGEM, MINERAÇÃO E CONSTRUÇÃO; PARTES E PEÇAS",46621,"COMÉRCIO ATACADISTA DE MÁQUINAS, EQUIPAMENTOS PARA TERRAPLENAGEM, MINERAÇÃO E CONSTRUÇÃO; PARTES E PEÇAS",466,"COMÉRCIO ATACADISTA DE MÁQUINAS, APARELHOS E EQUIPAMENTOS, EXCETO DE TECNOLOGIAS DE INFORMAÇÃO E COMUNICAÇÃO",46,"COMÉRCIO POR ATACADO, EXCETO VEÍCULOS AUTOMOTORES E MOTOCICLETAS",G,COMÉRCIO; REPARAÇÃO DE VEÍCULOS AUTOMOTORES E MOTOCICLETAS
4663000,COMÉRCIO ATACADISTA DE MÁQUINAS E EQUIPAMENTOS PARA USO INDUSTRIAL; PARTES E PEÇAS,46630,COMÉRCIO ATACADISTA DE MÁQUINAS E EQUIPAMENTOS PARA USO INDUSTRIAL; PARTES E PEÇAS,466,"COMÉRCIO ATACADISTA DE MÁQUINAS, APARELHOS E EQUIPAMENTOS, EXCETO DE TECNOLOGIAS DE INFORMAÇÃO E COMUNICAÇÃO",46,"COMÉRCIO POR ATACADO, EXCETO VEÍCULOS AUTOMOTORES E MOTOCICLETAS",G,COMÉRCIO; REPARAÇÃO DE VEÍCULOS AUTOMOTORES E MOTOCICLETAS
4664800,"COMÉRCIO ATACADISTA DE MÁQUINAS, APARELHOS E EQUIPAMENTOS PARA USO ODONTO MÉDICO HOSPITALAR; PARTES E PEÇAS",46648,"COMÉRCIO ATACADISTA DE MÁQUINAS, APARELHOS E EQUIPAMENTOS PARA USO ODONTO-MÉDICO-HOSPITALAR; PARTES E PEÇAS",466,"COMÉRCIO ATACADISTA DE MÁQUINAS, APARELHOS E EQUIPAMENTOS, EXCETO DE TECNOLOGIAS DE INFORMAÇÃO E COMUNICAÇÃO",46,"COMÉRCIO POR ATACADO, EXCETO VEÍCULOS AUTOMOTORES E MOTOCICLETAS",G,COMÉRCIO; REPARAÇÃO DE VEÍCULOS AUTOMOTORES E MOTOCICLETAS
4665600,COMÉRCIO ATACADISTA DE MÁQUINAS E EQUIPAMENTOS PARA USO COMERCIAL; PARTES E PEÇAS,46656,COMÉRCIO ATACADISTA DE MÁQUINAS E EQUIPAMENTOS PARA USO COMERCIAL; PARTES E PEÇAS,466,"COMÉRCIO ATACADISTA DE MÁQUINAS, APARELHOS E EQUIPAMENTOS, EXCETO DE TECNOLOGIAS DE INFORMAÇÃO E COMUNICAÇÃO",46,"COMÉRCIO POR ATACADO, EXCETO VEÍCULOS AUTOMOTORES E MOTOCICLETAS",G,COMÉRCIO; REPARAÇÃO DE VEÍCULOS AUTOMOTORES E MOTOCICLETAS
4669901,COMÉRCIO ATACADISTA DE BOMBAS E COMPRESSORES; PARTES E PEÇAS,46699,"COMÉRCIO ATACADISTA DE MÁQUINAS, APARELHOS E EQUIPAMENTOS NÃO ESPECIFICADOS ANTERIORMENTE; PARTES E PEÇAS",466,"COMÉRCIO ATACADISTA DE MÁQUINAS, APARELHOS E EQUIPAMENTOS, EXCETO DE TECNOLOGIAS DE INFORMAÇÃO E COMUNICAÇÃO",46,"COMÉRCIO POR ATACADO, EXCETO VEÍCULOS AUTOMOTORES E MOTOCICLETAS",G,COMÉRCIO; REPARAÇÃO DE VEÍCULOS AUTOMOTORES E MOTOCICLETAS
4669999,COMÉRCIO ATACADISTA DE OUTRAS MÁQUINAS E EQUIPAMENTOS NÃO ESPECIFICADOS ANTERIORMENTE; PARTES E PEÇAS,46699,"COMÉRCIO ATACADISTA DE MÁQUINAS, APARELHOS E EQUIPAMENTOS NÃO ESPECIFICADOS ANTERIORMENTE; PARTES E PEÇAS",466,"COMÉRCIO ATACADISTA DE MÁQUINAS, APARELHOS E EQUIPAMENTOS, EXCETO DE TECNOLOGIAS DE INFORMAÇÃO E COMUNICAÇÃO",46,"COMÉRCIO POR ATACADO, EXCETO VEÍCULOS AUTOMOTORES E MOTOCICLETAS",G,COMÉRCIO; REPARAÇÃO DE VEÍCULOS AUTOMOTORES E MOTOCICLETAS
4671100,COMÉRCIO ATACADISTA DE MADEIRA E PRODUTOS DERIVADOS,46711,COMÉRCIO ATACADISTA DE MADEIRA E PRODUTOS DERIVADOS,467,"COMÉRCIO ATACADISTA DE MADEIRA, FERRAGENS, FERRAMENTAS, MATERIAL ELÉTRICO E MATERIAL DE CONSTRUÇÃO",46,"COMÉRCIO POR ATACADO, EXCETO VEÍCULOS AUTOMOTORES E MOTOCICLETAS",G,COMÉRCIO; REPARAÇÃO DE VEÍCULOS AUTOMOTORES E MOTOCICLETAS
4672900,COMÉRCIO ATACADISTA DE FERRAGENS E FERRAMENTAS,46729,COMÉRCIO ATACADISTA DE FERRAGENS E FERRAMENTAS,467,"COMÉRCIO ATACADISTA DE MADEIRA, FERRAGENS, FERRAMENTAS, MATERIAL ELÉTRICO E MATERIAL DE CONSTRUÇÃO",46,"COMÉRCIO POR ATACADO, EXCETO VEÍCULOS AUTOMOTORES E MOTOCICLETAS",G,COMÉRCIO; REPARAÇÃO DE VEÍCULOS AUTOMOTORES E MOTOCICLETAS
4673700,COMÉRCIO ATACADISTA DE MATERIAL ELÉTRICO,46737,COMÉRCIO ATACADISTA DE MATERIAL ELÉTRICO,467,"COMÉRCIO ATACADISTA DE MADEIRA, FERRAGENS, FERRAMENTAS, MATERIAL ELÉTRICO E MATERIAL DE CONSTRUÇÃO",46,"COMÉRCIO POR ATACADO, EXCETO VEÍCULOS AUTOMOTORES E MOTOCICLETAS",G,COMÉRCIO; REPARAÇÃO DE VEÍCULOS AUTOMOTORES E MOTOCICLETAS
4674500,COMÉRCIO ATACADISTA DE CIMENTO,46745,COMÉRCIO ATACADISTA DE CIMENTO,467,"COMÉRCIO ATACADISTA DE MADEIRA, FERRAGENS, FERRAMENTAS, MATERIAL ELÉTRICO E MATERIAL DE CONSTRUÇÃO",46,"COMÉRCIO POR ATACADO, EXCETO VEÍCULOS AUTOMOTORES E MOTOCICLETAS",G,COMÉRCIO; REPARAÇÃO DE VEÍCULOS AUTOMOTORES E MOTOCICLETAS
4679601,"COMÉRCIO ATACADISTA DE TINTAS, VERNIZES E SIMILARES",46796,COMÉRCIO ATACADISTA ESPECIALIZADO DE MATERIAIS DE CONSTRUÇÃO NÃO ESPECIFICADOS ANTERIORMENTE E DE MATERIAIS DE CONSTRUÇÃO EM GERAL,467,"COMÉRCIO ATACADISTA DE MADEIRA, FERRAGENS, FERRAMENTAS, MATERIAL ELÉTRICO E MATERIAL DE CONSTRUÇÃO",46,"COMÉRCIO POR ATACADO, EXCETO VEÍCULOS AUTOMOTORES E MOTOCICLETAS",G,COMÉRCIO; REPARAÇÃO DE VEÍCULOS AUTOMOTORES E MOTOCICLETAS
4679602,COMÉRCIO ATACADISTA DE MÁRMORES E GRANITOS,46796,COMÉRCIO ATACADISTA ESPECIALIZADO DE MATERIAIS DE CONSTRUÇÃO NÃO ESPECIFICADOS ANTERIORMENTE E DE MATERIAIS DE CONSTRUÇÃO EM GERAL,467,"COMÉRCIO ATACADISTA DE MADEIRA, FERRAGENS, FERRAMENTAS, MATERIAL ELÉTRICO E MATERIAL DE CONSTRUÇÃO",46,"COMÉRCIO POR ATACADO, EXCETO VEÍCULOS AUTOMOTORES E MOTOCICLETAS",G,COMÉRCIO; REPARAÇÃO DE VEÍCULOS AUTOMOTORES E MOTOCICLETAS
4679603,"COMÉRCIO ATACADISTA DE VIDROS, ESPELHOS E VITRAIS",46796,COMÉRCIO ATACADISTA ESPECIALIZADO DE MATERIAIS DE CONSTRUÇÃO NÃO ESPECIFICADOS ANTERIORMENTE E DE MATERIAIS DE CONSTRUÇÃO EM GERAL,467,"COMÉRCIO ATACADISTA DE MADEIRA, FERRAGENS, FERRAMENTAS, MATERIAL ELÉTRICO E MATERIAL DE CONSTRUÇÃO",46,"COMÉRCIO POR ATACADO, EXCETO VEÍCULOS AUTOMOTORES E MOTOCICLETAS",G,COMÉRCIO; REPARAÇÃO DE VEÍCULOS AUTOMOTORES E MOTOCICLETAS
4679604,COMÉRCIO ATACADISTA ESPECIALIZADO DE MATERIAIS DE CONSTRUÇÃO NÃO ESPECIFICADOS ANTERIORMENTE,46796,COMÉRCIO ATACADISTA ESPECIALIZADO DE MATERIAIS DE CONSTRUÇÃO NÃO ESPECIFICADOS ANTERIORMENTE E DE MATERIAIS DE CONSTRUÇÃO EM GERAL,467,"COMÉRCIO ATACADISTA DE MADEIRA, FERRAGENS, FERRAMENTAS, MATERIAL ELÉTRICO E MATERIAL DE CONSTRUÇÃO",46,"COMÉRCIO POR ATACADO, EXCETO VEÍCULOS AUTOMOTORES E MOTOCICLETAS",G,COMÉRCIO; REPARAÇÃO DE VEÍCULOS AUTOMOTORES E MOTOCICLETAS
4679699,COMÉRCIO ATACADISTA DE MATERIAIS DE CONSTRUÇÃO EM GERAL,46796,COMÉRCIO ATACADISTA ESPECIALIZADO DE MATERIAIS DE CONSTRUÇÃO NÃO ESPECIFICADOS ANTERIORMENTE E DE MATERIAIS DE CONSTRUÇÃO EM GERAL,467,"COMÉRCIO ATACADISTA DE MADEIRA, FERRAGENS, FERRAMENTAS, MATERIAL ELÉTRICO E MATERIAL DE CONSTRUÇÃO",46,"COMÉRCIO POR ATACADO, EXCETO VEÍCULOS AUTOMOTORES E MOTOCICLETAS",G,COMÉRCIO; REPARAÇÃO DE VEÍCULOS AUTOMOTORES E MOTOCICLETAS
4681801,"COMÉRCIO ATACADISTA DE ÁLCOOL CARBURANTE, BIODIESEL, GASOLINA E DEMAIS DERIVADOS DE PETRÓLEO, EXCETO LUBRIFICANTES, NÃO REALIZADO POR TRANSPORTADOR RETALHISTA (T.R.R.)",46818,"COMÉRCIO ATACADISTA DE COMBUSTÍVEIS SÓLIDOS, LÍQUIDOS E GASOSOS, EXCETO GÁS NATURAL E GLP",468,COMÉRCIO ATACADISTA ESPECIALIZADO EM OUTROS PRODUTOS,46,"COMÉRCIO POR ATACADO, EXCETO VEÍCULOS AUTOMOTORES E MOTOCICLETAS",G,COMÉRCIO; REPARAÇÃO DE VEÍCULOS AUTOMOTORES E MOTOCICLETAS
4681802,COMÉRCIO ATACADISTA DE COMBUSTÍVEIS REALIZADO POR TRANSPORTADOR RETALHISTA (T.R.R.),46818,"COMÉRCIO ATACADISTA DE COMBUSTÍVEIS SÓLIDOS, LÍQUIDOS E GASOSOS, EXCETO GÁS NATURAL E GLP",468,COMÉRCIO ATACADISTA ESPECIALIZADO EM OUTROS PRODUTOS,46,"COMÉRCIO POR ATACADO, EXCETO VEÍCULOS AUTOMOTORES E MOTOCICLETAS",G,COMÉRCIO; REPARAÇÃO DE VEÍCULOS AUTOMOTORES E MOTOCICLETAS
4681803,"COMÉRCIO ATACADISTA DE COMBUSTÍVEIS DE ORIGEM VEGETAL, EXCETO ÁLCOOL CARBURANTE",46818,"COMÉRCIO ATACADISTA DE COMBUSTÍVEIS SÓLIDOS, LÍQUIDOS E GASOSOS, EXCETO GÁS NATURAL E GLP",468,COMÉRCIO ATACADISTA ESPECIALIZADO EM OUTROS PRODUTOS,46,"COMÉRCIO POR ATACADO, EXCETO VEÍCULOS AUTOMOTORES E MOTOCICLETAS",G,COMÉRCIO; REPARAÇÃO DE VEÍCULOS AUTOMOTORES E MOTOCICLETAS
4681804,COMÉRCIO ATACADISTA DE COMBUSTÍVEIS DE ORIGEM MINERAL EM BRUTO,46818,"COMÉRCIO ATACADISTA DE COMBUSTÍVEIS SÓLIDOS, LÍQUIDOS E GASOSOS, EXCETO GÁS NATURAL E GLP",468,COMÉRCIO ATACADISTA ESPECIALIZADO EM OUTROS PRODUTOS,46,"COMÉRCIO POR ATACADO, EXCETO VEÍCULOS AUTOMOTORES E MOTOCICLETAS",G,COMÉRCIO; REPARAÇÃO DE VEÍCULOS AUTOMOTORES E MOTOCICLETAS
4681805,COMÉRCIO ATACADISTA DE LUBRIFICANTES,46818,"COMÉRCIO ATACADISTA DE COMBUSTÍVEIS SÓLIDOS, LÍQUIDOS E GASOSOS, EXCETO GÁS NATURAL E GLP",468,COMÉRCIO ATACADISTA ESPECIALIZADO EM OUTROS PRODUTOS,46,"COMÉRCIO POR ATACADO, EXCETO VEÍCULOS AUTOMOTORES E MOTOCICLETAS",G,COMÉRCIO; REPARAÇÃO DE VEÍCULOS AUTOMOTORES E MOTOCICLETAS
4682600,COMÉRCIO ATACADISTA DE GÁS LIQÜEFEITO DE PETRÓLEO (GLP),46826,COMÉRCIO ATACADISTA DE GÁS LIQUEFEITO DE PETRÓLEO (GLP),468,COMÉRCIO ATACADISTA ESPECIALIZADO EM OUTROS PRODUTOS,46,"COMÉRCIO POR ATACADO, EXCETO VEÍCULOS AUTOMOTORES E MOTOCICLETAS",G,COMÉRCIO; REPARAÇÃO DE VEÍCULOS AUTOMOTORES E MOTOCICLETAS
4683400,"COMÉRCIO ATACADISTA DE DEFENSIVOS AGRÍCOLAS, ADUBOS, FERTILIZANTES E CORRETIVOS DO SOLO",46834,"COMÉRCIO ATACADISTA DE DEFENSIVOS AGRÍCOLAS, ADUBOS, FERTILIZANTES E CORRETIVOS DO SOLO",468,COMÉRCIO ATACADISTA ESPECIALIZADO EM OUTROS PRODUTOS,46,"COMÉRCIO POR ATACADO, EXCETO VEÍCULOS AUTOMOTORES E MOTOCICLETAS",G,COMÉRCIO; REPARAÇÃO DE VEÍCULOS AUTOMOTORES E MOTOCICLETAS
4684201,COMÉRCIO ATACADISTA DE RESINAS E ELASTÔMEROS,46842,"COMÉRCIO ATACADISTA DE PRODUTOS QUÍMICOS E PETROQUÍMICOS, EXCETO AGROQUÍMICOS",468,COMÉRCIO ATACADISTA ESPECIALIZADO EM OUTROS PRODUTOS,46,"COMÉRCIO POR ATACADO, EXCETO VEÍCULOS AUTOMOTORES E MOTOCICLETAS",G,COMÉRCIO; REPARAÇÃO DE VEÍCULOS AUTOMOTORES E MOTOCICLETAS
4684202,COMÉRCIO ATACADISTA DE SOLVENTES,46842,"COMÉRCIO ATACADISTA DE PRODUTOS QUÍMICOS E PETROQUÍMICOS, EXCETO AGROQUÍMICOS",468,COMÉRCIO ATACADISTA ESPECIALIZADO EM OUTROS PRODUTOS,46,"COMÉRCIO POR ATACADO, EXCETO VEÍCULOS AUTOMOTORES E MOTOCICLETAS",G,COMÉRCIO; REPARAÇÃO DE VEÍCULOS AUTOMOTORES E MOTOCICLETAS
4684299,COMÉRCIO ATACADISTA DE OUTROS PRODUTOS QUÍMICOS E PETROQUÍMICOS NÃO ESPECIFICADOS ANTERIORMENTE,46842,"COMÉRCIO ATACADISTA DE PRODUTOS QUÍMICOS E PETROQUÍMICOS, EXCETO AGROQUÍMICOS",468,COMÉRCIO ATACADISTA ESPECIALIZADO EM OUTROS PRODUTOS,46,"COMÉRCIO POR ATACADO, EXCETO VEÍCULOS AUTOMOTORES E MOTOCICLETAS",G,COMÉRCIO; REPARAÇÃO DE VEÍCULOS AUTOMOTORES E MOTOCICLETAS
4685100,"COMÉRCIO ATACADISTA DE PRODUTOS SIDERÚRGICOS E METALÚRGICOS, EXCETO PARA CONSTRUÇÃO",46851,"COMÉRCIO ATACADISTA DE PRODUTOS SIDERÚRGICOS E METALÚRGICOS, EXCETO PARA CONSTRUÇÃO",468,COMÉRCIO ATACADISTA ESPECIALIZADO EM OUTROS PRODUTOS,46,"COMÉRCIO POR ATACADO, EXCETO VEÍCULOS AUTOMOTORES E MOTOCICLETAS",G,COMÉRCIO; REPARAÇÃO DE VEÍCULOS AUTOMOTORES E MOTOCICLETAS
4686901,COMÉRCIO ATACADISTA DE PAPEL E PAPELÃO EM BRUTO,46869,COMÉRCIO ATACADISTA DE PAPEL E PAPELÃO EM BRUTO E DE EMBALAGENS,468,COMÉRCIO ATACADISTA ESPECIALIZADO EM OUTROS PRODUTOS,46,"COMÉRCIO POR ATACADO, EXCETO VEÍCULOS AUTOMOTORES E MOTOCICLETAS",G,COMÉRCIO; REPARAÇÃO DE VEÍCULOS AUTOMOTORES E MOTOCICLETAS
4686902,COMÉRCIO ATACADISTA DE EMBALAGENS,46869,COMÉRCIO ATACADISTA DE PAPEL E PAPELÃO EM BRUTO E DE EMBALAGENS,468,COMÉRCIO ATACADISTA ESPECIALIZADO EM OUTROS PRODUTOS,46,"COMÉRCIO POR ATACADO, EXCETO VEÍCULOS AUTOMOTORES E MOTOCICLETAS",G,COMÉRCIO; REPARAÇÃO DE VEÍCULOS AUTOMOTORES E MOTOCICLETAS
4687701,COMÉRCIO ATACADISTA DE RESÍDUOS DE PAPEL E PAPELÃO,46877,COMÉRCIO ATACADISTA DE RESÍDUOS E SUCATAS,468,COMÉRCIO ATACADISTA ESPECIALIZADO EM OUTROS PRODUTOS,46,"COMÉRCIO POR ATACADO, EXCETO VEÍCULOS AUTOMOTORES E MOTOCICLETAS",G,COMÉRCIO; REPARAÇÃO DE VEÍCULOS AUTOMOTORES E MOTOCICLETAS
4687702,"COMÉRCIO ATACADISTA DE RESÍDUOS E SUCATAS NÃO METÁLICOS, EXCETO DE PAPEL E PAPELÃO",46877,COMÉRCIO ATACADISTA DE RESÍDUOS E SUCATAS,468,COMÉRCIO ATACADISTA ESPECIALIZADO EM OUTROS PRODUTOS,46,"COMÉRCIO POR ATACADO, EXCETO VEÍCULOS AUTOMOTORES E MOTOCICLETAS",G,COMÉRCIO; REPARAÇÃO DE VEÍCULOS AUTOMOTORES E MOTOCICLETAS
4687703,COMÉRCIO ATACADISTA DE RESÍDUOS E SUCATAS METÁLICOS,46877,COMÉRCIO ATACADISTA DE RESÍDUOS E SUCATAS,468,COMÉRCIO ATACADISTA ESPECIALIZADO EM OUTROS PRODUTOS,46,"COMÉRCIO POR ATACADO, EXCETO VEÍCULOS AUTOMOTORES E MOTOCICLETAS",G,COMÉRCIO; REPARAÇÃO DE VEÍCULOS AUTOMOTORES E MOTOCICLETAS
4689301,"COMÉRCIO ATACADISTA DE PRODUTOS DA EXTRAÇÃO MINERAL, EXCETO COMBUSTÍVEIS",46893,COMÉRCIO ATACADISTA ESPECIALIZADO DE OUTROS PRODUTOS INTERMEDIÁRIOS NÃO ESPECIFICADOS ANTERIORMENTE,468,COMÉRCIO ATACADISTA ESPECIALIZADO EM OUTROS PRODUTOS,46,"COMÉRCIO POR ATACADO, EXCETO VEÍCULOS AUTOMOTORES E MOTOCICLETAS",G,COMÉRCIO; REPARAÇÃO DE VEÍCULOS AUTOMOTORES E MOTOCICLETAS
4689302,COMÉRCIO ATACADISTA DE FIOS E FIBRAS BENEFICIADOS,46893,COMÉRCIO ATACADISTA ESPECIALIZADO DE OUTROS PRODUTOS INTERMEDIÁRIOS NÃO ESPECIFICADOS ANTERIORMENTE,468,COMÉRCIO ATACADISTA ESPECIALIZADO EM OUTROS PRODUTOS,46,"COMÉRCIO POR ATACADO, EXCETO VEÍCULOS AUTOMOTORES E MOTOCICLETAS",G,COMÉRCIO; REPARAÇÃO DE VEÍCULOS AUTOMOTORES E MOTOCICLETAS
4689399,COMÉRCIO ATACADISTA ESPECIALIZADO EM OUTROS PRODUTOS INTERMEDIÁRIOS NÃO ESPECIFICADOS ANTERIORMENTE,46893,COMÉRCIO ATACADISTA ESPECIALIZADO DE OUTROS PRODUTOS INTERMEDIÁRIOS NÃO ESPECIFICADOS ANTERIORMENTE,468,COMÉRCIO ATACADISTA ESPECIALIZADO EM OUTROS PRODUTOS,46,"COMÉRCIO POR ATACADO, EXCETO VEÍCULOS AUTOMOTORES E MOTOCICLETAS",G,COMÉRCIO; REPARAÇÃO DE VEÍCULOS AUTOMOTORES E MOTOCICLETAS
4691500,"COMÉRCIO ATACADISTA DE MERCADORIAS EM GERAL, COM PREDOMINÂNCIA DE PRODUTOS ALIMENTÍCIOS",46915,"COMÉRCIO ATACADISTA DE MERCADORIAS EM GERAL, COM PREDOMINÂNCIA DE PRODUTOS ALIMENTÍCIOS",469,COMÉRCIO ATACADISTA NÃO-ESPECIALIZADO,46,"COMÉRCIO POR ATACADO, EXCETO VEÍCULOS AUTOMOTORES E MOTOCICLETAS",G,COMÉRCIO; REPARAÇÃO DE VEÍCULOS AUTOMOTORES E MOTOCICLETAS
4692300,"COMÉRCIO ATACADISTA DE MERCADORIAS EM GERAL, COM PREDOMINÂNCIA DE INSUMOS AGROPECUÁRIOS",46923,"COMÉRCIO ATACADISTA DE MERCADORIAS EM GERAL, COM PREDOMINÂNCIA DE INSUMOS AGROPECUÁRIOS",469,COMÉRCIO ATACADISTA NÃO-ESPECIALIZADO,46,"COMÉRCIO POR ATACADO, EXCETO VEÍCULOS AUTOMOTORES E MOTOCICLETAS",G,COMÉRCIO; REPARAÇÃO DE VEÍCULOS AUTOMOTORES E MOTOCICLETAS
4693100,"COMÉRCIO ATACADISTA DE MERCADORIAS EM GERAL, SEM PREDOMINÂNCIA DE ALIMENTOS OU DE INSUMOS AGROPECUÁRIOS",46931,"COMÉRCIO ATACADISTA DE MERCADORIAS EM GERAL, SEM PREDOMINÂNCIA DE ALIMENTOS OU DE INSUMOS AGROPECUÁRIOS",469,COMÉRCIO ATACADISTA NÃO-ESPECIALIZADO,46,"COMÉRCIO POR ATACADO, EXCETO VEÍCULOS AUTOMOTORES E MOTOCICLETAS",G,COMÉRCIO; REPARAÇÃO DE VEÍCULOS AUTOMOTORES E MOTOCICLETAS
4711301,"COMÉRCIO VAREJISTA DE MERCADORIAS EM GERAL, COM PREDOMINÂNCIA DE PRODUTOS ALIMENTÍCIOS   HIPERMERCADOS",47113,"COMÉRCIO VAREJISTA DE MERCADORIAS EM GERAL, COM PREDOMINÂNCIA DE PRODUTOS ALIMENTÍCIOS - HIPERMERCADOS E SUPERMERCADOS",471,COMÉRCIO VAREJISTA NÃO-ESPECIALIZADO,47,COMÉRCIO VAREJISTA,G,COMÉRCIO; REPARAÇÃO DE VEÍCULOS AUTOMOTORES E MOTOCICLETAS
4711302,"COMÉRCIO VAREJISTA DE MERCADORIAS EM GERAL, COM PREDOMINÂNCIA DE PRODUTOS ALIMENTÍCIOS - SUPERMERCADOS",47113,"COMÉRCIO VAREJISTA DE MERCADORIAS EM GERAL, COM PREDOMINÂNCIA DE PRODUTOS ALIMENTÍCIOS - HIPERMERCADOS E SUPERMERCADOS",471,COMÉRCIO VAREJISTA NÃO-ESPECIALIZADO,47,COMÉRCIO VAREJISTA,G,COMÉRCIO; REPARAÇÃO DE VEÍCULOS AUTOMOTORES E MOTOCICLETAS
4712100,"COMÉRCIO VAREJISTA DE MERCADORIAS EM GERAL, COM PREDOMINÂNCIA DE PRODUTOS ALIMENTÍCIOS - MINIMERCADOS, MERCEARIAS E ARMAZÉNS",47121,"COMÉRCIO VAREJISTA DE MERCADORIAS EM GERAL, COM PREDOMINÂNCIA DE PRODUTOS ALIMENTÍCIOS - MINIMERCADOS, MERCEARIAS E ARMAZÉNS",471,COMÉRCIO VAREJISTA NÃO-ESPECIALIZADO,47,COMÉRCIO VAREJISTA,G,COMÉRCIO; REPARAÇÃO DE VEÍCULOS AUTOMOTORES E MOTOCICLETAS
4713002,"LOJAS DE VARIEDADES, EXCETO LOJAS DE DEPARTAMENTOS OU MAGAZINES",47130,"COMÉRCIO VAREJISTA DE MERCADORIAS EM GERAL, SEM PREDOMINÂNCIA DE PRODUTOS ALIMENTÍCIOS",471,COMÉRCIO VAREJISTA NÃO-ESPECIALIZADO,47,COMÉRCIO VAREJISTA,G,COMÉRCIO; REPARAÇÃO DE VEÍCULOS AUTOMOTORES E MOTOCICLETAS
4713004,"LOJAS DE DEPARTAMENTOS OU MAGAZINES, EXCETO LOJAS FRANCAS (DUTY FREE)",47130,"COMÉRCIO VAREJISTA DE MERCADORIAS EM GERAL, SEM PREDOMINÂNCIA DE PRODUTOS ALIMENTÍCIOS",471,COMÉRCIO VAREJISTA NÃO-ESPECIALIZADO,47,COMÉRCIO VAREJISTA,G,COMÉRCIO; REPARAÇÃO DE VEÍCULOS AUTOMOTORES E MOTOCICLETAS
4713005,"LOJAS FRANCAS (DUTY FREE) DE AEROPORTOS, PORTOS E EM FRONTEIRAS TERRESTRES",47130,"COMÉRCIO VAREJISTA DE MERCADORIAS EM GERAL, SEM PREDOMINÂNCIA DE PRODUTOS ALIMENTÍCIOS",471,COMÉRCIO VAREJISTA NÃO-ESPECIALIZADO,47,COMÉRCIO VAREJISTA,G,COMÉRCIO; REPARAÇÃO DE VEÍCULOS AUTOMOTORES E MOTOCICLETAS
4721102,PADARIA E CONFEITARIA COM PREDOMINÂNCIA DE REVENDA,47211,"COMÉRCIO VAREJISTA DE PRODUTOS DE PADARIA, LATICÍNIO, DOCES, BALAS E SEMELHANTES",472,"COMÉRCIO VAREJISTA DE PRODUTOS ALIMENTÍCIOS, BEBIDAS E FUMO",47,COMÉRCIO VAREJISTA,G,COMÉRCIO; REPARAÇÃO DE VEÍCULOS AUTOMOTORES E MOTOCICLETAS
4721103,COMÉRCIO VAREJISTA DE LATICÍNIOS E FRIOS,47211,"COMÉRCIO VAREJISTA DE PRODUTOS DE PADARIA, LATICÍNIO, DOCES, BALAS E SEMELHANTES",472,"COMÉRCIO VAREJISTA DE PRODUTOS ALIMENTÍCIOS, BEBIDAS E FUMO",47,COMÉRCIO VAREJISTA,G,COMÉRCIO; REPARAÇÃO DE VEÍCULOS AUTOMOTORES E MOTOCICLETAS
4721104,"COMÉRCIO VAREJISTA DE DOCES, BALAS, BOMBONS E SEMELHANTES",47211,"COMÉRCIO VAREJISTA DE PRODUTOS DE PADARIA, LATICÍNIO, DOCES, BALAS E SEMELHANTES",472,"COMÉRCIO VAREJISTA DE PRODUTOS ALIMENTÍCIOS, BEBIDAS E FUMO",47,COMÉRCIO VAREJISTA,G,COMÉRCIO; REPARAÇÃO DE VEÍCULOS AUTOMOTORES E MOTOCICLETAS
4722901,COMÉRCIO VAREJISTA DE CARNES - AÇOUGUES,47229,COMÉRCIO VAREJISTA DE CARNES E PESCADOS - AÇOUGUES E PEIXARIAS,472,"COMÉRCIO VAREJISTA DE PRODUTOS ALIMENTÍCIOS, BEBIDAS E FUMO",47,COMÉRCIO VAREJISTA,G,COMÉRCIO; REPARAÇÃO DE VEÍCULOS AUTOMOTORES E MOTOCICLETAS
4722902,PEIXARIA,47229,COMÉRCIO VAREJISTA DE CARNES E PESCADOS - AÇOUGUES E PEIXARIAS,472,"COMÉRCIO VAREJISTA DE PRODUTOS ALIMENTÍCIOS, BEBIDAS E FUMO",47,COMÉRCIO VAREJISTA,G,COMÉRCIO; REPARAÇÃO DE VEÍCULOS AUTOMOTORES E MOTOCICLETAS
4723700,COMÉRCIO VAREJISTA DE BEBIDAS,47237,COMÉRCIO VAREJISTA DE BEBIDAS,472,"COMÉRCIO VAREJISTA DE PRODUTOS ALIMENTÍCIOS, BEBIDAS E FUMO",47,COMÉRCIO VAREJISTA,G,COMÉRCIO; REPARAÇÃO DE VEÍCULOS AUTOMOTORES E MOTOCICLETAS
4724500,COMÉRCIO VAREJISTA DE HORTIFRUTIGRANJEIROS,47245,COMÉRCIO VAREJISTA DE HORTIFRUTIGRANJEIROS,472,"COMÉRCIO VAREJISTA DE PRODUTOS ALIMENTÍCIOS, BEBIDAS E FUMO",47,COMÉRCIO VAREJISTA,G,COMÉRCIO; REPARAÇÃO DE VEÍCULOS AUTOMOTORES E MOTOCICLETAS
4729601,TABACARIA,47296,COMÉRCIO VAREJISTA DE PRODUTOS ALIMENTÍCIOS EM GERAL OU ESPECIALIZADO EM PRODUTOS ALIMENTÍCIOS NÃO ESPECIFICADOS ANTERIORMENTE; PRODUTOS DO FUMO,472,"COMÉRCIO VAREJISTA DE PRODUTOS ALIMENTÍCIOS, BEBIDAS E FUMO",47,COMÉRCIO VAREJISTA,G,COMÉRCIO; REPARAÇÃO DE VEÍCULOS AUTOMOTORES E MOTOCICLETAS
4729602,COMÉRCIO VAREJISTA DE MERCADORIAS EM LOJAS DE CONVENIÊNCIA,47296,COMÉRCIO VAREJISTA DE PRODUTOS ALIMENTÍCIOS EM GERAL OU ESPECIALIZADO EM PRODUTOS ALIMENTÍCIOS NÃO ESPECIFICADOS ANTERIORMENTE; PRODUTOS DO FUMO,472,"COMÉRCIO VAREJISTA DE PRODUTOS ALIMENTÍCIOS, BEBIDAS E FUMO",47,COMÉRCIO VAREJISTA,G,COMÉRCIO; REPARAÇÃO DE VEÍCULOS AUTOMOTORES E MOTOCICLETAS
4729699,COMÉRCIO VAREJISTA DE PRODUTOS ALIMENTÍCIOS EM GERAL OU ESPECIALIZADO EM PRODUTOS ALIMENTÍCIOS NÃO ESPECIFICADOS ANTERIORMENTE,47296,COMÉRCIO VAREJISTA DE PRODUTOS ALIMENTÍCIOS EM GERAL OU ESPECIALIZADO EM PRODUTOS ALIMENTÍCIOS NÃO ESPECIFICADOS ANTERIORMENTE; PRODUTOS DO FUMO,472,"COMÉRCIO VAREJISTA DE PRODUTOS ALIMENTÍCIOS, BEBIDAS E FUMO",47,COMÉRCIO VAREJISTA,G,COMÉRCIO; REPARAÇÃO DE VEÍCULOS AUTOMOTORES E MOTOCICLETAS
4731800,COMÉRCIO VAREJISTA DE COMBUSTÍVEIS PARA VEÍCULOS AUTOMOTORES,47318,COMÉRCIO VAREJISTA DE COMBUSTÍVEIS PARA VEÍCULOS AUTOMOTORES,473,COMÉRCIO VAREJISTA DE COMBUSTÍVEIS PARA VEÍCULOS AUTOMOTORES,47,COMÉRCIO VAREJISTA,G,COMÉRCIO; REPARAÇÃO DE VEÍCULOS AUTOMOTORES E MOTOCICLETAS
4732600,COMÉRCIO VAREJISTA DE LUBRIFICANTES,47326,COMÉRCIO VAREJISTA DE LUBRIFICANTES,473,COMÉRCIO VAREJISTA DE COMBUSTÍVEIS PARA VEÍCULOS AUTOMOTORES,47,COMÉRCIO VAREJISTA,G,COMÉRCIO; REPARAÇÃO DE VEÍCULOS AUTOMOTORES E MOTOCICLETAS
4741500,COMÉRCIO VAREJISTA DE TINTAS E MATERIAIS PARA PINTURA,47415,COMÉRCIO VAREJISTA DE TINTAS E MATERIAIS PARA PINTURA,474,COMÉRCIO VAREJISTA DE MATERIAL DE CONSTRUÇÃO,47,COMÉRCIO VAREJISTA,G,COMÉRCIO; REPARAÇÃO DE VEÍCULOS AUTOMOTORES E MOTOCICLETAS
4742300,COMÉRCIO VAREJISTA DE MATERIAL ELÉTRICO,47423,COMÉRCIO VAREJISTA DE MATERIAL ELÉTRICO,474,COMÉRCIO VAREJISTA DE MATERIAL DE CONSTRUÇÃO,47,COMÉRCIO VAREJISTA,G,COMÉRCIO; REPARAÇÃO DE VEÍCULOS AUTOMOTORES E MOTOCICLETAS
4743100,COMÉRCIO VAREJISTA DE VIDROS,47431,COMÉRCIO VAREJISTA DE VIDROS,474,COMÉRCIO VAREJISTA DE MATERIAL DE CONSTRUÇÃO,47,COMÉRCIO VAREJISTA,G,COMÉRCIO; REPARAÇÃO DE VEÍCULOS AUTOMOTORES E MOTOCICLETAS
4744001,COMÉRCIO VAREJISTA DE FERRAGENS E FERRAMENTAS,47440,"COMÉRCIO VAREJISTA DE FERRAGENS, MADEIRA E MATERIAIS DE CONSTRUÇÃO",474,COMÉRCIO VAREJISTA DE MATERIAL DE CONSTRUÇÃO,47,COMÉRCIO VAREJISTA,G,COMÉRCIO; REPARAÇÃO DE VEÍCULOS AUTOMOTORES E MOTOCICLETAS
4744002,COMÉRCIO VAREJISTA DE MADEIRA E ARTEFATOS,47440,"COMÉRCIO VAREJISTA DE FERRAGENS, MADEIRA E MATERIAIS DE CONSTRUÇÃO",474,COMÉRCIO VAREJISTA DE MATERIAL DE CONSTRUÇÃO,47,COMÉRCIO VAREJISTA,G,COMÉRCIO; REPARAÇÃO DE VEÍCULOS AUTOMOTORES E MOTOCICLETAS
4744003,COMÉRCIO VAREJISTA DE MATERIAIS HIDRÁULICOS,47440,"COMÉRCIO VAREJISTA DE FERRAGENS, MADEIRA E MATERIAIS DE CONSTRUÇÃO",474,COMÉRCIO VAREJISTA DE MATERIAL DE CONSTRUÇÃO,47,COMÉRCIO VAREJISTA,G,COMÉRCIO; REPARAÇÃO DE VEÍCULOS AUTOMOTORES E MOTOCICLETAS
4744004,"COMÉRCIO VAREJISTA DE CAL, AREIA, PEDRA BRITADA, TIJOLOS E TELHAS",47440,"COMÉRCIO VAREJISTA DE FERRAGENS, MADEIRA E MATERIAIS DE CONSTRUÇÃO",474,COMÉRCIO VAREJISTA DE MATERIAL DE CONSTRUÇÃO,47,COMÉRCIO VAREJISTA,G,COMÉRCIO; REPARAÇÃO DE VEÍCULOS AUTOMOTORES E MOTOCICLETAS
4744005,COMÉRCIO VAREJISTA DE MATERIAIS DE CONSTRUÇÃO NÃO ESPECIFICADOS ANTERIORMENTE,47440,"COMÉRCIO VAREJISTA DE FERRAGENS, MADEIRA E MATERIAIS DE CONSTRUÇÃO",474,COMÉRCIO VAREJISTA DE MATERIAL DE CONSTRUÇÃO,47,COMÉRCIO VAREJISTA,G,COMÉRCIO; REPARAÇÃO DE VEÍCULOS AUTOMOTORES E MOTOCICLETAS
4744006,COMÉRCIO VAREJISTA DE PEDRAS PARA REVESTIMENTO,47440,"COMÉRCIO VAREJISTA DE FERRAGENS, MADEIRA E MATERIAIS DE CONSTRUÇÃO",474,COMÉRCIO VAREJISTA DE MATERIAL DE CONSTRUÇÃO,47,COMÉRCIO VAREJISTA,G,COMÉRCIO; REPARAÇÃO DE VEÍCULOS AUTOMOTORES E MOTOCICLETAS
4744099,COMÉRCIO VAREJISTA DE MATERIAIS DE CONSTRUÇÃO EM GERAL,47440,"COMÉRCIO VAREJISTA DE FERRAGENS, MADEIRA E MATERIAIS DE CONSTRUÇÃO",474,COMÉRCIO VAREJISTA DE MATERIAL DE CONSTRUÇÃO,47,COMÉRCIO VAREJISTA,G,COMÉRCIO; REPARAÇÃO DE VEÍCULOS AUTOMOTORES E MOTOCICLETAS
4751201,COMÉRCIO VAREJISTA ESPECIALIZADO DE EQUIPAMENTOS E SUPRIMENTOS DE INFORMÁTICA,47512,COMÉRCIO VAREJISTA ESPECIALIZADO DE EQUIPAMENTOS E SUPRIMENTOS DE INFORMÁTICA,475,COMÉRCIO VAREJISTA DE EQUIPAMENTOS DE INFORMÁTICA E COMUNICAÇÃO; EQUIPAMENTOS E ARTIGOS DE USO DOMÉSTICO,47,COMÉRCIO VAREJISTA,G,COMÉRCIO; REPARAÇÃO DE VEÍCULOS AUTOMOTORES E MOTOCICLETAS
4751202,RECARGA DE CARTUCHOS PARA EQUIPAMENTOS DE INFORMÁTICA,47512,COMÉRCIO VAREJISTA ESPECIALIZADO DE EQUIPAMENTOS E SUPRIMENTOS DE INFORMÁTICA,475,COMÉRCIO VAREJISTA DE EQUIPAMENTOS DE INFORMÁTICA E COMUNICAÇÃO; EQUIPAMENTOS E ARTIGOS DE USO DOMÉSTICO,47,COMÉRCIO VAREJISTA,G,COMÉRCIO; REPARAÇÃO DE VEÍCULOS AUTOMOTORES E MOTOCICLETAS
4752100,COMÉRCIO VAREJISTA ESPECIALIZADO DE EQUIPAMENTOS DE TELEFONIA E COMUNICAÇÃO,47521,COMÉRCIO VAREJISTA ESPECIALIZADO DE EQUIPAMENTOS DE TELEFONIA E COMUNICAÇÃO,475,COMÉRCIO VAREJISTA DE EQUIPAMENTOS DE INFORMÁTICA E COMUNICAÇÃO; EQUIPAMENTOS E ARTIGOS DE USO DOMÉSTICO,47,COMÉRCIO VAREJISTA,G,COMÉRCIO; REPARAÇÃO DE VEÍCULOS AUTOMOTORES E MOTOCICLETAS
4753900,COMÉRCIO VAREJISTA ESPECIALIZADO DE ELETRODOMÉSTICOS E EQUIPAMENTOS DE ÁUDIO E VÍDEO,47539,COMÉRCIO VAREJISTA ESPECIALIZADO DE ELETRODOMÉSTICOS E EQUIPAMENTOS DE ÁUDIO E VÍDEO,475,COMÉRCIO VAREJISTA DE EQUIPAMENTOS DE INFORMÁTICA E COMUNICAÇÃO; EQUIPAMENTOS E ARTIGOS DE USO DOMÉSTICO,47,COMÉRCIO VAREJISTA,G,COMÉRCIO; REPARAÇÃO DE VEÍCULOS AUTOMOTORES E MOTOCICLETAS
4754701,COMÉRCIO VAREJISTA DE MÓVEIS,47547,"COMÉRCIO VAREJISTA ESPECIALIZADO DE MÓVEIS, COLCHOARIA E ARTIGOS DE ILUMINAÇÃO",475,COMÉRCIO VAREJISTA DE EQUIPAMENTOS DE INFORMÁTICA E COMUNICAÇÃO; EQUIPAMENTOS E ARTIGOS DE USO DOMÉSTICO,47,COMÉRCIO VAREJISTA,G,COMÉRCIO; REPARAÇÃO DE VEÍCULOS AUTOMOTORES E MOTOCICLETAS
4754702,COMÉRCIO VAREJISTA DE ARTIGOS DE COLCHOARIA,47547,"COMÉRCIO VAREJISTA ESPECIALIZADO DE MÓVEIS, COLCHOARIA E ARTIGOS DE ILUMINAÇÃO",475,COMÉRCIO VAREJISTA DE EQUIPAMENTOS DE INFORMÁTICA E COMUNICAÇÃO; EQUIPAMENTOS E ARTIGOS DE USO DOMÉSTICO,47,COMÉRCIO VAREJISTA,G,COMÉRCIO; REPARAÇÃO DE VEÍCULOS AUTOMOTORES E MOTOCICLETAS
4754703,COMÉRCIO VAREJISTA DE ARTIGOS DE ILUMINAÇÃO,47547,"COMÉRCIO VAREJISTA ESPECIALIZADO DE MÓVEIS, COLCHOARIA E ARTIGOS DE ILUMINAÇÃO",475,COMÉRCIO VAREJISTA DE EQUIPAMENTOS DE INFORMÁTICA E COMUNICAÇÃO; EQUIPAMENTOS E ARTIGOS DE USO DOMÉSTICO,47,COMÉRCIO VAREJISTA,G,COMÉRCIO; REPARAÇÃO DE VEÍCULOS AUTOMOTORES E MOTOCICLETAS
4755501,COMÉRCIO VAREJISTA DE TECIDOS,47555,"COMÉRCIO VAREJISTA ESPECIALIZADO DE TECIDOS E ARTIGOS DE CAMA, MESA E BANHO",475,COMÉRCIO VAREJISTA DE EQUIPAMENTOS DE INFORMÁTICA E COMUNICAÇÃO; EQUIPAMENTOS E ARTIGOS DE USO DOMÉSTICO,47,COMÉRCIO VAREJISTA,G,COMÉRCIO; REPARAÇÃO DE VEÍCULOS AUTOMOTORES E MOTOCICLETAS
4755502,COMERCIO VAREJISTA DE ARTIGOS DE ARMARINHO,47555,"COMÉRCIO VAREJISTA ESPECIALIZADO DE TECIDOS E ARTIGOS DE CAMA, MESA E BANHO",475,COMÉRCIO VAREJISTA DE EQUIPAMENTOS DE INFORMÁTICA E COMUNICAÇÃO; EQUIPAMENTOS E ARTIGOS DE USO DOMÉSTICO,47,COMÉRCIO VAREJISTA,G,COMÉRCIO; REPARAÇÃO DE VEÍCULOS AUTOMOTORES E MOTOCICLETAS
4755503,"COMERCIO VAREJISTA DE ARTIGOS DE CAMA, MESA E BANHO",47555,"COMÉRCIO VAREJISTA ESPECIALIZADO DE TECIDOS E ARTIGOS DE CAMA, MESA E BANHO",475,COMÉRCIO VAREJISTA DE EQUIPAMENTOS DE INFORMÁTICA E COMUNICAÇÃO; EQUIPAMENTOS E ARTIGOS DE USO DOMÉSTICO,47,COMÉRCIO VAREJISTA,G,COMÉRCIO; REPARAÇÃO DE VEÍCULOS AUTOMOTORES E MOTOCICLETAS
4756300,COMÉRCIO VAREJISTA ESPECIALIZADO DE INSTRUMENTOS MUSICAIS E ACESSÓRIOS,47563,COMÉRCIO VAREJISTA ESPECIALIZADO DE INSTRUMENTOS MUSICAIS E ACESSÓRIOS,475,COMÉRCIO VAREJISTA DE EQUIPAMENTOS DE INFORMÁTICA E COMUNICAÇÃO; EQUIPAMENTOS E ARTIGOS DE USO DOMÉSTICO,47,COMÉRCIO VAREJISTA,G,COMÉRCIO; REPARAÇÃO DE VEÍCULOS AUTOMOTORES E MOTOCICLETAS
4757100,"COMÉRCIO VAREJISTA ESPECIALIZADO DE PEÇAS E ACESSÓRIOS PARA APARELHOS ELETROELETRÔNICOS PARA USO DOMÉSTICO, EXCETO INFORMÁTICA E COMUNICAÇÃO",47571,"COMÉRCIO VAREJISTA ESPECIALIZADO DE PEÇAS E ACESSÓRIOS PARA APARELHOS ELETROELETRÔNICOS PARA USO DOMÉSTICO, EXCETO INFORMÁTICA E COMUNICAÇÃO",475,COMÉRCIO VAREJISTA DE EQUIPAMENTOS DE INFORMÁTICA E COMUNICAÇÃO; EQUIPAMENTOS E ARTIGOS DE USO DOMÉSTICO,47,COMÉRCIO VAREJISTA,G,COMÉRCIO; REPARAÇÃO DE VEÍCULOS AUTOMOTORES E MOTOCICLETAS
4759801,"COMÉRCIO VAREJISTA DE ARTIGOS DE TAPEÇARIA, CORTINAS E PERSIANAS",47598,COMÉRCIO VAREJISTA DE ARTIGOS DE USO DOMÉSTICO NÃO ESPECIFICADOS ANTERIORMENTE,475,COMÉRCIO VAREJISTA DE EQUIPAMENTOS DE INFORMÁTICA E COMUNICAÇÃO; EQUIPAMENTOS E ARTIGOS DE USO DOMÉSTICO,47,COMÉRCIO VAREJISTA,G,COMÉRCIO; REPARAÇÃO DE VEÍCULOS AUTOMOTORES E MOTOCICLETAS
4759899,COMÉRCIO VAREJISTA DE OUTROS ARTIGOS DE USO PESSOAL E DOMÉSTICO NÃO ESPECIFICADOS ANTERIORMENTE,47598,COMÉRCIO VAREJISTA DE ARTIGOS DE USO DOMÉSTICO NÃO ESPECIFICADOS ANTERIORMENTE,475,COMÉRCIO VAREJISTA DE EQUIPAMENTOS DE INFORMÁTICA E COMUNICAÇÃO; EQUIPAMENTOS E ARTIGOS DE USO DOMÉSTICO,47,COMÉRCIO VAREJISTA,G,COMÉRCIO; REPARAÇÃO DE VEÍCULOS AUTOMOTORES E MOTOCICLETAS
4761001,COMÉRCIO VAREJISTA DE LIVROS,47610,"COMÉRCIO VAREJISTA DE LIVROS, JORNAIS, REVISTAS E PAPELARIA",476,"COMÉRCIO VAREJISTA DE ARTIGOS CULTURAIS, RECREATIVOS E ESPORTIVOS",47,COMÉRCIO VAREJISTA,G,COMÉRCIO; REPARAÇÃO DE VEÍCULOS AUTOMOTORES E MOTOCICLETAS
4761002,COMÉRCIO VAREJISTA DE JORNAIS E REVISTAS,47610,"COMÉRCIO VAREJISTA DE LIVROS, JORNAIS, REVISTAS E PAPELARIA",476,"COMÉRCIO VAREJISTA DE ARTIGOS CULTURAIS, RECREATIVOS E ESPORTIVOS",47,COMÉRCIO VAREJISTA,G,COMÉRCIO; REPARAÇÃO DE VEÍCULOS AUTOMOTORES E MOTOCICLETAS
4761003,COMÉRCIO VAREJISTA DE ARTIGOS DE PAPELARIA,47610,"COMÉRCIO VAREJISTA DE LIVROS, JORNAIS, REVISTAS E PAPELARIA",476,"COMÉRCIO VAREJISTA DE ARTIGOS CULTURAIS, RECREATIVOS E ESPORTIVOS",47,COMÉRCIO VAREJISTA,G,COMÉRCIO; REPARAÇÃO DE VEÍCULOS AUTOMOTORES E MOTOCICLETAS
4762800,"COMÉRCIO VAREJISTA DE DISCOS, CDS, DVDS E FITAS",47628,"COMÉRCIO VAREJISTA DE DISCOS, CDS, DVDS E FITAS",476,"COMÉRCIO VAREJISTA DE ARTIGOS CULTURAIS, RECREATIVOS E ESPORTIVOS",47,COMÉRCIO VAREJISTA,G,COMÉRCIO; REPARAÇÃO DE VEÍCULOS AUTOMOTORES E MOTOCICLETAS
4763601,COMÉRCIO VAREJISTA DE BRINQUEDOS E ARTIGOS RECREATIVOS,47636,COMÉRCIO VAREJISTA DE ARTIGOS RECREATIVOS E ESPORTIVOS,476,"COMÉRCIO VAREJISTA DE ARTIGOS CULTURAIS, RECREATIVOS E ESPORTIVOS",47,COMÉRCIO VAREJISTA,G,COMÉRCIO; REPARAÇÃO DE VEÍCULOS AUTOMOTORES E MOTOCICLETAS
4763602,COMÉRCIO VAREJISTA DE ARTIGOS ESPORTIVOS,47636,COMÉRCIO VAREJISTA DE ARTIGOS RECREATIVOS E ESPORTIVOS,476,"COMÉRCIO VAREJISTA DE ARTIGOS CULTURAIS, RECREATIVOS E ESPORTIVOS",47,COMÉRCIO VAREJISTA,G,COMÉRCIO; REPARAÇÃO DE VEÍCULOS AUTOMOTORES E MOTOCICLETAS
4763603,COMÉRCIO VAREJISTA DE BICICLETAS E TRICICLOS; PEÇAS E ACESSÓRIOS,47636,COMÉRCIO VAREJISTA DE ARTIGOS RECREATIVOS E ESPORTIVOS,476,"COMÉRCIO VAREJISTA DE ARTIGOS CULTURAIS, RECREATIVOS E ESPORTIVOS",47,COMÉRCIO VAREJISTA,G,COMÉRCIO; REPARAÇÃO DE VEÍCULOS AUTOMOTORES E MOTOCICLETAS
4763604,"COMÉRCIO VAREJISTA DE ARTIGOS DE CAÇA, PESCA E CAMPING",47636,COMÉRCIO VAREJISTA DE ARTIGOS RECREATIVOS E ESPORTIVOS,476,"COMÉRCIO VAREJISTA DE ARTIGOS CULTURAIS, RECREATIVOS E ESPORTIVOS",47,COMÉRCIO VAREJISTA,G,COMÉRCIO; REPARAÇÃO DE VEÍCULOS AUTOMOTORES E MOTOCICLETAS
4763605,COMÉRCIO VAREJISTA DE EMBARCAÇÕES E OUTROS VEÍCULOS RECREATIVOS; PEÇAS E ACESSÓRIOS,47636,COMÉRCIO VAREJISTA DE ARTIGOS RECREATIVOS E ESPORTIVOS,476,"COMÉRCIO VAREJISTA DE ARTIGOS CULTURAIS, RECREATIVOS E ESPORTIVOS",47,COMÉRCIO VAREJISTA,G,COMÉRCIO; REPARAÇÃO DE VEÍCULOS AUTOMOTORES E MOTOCICLETAS
4771701,"COMÉRCIO VAREJISTA DE PRODUTOS FARMACÊUTICOS, SEM MANIPULAÇÃO DE FÓRMULAS",47717,COMÉRCIO VAREJISTA DE PRODUTOS FARMACÊUTICOS PARA USO HUMANO E VETERINÁRIO,477,"COMÉRCIO VAREJISTA DE PRODUTOS FARMACÊUTICOS, PERFUMARIA E COSMÉTICOS E ARTIGOS MÉDICOS, ÓPTICOS E ORTOPÉDICOS",47,COMÉRCIO VAREJISTA,G,COMÉRCIO; REPARAÇÃO DE VEÍCULOS AUTOMOTORES E MOTOCICLETAS
4771702,"COMÉRCIO VAREJISTA DE PRODUTOS FARMACÊUTICOS, COM MANIPULAÇÃO DE FÓRMULAS",47717,COMÉRCIO VAREJISTA DE PRODUTOS FARMACÊUTICOS PARA USO HUMANO E VETERINÁRIO,477,"COMÉRCIO VAREJISTA DE PRODUTOS FARMACÊUTICOS, PERFUMARIA E COSMÉTICOS E ARTIGOS MÉDICOS, ÓPTICOS E ORTOPÉDICOS",47,COMÉRCIO VAREJISTA,G,COMÉRCIO; REPARAÇÃO DE VEÍCULOS AUTOMOTORES E MOTOCICLETAS
4771703,COMÉRCIO VAREJISTA DE PRODUTOS FARMACÊUTICOS HOMEOPÁTICOS,47717,COMÉRCIO VAREJISTA DE PRODUTOS FARMACÊUTICOS PARA USO HUMANO E VETERINÁRIO,477,"COMÉRCIO VAREJISTA DE PRODUTOS FARMACÊUTICOS, PERFUMARIA E COSMÉTICOS E ARTIGOS MÉDICOS, ÓPTICOS E ORTOPÉDICOS",47,COMÉRCIO VAREJISTA,G,COMÉRCIO; REPARAÇÃO DE VEÍCULOS AUTOMOTORES E MOTOCICLETAS
4771704,COMÉRCIO VAREJISTA DE MEDICAMENTOS VETERINÁRIOS,47717,COMÉRCIO VAREJISTA DE PRODUTOS FARMACÊUTICOS PARA USO HUMANO E VETERINÁRIO,477,"COMÉRCIO VAREJISTA DE PRODUTOS FARMACÊUTICOS, PERFUMARIA E COSMÉTICOS E ARTIGOS MÉDICOS, ÓPTICOS E ORTOPÉDICOS",47,COMÉRCIO VAREJISTA,G,COMÉRCIO; REPARAÇÃO DE VEÍCULOS AUTOMOTORES E MOTOCICLETAS
4772500,"COMÉRCIO VAREJISTA DE COSMÉTICOS, PRODUTOS DE PERFUMARIA E DE HIGIENE PESSOAL",47725,"COMÉRCIO VAREJISTA DE COSMÉTICOS, PRODUTOS DE PERFUMARIA E DE HIGIENE PESSOAL",477,"COMÉRCIO VAREJISTA DE PRODUTOS FARMACÊUTICOS, PERFUMARIA E COSMÉTICOS E ARTIGOS MÉDICOS, ÓPTICOS E ORTOPÉDICOS",47,COMÉRCIO VAREJISTA,G,COMÉRCIO; REPARAÇÃO DE VEÍCULOS AUTOMOTORES E MOTOCICLETAS
4773300,COMÉRCIO VAREJISTA DE ARTIGOS MÉDICOS E ORTOPÉDICOS,47733,COMÉRCIO VAREJISTA DE ARTIGOS MÉDICOS E ORTOPÉDICOS,477,"COMÉRCIO VAREJISTA DE PRODUTOS FARMACÊUTICOS, PERFUMARIA E COSMÉTICOS E ARTIGOS MÉDICOS, ÓPTICOS E ORTOPÉDICOS",47,COMÉRCIO VAREJISTA,G,COMÉRCIO; REPARAÇÃO DE VEÍCULOS AUTOMOTORES E MOTOCICLETAS
4774100,COMÉRCIO VAREJISTA DE ARTIGOS DE ÓPTICA,47741,COMÉRCIO VAREJISTA DE ARTIGOS DE ÓPTICA,477,"COMÉRCIO VAREJISTA DE PRODUTOS FARMACÊUTICOS, PERFUMARIA E COSMÉTICOS E ARTIGOS MÉDICOS, ÓPTICOS E ORTOPÉDICOS",47,COMÉRCIO VAREJISTA,G,COMÉRCIO; REPARAÇÃO DE VEÍCULOS AUTOMOTORES E MOTOCICLETAS
4781400,COMÉRCIO VAREJISTA DE ARTIGOS DO VESTUÁRIO E ACESSÓRIOS,47814,COMÉRCIO VAREJISTA DE ARTIGOS DO VESTUÁRIO E ACESSÓRIOS,478,COMÉRCIO VAREJISTA DE PRODUTOS NOVOS NÃO ESPECIFICADOS ANTERIORMENTE E DE PRODUTOS USADOS,47,COMÉRCIO VAREJISTA,G,COMÉRCIO; REPARAÇÃO DE VEÍCULOS AUTOMOTORES E MOTOCICLETAS
4782201,COMÉRCIO VAREJISTA DE CALÇADOS,47822,COMÉRCIO VAREJISTA DE CALÇADOS E ARTIGOS DE VIAGEM,478,COMÉRCIO VAREJISTA DE PRODUTOS NOVOS NÃO ESPECIFICADOS ANTERIORMENTE E DE PRODUTOS USADOS,47,COMÉRCIO VAREJISTA,G,COMÉRCIO; REPARAÇÃO DE VEÍCULOS AUTOMOTORES E MOTOCICLETAS
4782202,COMÉRCIO VAREJISTA DE ARTIGOS DE VIAGEM,47822,COMÉRCIO VAREJISTA DE CALÇADOS E ARTIGOS DE VIAGEM,478,COMÉRCIO VAREJISTA DE PRODUTOS NOVOS NÃO ESPECIFICADOS ANTERIORMENTE E DE PRODUTOS USADOS,47,COMÉRCIO VAREJISTA,G,COMÉRCIO; REPARAÇÃO DE VEÍCULOS AUTOMOTORES E MOTOCICLETAS
4783101,COMÉRCIO VAREJISTA DE ARTIGOS DE JOALHERIA,47831,COMÉRCIO VAREJISTA DE JOIAS E RELÓGIOS,478,COMÉRCIO VAREJISTA DE PRODUTOS NOVOS NÃO ESPECIFICADOS ANTERIORMENTE E DE PRODUTOS USADOS,47,COMÉRCIO VAREJISTA,G,COMÉRCIO; REPARAÇÃO DE VEÍCULOS AUTOMOTORES E MOTOCICLETAS
4783102,COMÉRCIO VAREJISTA DE ARTIGOS DE RELOJOARIA,47831,COMÉRCIO VAREJISTA DE JOIAS E RELÓGIOS,478,COMÉRCIO VAREJISTA DE PRODUTOS NOVOS NÃO ESPECIFICADOS ANTERIORMENTE E DE PRODUTOS USADOS,47,COMÉRCIO VAREJISTA,G,COMÉRCIO; REPARAÇÃO DE VEÍCULOS AUTOMOTORES E MOTOCICLETAS
4784900,COMÉRCIO VAREJISTA DE GÁS LIQÜEFEITO DE PETRÓLEO (GLP),47849,COMÉRCIO VAREJISTA DE GÁS LIQUEFEITO DE PETRÓLEO (GLP),478,COMÉRCIO VAREJISTA DE PRODUTOS NOVOS NÃO ESPECIFICADOS ANTERIORMENTE E DE PRODUTOS USADOS,47,COMÉRCIO VAREJISTA,G,COMÉRCIO; REPARAÇÃO DE VEÍCULOS AUTOMOTORES E MOTOCICLETAS
4785701,COMÉRCIO VAREJISTA DE ANTIGÜIDADES,47857,COMÉRCIO VAREJISTA DE ARTIGOS USADOS,478,COMÉRCIO VAREJISTA DE PRODUTOS NOVOS NÃO ESPECIFICADOS ANTERIORMENTE E DE PRODUTOS USADOS,47,COMÉRCIO VAREJISTA,G,COMÉRCIO; REPARAÇÃO DE VEÍCULOS AUTOMOTORES E MOTOCICLETAS
4785799,COMÉRCIO VAREJISTA DE OUTROS ARTIGOS USADOS,47857,COMÉRCIO VAREJISTA DE ARTIGOS USADOS,478,COMÉRCIO VAREJISTA DE PRODUTOS NOVOS NÃO ESPECIFICADOS ANTERIORMENTE E DE PRODUTOS USADOS,47,COMÉRCIO VAREJISTA,G,COMÉRCIO; REPARAÇÃO DE VEÍCULOS AUTOMOTORES E MOTOCICLETAS
4789001,"COMÉRCIO VAREJISTA DE SUVENIRES, BIJUTERIAS E ARTESANATOS",47890,COMÉRCIO VAREJISTA DE OUTROS PRODUTOS NOVOS NÃO ESPECIFICADOS ANTERIORMENTE,478,COMÉRCIO VAREJISTA DE PRODUTOS NOVOS NÃO ESPECIFICADOS ANTERIORMENTE E DE PRODUTOS USADOS,47,COMÉRCIO VAREJISTA,G,COMÉRCIO; REPARAÇÃO DE VEÍCULOS AUTOMOTORES E MOTOCICLETAS
4789002,COMÉRCIO VAREJISTA DE PLANTAS E FLORES NATURAIS,47890,COMÉRCIO VAREJISTA DE OUTROS PRODUTOS NOVOS NÃO ESPECIFICADOS ANTERIORMENTE,478,COMÉRCIO VAREJISTA DE PRODUTOS NOVOS NÃO ESPECIFICADOS ANTERIORMENTE E DE PRODUTOS USADOS,47,COMÉRCIO VAREJISTA,G,COMÉRCIO; REPARAÇÃO DE VEÍCULOS AUTOMOTORES E MOTOCICLETAS
4789003,COMÉRCIO VAREJISTA DE OBJETOS DE ARTE,47890,COMÉRCIO VAREJISTA DE OUTROS PRODUTOS NOVOS NÃO ESPECIFICADOS ANTERIORMENTE,478,COMÉRCIO VAREJISTA DE PRODUTOS NOVOS NÃO ESPECIFICADOS ANTERIORMENTE E DE PRODUTOS USADOS,47,COMÉRCIO VAREJISTA,G,COMÉRCIO; REPARAÇÃO DE VEÍCULOS AUTOMOTORES E MOTOCICLETAS
4789004,COMÉRCIO VAREJISTA DE ANIMAIS VIVOS E DE ARTIGOS E ALIMENTOS PARA ANIMAIS DE ESTIMAÇÃO,47890,COMÉRCIO VAREJISTA DE OUTROS PRODUTOS NOVOS NÃO ESPECIFICADOS ANTERIORMENTE,478,COMÉRCIO VAREJISTA DE PRODUTOS NOVOS NÃO ESPECIFICADOS ANTERIORMENTE E DE PRODUTOS USADOS,47,COMÉRCIO VAREJISTA,G,COMÉRCIO; REPARAÇÃO DE VEÍCULOS AUTOMOTORES E MOTOCICLETAS
4789005,COMÉRCIO VAREJISTA DE PRODUTOS SANEANTES DOMISSANITÁRIOS,47890,COMÉRCIO VAREJISTA DE OUTROS PRODUTOS NOVOS NÃO ESPECIFICADOS ANTERIORMENTE,478,COMÉRCIO VAREJISTA DE PRODUTOS NOVOS NÃO ESPECIFICADOS ANTERIORMENTE E DE PRODUTOS USADOS,47,COMÉRCIO VAREJISTA,G,COMÉRCIO; REPARAÇÃO DE VEÍCULOS AUTOMOTORES E MOTOCICLETAS
4789006,COMÉRCIO VAREJISTA DE FOGOS DE ARTIFÍCIO E ARTIGOS PIROTÉCNICOS,47890,COMÉRCIO VAREJISTA DE OUTROS PRODUTOS NOVOS NÃO ESPECIFICADOS ANTERIORMENTE,478,COMÉRCIO VAREJISTA DE PRODUTOS NOVOS NÃO ESPECIFICADOS ANTERIORMENTE E DE PRODUTOS USADOS,47,COMÉRCIO VAREJISTA,G,COMÉRCIO; REPARAÇÃO DE VEÍCULOS AUTOMOTORES E MOTOCICLETAS
4789007,COMÉRCIO VAREJISTA DE EQUIPAMENTOS PARA ESCRITÓRIO,47890,COMÉRCIO VAREJISTA DE OUTROS PRODUTOS NOVOS NÃO ESPECIFICADOS ANTERIORMENTE,478,COMÉRCIO VAREJISTA DE PRODUTOS NOVOS NÃO ESPECIFICADOS ANTERIORMENTE E DE PRODUTOS USADOS,47,COMÉRCIO VAREJISTA,G,COMÉRCIO; REPARAÇÃO DE VEÍCULOS AUTOMOTORES E MOTOCICLETAS
4789008,COMÉRCIO VAREJISTA DE ARTIGOS FOTOGRÁFICOS E PARA FILMAGEM,47890,COMÉRCIO VAREJISTA DE OUTROS PRODUTOS NOVOS NÃO ESPECIFICADOS ANTERIORMENTE,478,COMÉRCIO VAREJISTA DE PRODUTOS NOVOS NÃO ESPECIFICADOS ANTERIORMENTE E DE PRODUTOS USADOS,47,COMÉRCIO VAREJISTA,G,COMÉRCIO; REPARAÇÃO DE VEÍCULOS AUTOMOTORES E MOTOCICLETAS
4789009,COMÉRCIO VAREJISTA DE ARMAS E MUNIÇÕES,47890,COMÉRCIO VAREJISTA DE OUTROS PRODUTOS NOVOS NÃO ESPECIFICADOS ANTERIORMENTE,478,COMÉRCIO VAREJISTA DE PRODUTOS NOVOS NÃO ESPECIFICADOS ANTERIORMENTE E DE PRODUTOS USADOS,47,COMÉRCIO VAREJISTA,G,COMÉRCIO; REPARAÇÃO DE VEÍCULOS AUTOMOTORES E MOTOCICLETAS
4789099,COMÉRCIO VAREJISTA DE OUTROS PRODUTOS NÃO ESPECIFICADOS ANTERIORMENTE,47890,COMÉRCIO VAREJISTA DE OUTROS PRODUTOS NOVOS NÃO ESPECIFICADOS ANTERIORMENTE,478,COMÉRCIO VAREJISTA DE PRODUTOS NOVOS NÃO ESPECIFICADOS ANTERIORMENTE E DE PRODUTOS USADOS,47,COMÉRCIO VAREJISTA,G,COMÉRCIO; REPARAÇÃO DE VEÍCULOS AUTOMOTORES E MOTOCICLETAS
4911600,TRANSPORTE FERROVIÁRIO DE CARGA,49116,TRANSPORTE FERROVIÁRIO DE CARGA,491,TRANSPORTE FERROVIÁRIO E METROFERROVIÁRIO,49,TRANSPORTE TERRESTRE,H,"TRANSPORTE, ARMAZENAGEM E CORREIO"
4912401,TRANSPORTE FERROVIÁRIO DE PASSAGEIROS INTERMUNICIPAL E INTERESTADUAL,49124,TRANSPORTE METROFERROVIÁRIO DE PASSAGEIROS,491,TRANSPORTE FERROVIÁRIO E METROFERROVIÁRIO,49,TRANSPORTE TERRESTRE,H,"TRANSPORTE, ARMAZENAGEM E CORREIO"
4912402,TRANSPORTE FERROVIÁRIO DE PASSAGEIROS MUNICIPAL E EM REGIÃO METROPOLITANA,49124,TRANSPORTE METROFERROVIÁRIO DE PASSAGEIROS,491,TRANSPORTE FERROVIÁRIO E METROFERROVIÁRIO,49,TRANSPORTE TERRESTRE,H,"TRANSPORTE, ARMAZENAGEM E CORREIO"
4912403,TRANSPORTE METROVIÁRIO,49124,TRANSPORTE METROFERROVIÁRIO DE PASSAGEIROS,491,TRANSPORTE FERROVIÁRIO E METROFERROVIÁRIO,49,TRANSPORTE TERRESTRE,H,"TRANSPORTE, ARMAZENAGEM E CORREIO"
4921301,"TRANSPORTE RODOVIÁRIO COLETIVO DE PASSAGEIROS, COM ITINERÁRIO FIXO, MUNICIPAL",49213,"TRANSPORTE RODOVIÁRIO COLETIVO DE PASSAGEIROS, COM ITINERÁRIO FIXO, MUNICIPAL E EM REGIÃO METROPOLITANA",492,TRANSPORTE RODOVIÁRIO DE PASSAGEIROS,49,TRANSPORTE TERRESTRE,H,"TRANSPORTE, ARMAZENAGEM E CORREIO"
4921302,"TRANSPORTE RODOVIÁRIO COLETIVO DE PASSAGEIROS, COM ITINERÁRIO FIXO, INTERMUNICIPAL EM REGIÃO METROPOLITANA",49213,"TRANSPORTE RODOVIÁRIO COLETIVO DE PASSAGEIROS, COM ITINERÁRIO FIXO, MUNICIPAL E EM REGIÃO METROPOLITANA",492,TRANSPORTE RODOVIÁRIO DE PASSAGEIROS,49,TRANSPORTE TERRESTRE,H,"TRANSPORTE, ARMAZENAGEM E CORREIO"
4922101,"TRANSPORTE RODOVIÁRIO COLETIVO DE PASSAGEIROS, COM ITINERÁRIO FIXO, INTERMUNICIPAL, EXCETO EM REGIÃO METROPOLITANA",49221,"TRANSPORTE RODOVIÁRIO COLETIVO DE PASSAGEIROS, COM ITINERÁRIO FIXO, INTERMUNICIPAL, INTERESTADUAL E INTERNACIONAL",492,TRANSPORTE RODOVIÁRIO DE PASSAGEIROS,49,TRANSPORTE TERRESTRE,H,"TRANSPORTE, ARMAZENAGEM E CORREIO"
4922102,"TRANSPORTE RODOVIÁRIO COLETIVO DE PASSAGEIROS, COM ITINERÁRIO FIXO, INTERESTADUAL",49221,"TRANSPORTE RODOVIÁRIO COLETIVO DE PASSAGEIROS, COM ITINERÁRIO FIXO, INTERMUNICIPAL, INTERESTADUAL E INTERNACIONAL",492,TRANSPORTE RODOVIÁRIO DE PASSAGEIROS,49,TRANSPORTE TERRESTRE,H,"TRANSPORTE, ARMAZENAGEM E CORREIO"
4922103,"TRANSPORTE RODOVIÁRIO COLETIVO DE PASSAGEIROS, COM ITINERÁRIO FIXO, INTERNACIONAL",49221,"TRANSPORTE RODOVIÁRIO COLETIVO DE PASSAGEIROS, COM ITINERÁRIO FIXO, INTERMUNICIPAL, INTERESTADUAL E INTERNACIONAL",492,TRANSPORTE RODOVIÁRIO DE PASSAGEIROS,49,TRANSPORTE TERRESTRE,H,"TRANSPORTE, ARMAZENAGEM E CORREIO"
4923001,SERVIÇO DE TÁXI,49230,TRANSPORTE RODOVIÁRIO DE TÁXI,492,TRANSPORTE RODOVIÁRIO DE PASSAGEIROS,49,TRANSPORTE TERRESTRE,H,"TRANSPORTE, ARMAZENAGEM E CORREIO"
4923002,SERVIÇO DE TRANSPORTE DE PASSAGEIROS - LOCAÇÃO DE AUTOMÓVEIS COM MOTORISTA,49230,TRANSPORTE RODOVIÁRIO DE TÁXI,492,TRANSPORTE RODOVIÁRIO DE PASSAGEIROS,49,TRANSPORTE TERRESTRE,H,"TRANSPORTE, ARMAZENAGEM E CORREIO"
4924800,TRANSPORTE ESCOLAR,49248,TRANSPORTE ESCOLAR,492,TRANSPORTE RODOVIÁRIO DE PASSAGEIROS,49,TRANSPORTE TERRESTRE,H,"TRANSPORTE, ARMAZENAGEM E CORREIO"
4929901,"TRANSPORTE RODOVIÁRIO COLETIVO DE PASSAGEIROS, SOB REGIME DE FRETAMENTO, MUNICIPAL",49299,"TRANSPORTE RODOVIÁRIO COLETIVO DE PASSAGEIROS, SOB REGIME DE FRETAMENTO, E OUTROS TRANSPORTES RODOVIÁRIOS NÃO ESPECIFICADOS ANTERIORMENTE",492,TRANSPORTE RODOVIÁRIO DE PASSAGEIROS,49,TRANSPORTE TERRESTRE,H,"TRANSPORTE, ARMAZENAGEM E CORREIO"
4929902,"TRANSPORTE RODOVIÁRIO COLETIVO DE PASSAGEIROS, SOB REGIME DE FRETAMENTO, INTERMUNICIPAL, INTERESTADUAL E INTERNACIONAL",49299,"TRANSPORTE RODOVIÁRIO COLETIVO DE PASSAGEIROS, SOB REGIME DE FRETAMENTO, E OUTROS TRANSPORTES RODOVIÁRIOS NÃO ESPECIFICADOS ANTERIORMENTE",492,TRANSPORTE RODOVIÁRIO DE PASSAGEIROS,49,TRANSPORTE TERRESTRE,H,"TRANSPORTE, ARMAZENAGEM E CORREIO"
4929903,"ORGANIZAÇÃO DE EXCURSÕES EM VEÍCULOS RODOVIÁRIOS PRÓPRIOS, MUNICIPAL",49299,"TRANSPORTE RODOVIÁRIO COLETIVO DE PASSAGEIROS, SOB REGIME DE FRETAMENTO, E OUTROS TRANSPORTES RODOVIÁRIOS NÃO ESPECIFICADOS ANTERIORMENTE",492,TRANSPORTE RODOVIÁRIO DE PASSAGEIROS,49,TRANSPORTE TERRESTRE,H,"TRANSPORTE, ARMAZENAGEM E CORREIO"
4929904,"ORGANIZAÇÃO DE EXCURSÕES EM VEÍCULOS RODOVIÁRIOS PRÓPRIOS, INTERMUNICIPAL, INTERESTADUAL E INTERNACIONAL",49299,"TRANSPORTE RODOVIÁRIO COLETIVO DE PASSAGEIROS, SOB REGIME DE FRETAMENTO, E OUTROS TRANSPORTES RODOVIÁRIOS NÃO ESPECIFICADOS ANTERIORMENTE",492,TRANSPORTE RODOVIÁRIO DE PASSAGEIROS,49,TRANSPORTE TERRESTRE,H,"TRANSPORTE, ARMAZENAGEM E CORREIO"
4929999,OUTROS TRANSPORTES RODOVIÁRIOS DE PASSAGEIROS NÃO ESPECIFICADOS ANTERIORMENTE,49299,"TRANSPORTE RODOVIÁRIO COLETIVO DE PASSAGEIROS, SOB REGIME DE FRETAMENTO, E OUTROS TRANSPORTES RODOVIÁRIOS NÃO ESPECIFICADOS ANTERIORMENTE",492,TRANSPORTE RODOVIÁRIO DE PASSAGEIROS,49,TRANSPORTE TERRESTRE,H,"TRANSPORTE, ARMAZENAGEM E CORREIO"
4930201,"TRANSPORTE RODOVIÁRIO DE CARGA, EXCETO PRODUTOS PERIGOSOS E MUDANÇAS, MUNICIPAL",49302,TRANSPORTE RODOVIÁRIO DE CARGA,493,TRANSPORTE RODOVIÁRIO DE CARGA,49,TRANSPORTE TERRESTRE,H,"TRANSPORTE, ARMAZENAGEM E CORREIO"
4930202,"TRANSPORTE RODOVIÁRIO DE CARGA, EXCETO PRODUTOS PERIGOSOS E MUDANÇAS, INTERMUNICIPAL, INTERESTADUAL E INTERNACIONAL",49302,TRANSPORTE RODOVIÁRIO DE CARGA,493,TRANSPORTE RODOVIÁRIO DE CARGA,49,TRANSPORTE TERRESTRE,H,"TRANSPORTE, ARMAZENAGEM E CORREIO"
4930203,TRANSPORTE RODOVIÁRIO DE PRODUTOS PERIGOSOS,49302,TRANSPORTE RODOVIÁRIO DE CARGA,493,TRANSPORTE RODOVIÁRIO DE CARGA,49,TRANSPORTE TERRESTRE,H,"TRANSPORTE, ARMAZENAGEM E CORREIO"
4930204,TRANSPORTE RODOVIÁRIO DE MUDANÇAS,49302,TRANSPORTE RODOVIÁRIO DE CARGA,493,TRANSPORTE RODOVIÁRIO DE CARGA,49,TRANSPORTE TERRESTRE,H,"TRANSPORTE, ARMAZENAGEM E CORREIO"
4940000,TRANSPORTE DUTOVIÁRIO,49400,TRANSPORTE DUTOVIÁRIO,494,TRANSPORTE DUTOVIÁRIO,49,TRANSPORTE TERRESTRE,H,"TRANSPORTE, ARMAZENAGEM E CORREIO"
4950700,"TRENS TURÍSTICOS, TELEFÉRICOS E SIMILARES",49507,"TRENS TURÍSTICOS, TELEFÉRICOS E SIMILARES",495,"TRENS TURÍSTICOS, TELEFÉRICOS E SIMILARES",49,TRANSPORTE TERRESTRE,H,"TRANSPORTE, ARMAZENAGEM E CORREIO"
5011401,TRANSPORTE MARÍTIMO DE CABOTAGEM - CARGA,50114,TRANSPORTE MARÍTIMO DE CABOTAGEM,501,TRANSPORTE MARÍTIMO DE CABOTAGEM E LONGO CURSO,50,TRANSPORTE AQUAVIÁRIO,H,"TRANSPORTE, ARMAZENAGEM E CORREIO"
5011402,TRANSPORTE MARÍTIMO DE CABOTAGEM - PASSAGEIROS,50114,TRANSPORTE MARÍTIMO DE CABOTAGEM,501,TRANSPORTE MARÍTIMO DE CABOTAGEM E LONGO CURSO,50,TRANSPORTE AQUAVIÁRIO,H,"TRANSPORTE, ARMAZENAGEM E CORREIO"
5012201,TRANSPORTE MARÍTIMO DE LONGO CURSO - CARGA,50122,TRANSPORTE MARÍTIMO DE LONGO CURSO,501,TRANSPORTE MARÍTIMO DE CABOTAGEM E LONGO CURSO,50,TRANSPORTE AQUAVIÁRIO,H,"TRANSPORTE, ARMAZENAGEM E CORREIO"
5012202,TRANSPORTE MARÍTIMO DE LONGO CURSO - PASSAGEIROS,50122,TRANSPORTE MARÍTIMO DE LONGO CURSO,501,TRANSPORTE MARÍTIMO DE CABOTAGEM E LONGO CURSO,50,TRANSPORTE AQUAVIÁRIO,H,"TRANSPORTE, ARMAZENAGEM E CORREIO"
5021101,"TRANSPORTE POR NAVEGAÇÃO INTERIOR DE CARGA, MUNICIPAL, EXCETO TRAVESSIA",50211,TRANSPORTE POR NAVEGAÇÃO INTERIOR DE CARGA,502,TRANSPORTE POR NAVEGAÇÃO INTERIOR,50,TRANSPORTE AQUAVIÁRIO,H,"TRANSPORTE, ARMAZENAGEM E CORREIO"
5021102,"TRANSPORTE POR NAVEGAÇÃO INTERIOR DE CARGA, INTERMUNICIPAL, INTERESTADUAL E INTERNACIONAL, EXCETO TRAVESSIA",50211,TRANSPORTE POR NAVEGAÇÃO INTERIOR DE CARGA,502,TRANSPORTE POR NAVEGAÇÃO INTERIOR,50,TRANSPORTE AQUAVIÁRIO,H,"TRANSPORTE, ARMAZENAGEM E CORREIO"
5022001,"TRANSPORTE POR NAVEGAÇÃO INTERIOR DE PASSAGEIROS EM LINHAS REGULARES, MUNICIPAL, EXCETO TRAVESSIA",50220,TRANSPORTE POR NAVEGAÇÃO INTERIOR DE PASSAGEIROS EM LINHAS REGULARES,502,TRANSPORTE POR NAVEGAÇÃO INTERIOR,50,TRANSPORTE AQUAVIÁRIO,H,"TRANSPORTE, ARMAZENAGEM E CORREIO"
5022002,"TRANSPORTE POR NAVEGAÇÃO INTERIOR DE PASSAGEIROS EM LINHAS REGULARES, INTERMUNICIPAL, INTERESTADUAL E INTERNACIONAL, EXCETO TRAVESSIA",50220,TRANSPORTE POR NAVEGAÇÃO INTERIOR DE PASSAGEIROS EM LINHAS REGULARES,502,TRANSPORTE POR NAVEGAÇÃO INTERIOR,50,TRANSPORTE AQUAVIÁRIO,H,"TRANSPORTE, ARMAZENAGEM E CORREIO"
5030101,NAVEGAÇÃO DE APOIO MARÍTIMO,50301,NAVEGAÇÃO DE APOIO,503,NAVEGAÇÃO DE APOIO,50,TRANSPORTE AQUAVIÁRIO,H,"TRANSPORTE, ARMAZENAGEM E CORREIO"
5030102,NAVEGAÇÃO DE APOIO PORTUÁRIO,50301,NAVEGAÇÃO DE APOIO,503,NAVEGAÇÃO DE APOIO,50,TRANSPORTE AQUAVIÁRIO,H,"TRANSPORTE, ARMAZENAGEM E CORREIO"
5030103,SERVIÇO DE REBOCADORES E EMPURRADORES,50301,NAVEGAÇÃO DE APOIO,503,NAVEGAÇÃO DE APOIO,50,TRANSPORTE AQUAVIÁRIO,H,"TRANSPORTE, ARMAZENAGEM E CORREIO"
5091201,"TRANSPORTE POR NAVEGAÇÃO DE TRAVESSIA, MUNICIPAL",50912,TRANSPORTE POR NAVEGAÇÃO DE TRAVESSIA,509,OUTROS TRANSPORTES AQUAVIÁRIOS,50,TRANSPORTE AQUAVIÁRIO,H,"TRANSPORTE, ARMAZENAGEM E CORREIO"
5091202,"TRANSPORTE POR NAVEGAÇÃO DE TRAVESSIA INTERMUNICIPAL, INTERESTADUAL E INTERNACIONAL",50912,TRANSPORTE POR NAVEGAÇÃO DE TRAVESSIA,509,OUTROS TRANSPORTES AQUAVIÁRIOS,50,TRANSPORTE AQUAVIÁRIO,H,"TRANSPORTE, ARMAZENAGEM E CORREIO"
5099801,TRANSPORTE AQUAVIÁRIO PARA PASSEIOS TURÍSTICOS,50998,TRANSPORTES AQUAVIÁRIOS NÃO ESPECIFICADOS ANTERIORMENTE,509,OUTROS TRANSPORTES AQUAVIÁRIOS,50,TRANSPORTE AQUAVIÁRIO,H,"TRANSPORTE, ARMAZENAGEM E CORREIO"
5099899,OUTROS TRANSPORTES AQUAVIÁRIOS NÃO ESPECIFICADOS ANTERIORMENTE,50998,TRANSPORTES AQUAVIÁRIOS NÃO ESPECIFICADOS ANTERIORMENTE,509,OUTROS TRANSPORTES AQUAVIÁRIOS,50,TRANSPORTE AQUAVIÁRIO,H,"TRANSPORTE, ARMAZENAGEM E CORREIO"
5111100,TRANSPORTE AÉREO DE PASSAGEIROS REGULAR,51111,TRANSPORTE AÉREO DE PASSAGEIROS REGULAR,511,TRANSPORTE AÉREO DE PASSAGEIROS,51,TRANSPORTE AÉREO,H,"TRANSPORTE, ARMAZENAGEM E CORREIO"
5112901,SERVIÇO DE TÁXI AÉREO E LOCAÇÃO DE AERONAVES COM TRIPULAÇÃO,51129,TRANSPORTE AÉREO DE PASSAGEIROS NÃO REGULAR,511,TRANSPORTE AÉREO DE PASSAGEIROS,51,TRANSPORTE AÉREO,H,"TRANSPORTE, ARMAZENAGEM E CORREIO"
5112999,OUTROS SERVIÇOS DE TRANSPORTE AÉREO DE PASSAGEIROS NÃO REGULAR,51129,TRANSPORTE AÉREO DE PASSAGEIROS NÃO REGULAR,511,TRANSPORTE AÉREO DE PASSAGEIROS,51,TRANSPORTE AÉREO,H,"TRANSPORTE, ARMAZENAGEM E CORREIO"
5120000,TRANSPORTE AÉREO DE CARGA,51200,TRANSPORTE AÉREO DE CARGA,512,TRANSPORTE AÉREO DE CARGA,51,TRANSPORTE AÉREO,H,"TRANSPORTE, ARMAZENAGEM E CORREIO"
5130700,TRANSPORTE ESPACIAL,51307,TRANSPORTE ESPACIAL,513,TRANSPORTE ESPACIAL,51,TRANSPORTE AÉREO,H,"TRANSPORTE, ARMAZENAGEM E CORREIO"
5211701,ARMAZÉNS GERAIS - EMISSÃO DE WARRANT,52117,ARMAZENAMENTO,521,"ARMAZENAMENTO, CARGA E DESCARGA",52,ARMAZENAMENTO E ATIVIDADES AUXILIARES DOS TRANSPORTES,H,"TRANSPORTE, ARMAZENAGEM E CORREIO"
5211702,GUARDA MÓVEIS,52117,ARMAZENAMENTO,521,"ARMAZENAMENTO, CARGA E DESCARGA",52,ARMAZENAMENTO E ATIVIDADES AUXILIARES DOS TRANSPORTES,H,"TRANSPORTE, ARMAZENAGEM E CORREIO"
5211799,"DEPÓSITOS DE MERCADORIAS PARA TERCEIROS, EXCETO ARMAZÉNS GERAIS E GUARDA MÓVEIS",52117,ARMAZENAMENTO,521,"ARMAZENAMENTO, CARGA E DESCARGA",52,ARMAZENAMENTO E ATIVIDADES AUXILIARES DOS TRANSPORTES,H,"TRANSPORTE, ARMAZENAGEM E CORREIO"
5212500,CARGA E DESCARGA,52125,CARGA E DESCARGA,521,"ARMAZENAMENTO, CARGA E DESCARGA",52,ARMAZENAMENTO E ATIVIDADES AUXILIARES DOS TRANSPORTES,H,"TRANSPORTE, ARMAZENAGEM E CORREIO"
5221400,"CONCESSIONÁRIAS DE RODOVIAS, PONTES, TÚNEIS E SERVIÇOS RELACIONADOS",52214,"CONCESSIONÁRIAS DE RODOVIAS, PONTES, TÚNEIS E SERVIÇOS RELACIONADOS",522,ATIVIDADES AUXILIARES DOS TRANSPORTES TERRESTRES,52,ARMAZENAMENTO E ATIVIDADES AUXILIARES DOS TRANSPORTES,H,"TRANSPORTE, ARMAZENAGEM E CORREIO"
5222200,TERMINAIS RODOVIÁRIOS E FERROVIÁRIOS,52222,TERMINAIS RODOVIÁRIOS E FERROVIÁRIOS,522,ATIVIDADES AUXILIARES DOS TRANSPORTES TERRESTRES,52,ARMAZENAMENTO E ATIVIDADES AUXILIARES DOS TRANSPORTES,H,"TRANSPORTE, ARMAZENAGEM E CORREIO"
5223100,ESTACIONAMENTO DE VEÍCULOS,52231,ESTACIONAMENTO DE VEÍCULOS,522,ATIVIDADES AUXILIARES DOS TRANSPORTES TERRESTRES,52,ARMAZENAMENTO E ATIVIDADES AUXILIARES DOS TRANSPORTES,H,"TRANSPORTE, ARMAZENAGEM E CORREIO"
5229001,"SERVIÇOS DE APOIO AO TRANSPORTE POR TÁXI, INCLUSIVE CENTRAIS DE CHAMADA",52290,ATIVIDADES AUXILIARES DOS TRANSPORTES TERRESTRES NÃO ESPECIFICADAS ANTERIORMENTE,522,ATIVIDADES AUXILIARES DOS TRANSPORTES TERRESTRES,52,ARMAZENAMENTO E ATIVIDADES AUXILIARES DOS TRANSPORTES,H,"TRANSPORTE, ARMAZENAGEM E CORREIO"
5229002,SERVIÇOS DE REBOQUE DE VEÍCULOS,52290,ATIVIDADES AUXILIARES DOS TRANSPORTES TERRESTRES NÃO ESPECIFICADAS ANTERIORMENTE,522,ATIVIDADES AUXILIARES DOS TRANSPORTES TERRESTRES,52,ARMAZENAMENTO E ATIVIDADES AUXILIARES DOS TRANSPORTES,H,"TRANSPORTE, ARMAZENAGEM E CORREIO"
5229099,OUTRAS ATIVIDADES AUXILIARES DOS TRANSPORTES TERRESTRES NÃO ESPECIFICADAS ANTERIORMENTE,52290,ATIVIDADES AUXILIARES DOS TRANSPORTES TERRESTRES NÃO ESPECIFICADAS ANTERIORMENTE,522,ATIVIDADES AUXILIARES DOS TRANSPORTES TERRESTRES,52,ARMAZENAMENTO E ATIVIDADES AUXILIARES DOS TRANSPORTES,H,"TRANSPORTE, ARMAZENAGEM E CORREIO"
5231101,ADMINISTRAÇÃO DA INFRAESTRUTURA PORTUÁRIA,52311,GESTÃO DE PORTOS E TERMINAIS,523,ATIVIDADES AUXILIARES DOS TRANSPORTES AQUAVIÁRIOS,52,ARMAZENAMENTO E ATIVIDADES AUXILIARES DOS TRANSPORTES,H,"TRANSPORTE, ARMAZENAGEM E CORREIO"
5231102,ATIVIDADES DO OPERADOR PORTUÁRIO,52311,GESTÃO DE PORTOS E TERMINAIS,523,ATIVIDADES AUXILIARES DOS TRANSPORTES AQUAVIÁRIOS,52,ARMAZENAMENTO E ATIVIDADES AUXILIARES DOS TRANSPORTES,H,"TRANSPORTE, ARMAZENAGEM E CORREIO"
5231103,GESTÃO DE TERMINAIS AQUAVIÁRIOS,52311,GESTÃO DE PORTOS E TERMINAIS,523,ATIVIDADES AUXILIARES DOS TRANSPORTES AQUAVIÁRIOS,52,ARMAZENAMENTO E ATIVIDADES AUXILIARES DOS TRANSPORTES,H,"TRANSPORTE, ARMAZENAGEM E CORREIO"
5232000,ATIVIDADES DE AGENCIAMENTO MARÍTIMO,52320,ATIVIDADES DE AGENCIAMENTO MARÍTIMO,523,ATIVIDADES AUXILIARES DOS TRANSPORTES AQUAVIÁRIOS,52,ARMAZENAMENTO E ATIVIDADES AUXILIARES DOS TRANSPORTES,H,"TRANSPORTE, ARMAZENAGEM E CORREIO"
5239701,SERVIÇOS DE PRATICAGEM,52397,ATIVIDADES AUXILIARES DOS TRANSPORTES AQUAVIÁRIOS NÃO ESPECIFICADAS ANTERIORMENTE,523,ATIVIDADES AUXILIARES DOS TRANSPORTES AQUAVIÁRIOS,52,ARMAZENAMENTO E ATIVIDADES AUXILIARES DOS TRANSPORTES,H,"TRANSPORTE, ARMAZENAGEM E CORREIO"
5239799,ATIVIDADES AUXILIARES DOS TRANSPORTES AQUAVIÁRIOS NÃO ESPECIFICADAS ANTERIORMENTE,52397,ATIVIDADES AUXILIARES DOS TRANSPORTES AQUAVIÁRIOS NÃO ESPECIFICADAS ANTERIORMENTE,523,ATIVIDADES AUXILIARES DOS TRANSPORTES AQUAVIÁRIOS,52,ARMAZENAMENTO E ATIVIDADES AUXILIARES DOS TRANSPORTES,H,"TRANSPORTE, ARMAZENAGEM E CORREIO"
5240101,OPERAÇÃO DOS AEROPORTOS E CAMPOS DE ATERRISSAGEM,52401,ATIVIDADES AUXILIARES DOS TRANSPORTES AÉREOS,524,ATIVIDADES AUXILIARES DOS TRANSPORTES AÉREOS,52,ARMAZENAMENTO E ATIVIDADES AUXILIARES DOS TRANSPORTES,H,"TRANSPORTE, ARMAZENAGEM E CORREIO"
5240199,"ATIVIDADES AUXILIARES DOS TRANSPORTES AÉREOS, EXCETO OPERAÇÃO DOS AEROPORTOS E CAMPOS DE ATERRISSAGEM",52401,ATIVIDADES AUXILIARES DOS TRANSPORTES AÉREOS,524,ATIVIDADES AUXILIARES DOS TRANSPORTES AÉREOS,52,ARMAZENAMENTO E ATIVIDADES AUXILIARES DOS TRANSPORTES,H,"TRANSPORTE, ARMAZENAGEM E CORREIO"
5250801,COMISSARIA DE DESPACHOS,52508,ATIVIDADES RELACIONADAS À ORGANIZAÇÃO DO TRANSPORTE DE CARGA,525,ATIVIDADES RELACIONADAS À ORGANIZAÇÃO DO TRANSPORTE DE CARGA,52,ARMAZENAMENTO E ATIVIDADES AUXILIARES DOS TRANSPORTES,H,"TRANSPORTE, ARMAZENAGEM E CORREIO"
5250802,ATIVIDADES DE DESPACHANTES ADUANEIROS,52508,ATIVIDADES RELACIONADAS À ORGANIZAÇÃO DO TRANSPORTE DE CARGA,525,ATIVIDADES RELACIONADAS À ORGANIZAÇÃO DO TRANSPORTE DE CARGA,52,ARMAZENAMENTO E ATIVIDADES AUXILIARES DOS TRANSPORTES,H,"TRANSPORTE, ARMAZENAGEM E CORREIO"
5250803,"AGENCIAMENTO DE CARGAS, EXCETO PARA O TRANSPORTE MARÍTIMO",52508,ATIVIDADES RELACIONADAS À ORGANIZAÇÃO DO TRANSPORTE DE CARGA,525,ATIVIDADES RELACIONADAS À ORGANIZAÇÃO DO TRANSPORTE DE CARGA,52,ARMAZENAMENTO E ATIVIDADES AUXILIARES DOS TRANSPORTES,H,"TRANSPORTE, ARMAZENAGEM E CORREIO"
5250804,ORGANIZAÇÃO LOGÍSTICA DO TRANSPORTE DE CARGA,52508,ATIVIDADES RELACIONADAS À ORGANIZAÇÃO DO TRANSPORTE DE CARGA,525,ATIVIDADES RELACIONADAS À ORGANIZAÇÃO DO TRANSPORTE DE CARGA,52,ARMAZENAMENTO E ATIVIDADES AUXILIARES DOS TRANSPORTES,H,"TRANSPORTE, ARMAZENAGEM E CORREIO"
5250805,OPERADOR DE TRANSPORTE MULTIMODAL - OTM,52508,ATIVIDADES RELACIONADAS À ORGANIZAÇÃO DO TRANSPORTE DE CARGA,525,ATIVIDADES RELACIONADAS À ORGANIZAÇÃO DO TRANSPORTE DE CARGA,52,ARMAZENAMENTO E ATIVIDADES AUXILIARES DOS TRANSPORTES,H,"TRANSPORTE, ARMAZENAGEM E CORREIO"
5310501,ATIVIDADES DO CORREIO NACIONAL,53105,ATIVIDADES DE CORREIO,531,ATIVIDADES DE CORREIO,53,CORREIO E OUTRAS ATIVIDADES DE ENTREGA,H,"TRANSPORTE, ARMAZENAGEM E CORREIO"
5310502,ATIVIDADES DE FRANQUEADAS DO CORREIO NACIONAL,53105,ATIVIDADES DE CORREIO,531,ATIVIDADES DE CORREIO,53,CORREIO E OUTRAS ATIVIDADES DE ENTREGA,H,"TRANSPORTE, ARMAZENAGEM E CORREIO"
5320201,SERVIÇOS DE MALOTE NÃO REALIZADOS PELO CORREIO NACIONAL,53202,ATIVIDADES DE MALOTE E DE ENTREGA,532,ATIVIDADES DE MALOTE E DE ENTREGA,53,CORREIO E OUTRAS ATIVIDADES DE ENTREGA,H,"TRANSPORTE, ARMAZENAGEM E CORREIO"
5320202,SERVIÇOS DE ENTREGA RÁPIDA,53202,ATIVIDADES DE MALOTE E DE ENTREGA,532,ATIVIDADES DE MALOTE E DE ENTREGA,53,CORREIO E OUTRAS ATIVIDADES DE ENTREGA,H,"TRANSPORTE, ARMAZENAGEM E CORREIO"
5510801,HOTÉIS,55108,HOTÉIS E SIMILARES,551,HOTÉIS E SIMILARES,55,ALOJAMENTO,I,ALOJAMENTO E ALIMENTAÇÃO
5510802,APART HOTÉIS,55108,HOTÉIS E SIMILARES,551,HOTÉIS E SIMILARES,55,ALOJAMENTO,I,ALOJAMENTO E ALIMENTAÇÃO
5510803,MOTÉIS,55108,HOTÉIS E SIMILARES,551,HOTÉIS E SIMILARES,55,ALOJAMENTO,I,ALOJAMENTO E ALIMENTAÇÃO
5590601,"ALBERGUES, EXCETO ASSISTENCIAIS",55906,OUTROS TIPOS DE ALOJAMENTO NÃO ESPECIFICADOS ANTERIORMENTE,559,OUTROS TIPOS DE ALOJAMENTO NÃO ESPECIFICADOS ANTERIORMENTE,55,ALOJAMENTO,I,ALOJAMENTO E ALIMENTAÇÃO
5590602,CAMPINGS,55906,OUTROS TIPOS DE ALOJAMENTO NÃO ESPECIFICADOS ANTERIORMENTE,559,OUTROS TIPOS DE ALOJAMENTO NÃO ESPECIFICADOS ANTERIORMENTE,55,ALOJAMENTO,I,ALOJAMENTO E ALIMENTAÇÃO
5590603,PENSÕES(ALOJAMENTO),55906,OUTROS TIPOS DE ALOJAMENTO NÃO ESPECIFICADOS ANTERIORMENTE,559,OUTROS TIPOS DE ALOJAMENTO NÃO ESPECIFICADOS ANTERIORMENTE,55,ALOJAMENTO,I,ALOJAMENTO E ALIMENTAÇÃO
5590699,OUTROS ALOJAMENTOS NÃO ESPECIFICADOS ANTERIORMENTE,55906,OUTROS TIPOS DE ALOJAMENTO NÃO ESPECIFICADOS ANTERIORMENTE,559,OUTROS TIPOS DE ALOJAMENTO NÃO ESPECIFICADOS ANTERIORMENTE,55,ALOJAMENTO,I,ALOJAMENTO E ALIMENTAÇÃO
5611201,RESTAURANTES E SIMILARES,56112,RESTAURANTES E OUTROS ESTABELECIMENTOS DE SERVIÇOS DE ALIMENTAÇÃO E BEBIDAS,561,RESTAURANTES E OUTROS SERVIÇOS DE ALIMENTAÇÃO E BEBIDAS,56,ALIMENTAÇÃO,I,ALOJAMENTO E ALIMENTAÇÃO
5611203,"LANCHONETES, CASAS DE CHÁ, DE SUCOS E SIMILARES",56112,RESTAURANTES E OUTROS ESTABELECIMENTOS DE SERVIÇOS DE ALIMENTAÇÃO E BEBIDAS,561,RESTAURANTES E OUTROS SERVIÇOS DE ALIMENTAÇÃO E BEBIDAS,56,ALIMENTAÇÃO,I,ALOJAMENTO E ALIMENTAÇÃO
5611204,"BARES E OUTROS ESTABELECIMENTOS ESPECIALIZADOS EM SERVIR BEBIDAS, SEM ENTRETENIMENTO",56112,RESTAURANTES E OUTROS ESTABELECIMENTOS DE SERVIÇOS DE ALIMENTAÇÃO E BEBIDAS,561,RESTAURANTES E OUTROS SERVIÇOS DE ALIMENTAÇÃO E BEBIDAS,56,ALIMENTAÇÃO,I,ALOJAMENTO E ALIMENTAÇÃO
5611205,"BARES E OUTROS ESTABELECIMENTOS ESPECIALIZADOS EM SERVIR BEBIDAS, COM ENTRETENIMENTO ",56112,RESTAURANTES E OUTROS ESTABELECIMENTOS DE SERVIÇOS DE ALIMENTAÇÃO E BEBIDAS,561,RESTAURANTES E OUTROS SERVIÇOS DE ALIMENTAÇÃO E BEBIDAS,56,ALIMENTAÇÃO,I,ALOJAMENTO E ALIMENTAÇÃO
5612100,SERVIÇOS AMBULANTES DE ALIMENTAÇÃO,56121,SERVIÇOS AMBULANTES DE ALIMENTAÇÃO,561,RESTAURANTES E OUTROS SERVIÇOS DE ALIMENTAÇÃO E BEBIDAS,56,ALIMENTAÇÃO,I,ALOJAMENTO E ALIMENTAÇÃO
5620101,FORNECIMENTO DE ALIMENTOS PREPARADOS PREPONDERANTEMENTE PARA EMPRESAS,56201,"SERVIÇOS DE CATERING, BUFÊ E OUTROS SERVIÇOS DE COMIDA PREPARADA",562,"SERVIÇOS DE CATERING, BUFÊ E OUTROS SERVIÇOS DE COMIDA PREPARADA",56,ALIMENTAÇÃO,I,ALOJAMENTO E ALIMENTAÇÃO
5620102,SERVIÇOS DE ALIMENTAÇÃO PARA EVENTOS E RECEPÇÕES - BUFÊ,56201,"SERVIÇOS DE CATERING, BUFÊ E OUTROS SERVIÇOS DE COMIDA PREPARADA",562,"SERVIÇOS DE CATERING, BUFÊ E OUTROS SERVIÇOS DE COMIDA PREPARADA",56,ALIMENTAÇÃO,I,ALOJAMENTO E ALIMENTAÇÃO
5620103,CANTINAS - SERVIÇOS DE ALIMENTAÇÃO PRIVATIVOS,56201,"SERVIÇOS DE CATERING, BUFÊ E OUTROS SERVIÇOS DE COMIDA PREPARADA",562,"SERVIÇOS DE CATERING, BUFÊ E OUTROS SERVIÇOS DE COMIDA PREPARADA",56,ALIMENTAÇÃO,I,ALOJAMENTO E ALIMENTAÇÃO
5620104,FORNECIMENTO DE ALIMENTOS PREPARADOS PREPONDERANTEMENTE PARA CONSUMO DOMICILIAR,56201,"SERVIÇOS DE CATERING, BUFÊ E OUTROS SERVIÇOS DE COMIDA PREPARADA",562,"SERVIÇOS DE CATERING, BUFÊ E OUTROS SERVIÇOS DE COMIDA PREPARADA",56,ALIMENTAÇÃO,I,ALOJAMENTO E ALIMENTAÇÃO
5811500,EDIÇÃO DE LIVROS,58115,EDIÇÃO DE LIVROS,581,"EDIÇÃO DE LIVROS, JORNAIS, REVISTAS E OUTRAS ATIVIDADES DE EDIÇÃO",58,EDIÇÃO E EDIÇÃO INTEGRADA À IMPRESSÃO,J,INFORMAÇÃO E COMUNICAÇÃO
5812301,EDIÇÃO DE JORNAIS DIÁRIOS,58123,EDIÇÃO DE JORNAIS,581,"EDIÇÃO DE LIVROS, JORNAIS, REVISTAS E OUTRAS ATIVIDADES DE EDIÇÃO",58,EDIÇÃO E EDIÇÃO INTEGRADA À IMPRESSÃO,J,INFORMAÇÃO E COMUNICAÇÃO
5812302,EDIÇÃO DE JORNAIS NÃO DIÁRIOS,58123,EDIÇÃO DE JORNAIS,581,"EDIÇÃO DE LIVROS, JORNAIS, REVISTAS E OUTRAS ATIVIDADES DE EDIÇÃO",58,EDIÇÃO E EDIÇÃO INTEGRADA À IMPRESSÃO,J,INFORMAÇÃO E COMUNICAÇÃO
5813100,EDIÇÃO DE REVISTAS,58131,EDIÇÃO DE REVISTAS,581,"EDIÇÃO DE LIVROS, JORNAIS, REVISTAS E OUTRAS ATIVIDADES DE EDIÇÃO",58,EDIÇÃO E EDIÇÃO INTEGRADA À IMPRESSÃO,J,INFORMAÇÃO E COMUNICAÇÃO
5819100,"EDIÇÃO DE CADASTROS, LISTAS E DE OUTROS PRODUTOS GRÁFICOS",58191,"EDIÇÃO DE CADASTROS, LISTAS E DE OUTROS PRODUTOS GRÁFICOS",581,"EDIÇÃO DE LIVROS, JORNAIS, REVISTAS E OUTRAS ATIVIDADES DE EDIÇÃO",58,EDIÇÃO E EDIÇÃO INTEGRADA À IMPRESSÃO,J,INFORMAÇÃO E COMUNICAÇÃO
5821200,EDIÇÃO INTEGRADA À IMPRESSÃO DE LIVROS,58212,EDIÇÃO INTEGRADA À IMPRESSÃO DE LIVROS,582,"EDIÇÃO INTEGRADA À IMPRESSÃO DE LIVROS, JORNAIS, REVISTAS E OUTRAS PUBLICAÇÕES",58,EDIÇÃO E EDIÇÃO INTEGRADA À IMPRESSÃO,J,INFORMAÇÃO E COMUNICAÇÃO
5822101,EDIÇÃO INTEGRADA À IMPRESSÃO DE JORNAIS DIÁRIOS,58221,EDIÇÃO INTEGRADA À IMPRESSÃO DE JORNAIS,582,"EDIÇÃO INTEGRADA À IMPRESSÃO DE LIVROS, JORNAIS, REVISTAS E OUTRAS PUBLICAÇÕES",58,EDIÇÃO E EDIÇÃO INTEGRADA À IMPRESSÃO,J,INFORMAÇÃO E COMUNICAÇÃO
5822102,EDIÇÃO INTEGRADA À IMPRESSÃO DE JORNAIS NÃO DIÁRIOS,58221,EDIÇÃO INTEGRADA À IMPRESSÃO DE JORNAIS,582,"EDIÇÃO INTEGRADA À IMPRESSÃO DE LIVROS, JORNAIS, REVISTAS E OUTRAS PUBLICAÇÕES",58,EDIÇÃO E EDIÇÃO INTEGRADA À IMPRESSÃO,J,INFORMAÇÃO E COMUNICAÇÃO
5823900,EDIÇÃO INTEGRADA À IMPRESSÃO DE REVISTAS,58239,EDIÇÃO INTEGRADA À IMPRESSÃO DE REVISTAS,582,"EDIÇÃO INTEGRADA À IMPRESSÃO DE LIVROS, JORNAIS, REVISTAS E OUTRAS PUBLICAÇÕES",58,EDIÇÃO E EDIÇÃO INTEGRADA À IMPRESSÃO,J,INFORMAÇÃO E COMUNICAÇÃO
5829800,"EDIÇÃO INTEGRADA À IMPRESSÃO DE CADASTROS, LISTAS E DE OUTROS PRODUTOS GRÁFICOS",58298,"EDIÇÃO INTEGRADA À IMPRESSÃO DE CADASTROS, LISTAS E DE OUTROS PRODUTOS GRÁFICOS",582,"EDIÇÃO INTEGRADA À IMPRESSÃO DE LIVROS, JORNAIS, REVISTAS E OUTRAS PUBLICAÇÕES",58,EDIÇÃO E EDIÇÃO INTEGRADA À IMPRESSÃO,J,INFORMAÇÃO E COMUNICAÇÃO
5911101,ESTÚDIOS CINEMATOGRÁFICOS,59111,"ATIVIDADES DE PRODUÇÃO CINEMATOGRÁFICA, DE VÍDEOS E DE PROGRAMAS DE TELEVISÃO",591,"ATIVIDADES CINEMATOGRÁFICAS, PRODUÇÃO DE VÍDEOS E DE PROGRAMAS DE TELEVISÃO",59,"ATIVIDADES CINEMATOGRÁFICAS, PRODUÇÃO DE VÍDEOS E DE PROGRAMAS DE TELEVISÃO; GRAVAÇÃO DE SOM E EDIÇÃO DE MÚSICA",J,INFORMAÇÃO E COMUNICAÇÃO
5911102,PRODUÇÃO DE FILMES PARA PUBLICIDADE,59111,"ATIVIDADES DE PRODUÇÃO CINEMATOGRÁFICA, DE VÍDEOS E DE PROGRAMAS DE TELEVISÃO",591,"ATIVIDADES CINEMATOGRÁFICAS, PRODUÇÃO DE VÍDEOS E DE PROGRAMAS DE TELEVISÃO",59,"ATIVIDADES CINEMATOGRÁFICAS, PRODUÇÃO DE VÍDEOS E DE PROGRAMAS DE TELEVISÃO; GRAVAÇÃO DE SOM E EDIÇÃO DE MÚSICA",J,INFORMAÇÃO E COMUNICAÇÃO
5911199,"ATIVIDADES DE PRODUÇÃO CINEMATOGRÁFICA, DE VÍDEOS E DE PROGRAMAS DE TELEVISÃO NÃO ESPECIFICADAS ANTERIORMENTE",59111,"ATIVIDADES DE PRODUÇÃO CINEMATOGRÁFICA, DE VÍDEOS E DE PROGRAMAS DE TELEVISÃO",591,"ATIVIDADES CINEMATOGRÁFICAS, PRODUÇÃO DE VÍDEOS E DE PROGRAMAS DE TELEVISÃO",59,"ATIVIDADES CINEMATOGRÁFICAS, PRODUÇÃO DE VÍDEOS E DE PROGRAMAS DE TELEVISÃO; GRAVAÇÃO DE SOM E EDIÇÃO DE MÚSICA",J,INFORMAÇÃO E COMUNICAÇÃO
5912001,SERVIÇOS DE DUBLAGEM,59120,"ATIVIDADES DE PÓS-PRODUÇÃO CINEMATOGRÁFICA, DE VÍDEOS E DE PROGRAMAS DE TELEVISÃO",591,"ATIVIDADES CINEMATOGRÁFICAS, PRODUÇÃO DE VÍDEOS E DE PROGRAMAS DE TELEVISÃO",59,"ATIVIDADES CINEMATOGRÁFICAS, PRODUÇÃO DE VÍDEOS E DE PROGRAMAS DE TELEVISÃO; GRAVAÇÃO DE SOM E EDIÇÃO DE MÚSICA",J,INFORMAÇÃO E COMUNICAÇÃO
5912002,SERVIÇOS DE MIXAGEM SONORA EM PRODUÇÃO AUDIOVISUAL,59120,"ATIVIDADES DE PÓS-PRODUÇÃO CINEMATOGRÁFICA, DE VÍDEOS E DE PROGRAMAS DE TELEVISÃO",591,"ATIVIDADES CINEMATOGRÁFICAS, PRODUÇÃO DE VÍDEOS E DE PROGRAMAS DE TELEVISÃO",59,"ATIVIDADES CINEMATOGRÁFICAS, PRODUÇÃO DE VÍDEOS E DE PROGRAMAS DE TELEVISÃO; GRAVAÇÃO DE SOM E EDIÇÃO DE MÚSICA",J,INFORMAÇÃO E COMUNICAÇÃO
5912099,"ATIVIDADES DE PÓS PRODUÇÃO CINEMATOGRÁFICA, DE VÍDEOS E DE PROGRAMAS DE TELEVISÃO NÃO ESPECIFICADAS ANTERIORMENTE",59120,"ATIVIDADES DE PÓS-PRODUÇÃO CINEMATOGRÁFICA, DE VÍDEOS E DE PROGRAMAS DE TELEVISÃO",591,"ATIVIDADES CINEMATOGRÁFICAS, PRODUÇÃO DE VÍDEOS E DE PROGRAMAS DE TELEVISÃO",59,"ATIVIDADES CINEMATOGRÁFICAS, PRODUÇÃO DE VÍDEOS E DE PROGRAMAS DE TELEVISÃO; GRAVAÇÃO DE SOM E EDIÇÃO DE MÚSICA",J,INFORMAÇÃO E COMUNICAÇÃO
5913800,"DISTRIBUIÇÃO CINEMATOGRÁFICA, DE VÍDEO E DE PROGRAMAS DE TELEVISÃO",59138,"DISTRIBUIÇÃO CINEMATOGRÁFICA, DE VÍDEO E DE PROGRAMAS DE TELEVISÃO",591,"ATIVIDADES CINEMATOGRÁFICAS, PRODUÇÃO DE VÍDEOS E DE PROGRAMAS DE TELEVISÃO",59,"ATIVIDADES CINEMATOGRÁFICAS, PRODUÇÃO DE VÍDEOS E DE PROGRAMAS DE TELEVISÃO; GRAVAÇÃO DE SOM E EDIÇÃO DE MÚSICA",J,INFORMAÇÃO E COMUNICAÇÃO
5914600,ATIVIDADES DE EXIBIÇÃO CINEMATOGRÁFICA,59146,ATIVIDADES DE EXIBIÇÃO CINEMATOGRÁFICA,591,"ATIVIDADES CINEMATOGRÁFICAS, PRODUÇÃO DE VÍDEOS E DE PROGRAMAS DE TELEVISÃO",59,"ATIVIDADES CINEMATOGRÁFICAS, PRODUÇÃO DE VÍDEOS E DE PROGRAMAS DE TELEVISÃO; GRAVAÇÃO DE SOM E EDIÇÃO DE MÚSICA",J,INFORMAÇÃO E COMUNICAÇÃO
5920100,ATIVIDADES DE GRAVAÇÃO DE SOM E DE EDIÇÃO DE MÚSICA,59201,ATIVIDADES DE GRAVAÇÃO DE SOM E DE EDIÇÃO DE MÚSICA,592,ATIVIDADES DE GRAVAÇÃO DE SOM E DE EDIÇÃO DE MÚSICA,59,"ATIVIDADES CINEMATOGRÁFICAS, PRODUÇÃO DE VÍDEOS E DE PROGRAMAS DE TELEVISÃO; GRAVAÇÃO DE SOM E EDIÇÃO DE MÚSICA",J,INFORMAÇÃO E COMUNICAÇÃO
6010100,ATIVIDADES DE RÁDIO,60101,ATIVIDADES DE RÁDIO,601,ATIVIDADES DE RÁDIO,60,ATIVIDADES DE RÁDIO E DE TELEVISÃO,J,INFORMAÇÃO E COMUNICAÇÃO
6021700,ATIVIDADES DE TELEVISÃO ABERTA,60217,ATIVIDADES DE TELEVISÃO ABERTA,602,ATIVIDADES DE TELEVISÃO,60,ATIVIDADES DE RÁDIO E DE TELEVISÃO,J,INFORMAÇÃO E COMUNICAÇÃO
6022501,PROGRAMADORAS,60225,PROGRAMADORAS E ATIVIDADES RELACIONADAS À TELEVISÃO POR ASSINATURA,602,ATIVIDADES DE TELEVISÃO,60,ATIVIDADES DE RÁDIO E DE TELEVISÃO,J,INFORMAÇÃO E COMUNICAÇÃO
6022502,"ATIVIDADES RELACIONADAS À TELEVISÃO POR ASSINATURA, EXCETO PROGRAMADORAS",60225,PROGRAMADORAS E ATIVIDADES RELACIONADAS À TELEVISÃO POR ASSINATURA,602,ATIVIDADES DE TELEVISÃO,60,ATIVIDADES DE RÁDIO E DE TELEVISÃO,J,INFORMAÇÃO E COMUNICAÇÃO
6110801,SERVIÇOS DE TELEFONIA FIXA COMUTADA - STFC,61108,TELECOMUNICAÇÕES POR FIO,611,TELECOMUNICAÇÕES POR FIO,61,TELECOMUNICAÇÕES,J,INFORMAÇÃO E COMUNICAÇÃO
6110802,SERVIÇOS DE REDES DE TRANSPORTES DE TELECOMUNICAÇÕES - SRTT,61108,TELECOMUNICAÇÕES POR FIO,611,TELECOMUNICAÇÕES POR FIO,61,TELECOMUNICAÇÕES,J,INFORMAÇÃO E COMUNICAÇÃO
6110803,SERVIÇOS DE COMUNICAÇÃO MULTIMÍDIA - SCM,61108,TELECOMUNICAÇÕES POR FIO,611,TELECOMUNICAÇÕES POR FIO,61,TELECOMUNICAÇÕES,J,INFORMAÇÃO E COMUNICAÇÃO
6110899,SERVIÇOS DE TELECOMUNICAÇÕES POR FIO NÃO ESPECIFICADOS ANTERIORMENTE,61108,TELECOMUNICAÇÕES POR FIO,611,TELECOMUNICAÇÕES POR FIO,61,TELECOMUNICAÇÕES,J,INFORMAÇÃO E COMUNICAÇÃO
6120501,TELEFONIA MÓVEL CELULAR,61205,TELECOMUNICAÇÕES SEM FIO,612,TELECOMUNICAÇÕES SEM FIO,61,TELECOMUNICAÇÕES,J,INFORMAÇÃO E COMUNICAÇÃO
6120502,SERVIÇO MÓVEL ESPECIALIZADO - SME,61205,TELECOMUNICAÇÕES SEM FIO,612,TELECOMUNICAÇÕES SEM FIO,61,TELECOMUNICAÇÕES,J,INFORMAÇÃO E COMUNICAÇÃO
6120599,SERVIÇOS DE TELECOMUNICAÇÕES SEM FIO NÃO ESPECIFICADOS ANTERIORMENTE,61205,TELECOMUNICAÇÕES SEM FIO,612,TELECOMUNICAÇÕES SEM FIO,61,TELECOMUNICAÇÕES,J,INFORMAÇÃO E COMUNICAÇÃO
6130200,TELECOMUNICAÇÕES POR SATÉLITE,61302,TELECOMUNICAÇÕES POR SATÉLITE,613,TELECOMUNICAÇÕES POR SATÉLITE,61,TELECOMUNICAÇÕES,J,INFORMAÇÃO E COMUNICAÇÃO
6141800,OPERADORAS DE TELEVISÃO POR ASSINATURA POR CABO,61418,OPERADORAS DE TELEVISÃO POR ASSINATURA POR CABO,614,OPERADORAS DE TELEVISÃO POR ASSINATURA,61,TELECOMUNICAÇÕES,J,INFORMAÇÃO E COMUNICAÇÃO
6142600,OPERADORAS DE TELEVISÃO POR ASSINATURA POR MICROONDAS,61426,OPERADORAS DE TELEVISÃO POR ASSINATURA POR MICRO-ONDAS,614,OPERADORAS DE TELEVISÃO POR ASSINATURA,61,TELECOMUNICAÇÕES,J,INFORMAÇÃO E COMUNICAÇÃO
6143400,OPERADORAS DE TELEVISÃO POR ASSINATURA POR SATÉLITE,61434,OPERADORAS DE TELEVISÃO POR ASSINATURA POR SATÉLITE,614,OPERADORAS DE TELEVISÃO POR ASSINATURA,61,TELECOMUNICAÇÕES,J,INFORMAÇÃO E COMUNICAÇÃO
6190601,PROVEDORES DE ACESSO ÀS REDES DE COMUNICAÇÕES,61906,OUTRAS ATIVIDADES DE TELECOMUNICAÇÕES,619,OUTRAS ATIVIDADES DE TELECOMUNICAÇÕES,61,TELECOMUNICAÇÕES,J,INFORMAÇÃO E COMUNICAÇÃO
6190602,PROVEDORES DE VOZ SOBRE PROTOCOLO INTERNET - VOIP,61906,OUTRAS ATIVIDADES DE TELECOMUNICAÇÕES,619,OUTRAS ATIVIDADES DE TELECOMUNICAÇÕES,61,TELECOMUNICAÇÕES,J,INFORMAÇÃO E COMUNICAÇÃO
6190699,OUTRAS ATIVIDADES DE TELECOMUNICAÇÕES NÃO ESPECIFICADAS ANTERIORMENTE,61906,OUTRAS ATIVIDADES DE TELECOMUNICAÇÕES,619,OUTRAS ATIVIDADES DE TELECOMUNICAÇÕES,61,TELECOMUNICAÇÕES,J,INFORMAÇÃO E COMUNICAÇÃO
6201501,DESENVOLVIMENTO DE PROGRAMAS DE COMPUTADOR SOB ENCOMENDA,62015,DESENVOLVIMENTO DE PROGRAMAS DE COMPUTADOR SOB ENCOMENDA,620,ATIVIDADES DOS SERVIÇOS DE TECNOLOGIA DA INFORMAÇÃO,62,ATIVIDADES DOS SERVIÇOS DE TECNOLOGIA DA INFORMAÇÃO,J,INFORMAÇÃO E COMUNICAÇÃO
6201502,WEB DESIGN,62015,DESENVOLVIMENTO DE PROGRAMAS DE COMPUTADOR SOB ENCOMENDA,620,ATIVIDADES DOS SERVIÇOS DE TECNOLOGIA DA INFORMAÇÃO,62,ATIVIDADES DOS SERVIÇOS DE TECNOLOGIA DA INFORMAÇÃO,J,INFORMAÇÃO E COMUNICAÇÃO
6202300,DESENVOLVIMENTO E LICENCIAMENTO DE PROGRAMAS DE COMPUTADOR CUSTOMIZÁVEIS,62023,DESENVOLVIMENTO E LICENCIAMENTO DE PROGRAMAS DE COMPUTADOR CUSTOMIZÁVEIS,620,ATIVIDADES DOS SERVIÇOS DE TECNOLOGIA DA INFORMAÇÃO,62,ATIVIDADES DOS SERVIÇOS DE TECNOLOGIA DA INFORMAÇÃO,J,INFORMAÇÃO E COMUNICAÇÃO
6203100,DESENVOLVIMENTO E LICENCIAMENTO DE PROGRAMAS DE COMPUTADOR NÃO CUSTOMIZÁVEIS,62031,DESENVOLVIMENTO E LICENCIAMENTO DE PROGRAMAS DE COMPUTADOR NÃO CUSTOMIZÁVEIS,620,ATIVIDADES DOS SERVIÇOS DE TECNOLOGIA DA INFORMAÇÃO,62,ATIVIDADES DOS SERVIÇOS DE TECNOLOGIA DA INFORMAÇÃO,J,INFORMAÇÃO E COMUNICAÇÃO
6204000,CONSULTORIA EM TECNOLOGIA DA INFORMAÇÃO,62040,CONSULTORIA EM TECNOLOGIA DA INFORMAÇÃO,620,ATIVIDADES DOS SERVIÇOS DE TECNOLOGIA DA INFORMAÇÃO,62,ATIVIDADES DOS SERVIÇOS DE TECNOLOGIA DA INFORMAÇÃO,J,INFORMAÇÃO E COMUNICAÇÃO
6209100,"SUPORTE TÉCNICO, MANUTENÇÃO E OUTROS SERVIÇOS EM TECNOLOGIA DA INFORMAÇÃO",62091,"SUPORTE TÉCNICO, MANUTENÇÃO E OUTROS SERVIÇOS EM TECNOLOGIA DA INFORMAÇÃO",620,ATIVIDADES DOS SERVIÇOS DE TECNOLOGIA DA INFORMAÇÃO,62,ATIVIDADES DOS SERVIÇOS DE TECNOLOGIA DA INFORMAÇÃO,J,INFORMAÇÃO E COMUNICAÇÃO
6311900,"TRATAMENTO DE DADOS, PROVEDORES DE SERVIÇOS DE APLICAÇÃO E SERVIÇOS DE HOSPEDAGEM NA INTERNET",63119,"TRATAMENTO DE DADOS, PROVEDORES DE SERVIÇOS DE APLICAÇÃO E SERVIÇOS DE HOSPEDAGEM NA INTERNET",631,"TRATAMENTO DE DADOS, HOSPEDAGEM NA INTERNET E OUTRAS ATIVIDADES RELACIONADAS",63,ATIVIDADES DE PRESTAÇÃO DE SERVIÇOS DE INFORMAÇÃO,J,INFORMAÇÃO E COMUNICAÇÃO
6319400,"PORTAIS, PROVEDORES DE CONTEÚDO E OUTROS SERVIÇOS DE INFORMAÇÃO NA INTERNET",63194,"PORTAIS, PROVEDORES DE CONTEÚDO E OUTROS SERVIÇOS DE INFORMAÇÃO NA INTERNET",631,"TRATAMENTO DE DADOS, HOSPEDAGEM NA INTERNET E OUTRAS ATIVIDADES RELACIONADAS",63,ATIVIDADES DE PRESTAÇÃO DE SERVIÇOS DE INFORMAÇÃO,J,INFORMAÇÃO E COMUNICAÇÃO
6391700,AGÊNCIAS DE NOTÍCIAS,63917,AGÊNCIAS DE NOTÍCIAS,639,OUTRAS ATIVIDADES DE PRESTAÇÃO DE SERVIÇOS DE INFORMAÇÃO,63,ATIVIDADES DE PRESTAÇÃO DE SERVIÇOS DE INFORMAÇÃO,J,INFORMAÇÃO E COMUNICAÇÃO
6399200,OUTRAS ATIVIDADES DE PRESTAÇÃO DE SERVIÇOS DE INFORMAÇÃO NÃO ESPECIFICADAS ANTERIORMENTE,63992,OUTRAS ATIVIDADES DE PRESTAÇÃO DE SERVIÇOS DE INFORMAÇÃO NÃO ESPECIFICADAS ANTERIORMENTE,639,OUTRAS ATIVIDADES DE PRESTAÇÃO DE SERVIÇOS DE INFORMAÇÃO,63,ATIVIDADES DE PRESTAÇÃO DE SERVIÇOS DE INFORMAÇÃO,J,INFORMAÇÃO E COMUNICAÇÃO
6410700,BANCO CENTRAL,64107,BANCO CENTRAL,641,BANCO CENTRAL,64,ATIVIDADES DE SERVIÇOS FINANCEIROS,K,"ATIVIDADES FINANCEIRAS, DE SEGUROS E SERVIÇOS RELACIONADOS"
6421200,BANCOS COMERCIAIS,64212,BANCOS COMERCIAIS,642,INTERMEDIAÇÃO MONETÁRIA - DEPÓSITOS À VISTA,64,ATIVIDADES DE SERVIÇOS FINANCEIROS,K,"ATIVIDADES FINANCEIRAS, DE SEGUROS E SERVIÇOS RELACIONADOS"
6422100,"BANCOS MÚLTIPLOS, COM CARTEIRA COMERCIAL",64221,"BANCOS MÚLTIPLOS, COM CARTEIRA COMERCIAL",642,INTERMEDIAÇÃO MONETÁRIA - DEPÓSITOS À VISTA,64,ATIVIDADES DE SERVIÇOS FINANCEIROS,K,"ATIVIDADES FINANCEIRAS, DE SEGUROS E SERVIÇOS RELACIONADOS"
6423900,CAIXAS ECONÔMICAS,64239,CAIXAS ECONÔMICAS,642,INTERMEDIAÇÃO MONETÁRIA - DEPÓSITOS À VISTA,64,ATIVIDADES DE SERVIÇOS FINANCEIROS,K,"ATIVIDADES FINANCEIRAS, DE SEGUROS E SERVIÇOS RELACIONADOS"
6424701,BANCOS COOPERATIVOS,64247,CRÉDITO COOPERATIVO,642,INTERMEDIAÇÃO MONETÁRIA - DEPÓSITOS À VISTA,64,ATIVIDADES DE SERVIÇOS FINANCEIROS,K,"ATIVIDADES FINANCEIRAS, DE SEGUROS E SERVIÇOS RELACIONADOS"
6424702,COOPERATIVAS CENTRAIS DE CRÉDITO,64247,CRÉDITO COOPERATIVO,642,INTERMEDIAÇÃO MONETÁRIA - DEPÓSITOS À VISTA,64,ATIVIDADES DE SERVIÇOS FINANCEIROS,K,"ATIVIDADES FINANCEIRAS, DE SEGUROS E SERVIÇOS RELACIONADOS"
6424703,COOPERATIVAS DE CRÉDITO MÚTUO,64247,CRÉDITO COOPERATIVO,642,INTERMEDIAÇÃO MONETÁRIA - DEPÓSITOS À VISTA,64,ATIVIDADES DE SERVIÇOS FINANCEIROS,K,"ATIVIDADES FINANCEIRAS, DE SEGUROS E SERVIÇOS RELACIONADOS"
6424704,COOPERATIVAS DE CRÉDITO RURAL,64247,CRÉDITO COOPERATIVO,642,INTERMEDIAÇÃO MONETÁRIA - DEPÓSITOS À VISTA,64,ATIVIDADES DE SERVIÇOS FINANCEIROS,K,"ATIVIDADES FINANCEIRAS, DE SEGUROS E SERVIÇOS RELACIONADOS"
6431000,"BANCOS MÚLTIPLOS, SEM CARTEIRA COMERCIAL",64310,"BANCOS MÚLTIPLOS, SEM CARTEIRA COMERCIAL",643,INTERMEDIAÇÃO NÃO-MONETÁRIA - OUTROS INSTRUMENTOS DE CAPTAÇÃO,64,ATIVIDADES DE SERVIÇOS FINANCEIROS,K,"ATIVIDADES FINANCEIRAS, DE SEGUROS E SERVIÇOS RELACIONADOS"
6432800,BANCOS DE INVESTIMENTO,64328,BANCOS DE INVESTIMENTO,643,INTERMEDIAÇÃO NÃO-MONETÁRIA - OUTROS INSTRUMENTOS DE CAPTAÇÃO,64,ATIVIDADES DE SERVIÇOS FINANCEIROS,K,"ATIVIDADES FINANCEIRAS, DE SEGUROS E SERVIÇOS RELACIONADOS"
6433600,BANCOS DE DESENVOLVIMENTO,64336,BANCOS DE DESENVOLVIMENTO,643,INTERMEDIAÇÃO NÃO-MONETÁRIA - OUTROS INSTRUMENTOS DE CAPTAÇÃO,64,ATIVIDADES DE SERVIÇOS FINANCEIROS,K,"ATIVIDADES FINANCEIRAS, DE SEGUROS E SERVIÇOS RELACIONADOS"
6434400,AGÊNCIAS DE FOMENTO,64344,AGÊNCIAS DE FOMENTO,643,INTERMEDIAÇÃO NÃO-MONETÁRIA - OUTROS INSTRUMENTOS DE CAPTAÇÃO,64,ATIVIDADES DE SERVIÇOS FINANCEIROS,K,"ATIVIDADES FINANCEIRAS, DE SEGUROS E SERVIÇOS RELACIONADOS"
6435201,SOCIEDADES DE CRÉDITO IMOBILIÁRIO,64352,CRÉDITO IMOBILIÁRIO,643,INTERMEDIAÇÃO NÃO-MONETÁRIA - OUTROS INSTRUMENTOS DE CAPTAÇÃO,64,ATIVIDADES DE SERVIÇOS FINANCEIROS,K,"ATIVIDADES FINANCEIRAS, DE SEGUROS E SERVIÇOS RELACIONADOS"
6435202,ASSOCIAÇÕES DE POUPANÇA E EMPRÉSTIMO,64352,CRÉDITO IMOBILIÁRIO,643,INTERMEDIAÇÃO NÃO-MONETÁRIA - OUTROS INSTRUMENTOS DE CAPTAÇÃO,64,ATIVIDADES DE SERVIÇOS FINANCEIROS,K,"ATIVIDADES FINANCEIRAS, DE SEGUROS E SERVIÇOS RELACIONADOS"
6435203,COMPANHIAS HIPOTECÁRIAS,64352,CRÉDITO IMOBILIÁRIO,643,INTERMEDIAÇÃO NÃO-MONETÁRIA - OUTROS INSTRUMENTOS DE CAPTAÇÃO,64,ATIVIDADES DE SERVIÇOS FINANCEIROS,K,"ATIVIDADES FINANCEIRAS, DE SEGUROS E SERVIÇOS RELACIONADOS"
6436100,"SOCIEDADES DE CRÉDITO, FINANCIAMENTO E INVESTIMENTO - FINANCEIRAS",64361,"SOCIEDADES DE CRÉDITO, FINANCIAMENTO E INVESTIMENTO - FINANCEIRAS",643,INTERMEDIAÇÃO NÃO-MONETÁRIA - OUTROS INSTRUMENTOS DE CAPTAÇÃO,64,ATIVIDADES DE SERVIÇOS FINANCEIROS,K,"ATIVIDADES FINANCEIRAS, DE SEGUROS E SERVIÇOS RELACIONADOS"
6437900,SOCIEDADES DE CRÉDITO AO MICROEMPREENDEDOR,64379,SOCIEDADES DE CRÉDITO AO MICROEMPREENDEDOR,643,INTERMEDIAÇÃO NÃO-MONETÁRIA - OUTROS INSTRUMENTOS DE CAPTAÇÃO,64,ATIVIDADES DE SERVIÇOS FINANCEIROS,K,"ATIVIDADES FINANCEIRAS, DE SEGUROS E SERVIÇOS RELACIONADOS"
6438701,BANCOS DE CÂMBIO,64387,BANCOS DE CAMBIO E OUTRAS INSTITUIÇÕES DE INTERMEDIAÇÃO NÃO MONETÁRIA,643,INTERMEDIAÇÃO NÃO-MONETÁRIA - OUTROS INSTRUMENTOS DE CAPTAÇÃO,64,ATIVIDADES DE SERVIÇOS FINANCEIROS,K,"ATIVIDADES FINANCEIRAS, DE SEGUROS E SERVIÇOS RELACIONADOS"
6438799,OUTRAS INSTITUIÇÕES DE INTERMEDIAÇÃO NÃO MONETÁRIA,64387,BANCOS DE CAMBIO E OUTRAS INSTITUIÇÕES DE INTERMEDIAÇÃO NÃO MONETÁRIA,643,INTERMEDIAÇÃO NÃO-MONETÁRIA - OUTROS INSTRUMENTOS DE CAPTAÇÃO,64,ATIVIDADES DE SERVIÇOS FINANCEIROS,K,"ATIVIDADES FINANCEIRAS, DE SEGUROS E SERVIÇOS RELACIONADOS"
6440900,ARRENDAMENTO MERCANTIL,64409,ARRENDAMENTO MERCANTIL,644,ARRENDAMENTO MERCANTIL,64,ATIVIDADES DE SERVIÇOS FINANCEIROS,K,"ATIVIDADES FINANCEIRAS, DE SEGUROS E SERVIÇOS RELACIONADOS"
6450600,SOCIEDADES DE CAPITALIZAÇÃO,64506,SOCIEDADES DE CAPITALIZAÇÃO,645,SOCIEDADES DE CAPITALIZAÇÃO,64,ATIVIDADES DE SERVIÇOS FINANCEIROS,K,"ATIVIDADES FINANCEIRAS, DE SEGUROS E SERVIÇOS RELACIONADOS"
6461100,HOLDINGS DE INSTITUIÇÕES FINANCEIRAS,64611,HOLDINGS DE INSTITUIÇÕES FINANCEIRAS,646,ATIVIDADES DE SOCIEDADES DE PARTICIPAÇÃO,64,ATIVIDADES DE SERVIÇOS FINANCEIROS,K,"ATIVIDADES FINANCEIRAS, DE SEGUROS E SERVIÇOS RELACIONADOS"
6462000,HOLDINGS DE INSTITUIÇÕES NÃO FINANCEIRAS,64620,HOLDINGS DE INSTITUIÇÕES NÃO FINANCEIRAS,646,ATIVIDADES DE SOCIEDADES DE PARTICIPAÇÃO,64,ATIVIDADES DE SERVIÇOS FINANCEIROS,K,"ATIVIDADES FINANCEIRAS, DE SEGUROS E SERVIÇOS RELACIONADOS"
6463800,"OUTRAS SOCIEDADES DE PARTICIPAÇÃO, EXCETO HOLDINGS",64638,"OUTRAS SOCIEDADES DE PARTICIPAÇÃO, EXCETO HOLDINGS",646,ATIVIDADES DE SOCIEDADES DE PARTICIPAÇÃO,64,ATIVIDADES DE SERVIÇOS FINANCEIROS,K,"ATIVIDADES FINANCEIRAS, DE SEGUROS E SERVIÇOS RELACIONADOS"
6470101,"FUNDOS DE INVESTIMENTO, EXCETO PREVIDENCIÁRIOS E IMOBILIÁRIOS",64701,FUNDOS DE INVESTIMENTO,647,FUNDOS DE INVESTIMENTO,64,ATIVIDADES DE SERVIÇOS FINANCEIROS,K,"ATIVIDADES FINANCEIRAS, DE SEGUROS E SERVIÇOS RELACIONADOS"
6470102,FUNDOS DE INVESTIMENTO PREVIDENCIÁRIOS,64701,FUNDOS DE INVESTIMENTO,647,FUNDOS DE INVESTIMENTO,64,ATIVIDADES DE SERVIÇOS FINANCEIROS,K,"ATIVIDADES FINANCEIRAS, DE SEGUROS E SERVIÇOS RELACIONADOS"
6470103,FUNDOS DE INVESTIMENTO IMOBILIÁRIOS,64701,FUNDOS DE INVESTIMENTO,647,FUNDOS DE INVESTIMENTO,64,ATIVIDADES DE SERVIÇOS FINANCEIROS,K,"ATIVIDADES FINANCEIRAS, DE SEGUROS E SERVIÇOS RELACIONADOS"
6491300,SOCIEDADES DE FOMENTO MERCANTIL - FACTORING,64913,SOCIEDADES DE FOMENTO MERCANTIL - FACTORING,649,ATIVIDADES DE SERVIÇOS FINANCEIROS NÃO ESPECIFICADAS ANTERIORMENTE,64,ATIVIDADES DE SERVIÇOS FINANCEIROS,K,"ATIVIDADES FINANCEIRAS, DE SEGUROS E SERVIÇOS RELACIONADOS"
6492100,SECURITIZAÇÃO DE CRÉDITOS,64921,SECURITIZAÇÃO DE CRÉDITOS,649,ATIVIDADES DE SERVIÇOS FINANCEIROS NÃO ESPECIFICADAS ANTERIORMENTE,64,ATIVIDADES DE SERVIÇOS FINANCEIROS,K,"ATIVIDADES FINANCEIRAS, DE SEGUROS E SERVIÇOS RELACIONADOS"
6493000,ADMINISTRAÇÃO DE CONSÓRCIOS PARA AQUISIÇÃO DE BENS E DIREITOS,64930,ADMINISTRAÇÃO DE CONSÓRCIOS PARA AQUISIÇÃO DE BENS E DIREITOS,649,ATIVIDADES DE SERVIÇOS FINANCEIROS NÃO ESPECIFICADAS ANTERIORMENTE,64,ATIVIDADES DE SERVIÇOS FINANCEIROS,K,"ATIVIDADES FINANCEIRAS, DE SEGUROS E SERVIÇOS RELACIONADOS"
6499901,CLUBES DE INVESTIMENTO,64999,OUTRAS ATIVIDADES DE SERVIÇOS FINANCEIROS NÃO ESPECIFICADAS ANTERIORMENTE,649,ATIVIDADES DE SERVIÇOS FINANCEIROS NÃO ESPECIFICADAS ANTERIORMENTE,64,ATIVIDADES DE SERVIÇOS FINANCEIROS,K,"ATIVIDADES FINANCEIRAS, DE SEGUROS E SERVIÇOS RELACIONADOS"
6499902,SOCIEDADES DE INVESTIMENTO,64999,OUTRAS ATIVIDADES DE SERVIÇOS FINANCEIROS NÃO ESPECIFICADAS ANTERIORMENTE,649,ATIVIDADES DE SERVIÇOS FINANCEIROS NÃO ESPECIFICADAS ANTERIORMENTE,64,ATIVIDADES DE SERVIÇOS FINANCEIROS,K,"ATIVIDADES FINANCEIRAS, DE SEGUROS E SERVIÇOS RELACIONADOS"
6499903,FUNDO GARANTIDOR DE CRÉDITO,64999,OUTRAS ATIVIDADES DE SERVIÇOS FINANCEIROS NÃO ESPECIFICADAS ANTERIORMENTE,649,ATIVIDADES DE SERVIÇOS FINANCEIROS NÃO ESPECIFICADAS ANTERIORMENTE,64,ATIVIDADES DE SERVIÇOS FINANCEIROS,K,"ATIVIDADES FINANCEIRAS, DE SEGUROS E SERVIÇOS RELACIONADOS"
6499904,CAIXAS DE FINANCIAMENTO DE CORPORAÇÕES,64999,OUTRAS ATIVIDADES DE SERVIÇOS FINANCEIROS NÃO ESPECIFICADAS ANTERIORMENTE,649,ATIVIDADES DE SERVIÇOS FINANCEIROS NÃO ESPECIFICADAS ANTERIORMENTE,64,ATIVIDADES DE SERVIÇOS FINANCEIROS,K,"ATIVIDADES FINANCEIRAS, DE SEGUROS E SERVIÇOS RELACIONADOS"
6499905,CONCESSÃO DE CRÉDITO PELAS OSCIP,64999,OUTRAS ATIVIDADES DE SERVIÇOS FINANCEIROS NÃO ESPECIFICADAS ANTERIORMENTE,649,ATIVIDADES DE SERVIÇOS FINANCEIROS NÃO ESPECIFICADAS ANTERIORMENTE,64,ATIVIDADES DE SERVIÇOS FINANCEIROS,K,"ATIVIDADES FINANCEIRAS, DE SEGUROS E SERVIÇOS RELACIONADOS"
6499999,OUTRAS ATIVIDADES DE SERVIÇOS FINANCEIROS NÃO ESPECIFICADAS ANTERIORMENTE,64999,OUTRAS ATIVIDADES DE SERVIÇOS FINANCEIROS NÃO ESPECIFICADAS ANTERIORMENTE,649,ATIVIDADES DE SERVIÇOS FINANCEIROS NÃO ESPECIFICADAS ANTERIORMENTE,64,ATIVIDADES DE SERVIÇOS FINANCEIROS,K,"ATIVIDADES FINANCEIRAS, DE SEGUROS E SERVIÇOS RELACIONADOS"
6511101,SOCIEDADE SEGURADORA DE SEGUROS VIDA,65111,SEGUROS DE VIDA,651,SEGUROS DE VIDA E NÃO-VIDA,65,"SEGUROS, RESSEGUROS, PREVIDÊNCIA COMPLEMENTAR E PLANOS DE SAÚDE",K,"ATIVIDADES FINANCEIRAS, DE SEGUROS E SERVIÇOS RELACIONADOS"
6511102,PLANOS DE AUXÍLIO FUNERAL,65111,SEGUROS DE VIDA,651,SEGUROS DE VIDA E NÃO-VIDA,65,"SEGUROS, RESSEGUROS, PREVIDÊNCIA COMPLEMENTAR E PLANOS DE SAÚDE",K,"ATIVIDADES FINANCEIRAS, DE SEGUROS E SERVIÇOS RELACIONADOS"
6512000,SOCIEDADE SEGURADORA DE SEGUROS NÃO VIDA,65120,SEGUROS NÃO VIDA,651,SEGUROS DE VIDA E NÃO-VIDA,65,"SEGUROS, RESSEGUROS, PREVIDÊNCIA COMPLEMENTAR E PLANOS DE SAÚDE",K,"ATIVIDADES FINANCEIRAS, DE SEGUROS E SERVIÇOS RELACIONADOS"
6520100,SOCIEDADE SEGURADORA DE SEGUROS SAÚDE,65201,SEGUROS-SAÚDE,652,SEGUROS-SAÚDE,65,"SEGUROS, RESSEGUROS, PREVIDÊNCIA COMPLEMENTAR E PLANOS DE SAÚDE",K,"ATIVIDADES FINANCEIRAS, DE SEGUROS E SERVIÇOS RELACIONADOS"
6530800,RESSEGUROS,65308,RESSEGUROS,653,RESSEGUROS,65,"SEGUROS, RESSEGUROS, PREVIDÊNCIA COMPLEMENTAR E PLANOS DE SAÚDE",K,"ATIVIDADES FINANCEIRAS, DE SEGUROS E SERVIÇOS RELACIONADOS"
6541300,PREVIDÊNCIA COMPLEMENTAR FECHADA,65413,PREVIDÊNCIA COMPLEMENTAR FECHADA,654,PREVIDÊNCIA COMPLEMENTAR,65,"SEGUROS, RESSEGUROS, PREVIDÊNCIA COMPLEMENTAR E PLANOS DE SAÚDE",K,"ATIVIDADES FINANCEIRAS, DE SEGUROS E SERVIÇOS RELACIONADOS"
6542100,PREVIDÊNCIA COMPLEMENTAR ABERTA,65421,PREVIDÊNCIA COMPLEMENTAR ABERTA,654,PREVIDÊNCIA COMPLEMENTAR,65,"SEGUROS, RESSEGUROS, PREVIDÊNCIA COMPLEMENTAR E PLANOS DE SAÚDE",K,"ATIVIDADES FINANCEIRAS, DE SEGUROS E SERVIÇOS RELACIONADOS"
6550200,PLANOS DE SAÚDE,65502,PLANOS DE SAÚDE,655,PLANOS DE SAÚDE,65,"SEGUROS, RESSEGUROS, PREVIDÊNCIA COMPLEMENTAR E PLANOS DE SAÚDE",K,"ATIVIDADES FINANCEIRAS, DE SEGUROS E SERVIÇOS RELACIONADOS"
6611801,BOLSA DE VALORES,66118,ADMINISTRAÇÃO DE BOLSAS E MERCADOS DE BALCÃO ORGANIZADOS,661,ATIVIDADES AUXILIARES DOS SERVIÇOS FINANCEIROS,66,"ATIVIDADES AUXILIARES DOS SERVIÇOS FINANCEIROS, SEGUROS, PREVIDÊNCIA COMPLEMENTAR E PLANOS DE SAÚDE",K,"ATIVIDADES FINANCEIRAS, DE SEGUROS E SERVIÇOS RELACIONADOS"
6611802,BOLSA DE MERCADORIAS,66118,ADMINISTRAÇÃO DE BOLSAS E MERCADOS DE BALCÃO ORGANIZADOS,661,ATIVIDADES AUXILIARES DOS SERVIÇOS FINANCEIROS,66,"ATIVIDADES AUXILIARES DOS SERVIÇOS FINANCEIROS, SEGUROS, PREVIDÊNCIA COMPLEMENTAR E PLANOS DE SAÚDE",K,"ATIVIDADES FINANCEIRAS, DE SEGUROS E SERVIÇOS RELACIONADOS"
6611803,BOLSA DE MERCADORIAS E FUTUROS,66118,ADMINISTRAÇÃO DE BOLSAS E MERCADOS DE BALCÃO ORGANIZADOS,661,ATIVIDADES AUXILIARES DOS SERVIÇOS FINANCEIROS,66,"ATIVIDADES AUXILIARES DOS SERVIÇOS FINANCEIROS, SEGUROS, PREVIDÊNCIA COMPLEMENTAR E PLANOS DE SAÚDE",K,"ATIVIDADES FINANCEIRAS, DE SEGUROS E SERVIÇOS RELACIONADOS"
6611804,ADMINISTRAÇÃO DE MERCADOS DE BALCÃO ORGANIZADOS,66118,ADMINISTRAÇÃO DE BOLSAS E MERCADOS DE BALCÃO ORGANIZADOS,661,ATIVIDADES AUXILIARES DOS SERVIÇOS FINANCEIROS,66,"ATIVIDADES AUXILIARES DOS SERVIÇOS FINANCEIROS, SEGUROS, PREVIDÊNCIA COMPLEMENTAR E PLANOS DE SAÚDE",K,"ATIVIDADES FINANCEIRAS, DE SEGUROS E SERVIÇOS RELACIONADOS"
6612601,CORRETORAS DE TÍTULOS E VALORES MOBILIÁRIOS,66126,"ATIVIDADES DE INTERMEDIÁRIOS EM TRANSAÇÕES DE TÍTULOS, VALORES MOBILIÁRIOS E MERCADORIAS",661,ATIVIDADES AUXILIARES DOS SERVIÇOS FINANCEIROS,66,"ATIVIDADES AUXILIARES DOS SERVIÇOS FINANCEIROS, SEGUROS, PREVIDÊNCIA COMPLEMENTAR E PLANOS DE SAÚDE",K,"ATIVIDADES FINANCEIRAS, DE SEGUROS E SERVIÇOS RELACIONADOS"
6612602,DISTRIBUIDORAS DE TÍTULOS E VALORES MOBILIÁRIOS,66126,"ATIVIDADES DE INTERMEDIÁRIOS EM TRANSAÇÕES DE TÍTULOS, VALORES MOBILIÁRIOS E MERCADORIAS",661,ATIVIDADES AUXILIARES DOS SERVIÇOS FINANCEIROS,66,"ATIVIDADES AUXILIARES DOS SERVIÇOS FINANCEIROS, SEGUROS, PREVIDÊNCIA COMPLEMENTAR E PLANOS DE SAÚDE",K,"ATIVIDADES FINANCEIRAS, DE SEGUROS E SERVIÇOS RELACIONADOS"
6612603,CORRETORAS DE CÂMBIO,66126,"ATIVIDADES DE INTERMEDIÁRIOS EM TRANSAÇÕES DE TÍTULOS, VALORES MOBILIÁRIOS E MERCADORIAS",661,ATIVIDADES AUXILIARES DOS SERVIÇOS FINANCEIROS,66,"ATIVIDADES AUXILIARES DOS SERVIÇOS FINANCEIROS, SEGUROS, PREVIDÊNCIA COMPLEMENTAR E PLANOS DE SAÚDE",K,"ATIVIDADES FINANCEIRAS, DE SEGUROS E SERVIÇOS RELACIONADOS"
6612604,CORRETORAS DE CONTRATOS DE MERCADORIAS,66126,"ATIVIDADES DE INTERMEDIÁRIOS EM TRANSAÇÕES DE TÍTULOS, VALORES MOBILIÁRIOS E MERCADORIAS",661,ATIVIDADES AUXILIARES DOS SERVIÇOS FINANCEIROS,66,"ATIVIDADES AUXILIARES DOS SERVIÇOS FINANCEIROS, SEGUROS, PREVIDÊNCIA COMPLEMENTAR E PLANOS DE SAÚDE",K,"ATIVIDADES FINANCEIRAS, DE SEGUROS E SERVIÇOS RELACIONADOS"
6612605,AGENTES DE INVESTIMENTOS EM APLICAÇÕES FINANCEIRAS,66126,"ATIVIDADES DE INTERMEDIÁRIOS EM TRANSAÇÕES DE TÍTULOS, VALORES MOBILIÁRIOS E MERCADORIAS",661,ATIVIDADES AUXILIARES DOS SERVIÇOS FINANCEIROS,66,"ATIVIDADES AUXILIARES DOS SERVIÇOS FINANCEIROS, SEGUROS, PREVIDÊNCIA COMPLEMENTAR E PLANOS DE SAÚDE",K,"ATIVIDADES FINANCEIRAS, DE SEGUROS E SERVIÇOS RELACIONADOS"
6613400,ADMINISTRAÇÃO DE CARTÕES DE CRÉDITO,66134,ADMINISTRAÇÃO DE CARTÕES DE CRÉDITO,661,ATIVIDADES AUXILIARES DOS SERVIÇOS FINANCEIROS,66,"ATIVIDADES AUXILIARES DOS SERVIÇOS FINANCEIROS, SEGUROS, PREVIDÊNCIA COMPLEMENTAR E PLANOS DE SAÚDE",K,"ATIVIDADES FINANCEIRAS, DE SEGUROS E SERVIÇOS RELACIONADOS"
6619301,SERVIÇOS DE LIQUIDAÇÃO E CUSTÓDIA,66193,ATIVIDADES AUXILIARES DOS SERVIÇOS FINANCEIROS NÃO ESPECIFICADAS ANTERIORMENTE,661,ATIVIDADES AUXILIARES DOS SERVIÇOS FINANCEIROS,66,"ATIVIDADES AUXILIARES DOS SERVIÇOS FINANCEIROS, SEGUROS, PREVIDÊNCIA COMPLEMENTAR E PLANOS DE SAÚDE",K,"ATIVIDADES FINANCEIRAS, DE SEGUROS E SERVIÇOS RELACIONADOS"
6619302,CORRESPONDENTES DE INSTITUIÇÕES FINANCEIRAS,66193,ATIVIDADES AUXILIARES DOS SERVIÇOS FINANCEIROS NÃO ESPECIFICADAS ANTERIORMENTE,661,ATIVIDADES AUXILIARES DOS SERVIÇOS FINANCEIROS,66,"ATIVIDADES AUXILIARES DOS SERVIÇOS FINANCEIROS, SEGUROS, PREVIDÊNCIA COMPLEMENTAR E PLANOS DE SAÚDE",K,"ATIVIDADES FINANCEIRAS, DE SEGUROS E SERVIÇOS RELACIONADOS"
6619303,REPRESENTAÇÕES DE BANCOS ESTRANGEIROS,66193,ATIVIDADES AUXILIARES DOS SERVIÇOS FINANCEIROS NÃO ESPECIFICADAS ANTERIORMENTE,661,ATIVIDADES AUXILIARES DOS SERVIÇOS FINANCEIROS,66,"ATIVIDADES AUXILIARES DOS SERVIÇOS FINANCEIROS, SEGUROS, PREVIDÊNCIA COMPLEMENTAR E PLANOS DE SAÚDE",K,"ATIVIDADES FINANCEIRAS, DE SEGUROS E SERVIÇOS RELACIONADOS"
6619304,CAIXAS ELETRÔNICOS,66193,ATIVIDADES AUXILIARES DOS SERVIÇOS FINANCEIROS NÃO ESPECIFICADAS ANTERIORMENTE,661,ATIVIDADES AUXILIARES DOS SERVIÇOS FINANCEIROS,66,"ATIVIDADES AUXILIARES DOS SERVIÇOS FINANCEIROS, SEGUROS, PREVIDÊNCIA COMPLEMENTAR E PLANOS DE SAÚDE",K,"ATIVIDADES FINANCEIRAS, DE SEGUROS E SERVIÇOS RELACIONADOS"
6619305,OPERADORAS DE CARTÕES DE DÉBITO,66193,ATIVIDADES AUXILIARES DOS SERVIÇOS FINANCEIROS NÃO ESPECIFICADAS ANTERIORMENTE,661,ATIVIDADES AUXILIARES DOS SERVIÇOS FINANCEIROS,66,"ATIVIDADES AUXILIARES DOS SERVIÇOS FINANCEIROS, SEGUROS, PREVIDÊNCIA COMPLEMENTAR E PLANOS DE SAÚDE",K,"ATIVIDADES FINANCEIRAS, DE SEGUROS E SERVIÇOS RELACIONADOS"
6619399,OUTRAS ATIVIDADES AUXILIARES DOS SERVIÇOS FINANCEIROS NÃO ESPECIFICADAS ANTERIORMENTE,66193,ATIVIDADES AUXILIARES DOS SERVIÇOS FINANCEIROS NÃO ESPECIFICADAS ANTERIORMENTE,661,ATIVIDADES AUXILIARES DOS SERVIÇOS FINANCEIROS,66,"ATIVIDADES AUXILIARES DOS SERVIÇOS FINANCEIROS, SEGUROS, PREVIDÊNCIA COMPLEMENTAR E PLANOS DE SAÚDE",K,"ATIVIDADES FINANCEIRAS, DE SEGUROS E SERVIÇOS RELACIONADOS"
6621501,PERITOS E AVALIADORES DE SEGUROS,66215,AVALIAÇÃO DE RISCOS E PERDAS,662,"ATIVIDADES AUXILIARES DOS SEGUROS, DA PREVIDÊNCIA COMPLEMENTAR E DOS PLANOS DE SAÚDE",66,"ATIVIDADES AUXILIARES DOS SERVIÇOS FINANCEIROS, SEGUROS, PREVIDÊNCIA COMPLEMENTAR E PLANOS DE SAÚDE",K,"ATIVIDADES FINANCEIRAS, DE SEGUROS E SERVIÇOS RELACIONADOS"
6621502,AUDITORIA E CONSULTORIA ATUARIAL,66215,AVALIAÇÃO DE RISCOS E PERDAS,662,"ATIVIDADES AUXILIARES DOS SEGUROS, DA PREVIDÊNCIA COMPLEMENTAR E DOS PLANOS DE SAÚDE",66,"ATIVIDADES AUXILIARES DOS SERVIÇOS FINANCEIROS, SEGUROS, PREVIDÊNCIA COMPLEMENTAR E PLANOS DE SAÚDE",K,"ATIVIDADES FINANCEIRAS, DE SEGUROS E SERVIÇOS RELACIONADOS"
6622300,"CORRETORES E AGENTES DE SEGUROS, DE PLANOS DE PREVIDÊNCIA COMPLEMENTAR E DE SAÚDE",66223,"CORRETORES E AGENTES DE SEGUROS, DE PLANOS DE PREVIDÊNCIA COMPLEMENTAR E DE SAÚDE",662,"ATIVIDADES AUXILIARES DOS SEGUROS, DA PREVIDÊNCIA COMPLEMENTAR E DOS PLANOS DE SAÚDE",66,"ATIVIDADES AUXILIARES DOS SERVIÇOS FINANCEIROS, SEGUROS, PREVIDÊNCIA COMPLEMENTAR E PLANOS DE SAÚDE",K,"ATIVIDADES FINANCEIRAS, DE SEGUROS E SERVIÇOS RELACIONADOS"
6629100,"ATIVIDADES AUXILIARES DOS SEGUROS, DA PREVIDÊNCIA COMPLEMENTAR E DOS PLANOS DE SAÚDE NÃO ESPECIFICADAS ANTERIORMENTE",66291,"ATIVIDADES AUXILIARES DOS SEGUROS, DA PREVIDÊNCIA COMPLEMENTAR E DOS PLANOS DE SAÚDE NÃO ESPECIFICADAS ANTERIORMENTE",662,"ATIVIDADES AUXILIARES DOS SEGUROS, DA PREVIDÊNCIA COMPLEMENTAR E DOS PLANOS DE SAÚDE",66,"ATIVIDADES AUXILIARES DOS SERVIÇOS FINANCEIROS, SEGUROS, PREVIDÊNCIA COMPLEMENTAR E PLANOS DE SAÚDE",K,"ATIVIDADES FINANCEIRAS, DE SEGUROS E SERVIÇOS RELACIONADOS"
6630400,ATIVIDADES DE ADMINISTRAÇÃO DE FUNDOS POR CONTRATO OU COMISSÃO,66304,ATIVIDADES DE ADMINISTRAÇÃO DE FUNDOS POR CONTRATO OU COMISSÃO,663,ATIVIDADES DE ADMINISTRAÇÃO DE FUNDOS POR CONTRATO OU COMISSÃO,66,"ATIVIDADES AUXILIARES DOS SERVIÇOS FINANCEIROS, SEGUROS, PREVIDÊNCIA COMPLEMENTAR E PLANOS DE SAÚDE",K,"ATIVIDADES FINANCEIRAS, DE SEGUROS E SERVIÇOS RELACIONADOS"
6810201,COMPRA E VENDA DE IMÓVEIS PRÓPRIOS,68102,ATIVIDADES IMOBILIÁRIAS DE IMÓVEIS PRÓPRIOS,681,ATIVIDADES IMOBILIÁRIAS DE IMÓVEIS PRÓPRIOS,68,ATIVIDADES IMOBILIÁRIAS,L,ATIVIDADES IMOBILIÁRIAS
6810202,ALUGUEL DE IMÓVEIS PRÓPRIOS,68102,ATIVIDADES IMOBILIÁRIAS DE IMÓVEIS PRÓPRIOS,681,ATIVIDADES IMOBILIÁRIAS DE IMÓVEIS PRÓPRIOS,68,ATIVIDADES IMOBILIÁRIAS,L,ATIVIDADES IMOBILIÁRIAS
6810203,LOTEAMENTO DE IMÓVEIS PRÓPRIOS,68102,ATIVIDADES IMOBILIÁRIAS DE IMÓVEIS PRÓPRIOS,681,ATIVIDADES IMOBILIÁRIAS DE IMÓVEIS PRÓPRIOS,68,ATIVIDADES IMOBILIÁRIAS,L,ATIVIDADES IMOBILIÁRIAS
6821801,CORRETAGEM NA COMPRA E VENDA E AVALIAÇÃO DE IMÓVEIS,68218,"INTERMEDIAÇÃO NA COMPRA, VENDA E ALUGUEL DE IMÓVEIS",682,ATIVIDADES IMOBILIÁRIAS POR CONTRATO OU COMISSÃO,68,ATIVIDADES IMOBILIÁRIAS,L,ATIVIDADES IMOBILIÁRIAS
6821802,CORRETAGEM NO ALUGUEL DE IMÓVEIS,68218,"INTERMEDIAÇÃO NA COMPRA, VENDA E ALUGUEL DE IMÓVEIS",682,ATIVIDADES IMOBILIÁRIAS POR CONTRATO OU COMISSÃO,68,ATIVIDADES IMOBILIÁRIAS,L,ATIVIDADES IMOBILIÁRIAS
6822600,GESTÃO E ADMINISTRAÇÃO DA PROPRIEDADE IMOBILIARIA,68226,GESTÃO E ADMINISTRAÇÃO DA PROPRIEDADE IMOBILIÁRIA,682,ATIVIDADES IMOBILIÁRIAS POR CONTRATO OU COMISSÃO,68,ATIVIDADES IMOBILIÁRIAS,L,ATIVIDADES IMOBILIÁRIAS
6911701,SERVIÇOS ADVOCATÍCIOS,69117,"ATIVIDADES JURÍDICAS, EXCETO CARTÓRIOS",691,ATIVIDADES JURÍDICAS,69,"ATIVIDADES JURÍDICAS, DE CONTABILIDADE E DE AUDITORIA",M,"ATIVIDADES PROFISSIONAIS, CIENTÍFICAS E TÉCNICAS"
6911702,ATIVIDADES AUXILIARES DA JUSTIÇA,69117,"ATIVIDADES JURÍDICAS, EXCETO CARTÓRIOS",691,ATIVIDADES JURÍDICAS,69,"ATIVIDADES JURÍDICAS, DE CONTABILIDADE E DE AUDITORIA",M,"ATIVIDADES PROFISSIONAIS, CIENTÍFICAS E TÉCNICAS"
6911703,AGENTE DE PROPRIEDADE INDUSTRIAL,69117,"ATIVIDADES JURÍDICAS, EXCETO CARTÓRIOS",691,ATIVIDADES JURÍDICAS,69,"ATIVIDADES JURÍDICAS, DE CONTABILIDADE E DE AUDITORIA",M,"ATIVIDADES PROFISSIONAIS, CIENTÍFICAS E TÉCNICAS"
6912500,CARTÓRIOS,69125,CARTÓRIOS,691,ATIVIDADES JURÍDICAS,69,"ATIVIDADES JURÍDICAS, DE CONTABILIDADE E DE AUDITORIA",M,"ATIVIDADES PROFISSIONAIS, CIENTÍFICAS E TÉCNICAS"
6920601,ATIVIDADES DE CONTABILIDADE,69206,"ATIVIDADES DE CONTABILIDADE, CONSULTORIA E AUDITORIA CONTÁBIL E TRIBUTÁRIA",692,"ATIVIDADES DE CONTABILIDADE, CONSULTORIA E AUDITORIA CONTÁBIL E TRIBUTÁRIA",69,"ATIVIDADES JURÍDICAS, DE CONTABILIDADE E DE AUDITORIA",M,"ATIVIDADES PROFISSIONAIS, CIENTÍFICAS E TÉCNICAS"
6920602,ATIVIDADES DE CONSULTORIA E AUDITORIA CONTÁBIL E TRIBUTÁRIA,69206,"ATIVIDADES DE CONTABILIDADE, CONSULTORIA E AUDITORIA CONTÁBIL E TRIBUTÁRIA",692,"ATIVIDADES DE CONTABILIDADE, CONSULTORIA E AUDITORIA CONTÁBIL E TRIBUTÁRIA",69,"ATIVIDADES JURÍDICAS, DE CONTABILIDADE E DE AUDITORIA",M,"ATIVIDADES PROFISSIONAIS, CIENTÍFICAS E TÉCNICAS"
7020400,"ATIVIDADES DE CONSULTORIA EM GESTÃO EMPRESARIAL, EXCETO CONSULTORIA TÉCNICA ESPECÍFICA",70204,ATIVIDADES DE CONSULTORIA EM GESTÃO EMPRESARIAL,702,ATIVIDADES DE CONSULTORIA EM GESTÃO EMPRESARIAL,70,ATIVIDADES DE SEDES DE EMPRESAS E DE CONSULTORIA EM GESTÃO EMPRESARIAL,M,"ATIVIDADES PROFISSIONAIS, CIENTÍFICAS E TÉCNICAS"
7111100,SERVIÇOS DE ARQUITETURA,71111,SERVIÇOS DE ARQUITETURA,711,SERVIÇOS DE ARQUITETURA E ENGENHARIA E ATIVIDADES TÉCNICAS RELACIONADAS,71,SERVIÇOS DE ARQUITETURA E ENGENHARIA; TESTES E ANÁLISES TÉCNICAS,M,"ATIVIDADES PROFISSIONAIS, CIENTÍFICAS E TÉCNICAS"
7112000,SERVIÇOS DE ENGENHARIA,71120,SERVIÇOS DE ENGENHARIA,711,SERVIÇOS DE ARQUITETURA E ENGENHARIA E ATIVIDADES TÉCNICAS RELACIONADAS,71,SERVIÇOS DE ARQUITETURA E ENGENHARIA; TESTES E ANÁLISES TÉCNICAS,M,"ATIVIDADES PROFISSIONAIS, CIENTÍFICAS E TÉCNICAS"
7119701,"SERVIÇOS DE CARTOGRAFIA, TOPOGRAFIA E GEODÉSIA",71197,ATIVIDADES TÉCNICAS RELACIONADAS À ARQUITETURA E ENGENHARIA,711,SERVIÇOS DE ARQUITETURA E ENGENHARIA E ATIVIDADES TÉCNICAS RELACIONADAS,71,SERVIÇOS DE ARQUITETURA E ENGENHARIA; TESTES E ANÁLISES TÉCNICAS,M,"ATIVIDADES PROFISSIONAIS, CIENTÍFICAS E TÉCNICAS"
7119702,ATIVIDADES DE ESTUDOS GEOLÓGICOS,71197,ATIVIDADES TÉCNICAS RELACIONADAS À ARQUITETURA E ENGENHARIA,711,SERVIÇOS DE ARQUITETURA E ENGENHARIA E ATIVIDADES TÉCNICAS RELACIONADAS,71,SERVIÇOS DE ARQUITETURA E ENGENHARIA; TESTES E ANÁLISES TÉCNICAS,M,"ATIVIDADES PROFISSIONAIS, CIENTÍFICAS E TÉCNICAS"
7119703,SERVIÇOS DE DESENHO TÉCNICO RELACIONADOS À ARQUITETURA E ENGENHARIA,71197,ATIVIDADES TÉCNICAS RELACIONADAS À ARQUITETURA E ENGENHARIA,711,SERVIÇOS DE ARQUITETURA E ENGENHARIA E ATIVIDADES TÉCNICAS RELACIONADAS,71,SERVIÇOS DE ARQUITETURA E ENGENHARIA; TESTES E ANÁLISES TÉCNICAS,M,"ATIVIDADES PROFISSIONAIS, CIENTÍFICAS E TÉCNICAS"
7119704,SERVIÇOS DE PERÍCIA TÉCNICA RELACIONADOS À SEGURANÇA DO TRABALHO,71197,ATIVIDADES TÉCNICAS RELACIONADAS À ARQUITETURA E ENGENHARIA,711,SERVIÇOS DE ARQUITETURA E ENGENHARIA E ATIVIDADES TÉCNICAS RELACIONADAS,71,SERVIÇOS DE ARQUITETURA E ENGENHARIA; TESTES E ANÁLISES TÉCNICAS,M,"ATIVIDADES PROFISSIONAIS, CIENTÍFICAS E TÉCNICAS"
7119799,ATIVIDADES TÉCNICAS RELACIONADAS À ENGENHARIA E ARQUITETURA NÃO ESPECIFICADAS ANTERIORMENTE,71197,ATIVIDADES TÉCNICAS RELACIONADAS À ARQUITETURA E ENGENHARIA,711,SERVIÇOS DE ARQUITETURA E ENGENHARIA E ATIVIDADES TÉCNICAS RELACIONADAS,71,SERVIÇOS DE ARQUITETURA E ENGENHARIA; TESTES E ANÁLISES TÉCNICAS,M,"ATIVIDADES PROFISSIONAIS, CIENTÍFICAS E TÉCNICAS"
7120100,TESTES E ANÁLISES TÉCNICAS,71201,TESTES E ANÁLISES TÉCNICAS,712,TESTES E ANÁLISES TÉCNICAS,71,SERVIÇOS DE ARQUITETURA E ENGENHARIA; TESTES E ANÁLISES TÉCNICAS,M,"ATIVIDADES PROFISSIONAIS, CIENTÍFICAS E TÉCNICAS"
7210000,PESQUISA E DESENVOLVIMENTO EXPERIMENTAL EM CIÊNCIAS FÍSICAS E NATURAIS,72100,PESQUISA E DESENVOLVIMENTO EXPERIMENTAL EM CIÊNCIAS FÍSICAS E NATURAIS,721,PESQUISA E DESENVOLVIMENTO EXPERIMENTAL EM CIÊNCIAS FÍSICAS E NATURAIS,72,PESQUISA E DESENVOLVIMENTO CIENTÍFICO,M,"ATIVIDADES PROFISSIONAIS, CIENTÍFICAS E TÉCNICAS"
7220700,PESQUISA E DESENVOLVIMENTO EXPERIMENTAL EM CIÊNCIAS SOCIAIS E HUMANAS,72207,PESQUISA E DESENVOLVIMENTO EXPERIMENTAL EM CIÊNCIAS SOCIAIS E HUMANAS,722,PESQUISA E DESENVOLVIMENTO EXPERIMENTAL EM CIÊNCIAS SOCIAIS E HUMANAS,72,PESQUISA E DESENVOLVIMENTO CIENTÍFICO,M,"ATIVIDADES PROFISSIONAIS, CIENTÍFICAS E TÉCNICAS"
7311400,AGÊNCIAS DE PUBLICIDADE,73114,AGÊNCIAS DE PUBLICIDADE,731,PUBLICIDADE,73,PUBLICIDADE E PESQUISA DE MERCADO,M,"ATIVIDADES PROFISSIONAIS, CIENTÍFICAS E TÉCNICAS"
7312200,"AGENCIAMENTO DE ESPAÇOS PARA PUBLICIDADE, EXCETO EM VEÍCULOS DE COMUNICAÇÃO",73122,"AGENCIAMENTO DE ESPAÇOS PARA PUBLICIDADE, EXCETO EM VEÍCULOS DE COMUNICAÇÃO",731,PUBLICIDADE,73,PUBLICIDADE E PESQUISA DE MERCADO,M,"ATIVIDADES PROFISSIONAIS, CIENTÍFICAS E TÉCNICAS"
7319001,CRIAÇÃO ESTANDES PARA FEIRAS E EXPOSIÇÕES,73190,ATIVIDADES DE PUBLICIDADE NÃO ESPECIFICADAS ANTERIORMENTE,731,PUBLICIDADE,73,PUBLICIDADE E PESQUISA DE MERCADO,M,"ATIVIDADES PROFISSIONAIS, CIENTÍFICAS E TÉCNICAS"
7319002,PROMOÇÃO DE VENDAS,73190,ATIVIDADES DE PUBLICIDADE NÃO ESPECIFICADAS ANTERIORMENTE,731,PUBLICIDADE,73,PUBLICIDADE E PESQUISA DE MERCADO,M,"ATIVIDADES PROFISSIONAIS, CIENTÍFICAS E TÉCNICAS"
7319003,MARKETING DIRETO,73190,ATIVIDADES DE PUBLICIDADE NÃO ESPECIFICADAS ANTERIORMENTE,731,PUBLICIDADE,73,PUBLICIDADE E PESQUISA DE MERCADO,M,"ATIVIDADES PROFISSIONAIS, CIENTÍFICAS E TÉCNICAS"
7319004,CONSULTORIA EM PUBLICIDADE,73190,ATIVIDADES DE PUBLICIDADE NÃO ESPECIFICADAS ANTERIORMENTE,731,PUBLICIDADE,73,PUBLICIDADE E PESQUISA DE MERCADO,M,"ATIVIDADES PROFISSIONAIS, CIENTÍFICAS E TÉCNICAS"
7319099,OUTRAS ATIVIDADES DE PUBLICIDADE NÃO ESPECIFICADAS ANTERIORMENTE,73190,ATIVIDADES DE PUBLICIDADE NÃO ESPECIFICADAS ANTERIORMENTE,731,PUBLICIDADE,73,PUBLICIDADE E PESQUISA DE MERCADO,M,"ATIVIDADES PROFISSIONAIS, CIENTÍFICAS E TÉCNICAS"
7320300,PESQUISAS DE MERCADO E DE OPINIÃO PÚBLICA,73203,PESQUISAS DE MERCADO E DE OPINIÃO PÚBLICA,732,PESQUISAS DE MERCADO E DE OPINIÃO PÚBLICA,73,PUBLICIDADE E PESQUISA DE MERCADO,M,"ATIVIDADES PROFISSIONAIS, CIENTÍFICAS E TÉCNICAS"
7410202,DESIGN DE INTERIORES,74102,DESIGN E DECORAÇÃO DE INTERIORES,741,DESIGN E DECORAÇÃO DE INTERIORES,74,"OUTRAS ATIVIDADES PROFISSIONAIS, CIENTÍFICAS E TÉCNICAS",M,"ATIVIDADES PROFISSIONAIS, CIENTÍFICAS E TÉCNICAS"
7410203,DESIGN DE PRODUTO,74102,DESIGN E DECORAÇÃO DE INTERIORES,741,DESIGN E DECORAÇÃO DE INTERIORES,74,"OUTRAS ATIVIDADES PROFISSIONAIS, CIENTÍFICAS E TÉCNICAS",M,"ATIVIDADES PROFISSIONAIS, CIENTÍFICAS E TÉCNICAS"
7410299,ATIVIDADES DE DESIGN NÃO ESPECIFICADAS ANTERIORMENTE,74102,DESIGN E DECORAÇÃO DE INTERIORES,741,DESIGN E DECORAÇÃO DE INTERIORES,74,"OUTRAS ATIVIDADES PROFISSIONAIS, CIENTÍFICAS E TÉCNICAS",M,"ATIVIDADES PROFISSIONAIS, CIENTÍFICAS E TÉCNICAS"
7420001,"ATIVIDADES DE PRODUÇÃO DE FOTOGRAFIAS, EXCETO AÉREA E SUBMARINA",74200,ATIVIDADES FOTOGRÁFICAS E SIMILARES,742,ATIVIDADES FOTOGRÁFICAS E SIMILARES,74,"OUTRAS ATIVIDADES PROFISSIONAIS, CIENTÍFICAS E TÉCNICAS",M,"ATIVIDADES PROFISSIONAIS, CIENTÍFICAS E TÉCNICAS"
7420002,ATIVIDADES DE PRODUÇÃO DE FOTOGRAFIAS AÉREAS E SUBMARINAS,74200,ATIVIDADES FOTOGRÁFICAS E SIMILARES,742,ATIVIDADES FOTOGRÁFICAS E SIMILARES,74,"OUTRAS ATIVIDADES PROFISSIONAIS, CIENTÍFICAS E TÉCNICAS",M,"ATIVIDADES PROFISSIONAIS, CIENTÍFICAS E TÉCNICAS"
7420003,LABORATÓRIOS FOTOGRÁFICOS,74200,ATIVIDADES FOTOGRÁFICAS E SIMILARES,742,ATIVIDADES FOTOGRÁFICAS E SIMILARES,74,"OUTRAS ATIVIDADES PROFISSIONAIS, CIENTÍFICAS E TÉCNICAS",M,"ATIVIDADES PROFISSIONAIS, CIENTÍFICAS E TÉCNICAS"
7420004,FILMAGEM DE FESTAS E EVENTOS,74200,ATIVIDADES FOTOGRÁFICAS E SIMILARES,742,ATIVIDADES FOTOGRÁFICAS E SIMILARES,74,"OUTRAS ATIVIDADES PROFISSIONAIS, CIENTÍFICAS E TÉCNICAS",M,"ATIVIDADES PROFISSIONAIS, CIENTÍFICAS E TÉCNICAS"
7420005,SERVIÇOS DE MICROFILMAGEM,74200,ATIVIDADES FOTOGRÁFICAS E SIMILARES,742,ATIVIDADES FOTOGRÁFICAS E SIMILARES,74,"OUTRAS ATIVIDADES PROFISSIONAIS, CIENTÍFICAS E TÉCNICAS",M,"ATIVIDADES PROFISSIONAIS, CIENTÍFICAS E TÉCNICAS"
7490101,"SERVIÇOS DE TRADUÇÃO, INTERPRETAÇÃO E SIMILARES",74901,"ATIVIDADES PROFISSIONAIS, CIENTÍFICAS E TÉCNICAS NÃO ESPECIFICADAS ANTERIORMENTE",749,"ATIVIDADES PROFISSIONAIS, CIENTÍFICAS E TÉCNICAS NÃO ESPECIFICADAS ANTERIORMENTE",74,"OUTRAS ATIVIDADES PROFISSIONAIS, CIENTÍFICAS E TÉCNICAS",M,"ATIVIDADES PROFISSIONAIS, CIENTÍFICAS E TÉCNICAS"
7490102,ESCAFANDRIA E MERGULHO,74901,"ATIVIDADES PROFISSIONAIS, CIENTÍFICAS E TÉCNICAS NÃO ESPECIFICADAS ANTERIORMENTE",749,"ATIVIDADES PROFISSIONAIS, CIENTÍFICAS E TÉCNICAS NÃO ESPECIFICADAS ANTERIORMENTE",74,"OUTRAS ATIVIDADES PROFISSIONAIS, CIENTÍFICAS E TÉCNICAS",M,"ATIVIDADES PROFISSIONAIS, CIENTÍFICAS E TÉCNICAS"
7490103,SERVIÇOS DE AGRONOMIA E DE CONSULTORIA ÀS ATIVIDADES AGRÍCOLAS E PECUÁRIAS,74901,"ATIVIDADES PROFISSIONAIS, CIENTÍFICAS E TÉCNICAS NÃO ESPECIFICADAS ANTERIORMENTE",749,"ATIVIDADES PROFISSIONAIS, CIENTÍFICAS E TÉCNICAS NÃO ESPECIFICADAS ANTERIORMENTE",74,"OUTRAS ATIVIDADES PROFISSIONAIS, CIENTÍFICAS E TÉCNICAS",M,"ATIVIDADES PROFISSIONAIS, CIENTÍFICAS E TÉCNICAS"
7490104,"ATIVIDADES DE INTERMEDIAÇÃO E AGENCIAMENTO DE SERVIÇOS E NEGÓCIOS EM GERAL, EXCETO IMOBILIÁRIOS",74901,"ATIVIDADES PROFISSIONAIS, CIENTÍFICAS E TÉCNICAS NÃO ESPECIFICADAS ANTERIORMENTE",749,"ATIVIDADES PROFISSIONAIS, CIENTÍFICAS E TÉCNICAS NÃO ESPECIFICADAS ANTERIORMENTE",74,"OUTRAS ATIVIDADES PROFISSIONAIS, CIENTÍFICAS E TÉCNICAS",M,"ATIVIDADES PROFISSIONAIS, CIENTÍFICAS E TÉCNICAS"
7490105,"AGENCIAMENTO DE PROFISSIONAIS PARA ATIVIDADES ESPORTIVAS, CULTURAIS E ARTÍSTICAS",74901,"ATIVIDADES PROFISSIONAIS, CIENTÍFICAS E TÉCNICAS NÃO ESPECIFICADAS ANTERIORMENTE",749,"ATIVIDADES PROFISSIONAIS, CIENTÍFICAS E TÉCNICAS NÃO ESPECIFICADAS ANTERIORMENTE",74,"OUTRAS ATIVIDADES PROFISSIONAIS, CIENTÍFICAS E TÉCNICAS",M,"ATIVIDADES PROFISSIONAIS, CIENTÍFICAS E TÉCNICAS"
7490199,"OUTRAS ATIVIDADES PROFISSIONAIS, CIENTÍFICAS E TÉCNICAS NÃO ESPECIFICADAS ANTERIORMENTE",74901,"ATIVIDADES PROFISSIONAIS, CIENTÍFICAS E TÉCNICAS NÃO ESPECIFICADAS ANTERIORMENTE",749,"ATIVIDADES PROFISSIONAIS, CIENTÍFICAS E TÉCNICAS NÃO ESPECIFICADAS ANTERIORMENTE",74,"OUTRAS ATIVIDADES PROFISSIONAIS, CIENTÍFICAS E TÉCNICAS",M,"ATIVIDADES PROFISSIONAIS, CIENTÍFICAS E TÉCNICAS"
7500100,ATIVIDADES VETERINÁRIAS,75001,ATIVIDADES VETERINÁRIAS,750,ATIVIDADES VETERINÁRIAS,75,ATIVIDADES VETERINÁRIAS,M,"ATIVIDADES PROFISSIONAIS, CIENTÍFICAS E TÉCNICAS"
7711000,LOCAÇÃO DE AUTOMÓVEIS SEM CONDUTOR,77110,LOCAÇÃO DE AUTOMÓVEIS SEM CONDUTOR,771,LOCAÇÃO DE MEIOS DE TRANSPORTE SEM CONDUTOR,77,ALUGUÉIS NÃO-IMOBILIÁRIOS E GESTÃO DE ATIVOS INTANGÍVEIS NÃO-FINANCEIROS,N,ATIVIDADES ADMINISTRATIVAS E SERVIÇOS COMPLEMENTARES
7719501,"LOCAÇÃO DE EMBARCAÇÕES SEM TRIPULAÇÃO, EXCETO PARA FINS RECREATIVOS",77195,"LOCAÇÃO DE MEIOS DE TRANSPORTE, EXCETO AUTOMÓVEIS, SEM CONDUTOR",771,LOCAÇÃO DE MEIOS DE TRANSPORTE SEM CONDUTOR,77,ALUGUÉIS NÃO-IMOBILIÁRIOS E GESTÃO DE ATIVOS INTANGÍVEIS NÃO-FINANCEIROS,N,ATIVIDADES ADMINISTRATIVAS E SERVIÇOS COMPLEMENTARES
7719502,LOCAÇÃO DE AERONAVES SEM TRIPULAÇÃO,77195,"LOCAÇÃO DE MEIOS DE TRANSPORTE, EXCETO AUTOMÓVEIS, SEM CONDUTOR",771,LOCAÇÃO DE MEIOS DE TRANSPORTE SEM CONDUTOR,77,ALUGUÉIS NÃO-IMOBILIÁRIOS E GESTÃO DE ATIVOS INTANGÍVEIS NÃO-FINANCEIROS,N,ATIVIDADES ADMINISTRATIVAS E SERVIÇOS COMPLEMENTARES
7719599,"LOCAÇÃO DE OUTROS MEIOS DE TRANSPORTE NÃO ESPECIFICADOS ANTERIORMENTE, SEM CONDUTOR",77195,"LOCAÇÃO DE MEIOS DE TRANSPORTE, EXCETO AUTOMÓVEIS, SEM CONDUTOR",771,LOCAÇÃO DE MEIOS DE TRANSPORTE SEM CONDUTOR,77,ALUGUÉIS NÃO-IMOBILIÁRIOS E GESTÃO DE ATIVOS INTANGÍVEIS NÃO-FINANCEIROS,N,ATIVIDADES ADMINISTRATIVAS E SERVIÇOS COMPLEMENTARES
7721700,ALUGUEL DE EQUIPAMENTOS RECREATIVOS E ESPORTIVOS,77217,ALUGUEL DE EQUIPAMENTOS RECREATIVOS E ESPORTIVOS,772,ALUGUEL DE OBJETOS PESSOAIS E DOMÉSTICOS,77,ALUGUÉIS NÃO-IMOBILIÁRIOS E GESTÃO DE ATIVOS INTANGÍVEIS NÃO-FINANCEIROS,N,ATIVIDADES ADMINISTRATIVAS E SERVIÇOS COMPLEMENTARES
7722500,"ALUGUEL DE FITAS DE VÍDEO, DVDS E SIMILARES",77225,"ALUGUEL DE FITAS DE VÍDEO, DVDS E SIMILARES",772,ALUGUEL DE OBJETOS PESSOAIS E DOMÉSTICOS,77,ALUGUÉIS NÃO-IMOBILIÁRIOS E GESTÃO DE ATIVOS INTANGÍVEIS NÃO-FINANCEIROS,N,ATIVIDADES ADMINISTRATIVAS E SERVIÇOS COMPLEMENTARES
7723300,"ALUGUEL DE OBJETOS DO VESTUÁRIO, JÓIAS E ACESSÓRIOS",77233,"ALUGUEL DE OBJETOS DO VESTUÁRIO, JOIAS E ACESSÓRIOS",772,ALUGUEL DE OBJETOS PESSOAIS E DOMÉSTICOS,77,ALUGUÉIS NÃO-IMOBILIÁRIOS E GESTÃO DE ATIVOS INTANGÍVEIS NÃO-FINANCEIROS,N,ATIVIDADES ADMINISTRATIVAS E SERVIÇOS COMPLEMENTARES
7729201,ALUGUEL DE APARELHOS DE JOGOS ELETRÔNICOS,77292,ALUGUEL DE OBJETOS PESSOAIS E DOMÉSTICOS NÃO ESPECIFICADOS ANTERIORMENTE,772,ALUGUEL DE OBJETOS PESSOAIS E DOMÉSTICOS,77,ALUGUÉIS NÃO-IMOBILIÁRIOS E GESTÃO DE ATIVOS INTANGÍVEIS NÃO-FINANCEIROS,N,ATIVIDADES ADMINISTRATIVAS E SERVIÇOS COMPLEMENTARES
7729202,"ALUGUEL DE MÓVEIS, UTENSÍLIOS E APARELHOS DE USO DOMÉSTICO E PESSOAL; INSTRUMENTOS MUSICAIS",77292,ALUGUEL DE OBJETOS PESSOAIS E DOMÉSTICOS NÃO ESPECIFICADOS ANTERIORMENTE,772,ALUGUEL DE OBJETOS PESSOAIS E DOMÉSTICOS,77,ALUGUÉIS NÃO-IMOBILIÁRIOS E GESTÃO DE ATIVOS INTANGÍVEIS NÃO-FINANCEIROS,N,ATIVIDADES ADMINISTRATIVAS E SERVIÇOS COMPLEMENTARES
7729203,ALUGUEL DE MATERIAL MÉDICO,77292,ALUGUEL DE OBJETOS PESSOAIS E DOMÉSTICOS NÃO ESPECIFICADOS ANTERIORMENTE,772,ALUGUEL DE OBJETOS PESSOAIS E DOMÉSTICOS,77,ALUGUÉIS NÃO-IMOBILIÁRIOS E GESTÃO DE ATIVOS INTANGÍVEIS NÃO-FINANCEIROS,N,ATIVIDADES ADMINISTRATIVAS E SERVIÇOS COMPLEMENTARES
7729299,ALUGUEL DE OUTROS OBJETOS PESSOAIS E DOMÉSTICOS NÃO ESPECIFICADOS ANTERIORMENTE,77292,ALUGUEL DE OBJETOS PESSOAIS E DOMÉSTICOS NÃO ESPECIFICADOS ANTERIORMENTE,772,ALUGUEL DE OBJETOS PESSOAIS E DOMÉSTICOS,77,ALUGUÉIS NÃO-IMOBILIÁRIOS E GESTÃO DE ATIVOS INTANGÍVEIS NÃO-FINANCEIROS,N,ATIVIDADES ADMINISTRATIVAS E SERVIÇOS COMPLEMENTARES
7731400,ALUGUEL DE MÁQUINAS E EQUIPAMENTOS AGRÍCOLAS SEM OPERADOR,77314,ALUGUEL DE MÁQUINAS E EQUIPAMENTOS AGRÍCOLAS SEM OPERADOR,773,ALUGUEL DE MÁQUINAS E EQUIPAMENTOS SEM OPERADOR,77,ALUGUÉIS NÃO-IMOBILIÁRIOS E GESTÃO DE ATIVOS INTANGÍVEIS NÃO-FINANCEIROS,N,ATIVIDADES ADMINISTRATIVAS E SERVIÇOS COMPLEMENTARES
7732201,"ALUGUEL DE MÁQUINAS E EQUIPAMENTOS PARA CONSTRUÇÃO SEM OPERADOR, EXCETO ANDAIMES",77322,ALUGUEL DE MÁQUINAS E EQUIPAMENTOS PARA CONSTRUÇÃO SEM OPERADOR,773,ALUGUEL DE MÁQUINAS E EQUIPAMENTOS SEM OPERADOR,77,ALUGUÉIS NÃO-IMOBILIÁRIOS E GESTÃO DE ATIVOS INTANGÍVEIS NÃO-FINANCEIROS,N,ATIVIDADES ADMINISTRATIVAS E SERVIÇOS COMPLEMENTARES
7732202,ALUGUEL DE ANDAIMES,77322,ALUGUEL DE MÁQUINAS E EQUIPAMENTOS PARA CONSTRUÇÃO SEM OPERADOR,773,ALUGUEL DE MÁQUINAS E EQUIPAMENTOS SEM OPERADOR,77,ALUGUÉIS NÃO-IMOBILIÁRIOS E GESTÃO DE ATIVOS INTANGÍVEIS NÃO-FINANCEIROS,N,ATIVIDADES ADMINISTRATIVAS E SERVIÇOS COMPLEMENTARES
7733100,ALUGUEL DE MÁQUINAS E EQUIPAMENTOS PARA ESCRITÓRIOS,77331,ALUGUEL DE MÁQUINAS E EQUIPAMENTOS PARA ESCRITÓRIOS,773,ALUGUEL DE MÁQUINAS E EQUIPAMENTOS SEM OPERADOR,77,ALUGUÉIS NÃO-IMOBILIÁRIOS E GESTÃO DE ATIVOS INTANGÍVEIS NÃO-FINANCEIROS,N,ATIVIDADES ADMINISTRATIVAS E SERVIÇOS COMPLEMENTARES
7739001,"ALUGUEL DE MÁQUINAS E EQUIPAMENTOS PARA EXTRAÇÃO DE MINÉRIOS E PETRÓLEO, SEM OPERADOR",77390,ALUGUEL DE MÁQUINAS E EQUIPAMENTOS NÃO ESPECIFICADOS ANTERIORMENTE,773,ALUGUEL DE MÁQUINAS E EQUIPAMENTOS SEM OPERADOR,77,ALUGUÉIS NÃO-IMOBILIÁRIOS E GESTÃO DE ATIVOS INTANGÍVEIS NÃO-FINANCEIROS,N,ATIVIDADES ADMINISTRATIVAS E SERVIÇOS COMPLEMENTARES
7739002,"ALUGUEL DE EQUIPAMENTOS CIENTÍFICOS, MÉDICOS E HOSPITALARES, SEM OPERADOR",77390,ALUGUEL DE MÁQUINAS E EQUIPAMENTOS NÃO ESPECIFICADOS ANTERIORMENTE,773,ALUGUEL DE MÁQUINAS E EQUIPAMENTOS SEM OPERADOR,77,ALUGUÉIS NÃO-IMOBILIÁRIOS E GESTÃO DE ATIVOS INTANGÍVEIS NÃO-FINANCEIROS,N,ATIVIDADES ADMINISTRATIVAS E SERVIÇOS COMPLEMENTARES
7739003,"ALUGUEL DE PALCOS, COBERTURAS E OUTRAS ESTRUTURAS DE USO TEMPORÁRIO, EXCETO ANDAIMES",77390,ALUGUEL DE MÁQUINAS E EQUIPAMENTOS NÃO ESPECIFICADOS ANTERIORMENTE,773,ALUGUEL DE MÁQUINAS E EQUIPAMENTOS SEM OPERADOR,77,ALUGUÉIS NÃO-IMOBILIÁRIOS E GESTÃO DE ATIVOS INTANGÍVEIS NÃO-FINANCEIROS,N,ATIVIDADES ADMINISTRATIVAS E SERVIÇOS COMPLEMENTARES
7739099,"ALUGUEL DE OUTRAS MÁQUINAS E EQUIPAMENTOS COMERCIAIS E INDUSTRIAIS NÃO ESPECIFICADOS ANTERIORMENTE, SEM OPERADOR",77390,ALUGUEL DE MÁQUINAS E EQUIPAMENTOS NÃO ESPECIFICADOS ANTERIORMENTE,773,ALUGUEL DE MÁQUINAS E EQUIPAMENTOS SEM OPERADOR,77,ALUGUÉIS NÃO-IMOBILIÁRIOS E GESTÃO DE ATIVOS INTANGÍVEIS NÃO-FINANCEIROS,N,ATIVIDADES ADMINISTRATIVAS E SERVIÇOS COMPLEMENTARES
7740300,GESTÃO DE ATIVOS INTANGÍVEIS NÃO FINANCEIROS,77403,GESTÃO DE ATIVOS INTANGÍVEIS NÃO FINANCEIROS,774,GESTÃO DE ATIVOS INTANGÍVEIS NÃO-FINANCEIROS,77,ALUGUÉIS NÃO-IMOBILIÁRIOS E GESTÃO DE ATIVOS INTANGÍVEIS NÃO-FINANCEIROS,N,ATIVIDADES ADMINISTRATIVAS E SERVIÇOS COMPLEMENTARES
7810800,SELEÇÃO E AGENCIAMENTO DE MÃO DE OBRA,78108,SELEÇÃO E AGENCIAMENTO DE MÃO DE OBRA,781,SELEÇÃO E AGENCIAMENTO DE MÃO-DE-OBRA,78,"SELEÇÃO, AGENCIAMENTO E LOCAÇÃO DE MÃO-DE-OBRA",N,ATIVIDADES ADMINISTRATIVAS E SERVIÇOS COMPLEMENTARES
7820500,LOCAÇÃO DE MÃO DE OBRA TEMPORÁRIA,78205,LOCAÇÃO DE MÃO DE OBRA TEMPORÁRIA,782,LOCAÇÃO DE MÃO-DE-OBRA TEMPORÁRIA,78,"SELEÇÃO, AGENCIAMENTO E LOCAÇÃO DE MÃO-DE-OBRA",N,ATIVIDADES ADMINISTRATIVAS E SERVIÇOS COMPLEMENTARES
7830200,FORNECIMENTO E GESTÃO DE RECURSOS HUMANOS PARA TERCEIROS,78302,FORNECIMENTO E GESTÃO DE RECURSOS HUMANOS PARA TERCEIROS,783,FORNECIMENTO E GESTÃO DE RECURSOS HUMANOS PARA TERCEIROS,78,"SELEÇÃO, AGENCIAMENTO E LOCAÇÃO DE MÃO-DE-OBRA",N,ATIVIDADES ADMINISTRATIVAS E SERVIÇOS COMPLEMENTARES
7911200,AGÊNCIAS DE VIAGENS,79112,AGÊNCIAS DE VIAGENS,791,AGÊNCIAS DE VIAGENS E OPERADORES TURÍSTICOS,79,"AGÊNCIAS DE VIAGENS, OPERADORES TURÍSTICOS E SERVIÇOS DE RESERVAS",N,ATIVIDADES ADMINISTRATIVAS E SERVIÇOS COMPLEMENTARES
7912100,OPERADORES TURÍSTICOS,79121,OPERADORES TURÍSTICOS,791,AGÊNCIAS DE VIAGENS E OPERADORES TURÍSTICOS,79,"AGÊNCIAS DE VIAGENS, OPERADORES TURÍSTICOS E SERVIÇOS DE RESERVAS",N,ATIVIDADES ADMINISTRATIVAS E SERVIÇOS COMPLEMENTARES
7990200,SERVIÇOS DE RESERVAS E OUTROS SERVIÇOS DE TURISMO NÃO ESPECIFICADOS ANTERIORMENTE,79902,SERVIÇOS DE RESERVAS E OUTROS SERVIÇOS DE TURISMO NÃO ESPECIFICADOS ANTERIORMENTE,799,SERVIÇOS DE RESERVAS E OUTROS SERVIÇOS DE TURISMO NÃO ESPECIFICADOS ANTERIORMENTE,79,"AGÊNCIAS DE VIAGENS, OPERADORES TURÍSTICOS E SERVIÇOS DE RESERVAS",N,ATIVIDADES ADMINISTRATIVAS E SERVIÇOS COMPLEMENTARES
8011101,ATIVIDADES DE VIGILÂNCIA E SEGURANÇA PRIVADA,80111,ATIVIDADES DE VIGILÂNCIA E SEGURANÇA PRIVADA,801,"ATIVIDADES DE VIGILÂNCIA, SEGURANÇA PRIVADA E TRANSPORTE DE VALORES",80,"ATIVIDADES DE VIGILÂNCIA, SEGURANÇA E INVESTIGAÇÃO",N,ATIVIDADES ADMINISTRATIVAS E SERVIÇOS COMPLEMENTARES
8011102,SERVIÇOS DE ADESTRAMENTO DE CÃES DE GUARDA,80111,ATIVIDADES DE VIGILÂNCIA E SEGURANÇA PRIVADA,801,"ATIVIDADES DE VIGILÂNCIA, SEGURANÇA PRIVADA E TRANSPORTE DE VALORES",80,"ATIVIDADES DE VIGILÂNCIA, SEGURANÇA E INVESTIGAÇÃO",N,ATIVIDADES ADMINISTRATIVAS E SERVIÇOS COMPLEMENTARES
8012900,ATIVIDADES DE TRANSPORTE DE VALORES,80129,ATIVIDADES DE TRANSPORTE DE VALORES,801,"ATIVIDADES DE VIGILÂNCIA, SEGURANÇA PRIVADA E TRANSPORTE DE VALORES",80,"ATIVIDADES DE VIGILÂNCIA, SEGURANÇA E INVESTIGAÇÃO",N,ATIVIDADES ADMINISTRATIVAS E SERVIÇOS COMPLEMENTARES
8020001,ATIVIDADES DE MONITORAMENTO DE SISTEMAS DE SEGURANÇA ELETRÔNICO,80200,ATIVIDADES DE MONITORAMENTO DE SISTEMAS DE SEGURANÇA,802,ATIVIDADES DE MONITORAMENTO DE SISTEMAS DE SEGURANÇA,80,"ATIVIDADES DE VIGILÂNCIA, SEGURANÇA E INVESTIGAÇÃO",N,ATIVIDADES ADMINISTRATIVAS E SERVIÇOS COMPLEMENTARES
8020002,OUTRAS ATIVIDADES DE SERVIÇOS DE SEGURANÇA,80200,ATIVIDADES DE MONITORAMENTO DE SISTEMAS DE SEGURANÇA,802,ATIVIDADES DE MONITORAMENTO DE SISTEMAS DE SEGURANÇA,80,"ATIVIDADES DE VIGILÂNCIA, SEGURANÇA E INVESTIGAÇÃO",N,ATIVIDADES ADMINISTRATIVAS E SERVIÇOS COMPLEMENTARES
8030700,ATIVIDADES DE INVESTIGAÇÃO PARTICULAR,80307,ATIVIDADES DE INVESTIGAÇÃO PARTICULAR,803,ATIVIDADES DE INVESTIGAÇÃO PARTICULAR,80,"ATIVIDADES DE VIGILÂNCIA, SEGURANÇA E INVESTIGAÇÃO",N,ATIVIDADES ADMINISTRATIVAS E SERVIÇOS COMPLEMENTARES
8111700,"SERVIÇOS COMBINADOS PARA APOIO A EDIFÍCIOS, EXCETO CONDOMÍNIOS PREDIAIS",81117,"SERVIÇOS COMBINADOS PARA APOIO A EDIFÍCIOS, EXCETO CONDOMÍNIOS PREDIAIS",811,SERVIÇOS COMBINADOS PARA APOIO A EDIFÍCIOS,81,SERVIÇOS PARA EDIFÍCIOS E ATIVIDADES PAISAGÍSTICAS,N,ATIVIDADES ADMINISTRATIVAS E SERVIÇOS COMPLEMENTARES
8112500,CONDOMÍNIOS PREDIAIS,81125,CONDOMÍNIOS PREDIAIS,811,SERVIÇOS COMBINADOS PARA APOIO A EDIFÍCIOS,81,SERVIÇOS PARA EDIFÍCIOS E ATIVIDADES PAISAGÍSTICAS,N,ATIVIDADES ADMINISTRATIVAS E SERVIÇOS COMPLEMENTARES
8121400,LIMPEZA EM PRÉDIOS E EM DOMICÍLIOS,81214,LIMPEZA EM PRÉDIOS E EM DOMICÍLIOS,812,ATIVIDADES DE LIMPEZA,81,SERVIÇOS PARA EDIFÍCIOS E ATIVIDADES PAISAGÍSTICAS,N,ATIVIDADES ADMINISTRATIVAS E SERVIÇOS COMPLEMENTARES
8122200,IMUNIZAÇÃO E CONTROLE DE PRAGAS URBANAS,81222,IMUNIZAÇÃO E CONTROLE DE PRAGAS URBANAS,812,ATIVIDADES DE LIMPEZA,81,SERVIÇOS PARA EDIFÍCIOS E ATIVIDADES PAISAGÍSTICAS,N,ATIVIDADES ADMINISTRATIVAS E SERVIÇOS COMPLEMENTARES
8129000,ATIVIDADES DE LIMPEZA NÃO ESPECIFICADAS ANTERIORMENTE,81290,ATIVIDADES DE LIMPEZA NÃO ESPECIFICADAS ANTERIORMENTE,812,ATIVIDADES DE LIMPEZA,81,SERVIÇOS PARA EDIFÍCIOS E ATIVIDADES PAISAGÍSTICAS,N,ATIVIDADES ADMINISTRATIVAS E SERVIÇOS COMPLEMENTARES
8130300,ATIVIDADES PAISAGÍSTICAS,81303,ATIVIDADES PAISAGÍSTICAS,813,ATIVIDADES PAISAGÍSTICAS,81,SERVIÇOS PARA EDIFÍCIOS E ATIVIDADES PAISAGÍSTICAS,N,ATIVIDADES ADMINISTRATIVAS E SERVIÇOS COMPLEMENTARES
8211300,SERVIÇOS COMBINADOS DE ESCRITÓRIO E APOIO ADMINISTRATIVO,82113,SERVIÇOS COMBINADOS DE ESCRITÓRIO E APOIO ADMINISTRATIVO,821,SERVIÇOS DE ESCRITÓRIO E APOIO ADMINISTRATIVO,82,"SERVIÇOS DE ESCRITÓRIO, DE APOIO ADMINISTRATIVO E OUTROS SERVIÇOS PRESTADOS PRINCIPALMENTE ÀS EMPRESAS",N,ATIVIDADES ADMINISTRATIVAS E SERVIÇOS COMPLEMENTARES
8219901,FOTOCÓPIAS,82199,"FOTOCÓPIAS, PREPARAÇÃO DE DOCUMENTOS E OUTROS SERVIÇOS ESPECIALIZADOS DE APOIO ADMINISTRATIVO",821,SERVIÇOS DE ESCRITÓRIO E APOIO ADMINISTRATIVO,82,"SERVIÇOS DE ESCRITÓRIO, DE APOIO ADMINISTRATIVO E OUTROS SERVIÇOS PRESTADOS PRINCIPALMENTE ÀS EMPRESAS",N,ATIVIDADES ADMINISTRATIVAS E SERVIÇOS COMPLEMENTARES
8219999,PREPARAÇÃO DE DOCUMENTOS E SERVIÇOS ESPECIALIZADOS DE APOIO ADMINISTRATIVO NÃO ESPECIFICADOS ANTERIORMENTE,82199,"FOTOCÓPIAS, PREPARAÇÃO DE DOCUMENTOS E OUTROS SERVIÇOS ESPECIALIZADOS DE APOIO ADMINISTRATIVO",821,SERVIÇOS DE ESCRITÓRIO E APOIO ADMINISTRATIVO,82,"SERVIÇOS DE ESCRITÓRIO, DE APOIO ADMINISTRATIVO E OUTROS SERVIÇOS PRESTADOS PRINCIPALMENTE ÀS EMPRESAS",N,ATIVIDADES ADMINISTRATIVAS E SERVIÇOS COMPLEMENTARES
8220200,ATIVIDADES DE TELEATENDIMENTO,82202,ATIVIDADES DE TELEATENDIMENTO,822,ATIVIDADES DE TELEATENDIMENTO,82,"SERVIÇOS DE ESCRITÓRIO, DE APOIO ADMINISTRATIVO E OUTROS SERVIÇOS PRESTADOS PRINCIPALMENTE ÀS EMPRESAS",N,ATIVIDADES ADMINISTRATIVAS E SERVIÇOS COMPLEMENTARES
8230001,"SERVIÇOS DE ORGANIZAÇÃO DE FEIRAS, CONGRESSOS, EXPOSIÇÕES E FESTAS",82300,"ATIVIDADES DE ORGANIZAÇÃO DE EVENTOS, EXCETO CULTURAIS E ESPORTIVOS",823,"ATIVIDADES DE ORGANIZAÇÃO DE EVENTOS, EXCETO CULTURAIS E ESPORTIVOS",82,"SERVIÇOS DE ESCRITÓRIO, DE APOIO ADMINISTRATIVO E OUTROS SERVIÇOS PRESTADOS PRINCIPALMENTE ÀS EMPRESAS",N,ATIVIDADES ADMINISTRATIVAS E SERVIÇOS COMPLEMENTARES
8230002,CASAS DE FESTAS E EVENTOS,82300,"ATIVIDADES DE ORGANIZAÇÃO DE EVENTOS, EXCETO CULTURAIS E ESPORTIVOS",823,"ATIVIDADES DE ORGANIZAÇÃO DE EVENTOS, EXCETO CULTURAIS E ESPORTIVOS",82,"SERVIÇOS DE ESCRITÓRIO, DE APOIO ADMINISTRATIVO E OUTROS SERVIÇOS PRESTADOS PRINCIPALMENTE ÀS EMPRESAS",N,ATIVIDADES ADMINISTRATIVAS E SERVIÇOS COMPLEMENTARES
8291100,ATIVIDADES DE COBRANÇAS E INFORMAÇÕES CADASTRAIS,82911,ATIVIDADES DE COBRANÇAS E INFORMAÇÕES CADASTRAIS,829,OUTRAS ATIVIDADES DE SERVIÇOS PRESTADOS PRINCIPALMENTE ÀS EMPRESAS,82,"SERVIÇOS DE ESCRITÓRIO, DE APOIO ADMINISTRATIVO E OUTROS SERVIÇOS PRESTADOS PRINCIPALMENTE ÀS EMPRESAS",N,ATIVIDADES ADMINISTRATIVAS E SERVIÇOS COMPLEMENTARES
8292000,ENVASAMENTO E EMPACOTAMENTO SOB CONTRATO,82920,ENVASAMENTO E EMPACOTAMENTO SOB CONTRATO,829,OUTRAS ATIVIDADES DE SERVIÇOS PRESTADOS PRINCIPALMENTE ÀS EMPRESAS,82,"SERVIÇOS DE ESCRITÓRIO, DE APOIO ADMINISTRATIVO E OUTROS SERVIÇOS PRESTADOS PRINCIPALMENTE ÀS EMPRESAS",N,ATIVIDADES ADMINISTRATIVAS E SERVIÇOS COMPLEMENTARES
8299701,"MEDIÇÃO DE CONSUMO DE ENERGIA ELÉTRICA, GÁS E ÁGUA",82997,ATIVIDADES DE SERVIÇOS PRESTADOS PRINCIPALMENTE ÀS EMPRESAS NÃO ESPECIFICADAS ANTERIORMENTE,829,OUTRAS ATIVIDADES DE SERVIÇOS PRESTADOS PRINCIPALMENTE ÀS EMPRESAS,82,"SERVIÇOS DE ESCRITÓRIO, DE APOIO ADMINISTRATIVO E OUTROS SERVIÇOS PRESTADOS PRINCIPALMENTE ÀS EMPRESAS",N,ATIVIDADES ADMINISTRATIVAS E SERVIÇOS COMPLEMENTARES
8299702,"EMISSÃO DE VALES ALIMENTAÇÃO, VALES TRANSPORTE E SIMILARES",82997,ATIVIDADES DE SERVIÇOS PRESTADOS PRINCIPALMENTE ÀS EMPRESAS NÃO ESPECIFICADAS ANTERIORMENTE,829,OUTRAS ATIVIDADES DE SERVIÇOS PRESTADOS PRINCIPALMENTE ÀS EMPRESAS,82,"SERVIÇOS DE ESCRITÓRIO, DE APOIO ADMINISTRATIVO E OUTROS SERVIÇOS PRESTADOS PRINCIPALMENTE ÀS EMPRESAS",N,ATIVIDADES ADMINISTRATIVAS E SERVIÇOS COMPLEMENTARES
8299703,"SERVIÇOS DE GRAVAÇÃO DE CARIMBOS, EXCETO CONFECÇÃO",82997,ATIVIDADES DE SERVIÇOS PRESTADOS PRINCIPALMENTE ÀS EMPRESAS NÃO ESPECIFICADAS ANTERIORMENTE,829,OUTRAS ATIVIDADES DE SERVIÇOS PRESTADOS PRINCIPALMENTE ÀS EMPRESAS,82,"SERVIÇOS DE ESCRITÓRIO, DE APOIO ADMINISTRATIVO E OUTROS SERVIÇOS PRESTADOS PRINCIPALMENTE ÀS EMPRESAS",N,ATIVIDADES ADMINISTRATIVAS E SERVIÇOS COMPLEMENTARES
8299704,LEILOEIROS INDEPENDENTES,82997,ATIVIDADES DE SERVIÇOS PRESTADOS PRINCIPALMENTE ÀS EMPRESAS NÃO ESPECIFICADAS ANTERIORMENTE,829,OUTRAS ATIVIDADES DE SERVIÇOS PRESTADOS PRINCIPALMENTE ÀS EMPRESAS,82,"SERVIÇOS DE ESCRITÓRIO, DE APOIO ADMINISTRATIVO E OUTROS SERVIÇOS PRESTADOS PRINCIPALMENTE ÀS EMPRESAS",N,ATIVIDADES ADMINISTRATIVAS E SERVIÇOS COMPLEMENTARES
8299705,SERVIÇOS DE LEVANTAMENTO DE FUNDOS SOB CONTRATO,82997,ATIVIDADES DE SERVIÇOS PRESTADOS PRINCIPALMENTE ÀS EMPRESAS NÃO ESPECIFICADAS ANTERIORMENTE,829,OUTRAS ATIVIDADES DE SERVIÇOS PRESTADOS PRINCIPALMENTE ÀS EMPRESAS,82,"SERVIÇOS DE ESCRITÓRIO, DE APOIO ADMINISTRATIVO E OUTROS SERVIÇOS PRESTADOS PRINCIPALMENTE ÀS EMPRESAS",N,ATIVIDADES ADMINISTRATIVAS E SERVIÇOS COMPLEMENTARES
8299706,CASAS LOTÉRICAS,82997,ATIVIDADES DE SERVIÇOS PRESTADOS PRINCIPALMENTE ÀS EMPRESAS NÃO ESPECIFICADAS ANTERIORMENTE,829,OUTRAS ATIVIDADES DE SERVIÇOS PRESTADOS PRINCIPALMENTE ÀS EMPRESAS,82,"SERVIÇOS DE ESCRITÓRIO, DE APOIO ADMINISTRATIVO E OUTROS SERVIÇOS PRESTADOS PRINCIPALMENTE ÀS EMPRESAS",N,ATIVIDADES ADMINISTRATIVAS E SERVIÇOS COMPLEMENTARES
8299707,SALAS DE ACESSO À INTERNET,82997,ATIVIDADES DE SERVIÇOS PRESTADOS PRINCIPALMENTE ÀS EMPRESAS NÃO ESPECIFICADAS ANTERIORMENTE,829,OUTRAS ATIVIDADES DE SERVIÇOS PRESTADOS PRINCIPALMENTE ÀS EMPRESAS,82,"SERVIÇOS DE ESCRITÓRIO, DE APOIO ADMINISTRATIVO E OUTROS SERVIÇOS PRESTADOS PRINCIPALMENTE ÀS EMPRESAS",N,ATIVIDADES ADMINISTRATIVAS E SERVIÇOS COMPLEMENTARES
8299799,OUTRAS ATIVIDADES DE SERVIÇOS PRESTADOS PRINCIPALMENTE ÀS EMPRESAS NÃO ESPECIFICADAS ANTERIORMENTE,82997,ATIVIDADES DE SERVIÇOS PRESTADOS PRINCIPALMENTE ÀS EMPRESAS NÃO ESPECIFICADAS ANTERIORMENTE,829,OUTRAS ATIVIDADES DE SERVIÇOS PRESTADOS PRINCIPALMENTE ÀS EMPRESAS,82,"SERVIÇOS DE ESCRITÓRIO, DE APOIO ADMINISTRATIVO E OUTROS SERVIÇOS PRESTADOS PRINCIPALMENTE ÀS EMPRESAS",N,ATIVIDADES ADMINISTRATIVAS E SERVIÇOS COMPLEMENTARES
8411600,ADMINISTRAÇÃO PÚBLICA EM GERAL,84116,ADMINISTRAÇÃO PÚBLICA EM GERAL,841,ADMINISTRAÇÃO DO ESTADO E DA POLÍTICA ECONÔMICA E SOCIAL,84,"ADMINISTRAÇÃO PÚBLICA, DEFESA E SEGURIDADE SOCIAL",O,"ADMINISTRAÇÃO PÚBLICA, DEFESA E SEGURIDADE SOCIAL"
8412400,"REGULAÇÃO DAS ATIVIDADES DE SAÚDE, EDUCAÇÃO, SERVIÇOS CULTURAIS E OUTROS SERVIÇOS SOCIAIS",84124,"REGULAÇÃO DAS ATIVIDADES DE SAÚDE, EDUCAÇÃO, SERVIÇOS CULTURAIS E OUTROS SERVIÇOS SOCIAIS",841,ADMINISTRAÇÃO DO ESTADO E DA POLÍTICA ECONÔMICA E SOCIAL,84,"ADMINISTRAÇÃO PÚBLICA, DEFESA E SEGURIDADE SOCIAL",O,"ADMINISTRAÇÃO PÚBLICA, DEFESA E SEGURIDADE SOCIAL"
8413200,REGULAÇÃO DAS ATIVIDADES ECONÔMICAS,84132,REGULAÇÃO DAS ATIVIDADES ECONÔMICAS,841,ADMINISTRAÇÃO DO ESTADO E DA POLÍTICA ECONÔMICA E SOCIAL,84,"ADMINISTRAÇÃO PÚBLICA, DEFESA E SEGURIDADE SOCIAL",O,"ADMINISTRAÇÃO PÚBLICA, DEFESA E SEGURIDADE SOCIAL"
8421300,RELAÇÕES EXTERIORES,84213,RELAÇÕES EXTERIORES,842,SERVIÇOS COLETIVOS PRESTADOS PELA ADMINISTRAÇÃO PÚBLICA,84,"ADMINISTRAÇÃO PÚBLICA, DEFESA E SEGURIDADE SOCIAL",O,"ADMINISTRAÇÃO PÚBLICA, DEFESA E SEGURIDADE SOCIAL"
8422100,DEFESA,84221,DEFESA,842,SERVIÇOS COLETIVOS PRESTADOS PELA ADMINISTRAÇÃO PÚBLICA,84,"ADMINISTRAÇÃO PÚBLICA, DEFESA E SEGURIDADE SOCIAL",O,"ADMINISTRAÇÃO PÚBLICA, DEFESA E SEGURIDADE SOCIAL"
8423000,JUSTIÇA,84230,JUSTIÇA,842,SERVIÇOS COLETIVOS PRESTADOS PELA ADMINISTRAÇÃO PÚBLICA,84,"ADMINISTRAÇÃO PÚBLICA, DEFESA E SEGURIDADE SOCIAL",O,"ADMINISTRAÇÃO PÚBLICA, DEFESA E SEGURIDADE SOCIAL"
8424800,SEGURANÇA E ORDEM PÚBLICA,84248,SEGURANÇA E ORDEM PÚBLICA,842,SERVIÇOS COLETIVOS PRESTADOS PELA ADMINISTRAÇÃO PÚBLICA,84,"ADMINISTRAÇÃO PÚBLICA, DEFESA E SEGURIDADE SOCIAL",O,"ADMINISTRAÇÃO PÚBLICA, DEFESA E SEGURIDADE SOCIAL"
8425600,DEFESA CIVIL,84256,DEFESA CIVIL,842,SERVIÇOS COLETIVOS PRESTADOS PELA ADMINISTRAÇÃO PÚBLICA,84,"ADMINISTRAÇÃO PÚBLICA, DEFESA E SEGURIDADE SOCIAL",O,"ADMINISTRAÇÃO PÚBLICA, DEFESA E SEGURIDADE SOCIAL"
8430200,SEGURIDADE SOCIAL OBRIGATÓRIA,84302,SEGURIDADE SOCIAL OBRIGATÓRIA,843,SEGURIDADE SOCIAL OBRIGATÓRIA,84,"ADMINISTRAÇÃO PÚBLICA, DEFESA E SEGURIDADE SOCIAL",O,"ADMINISTRAÇÃO PÚBLICA, DEFESA E SEGURIDADE SOCIAL"
8511200,EDUCAÇÃO INFANTIL - CRECHE,85112,EDUCAÇÃO INFANTIL - CRECHE,851,EDUCAÇÃO INFANTIL E ENSINO FUNDAMENTAL,85,EDUCAÇÃO,P,EDUCAÇÃO
8512100,EDUCAÇÃO INFANTIL - PRÉESCOLA,85121,EDUCAÇÃO INFANTIL - PRÉ-ESCOLA,851,EDUCAÇÃO INFANTIL E ENSINO FUNDAMENTAL,85,EDUCAÇÃO,P,EDUCAÇÃO
8513900,ENSINO FUNDAMENTAL,85139,ENSINO FUNDAMENTAL,851,EDUCAÇÃO INFANTIL E ENSINO FUNDAMENTAL,85,EDUCAÇÃO,P,EDUCAÇÃO
8520100,ENSINO MÉDIO,85201,ENSINO MÉDIO,852,ENSINO MÉDIO,85,EDUCAÇÃO,P,EDUCAÇÃO
8531700,EDUCAÇÃO SUPERIOR - GRADUAÇÃO,85317,EDUCAÇÃO SUPERIOR - GRADUAÇÃO,853,EDUCAÇÃO SUPERIOR,85,EDUCAÇÃO,P,EDUCAÇÃO
8532500,EDUCAÇÃO SUPERIOR - GRADUAÇÃO E PÓS GRADUAÇÃO,85325,EDUCAÇÃO SUPERIOR - GRADUAÇÃO E PÓS-GRADUAÇÃO,853,EDUCAÇÃO SUPERIOR,85,EDUCAÇÃO,P,EDUCAÇÃO
8533300,EDUCAÇÃO SUPERIOR - PÓS GRADUAÇÃO E EXTENSÃO,85333,EDUCAÇÃO SUPERIOR - PÓS-GRADUAÇÃO E EXTENSÃO,853,EDUCAÇÃO SUPERIOR,85,EDUCAÇÃO,P,EDUCAÇÃO
8541400,EDUCAÇÃO PROFISSIONAL DE NÍVEL TÉCNICO,85414,EDUCAÇÃO PROFISSIONAL DE NÍVEL TÉCNICO,854,EDUCAÇÃO PROFISSIONAL DE NÍVEL TÉCNICO E TECNOLÓGICO,85,EDUCAÇÃO,P,EDUCAÇÃO
8542200,EDUCAÇÃO PROFISSIONAL DE NÍVEL TECNOLÓGICO,85422,EDUCAÇÃO PROFISSIONAL DE NÍVEL TECNOLÓGICO,854,EDUCAÇÃO PROFISSIONAL DE NÍVEL TÉCNICO E TECNOLÓGICO,85,EDUCAÇÃO,P,EDUCAÇÃO
8550301,ADMINISTRAÇÃO DE CAIXAS ESCOLARES,85503,ATIVIDADES DE APOIO À EDUCAÇÃO,855,ATIVIDADES DE APOIO À EDUCAÇÃO,85,EDUCAÇÃO,P,EDUCAÇÃO
8550302,"ATIVIDADES DE APOIO À EDUCAÇÃO, EXCETO CAIXAS ESCOLARES",85503,ATIVIDADES DE APOIO À EDUCAÇÃO,855,ATIVIDADES DE APOIO À EDUCAÇÃO,85,EDUCAÇÃO,P,EDUCAÇÃO
8591100,ENSINO DE ESPORTES,85911,ENSINO DE ESPORTES,859,OUTRAS ATIVIDADES DE ENSINO,85,EDUCAÇÃO,P,EDUCAÇÃO
8592901,ENSINO DE DANÇA,85929,ENSINO DE ARTE E CULTURA,859,OUTRAS ATIVIDADES DE ENSINO,85,EDUCAÇÃO,P,EDUCAÇÃO
8592902,"ENSINO DE ARTES CÊNICAS, EXCETO DANÇA",85929,ENSINO DE ARTE E CULTURA,859,OUTRAS ATIVIDADES DE ENSINO,85,EDUCAÇÃO,P,EDUCAÇÃO
8592903,ENSINO DE MÚSICA,85929,ENSINO DE ARTE E CULTURA,859,OUTRAS ATIVIDADES DE ENSINO,85,EDUCAÇÃO,P,EDUCAÇÃO
8592999,ENSINO DE ARTE E CULTURA NÃO ESPECIFICADO ANTERIORMENTE,85929,ENSINO DE ARTE E CULTURA,859,OUTRAS ATIVIDADES DE ENSINO,85,EDUCAÇÃO,P,EDUCAÇÃO
8593700,ENSINO DE IDIOMAS,85937,ENSINO DE IDIOMAS,859,OUTRAS ATIVIDADES DE ENSINO,85,EDUCAÇÃO,P,EDUCAÇÃO
8599601,FORMAÇÃO DE CONDUTORES,85996,ATIVIDADES DE ENSINO NÃO ESPECIFICADAS ANTERIORMENTE,859,OUTRAS ATIVIDADES DE ENSINO,85,EDUCAÇÃO,P,EDUCAÇÃO
8599602,CURSOS DE PILOTAGEM,85996,ATIVIDADES DE ENSINO NÃO ESPECIFICADAS ANTERIORMENTE,859,OUTRAS ATIVIDADES DE ENSINO,85,EDUCAÇÃO,P,EDUCAÇÃO
8599603,TREINAMENTO EM INFORMÁTICA,85996,ATIVIDADES DE ENSINO NÃO ESPECIFICADAS ANTERIORMENTE,859,OUTRAS ATIVIDADES DE ENSINO,85,EDUCAÇÃO,P,EDUCAÇÃO
8599604,TREINAMENTO EM DESENVOLVIMENTO PROFISSIONAL E GERENCIAL,85996,ATIVIDADES DE ENSINO NÃO ESPECIFICADAS ANTERIORMENTE,859,OUTRAS ATIVIDADES DE ENSINO,85,EDUCAÇÃO,P,EDUCAÇÃO
8599605,CURSOS PREPARATÓRIOS PARA CONCURSOS,85996,ATIVIDADES DE ENSINO NÃO ESPECIFICADAS ANTERIORMENTE,859,OUTRAS ATIVIDADES DE ENSINO,85,EDUCAÇÃO,P,EDUCAÇÃO
8599699,OUTRAS ATIVIDADES DE ENSINO NÃO ESPECIFICADAS ANTERIORMENTE,85996,ATIVIDADES DE ENSINO NÃO ESPECIFICADAS ANTERIORMENTE,859,OUTRAS ATIVIDADES DE ENSINO,85,EDUCAÇÃO,P,EDUCAÇÃO
8610101,"ATIVIDADES DE ATENDIMENTO HOSPITALAR, EXCETO PRONTO SOCORRO E UNIDADES PARA ATENDIMENTO A URGÊNCIAS",86101,ATIVIDADES DE ATENDIMENTO HOSPITALAR,861,ATIVIDADES DE ATENDIMENTO HOSPITALAR,86,ATIVIDADES DE ATENÇÃO À SAÚDE HUMANA,Q,SAÚDE HUMANA E SERVIÇOS SOCIAIS
8610102,ATIVIDADES DE ATENDIMENTO EM PRONTO SOCORRO E UNIDADES HOSPITALARES PARA ATENDIMENTO A URGÊNCIAS,86101,ATIVIDADES DE ATENDIMENTO HOSPITALAR,861,ATIVIDADES DE ATENDIMENTO HOSPITALAR,86,ATIVIDADES DE ATENÇÃO À SAÚDE HUMANA,Q,SAÚDE HUMANA E SERVIÇOS SOCIAIS
8621601,UTI MÓVEL,86216,SERVIÇOS MÓVEIS DE ATENDIMENTO A URGÊNCIAS,862,SERVIÇOS MÓVEIS DE ATENDIMENTO A URGÊNCIAS E DE REMOÇÃO DE PACIENTES,86,ATIVIDADES DE ATENÇÃO À SAÚDE HUMANA,Q,SAÚDE HUMANA E SERVIÇOS SOCIAIS
8621602,"SERVIÇOS MÓVEIS DE ATENDIMENTO A URGÊNCIAS, EXCETO POR UTI MÓVEL",86216,SERVIÇOS MÓVEIS DE ATENDIMENTO A URGÊNCIAS,862,SERVIÇOS MÓVEIS DE ATENDIMENTO A URGÊNCIAS E DE REMOÇÃO DE PACIENTES,86,ATIVIDADES DE ATENÇÃO À SAÚDE HUMANA,Q,SAÚDE HUMANA E SERVIÇOS SOCIAIS
8622400,"SERVIÇOS DE REMOÇÃO DE PACIENTES, EXCETO OS SERVIÇOS MÓVEIS DE ATENDIMENTO A URGÊNCIAS",86224,"SERVIÇOS DE REMOÇÃO DE PACIENTES, EXCETO OS SERVIÇOS MÓVEIS DE ATENDIMENTO A URGÊNCIAS",862,SERVIÇOS MÓVEIS DE ATENDIMENTO A URGÊNCIAS E DE REMOÇÃO DE PACIENTES,86,ATIVIDADES DE ATENÇÃO À SAÚDE HUMANA,Q,SAÚDE HUMANA E SERVIÇOS SOCIAIS
8630501,ATIVIDADE MÉDICA AMBULATORIAL COM RECURSOS PARA REALIZAÇÃO DE PROCEDIMENTOS CIRÚRGICOS,86305,ATIVIDADES DE ATENÇÃO AMBULATORIAL EXECUTADAS POR MÉDICOS E ODONTÓLOGOS,863,ATIVIDADES DE ATENÇÃO AMBULATORIAL EXECUTADAS POR MÉDICOS E ODONTÓLOGOS,86,ATIVIDADES DE ATENÇÃO À SAÚDE HUMANA,Q,SAÚDE HUMANA E SERVIÇOS SOCIAIS
8630502,ATIVIDADE MÉDICA AMBULATORIAL COM RECURSOS PARA REALIZAÇÃO DE EXAMES COMPLEMENTARES,86305,ATIVIDADES DE ATENÇÃO AMBULATORIAL EXECUTADAS POR MÉDICOS E ODONTÓLOGOS,863,ATIVIDADES DE ATENÇÃO AMBULATORIAL EXECUTADAS POR MÉDICOS E ODONTÓLOGOS,86,ATIVIDADES DE ATENÇÃO À SAÚDE HUMANA,Q,SAÚDE HUMANA E SERVIÇOS SOCIAIS
8630503,ATIVIDADE MÉDICA AMBULATORIAL RESTRITA A CONSULTAS,86305,ATIVIDADES DE ATENÇÃO AMBULATORIAL EXECUTADAS POR MÉDICOS E ODONTÓLOGOS,863,ATIVIDADES DE ATENÇÃO AMBULATORIAL EXECUTADAS POR MÉDICOS E ODONTÓLOGOS,86,ATIVIDADES DE ATENÇÃO À SAÚDE HUMANA,Q,SAÚDE HUMANA E SERVIÇOS SOCIAIS
8630504,ATIVIDADE ODONTOLÓGICA,86305,ATIVIDADES DE ATENÇÃO AMBULATORIAL EXECUTADAS POR MÉDICOS E ODONTÓLOGOS,863,ATIVIDADES DE ATENÇÃO AMBULATORIAL EXECUTADAS POR MÉDICOS E ODONTÓLOGOS,86,ATIVIDADES DE ATENÇÃO À SAÚDE HUMANA,Q,SAÚDE HUMANA E SERVIÇOS SOCIAIS
8630506,SERVIÇOS DE VACINAÇÃO E IMUNIZAÇÃO HUMANA,86305,ATIVIDADES DE ATENÇÃO AMBULATORIAL EXECUTADAS POR MÉDICOS E ODONTÓLOGOS,863,ATIVIDADES DE ATENÇÃO AMBULATORIAL EXECUTADAS POR MÉDICOS E ODONTÓLOGOS,86,ATIVIDADES DE ATENÇÃO À SAÚDE HUMANA,Q,SAÚDE HUMANA E SERVIÇOS SOCIAIS
8630507,ATIVIDADES DE REPRODUÇÃO HUMANA ASSISTIDA,86305,ATIVIDADES DE ATENÇÃO AMBULATORIAL EXECUTADAS POR MÉDICOS E ODONTÓLOGOS,863,ATIVIDADES DE ATENÇÃO AMBULATORIAL EXECUTADAS POR MÉDICOS E ODONTÓLOGOS,86,ATIVIDADES DE ATENÇÃO À SAÚDE HUMANA,Q,SAÚDE HUMANA E SERVIÇOS SOCIAIS
8630599,ATIVIDADES DE ATENÇÃO AMBULATORIAL NÃO ESPECIFICADAS ANTERIORMENTE,86305,ATIVIDADES DE ATENÇÃO AMBULATORIAL EXECUTADAS POR MÉDICOS E ODONTÓLOGOS,863,ATIVIDADES DE ATENÇÃO AMBULATORIAL EXECUTADAS POR MÉDICOS E ODONTÓLOGOS,86,ATIVIDADES DE ATENÇÃO À SAÚDE HUMANA,Q,SAÚDE HUMANA E SERVIÇOS SOCIAIS
8640201,LABORATÓRIOS DE ANATOMIA PATOLÓGICA E CITOLÓGICA,86402,ATIVIDADES DE SERVIÇOS DE COMPLEMENTAÇÃO DIAGNÓSTICA E TERAPÊUTICA,864,ATIVIDADES DE SERVIÇOS DE COMPLEMENTAÇÃO DIAGNÓSTICA E TERAPÊUTICA,86,ATIVIDADES DE ATENÇÃO À SAÚDE HUMANA,Q,SAÚDE HUMANA E SERVIÇOS SOCIAIS
8640202,LABORATÓRIOS CLÍNICOS,86402,ATIVIDADES DE SERVIÇOS DE COMPLEMENTAÇÃO DIAGNÓSTICA E TERAPÊUTICA,864,ATIVIDADES DE SERVIÇOS DE COMPLEMENTAÇÃO DIAGNÓSTICA E TERAPÊUTICA,86,ATIVIDADES DE ATENÇÃO À SAÚDE HUMANA,Q,SAÚDE HUMANA E SERVIÇOS SOCIAIS
8640203,SERVIÇOS DE DIÁLISE E NEFROLOGIA,86402,ATIVIDADES DE SERVIÇOS DE COMPLEMENTAÇÃO DIAGNÓSTICA E TERAPÊUTICA,864,ATIVIDADES DE SERVIÇOS DE COMPLEMENTAÇÃO DIAGNÓSTICA E TERAPÊUTICA,86,ATIVIDADES DE ATENÇÃO À SAÚDE HUMANA,Q,SAÚDE HUMANA E SERVIÇOS SOCIAIS
8640204,SERVIÇOS DE TOMOGRAFIA,86402,ATIVIDADES DE SERVIÇOS DE COMPLEMENTAÇÃO DIAGNÓSTICA E TERAPÊUTICA,864,ATIVIDADES DE SERVIÇOS DE COMPLEMENTAÇÃO DIAGNÓSTICA E TERAPÊUTICA,86,ATIVIDADES DE ATENÇÃO À SAÚDE HUMANA,Q,SAÚDE HUMANA E SERVIÇOS SOCIAIS
8640205,"SERVIÇOS DE DIAGNÓSTICO POR IMAGEM COM USO DE RADIAÇÃO IONIZANTE, EXCETO TOMOGRAFIA",86402,ATIVIDADES DE SERVIÇOS DE COMPLEMENTAÇÃO DIAGNÓSTICA E TERAPÊUTICA,864,ATIVIDADES DE SERVIÇOS DE COMPLEMENTAÇÃO DIAGNÓSTICA E TERAPÊUTICA,86,ATIVIDADES DE ATENÇÃO À SAÚDE HUMANA,Q,SAÚDE HUMANA E SERVIÇOS SOCIAIS
8640206,SERVIÇOS DE RESSONÂNCIA MAGNÉTICA,86402,ATIVIDADES DE SERVIÇOS DE COMPLEMENTAÇÃO DIAGNÓSTICA E TERAPÊUTICA,864,ATIVIDADES DE SERVIÇOS DE COMPLEMENTAÇÃO DIAGNÓSTICA E TERAPÊUTICA,86,ATIVIDADES DE ATENÇÃO À SAÚDE HUMANA,Q,SAÚDE HUMANA E SERVIÇOS SOCIAIS
8640207,"SERVIÇOS DE DIAGNÓSTICO POR IMAGEM SEM USO DE RADIAÇÃO IONIZANTE, EXCETO RESSONÂNCIA MAGNÉTICA",86402,ATIVIDADES DE SERVIÇOS DE COMPLEMENTAÇÃO DIAGNÓSTICA E TERAPÊUTICA,864,ATIVIDADES DE SERVIÇOS DE COMPLEMENTAÇÃO DIAGNÓSTICA E TERAPÊUTICA,86,ATIVIDADES DE ATENÇÃO À SAÚDE HUMANA,Q,SAÚDE HUMANA E SERVIÇOS SOCIAIS
8640208,"SERVIÇOS DE DIAGNÓSTICO POR REGISTRO GRÁFICO - ECG, EEG E OUTROS EXAMES ANÁLOGOS",86402,ATIVIDADES DE SERVIÇOS DE COMPLEMENTAÇÃO DIAGNÓSTICA E TERAPÊUTICA,864,ATIVIDADES DE SERVIÇOS DE COMPLEMENTAÇÃO DIAGNÓSTICA E TERAPÊUTICA,86,ATIVIDADES DE ATENÇÃO À SAÚDE HUMANA,Q,SAÚDE HUMANA E SERVIÇOS SOCIAIS
8640209,SERVIÇOS DE DIAGNÓSTICO POR MÉTODOS ÓPTICOS - ENDOSCOPIA E OUTROS EXAMES ANÁLOGOS,86402,ATIVIDADES DE SERVIÇOS DE COMPLEMENTAÇÃO DIAGNÓSTICA E TERAPÊUTICA,864,ATIVIDADES DE SERVIÇOS DE COMPLEMENTAÇÃO DIAGNÓSTICA E TERAPÊUTICA,86,ATIVIDADES DE ATENÇÃO À SAÚDE HUMANA,Q,SAÚDE HUMANA E SERVIÇOS SOCIAIS
8640210,SERVIÇOS DE QUIMIOTERAPIA,86402,ATIVIDADES DE SERVIÇOS DE COMPLEMENTAÇÃO DIAGNÓSTICA E TERAPÊUTICA,864,ATIVIDADES DE SERVIÇOS DE COMPLEMENTAÇÃO DIAGNÓSTICA E TERAPÊUTICA,86,ATIVIDADES DE ATENÇÃO À SAÚDE HUMANA,Q,SAÚDE HUMANA E SERVIÇOS SOCIAIS
8640211,SERVIÇOS DE RADIOTERAPIA,86402,ATIVIDADES DE SERVIÇOS DE COMPLEMENTAÇÃO DIAGNÓSTICA E TERAPÊUTICA,864,ATIVIDADES DE SERVIÇOS DE COMPLEMENTAÇÃO DIAGNÓSTICA E TERAPÊUTICA,86,ATIVIDADES DE ATENÇÃO À SAÚDE HUMANA,Q,SAÚDE HUMANA E SERVIÇOS SOCIAIS
8640212,SERVIÇOS DE HEMOTERAPIA,86402,ATIVIDADES DE SERVIÇOS DE COMPLEMENTAÇÃO DIAGNÓSTICA E TERAPÊUTICA,864,ATIVIDADES DE SERVIÇOS DE COMPLEMENTAÇÃO DIAGNÓSTICA E TERAPÊUTICA,86,ATIVIDADES DE ATENÇÃO À SAÚDE HUMANA,Q,SAÚDE HUMANA E SERVIÇOS SOCIAIS
8640213,SERVIÇOS DE LITOTRIPCIA,86402,ATIVIDADES DE SERVIÇOS DE COMPLEMENTAÇÃO DIAGNÓSTICA E TERAPÊUTICA,864,ATIVIDADES DE SERVIÇOS DE COMPLEMENTAÇÃO DIAGNÓSTICA E TERAPÊUTICA,86,ATIVIDADES DE ATENÇÃO À SAÚDE HUMANA,Q,SAÚDE HUMANA E SERVIÇOS SOCIAIS
8640214,SERVIÇOS DE BANCOS DE CÉLULAS E TECIDOS HUMANOS,86402,ATIVIDADES DE SERVIÇOS DE COMPLEMENTAÇÃO DIAGNÓSTICA E TERAPÊUTICA,864,ATIVIDADES DE SERVIÇOS DE COMPLEMENTAÇÃO DIAGNÓSTICA E TERAPÊUTICA,86,ATIVIDADES DE ATENÇÃO À SAÚDE HUMANA,Q,SAÚDE HUMANA E SERVIÇOS SOCIAIS
8640299,ATIVIDADES DE SERVIÇOS DE COMPLEMENTAÇÃO DIAGNÓSTICA E TERAPÊUTICA NÃO ESPECIFICADAS ANTERIORMENTE,86402,ATIVIDADES DE SERVIÇOS DE COMPLEMENTAÇÃO DIAGNÓSTICA E TERAPÊUTICA,864,ATIVIDADES DE SERVIÇOS DE COMPLEMENTAÇÃO DIAGNÓSTICA E TERAPÊUTICA,86,ATIVIDADES DE ATENÇÃO À SAÚDE HUMANA,Q,SAÚDE HUMANA E SERVIÇOS SOCIAIS
8650001,ATIVIDADES DE ENFERMAGEM,86500,"ATIVIDADES DE PROFISSIONAIS DA ÁREA DE SAÚDE, EXCETO MÉDICOS E ODONTÓLOGOS",865,"ATIVIDADES DE PROFISSIONAIS DA ÁREA DE SAÚDE, EXCETO MÉDICOS E ODONTÓLOGOS",86,ATIVIDADES DE ATENÇÃO À SAÚDE HUMANA,Q,SAÚDE HUMANA E SERVIÇOS SOCIAIS
8650002,ATIVIDADES DE PROFISSIONAIS DA NUTRIÇÃO,86500,"ATIVIDADES DE PROFISSIONAIS DA ÁREA DE SAÚDE, EXCETO MÉDICOS E ODONTÓLOGOS",865,"ATIVIDADES DE PROFISSIONAIS DA ÁREA DE SAÚDE, EXCETO MÉDICOS E ODONTÓLOGOS",86,ATIVIDADES DE ATENÇÃO À SAÚDE HUMANA,Q,SAÚDE HUMANA E SERVIÇOS SOCIAIS
8650003,ATIVIDADES DE PSICOLOGIA E PSICANÁLISE,86500,"ATIVIDADES DE PROFISSIONAIS DA ÁREA DE SAÚDE, EXCETO MÉDICOS E ODONTÓLOGOS",865,"ATIVIDADES DE PROFISSIONAIS DA ÁREA DE SAÚDE, EXCETO MÉDICOS E ODONTÓLOGOS",86,ATIVIDADES DE ATENÇÃO À SAÚDE HUMANA,Q,SAÚDE HUMANA E SERVIÇOS SOCIAIS
8650004,ATIVIDADES DE FISIOTERAPIA,86500,"ATIVIDADES DE PROFISSIONAIS DA ÁREA DE SAÚDE, EXCETO MÉDICOS E ODONTÓLOGOS",865,"ATIVIDADES DE PROFISSIONAIS DA ÁREA DE SAÚDE, EXCETO MÉDICOS E ODONTÓLOGOS",86,ATIVIDADES DE ATENÇÃO À SAÚDE HUMANA,Q,SAÚDE HUMANA E SERVIÇOS SOCIAIS
8650005,ATIVIDADES DE TERAPIA OCUPACIONAL,86500,"ATIVIDADES DE PROFISSIONAIS DA ÁREA DE SAÚDE, EXCETO MÉDICOS E ODONTÓLOGOS",865,"ATIVIDADES DE PROFISSIONAIS DA ÁREA DE SAÚDE, EXCETO MÉDICOS E ODONTÓLOGOS",86,ATIVIDADES DE ATENÇÃO À SAÚDE HUMANA,Q,SAÚDE HUMANA E SERVIÇOS SOCIAIS
8650006,ATIVIDADES DE FONOAUDIOLOGIA,86500,"ATIVIDADES DE PROFISSIONAIS DA ÁREA DE SAÚDE, EXCETO MÉDICOS E ODONTÓLOGOS",865,"ATIVIDADES DE PROFISSIONAIS DA ÁREA DE SAÚDE, EXCETO MÉDICOS E ODONTÓLOGOS",86,ATIVIDADES DE ATENÇÃO À SAÚDE HUMANA,Q,SAÚDE HUMANA E SERVIÇOS SOCIAIS
8650007,ATIVIDADES DE TERAPIA DE NUTRIÇÃO ENTERAL E PARENTERAL,86500,"ATIVIDADES DE PROFISSIONAIS DA ÁREA DE SAÚDE, EXCETO MÉDICOS E ODONTÓLOGOS",865,"ATIVIDADES DE PROFISSIONAIS DA ÁREA DE SAÚDE, EXCETO MÉDICOS E ODONTÓLOGOS",86,ATIVIDADES DE ATENÇÃO À SAÚDE HUMANA,Q,SAÚDE HUMANA E SERVIÇOS SOCIAIS
8650099,ATIVIDADES DE PROFISSIONAIS DA ÁREA DE SAÚDE NÃO ESPECIFICADAS ANTERIORMENTE,86500,"ATIVIDADES DE PROFISSIONAIS DA ÁREA DE SAÚDE, EXCETO MÉDICOS E ODONTÓLOGOS",865,"ATIVIDADES DE PROFISSIONAIS DA ÁREA DE SAÚDE, EXCETO MÉDICOS E ODONTÓLOGOS",86,ATIVIDADES DE ATENÇÃO À SAÚDE HUMANA,Q,SAÚDE HUMANA E SERVIÇOS SOCIAIS
8660700,ATIVIDADES DE APOIO À GESTÃO DE SAÚDE,86607,ATIVIDADES DE APOIO À GESTÃO DE SAÚDE,866,ATIVIDADES DE APOIO À GESTÃO DE SAÚDE,86,ATIVIDADES DE ATENÇÃO À SAÚDE HUMANA,Q,SAÚDE HUMANA E SERVIÇOS SOCIAIS
8690901,ATIVIDADES DE PRÁTICAS INTEGRATIVAS E COMPLEMENTARES EM SAÚDE HUMANA,86909,ATIVIDADES DE ATENÇÃO À SAÚDE HUMANA NÃO ESPECIFICADAS ANTERIORMENTE,869,ATIVIDADES DE ATENÇÃO À SAÚDE HUMANA NÃO ESPECIFICADAS ANTERIORMENTE,86,ATIVIDADES DE ATENÇÃO À SAÚDE HUMANA,Q,SAÚDE HUMANA E SERVIÇOS SOCIAIS
8690902,ATIVIDADES DE BANCO DE LEITE HUMANO,86909,ATIVIDADES DE ATENÇÃO À SAÚDE HUMANA NÃO ESPECIFICADAS ANTERIORMENTE,869,ATIVIDADES DE ATENÇÃO À SAÚDE HUMANA NÃO ESPECIFICADAS ANTERIORMENTE,86,ATIVIDADES DE ATENÇÃO À SAÚDE HUMANA,Q,SAÚDE HUMANA E SERVIÇOS SOCIAIS
8690903,ATIVIDADES DE ACUPUNTURA,86909,ATIVIDADES DE ATENÇÃO À SAÚDE HUMANA NÃO ESPECIFICADAS ANTERIORMENTE,869,ATIVIDADES DE ATENÇÃO À SAÚDE HUMANA NÃO ESPECIFICADAS ANTERIORMENTE,86,ATIVIDADES DE ATENÇÃO À SAÚDE HUMANA,Q,SAÚDE HUMANA E SERVIÇOS SOCIAIS
8690904,ATIVIDADES DE PODOLOGIA,86909,ATIVIDADES DE ATENÇÃO À SAÚDE HUMANA NÃO ESPECIFICADAS ANTERIORMENTE,869,ATIVIDADES DE ATENÇÃO À SAÚDE HUMANA NÃO ESPECIFICADAS ANTERIORMENTE,86,ATIVIDADES DE ATENÇÃO À SAÚDE HUMANA,Q,SAÚDE HUMANA E SERVIÇOS SOCIAIS
8690999,OUTRAS ATIVIDADES DE ATENÇÃO À SAÚDE HUMANA NÃO ESPECIFICADAS ANTERIORMENTE,86909,ATIVIDADES DE ATENÇÃO À SAÚDE HUMANA NÃO ESPECIFICADAS ANTERIORMENTE,869,ATIVIDADES DE ATENÇÃO À SAÚDE HUMANA NÃO ESPECIFICADAS ANTERIORMENTE,86,ATIVIDADES DE ATENÇÃO À SAÚDE HUMANA,Q,SAÚDE HUMANA E SERVIÇOS SOCIAIS
8711501,CLÍNICAS E RESIDÊNCIAS GERIÁTRICAS,87115,"ATIVIDADES DE ASSISTÊNCIA A IDOSOS, DEFICIENTES FÍSICOS, IMUNODEPRIMIDOS E CONVALESCENTES PRESTADAS EM RESIDÊNCIAS COLETIVAS E PARTICULARES",871,"ATIVIDADES DE ASSISTÊNCIA A IDOSOS, DEFICIENTES FÍSICOS, IMUNODEPRIMIDOS E CONVALESCENTES, E DE INFRA-ESTRUTURA E APOIO A PACIENTES PRESTADAS EM RESIDÊNCIAS COLETIVAS E PARTICULARES",87,"ATIVIDADES DE ATENÇÃO À SAÚDE HUMANA INTEGRADAS COM ASSISTÊNCIA SOCIAL, PRESTADAS EM RESIDÊNCIAS COLETIVAS E PARTICULARES",Q,SAÚDE HUMANA E SERVIÇOS SOCIAIS
8711502,INSTITUIÇÕES DE LONGA PERMANÊNCIA PARA IDOSOS,87115,"ATIVIDADES DE ASSISTÊNCIA A IDOSOS, DEFICIENTES FÍSICOS, IMUNODEPRIMIDOS E CONVALESCENTES PRESTADAS EM RESIDÊNCIAS COLETIVAS E PARTICULARES",871,"ATIVIDADES DE ASSISTÊNCIA A IDOSOS, DEFICIENTES FÍSICOS, IMUNODEPRIMIDOS E CONVALESCENTES, E DE INFRA-ESTRUTURA E APOIO A PACIENTES PRESTADAS EM RESIDÊNCIAS COLETIVAS E PARTICULARES",87,"ATIVIDADES DE ATENÇÃO À SAÚDE HUMANA INTEGRADAS COM ASSISTÊNCIA SOCIAL, PRESTADAS EM RESIDÊNCIAS COLETIVAS E PARTICULARES",Q,SAÚDE HUMANA E SERVIÇOS SOCIAIS
8711503,"ATIVIDADES DE ASSISTÊNCIA A DEFICIENTES FÍSICOS, IMUNODEPRIMIDOS E CONVALESCENTES",87115,"ATIVIDADES DE ASSISTÊNCIA A IDOSOS, DEFICIENTES FÍSICOS, IMUNODEPRIMIDOS E CONVALESCENTES PRESTADAS EM RESIDÊNCIAS COLETIVAS E PARTICULARES",871,"ATIVIDADES DE ASSISTÊNCIA A IDOSOS, DEFICIENTES FÍSICOS, IMUNODEPRIMIDOS E CONVALESCENTES, E DE INFRA-ESTRUTURA E APOIO A PACIENTES PRESTADAS EM RESIDÊNCIAS COLETIVAS E PARTICULARES",87,"ATIVIDADES DE ATENÇÃO À SAÚDE HUMANA INTEGRADAS COM ASSISTÊNCIA SOCIAL, PRESTADAS EM RESIDÊNCIAS COLETIVAS E PARTICULARES",Q,SAÚDE HUMANA E SERVIÇOS SOCIAIS
8711504,CENTROS DE APOIO A PACIENTES COM CÂNCER E COM AIDS,87115,"ATIVIDADES DE ASSISTÊNCIA A IDOSOS, DEFICIENTES FÍSICOS, IMUNODEPRIMIDOS E CONVALESCENTES PRESTADAS EM RESIDÊNCIAS COLETIVAS E PARTICULARES",871,"ATIVIDADES DE ASSISTÊNCIA A IDOSOS, DEFICIENTES FÍSICOS, IMUNODEPRIMIDOS E CONVALESCENTES, E DE INFRA-ESTRUTURA E APOIO A PACIENTES PRESTADAS EM RESIDÊNCIAS COLETIVAS E PARTICULARES",87,"ATIVIDADES DE ATENÇÃO À SAÚDE HUMANA INTEGRADAS COM ASSISTÊNCIA SOCIAL, PRESTADAS EM RESIDÊNCIAS COLETIVAS E PARTICULARES",Q,SAÚDE HUMANA E SERVIÇOS SOCIAIS
8711505,CONDOMÍNIOS RESIDENCIAIS PARA IDOSOS,87115,"ATIVIDADES DE ASSISTÊNCIA A IDOSOS, DEFICIENTES FÍSICOS, IMUNODEPRIMIDOS E CONVALESCENTES PRESTADAS EM RESIDÊNCIAS COLETIVAS E PARTICULARES",871,"ATIVIDADES DE ASSISTÊNCIA A IDOSOS, DEFICIENTES FÍSICOS, IMUNODEPRIMIDOS E CONVALESCENTES, E DE INFRA-ESTRUTURA E APOIO A PACIENTES PRESTADAS EM RESIDÊNCIAS COLETIVAS E PARTICULARES",87,"ATIVIDADES DE ATENÇÃO À SAÚDE HUMANA INTEGRADAS COM ASSISTÊNCIA SOCIAL, PRESTADAS EM RESIDÊNCIAS COLETIVAS E PARTICULARES",Q,SAÚDE HUMANA E SERVIÇOS SOCIAIS
8712300,ATIVIDADES DE FORNECIMENTO DE INFRAESTRUTURA DE APOIO E ASSISTÊNCIA A PACIENTE NO DOMICÍLIO,87123,ATIVIDADES DE FORNECIMENTO DE INFRAESTRUTURA DE APOIO E ASSISTÊNCIA A PACIENTE NO DOMICÍLIO,871,"ATIVIDADES DE ASSISTÊNCIA A IDOSOS, DEFICIENTES FÍSICOS, IMUNODEPRIMIDOS E CONVALESCENTES, E DE INFRA-ESTRUTURA E APOIO A PACIENTES PRESTADAS EM RESIDÊNCIAS COLETIVAS E PARTICULARES",87,"ATIVIDADES DE ATENÇÃO À SAÚDE HUMANA INTEGRADAS COM ASSISTÊNCIA SOCIAL, PRESTADAS EM RESIDÊNCIAS COLETIVAS E PARTICULARES",Q,SAÚDE HUMANA E SERVIÇOS SOCIAIS
8720401,ATIVIDADES DE CENTROS DE ASSISTÊNCIA PSICOSSOCIAL,87204,"ATIVIDADES DE ASSISTÊNCIA PSICOSSOCIAL E À SAÚDE A PORTADORES DE DISTÚRBIOS PSÍQUICOS, DEFICIÊNCIA MENTAL E DEPENDÊNCIA QUÍMICA",872,"ATIVIDADES DE ASSISTÊNCIA PSICOSSOCIAL E À SAÚDE A PORTADORES DE DISTÚRBIOS PSÍQUICOS, DEFICIÊNCIA MENTAL E DEPENDÊNCIA QUÍMICA",87,"ATIVIDADES DE ATENÇÃO À SAÚDE HUMANA INTEGRADAS COM ASSISTÊNCIA SOCIAL, PRESTADAS EM RESIDÊNCIAS COLETIVAS E PARTICULARES",Q,SAÚDE HUMANA E SERVIÇOS SOCIAIS
8720499,"ATIVIDADES DE ASSISTÊNCIA PSICOSSOCIAL E À SAÚDE A PORTADORES DE DISTÚRBIOS PSÍQUICOS, DEFICIÊNCIA MENTAL E DEPENDÊNCIA QUÍMICA E GRUPOS SIMILARES NÃO ESPECIFICADAS ANTERIORMENTE",87204,"ATIVIDADES DE ASSISTÊNCIA PSICOSSOCIAL E À SAÚDE A PORTADORES DE DISTÚRBIOS PSÍQUICOS, DEFICIÊNCIA MENTAL E DEPENDÊNCIA QUÍMICA",872,"ATIVIDADES DE ASSISTÊNCIA PSICOSSOCIAL E À SAÚDE A PORTADORES DE DISTÚRBIOS PSÍQUICOS, DEFICIÊNCIA MENTAL E DEPENDÊNCIA QUÍMICA",87,"ATIVIDADES DE ATENÇÃO À SAÚDE HUMANA INTEGRADAS COM ASSISTÊNCIA SOCIAL, PRESTADAS EM RESIDÊNCIAS COLETIVAS E PARTICULARES",Q,SAÚDE HUMANA E SERVIÇOS SOCIAIS
8730101,ORFANATOS,87301,ATIVIDADES DE ASSISTÊNCIA SOCIAL PRESTADAS EM RESIDÊNCIAS COLETIVAS E PARTICULARES,873,ATIVIDADES DE ASSISTÊNCIA SOCIAL PRESTADAS EM RESIDÊNCIAS COLETIVAS E PARTICULARES,87,"ATIVIDADES DE ATENÇÃO À SAÚDE HUMANA INTEGRADAS COM ASSISTÊNCIA SOCIAL, PRESTADAS EM RESIDÊNCIAS COLETIVAS E PARTICULARES",Q,SAÚDE HUMANA E SERVIÇOS SOCIAIS
8730102,ALBERGUES ASSISTENCIAIS,87301,ATIVIDADES DE ASSISTÊNCIA SOCIAL PRESTADAS EM RESIDÊNCIAS COLETIVAS E PARTICULARES,873,ATIVIDADES DE ASSISTÊNCIA SOCIAL PRESTADAS EM RESIDÊNCIAS COLETIVAS E PARTICULARES,87,"ATIVIDADES DE ATENÇÃO À SAÚDE HUMANA INTEGRADAS COM ASSISTÊNCIA SOCIAL, PRESTADAS EM RESIDÊNCIAS COLETIVAS E PARTICULARES",Q,SAÚDE HUMANA E SERVIÇOS SOCIAIS
8730199,ATIVIDADES DE ASSISTÊNCIA SOCIAL PRESTADAS EM RESIDÊNCIAS COLETIVAS E PARTICULARES NÃO ESPECIFICADAS ANTERIORMENTE,87301,ATIVIDADES DE ASSISTÊNCIA SOCIAL PRESTADAS EM RESIDÊNCIAS COLETIVAS E PARTICULARES,873,ATIVIDADES DE ASSISTÊNCIA SOCIAL PRESTADAS EM RESIDÊNCIAS COLETIVAS E PARTICULARES,87,"ATIVIDADES DE ATENÇÃO À SAÚDE HUMANA INTEGRADAS COM ASSISTÊNCIA SOCIAL, PRESTADAS EM RESIDÊNCIAS COLETIVAS E PARTICULARES",Q,SAÚDE HUMANA E SERVIÇOS SOCIAIS
8800600,SERVIÇOS DE ASSISTÊNCIA SOCIAL SEM ALOJAMENTO,88006,SERVIÇOS DE ASSISTÊNCIA SOCIAL SEM ALOJAMENTO,880,SERVIÇOS DE ASSISTÊNCIA SOCIAL SEM ALOJAMENTO,88,SERVIÇOS DE ASSISTÊNCIA SOCIAL SEM ALOJAMENTO,Q,SAÚDE HUMANA E SERVIÇOS SOCIAIS
9001901,PRODUÇÃO TEATRAL,90019,"ARTES CÊNICAS, ESPETÁCULOS E ATIVIDADES COMPLEMENTARES",900,"ATIVIDADES ARTÍSTICAS, CRIATIVAS E DE ESPETÁCULOS",90,"ATIVIDADES ARTÍSTICAS, CRIATIVAS E DE ESPETÁCULOS",R,"ARTES, CULTURA, ESPORTE E RECREAÇÃO"
9001902,PRODUÇÃO MUSICAL,90019,"ARTES CÊNICAS, ESPETÁCULOS E ATIVIDADES COMPLEMENTARES",900,"ATIVIDADES ARTÍSTICAS, CRIATIVAS E DE ESPETÁCULOS",90,"ATIVIDADES ARTÍSTICAS, CRIATIVAS E DE ESPETÁCULOS",R,"ARTES, CULTURA, ESPORTE E RECREAÇÃO"
9001903,PRODUÇÃO DE ESPETÁCULOS DE DANÇA,90019,"ARTES CÊNICAS, ESPETÁCULOS E ATIVIDADES COMPLEMENTARES",900,"ATIVIDADES ARTÍSTICAS, CRIATIVAS E DE ESPETÁCULOS",90,"ATIVIDADES ARTÍSTICAS, CRIATIVAS E DE ESPETÁCULOS",R,"ARTES, CULTURA, ESPORTE E RECREAÇÃO"
9001904,"PRODUÇÃO DE ESPETÁCULOS CIRCENSES, DE MARIONETES E SIMILARES",90019,"ARTES CÊNICAS, ESPETÁCULOS E ATIVIDADES COMPLEMENTARES",900,"ATIVIDADES ARTÍSTICAS, CRIATIVAS E DE ESPETÁCULOS",90,"ATIVIDADES ARTÍSTICAS, CRIATIVAS E DE ESPETÁCULOS",R,"ARTES, CULTURA, ESPORTE E RECREAÇÃO"
9001905,"PRODUÇÃO DE ESPETÁCULOS DE RODEIOS, VAQUEJADAS E SIMILARES",90019,"ARTES CÊNICAS, ESPETÁCULOS E ATIVIDADES COMPLEMENTARES",900,"ATIVIDADES ARTÍSTICAS, CRIATIVAS E DE ESPETÁCULOS",90,"ATIVIDADES ARTÍSTICAS, CRIATIVAS E DE ESPETÁCULOS",R,"ARTES, CULTURA, ESPORTE E RECREAÇÃO"
9001906,ATIVIDADES DE SONORIZAÇÃO E DE ILUMINAÇÃO,90019,"ARTES CÊNICAS, ESPETÁCULOS E ATIVIDADES COMPLEMENTARES",900,"ATIVIDADES ARTÍSTICAS, CRIATIVAS E DE ESPETÁCULOS",90,"ATIVIDADES ARTÍSTICAS, CRIATIVAS E DE ESPETÁCULOS",R,"ARTES, CULTURA, ESPORTE E RECREAÇÃO"
9001999,"ARTES CÊNICAS, ESPETÁCULOS E ATIVIDADES COMPLEMENTARES NÃO ESPECIFICADAS ANTERIORMENTE",90019,"ARTES CÊNICAS, ESPETÁCULOS E ATIVIDADES COMPLEMENTARES",900,"ATIVIDADES ARTÍSTICAS, CRIATIVAS E DE ESPETÁCULOS",90,"ATIVIDADES ARTÍSTICAS, CRIATIVAS E DE ESPETÁCULOS",R,"ARTES, CULTURA, ESPORTE E RECREAÇÃO"
9002701,"ATIVIDADES DE ARTISTAS PLÁSTICOS, JORNALISTAS INDEPENDENTES E ESCRITORES",90027,CRIAÇÃO ARTÍSTICA,900,"ATIVIDADES ARTÍSTICAS, CRIATIVAS E DE ESPETÁCULOS",90,"ATIVIDADES ARTÍSTICAS, CRIATIVAS E DE ESPETÁCULOS",R,"ARTES, CULTURA, ESPORTE E RECREAÇÃO"
9002702,RESTAURAÇÃO DE OBRAS DE ARTE,90027,CRIAÇÃO ARTÍSTICA,900,"ATIVIDADES ARTÍSTICAS, CRIATIVAS E DE ESPETÁCULOS",90,"ATIVIDADES ARTÍSTICAS, CRIATIVAS E DE ESPETÁCULOS",R,"ARTES, CULTURA, ESPORTE E RECREAÇÃO"
9003500,"GESTÃO DE ESPAÇOS PARA ARTES CÊNICAS, ESPETÁCULOS E OUTRAS ATIVIDADES ARTÍSTICAS",90035,"GESTÃO DE ESPAÇOS PARA ARTES CÊNICAS, ESPETÁCULOS E OUTRAS ATIVIDADES ARTÍSTICAS",900,"ATIVIDADES ARTÍSTICAS, CRIATIVAS E DE ESPETÁCULOS",90,"ATIVIDADES ARTÍSTICAS, CRIATIVAS E DE ESPETÁCULOS",R,"ARTES, CULTURA, ESPORTE E RECREAÇÃO"
9101500,ATIVIDADES DE BIBLIOTECAS E ARQUIVOS,91015,ATIVIDADES DE BIBLIOTECAS E ARQUIVOS,910,ATIVIDADES LIGADAS AO PATRIMÔNIO CULTURAL E AMBIENTAL,91,ATIVIDADES LIGADAS AO PATRIMÔNIO CULTURAL E AMBIENTAL,R,"ARTES, CULTURA, ESPORTE E RECREAÇÃO"
9102301,ATIVIDADES DE MUSEUS E DE EXPLORAÇÃO DE LUGARES E PRÉDIOS HISTÓRICOS E ATRAÇÕES SIMILARES,91023,"ATIVIDADES DE MUSEUS E DE EXPLORAÇÃO, RESTAURAÇÃO ARTÍSTICA E CONSERVAÇÃO DE LUGARES E PRÉDIOS HISTÓRICOS E ATRAÇÕES SIMILARES",910,ATIVIDADES LIGADAS AO PATRIMÔNIO CULTURAL E AMBIENTAL,91,ATIVIDADES LIGADAS AO PATRIMÔNIO CULTURAL E AMBIENTAL,R,"ARTES, CULTURA, ESPORTE E RECREAÇÃO"
9102302,RESTAURAÇÃO E CONSERVAÇÃO DE LUGARES E PRÉDIOS HISTÓRICOS,91023,"ATIVIDADES DE MUSEUS E DE EXPLORAÇÃO, RESTAURAÇÃO ARTÍSTICA E CONSERVAÇÃO DE LUGARES E PRÉDIOS HISTÓRICOS E ATRAÇÕES SIMILARES",910,ATIVIDADES LIGADAS AO PATRIMÔNIO CULTURAL E AMBIENTAL,91,ATIVIDADES LIGADAS AO PATRIMÔNIO CULTURAL E AMBIENTAL,R,"ARTES, CULTURA, ESPORTE E RECREAÇÃO"
9103100,"ATIVIDADES DE JARDINS BOTÂNICOS, ZOOLÓGICOS, PARQUES NACIONAIS, RESERVAS ECOLÓGICAS E ÁREAS DE PROTEÇÃO AMBIENTAL",91031,"ATIVIDADES DE JARDINS BOTÂNICOS, ZOOLÓGICOS, PARQUES NACIONAIS, RESERVAS ECOLÓGICAS E ÁREAS DE PROTEÇÃO AMBIENTAL",910,ATIVIDADES LIGADAS AO PATRIMÔNIO CULTURAL E AMBIENTAL,91,ATIVIDADES LIGADAS AO PATRIMÔNIO CULTURAL E AMBIENTAL,R,"ARTES, CULTURA, ESPORTE E RECREAÇÃO"
9200301,CASAS DE BINGO,92003,ATIVIDADES DE EXPLORAÇÃO DE JOGOS DE AZAR E APOSTAS,920,ATIVIDADES DE EXPLORAÇÃO DE JOGOS DE AZAR E APOSTAS,92,ATIVIDADES DE EXPLORAÇÃO DE JOGOS DE AZAR E APOSTAS,R,"ARTES, CULTURA, ESPORTE E RECREAÇÃO"
9200302,EXPLORAÇÃO DE APOSTAS EM CORRIDAS DE CAVALOS,92003,ATIVIDADES DE EXPLORAÇÃO DE JOGOS DE AZAR E APOSTAS,920,ATIVIDADES DE EXPLORAÇÃO DE JOGOS DE AZAR E APOSTAS,92,ATIVIDADES DE EXPLORAÇÃO DE JOGOS DE AZAR E APOSTAS,R,"ARTES, CULTURA, ESPORTE E RECREAÇÃO"
9200399,EXPLORAÇÃO DE JOGOS DE AZAR E APOSTAS NÃO ESPECIFICADOS ANTERIORMENTE,92003,ATIVIDADES DE EXPLORAÇÃO DE JOGOS DE AZAR E APOSTAS,920,ATIVIDADES DE EXPLORAÇÃO DE JOGOS DE AZAR E APOSTAS,92,ATIVIDADES DE EXPLORAÇÃO DE JOGOS DE AZAR E APOSTAS,R,"ARTES, CULTURA, ESPORTE E RECREAÇÃO"
9311500,GESTÃO DE INSTALAÇÕES DE ESPORTES,93115,GESTÃO DE INSTALAÇÕES DE ESPORTES,931,ATIVIDADES ESPORTIVAS,93,ATIVIDADES ESPORTIVAS E DE RECREAÇÃO E LAZER,R,"ARTES, CULTURA, ESPORTE E RECREAÇÃO"
9312300,"CLUBES SOCIAIS, ESPORTIVOS E SIMILARES",93123,"CLUBES SOCIAIS, ESPORTIVOS E SIMILARES",931,ATIVIDADES ESPORTIVAS,93,ATIVIDADES ESPORTIVAS E DE RECREAÇÃO E LAZER,R,"ARTES, CULTURA, ESPORTE E RECREAÇÃO"
9313100,ATIVIDADES DE CONDICIONAMENTO FÍSICO,93131,ATIVIDADES DE CONDICIONAMENTO FÍSICO,931,ATIVIDADES ESPORTIVAS,93,ATIVIDADES ESPORTIVAS E DE RECREAÇÃO E LAZER,R,"ARTES, CULTURA, ESPORTE E RECREAÇÃO"
9319101,PRODUÇÃO E PROMOÇÃO DE EVENTOS ESPORTIVOS,93191,ATIVIDADES ESPORTIVAS NÃO ESPECIFICADAS ANTERIORMENTE,931,ATIVIDADES ESPORTIVAS,93,ATIVIDADES ESPORTIVAS E DE RECREAÇÃO E LAZER,R,"ARTES, CULTURA, ESPORTE E RECREAÇÃO"
9319199,OUTRAS ATIVIDADES ESPORTIVAS NÃO ESPECIFICADAS ANTERIORMENTE,93191,ATIVIDADES ESPORTIVAS NÃO ESPECIFICADAS ANTERIORMENTE,931,ATIVIDADES ESPORTIVAS,93,ATIVIDADES ESPORTIVAS E DE RECREAÇÃO E LAZER,R,"ARTES, CULTURA, ESPORTE E RECREAÇÃO"
9321200,PARQUES DE DIVERSÃO E PARQUES TEMÁTICOS,93212,PARQUES DE DIVERSÃO E PARQUES TEMÁTICOS,932,ATIVIDADES DE RECREAÇÃO E LAZER,93,ATIVIDADES ESPORTIVAS E DE RECREAÇÃO E LAZER,R,"ARTES, CULTURA, ESPORTE E RECREAÇÃO"
9329801,"DISCOTECAS, DANCETERIAS, SALÕES DE DANÇA E SIMILARES",93298,ATIVIDADES DE RECREAÇÃO E LAZER NÃO ESPECIFICADAS ANTERIORMENTE,932,ATIVIDADES DE RECREAÇÃO E LAZER,93,ATIVIDADES ESPORTIVAS E DE RECREAÇÃO E LAZER,R,"ARTES, CULTURA, ESPORTE E RECREAÇÃO"
9329802,EXPLORAÇÃO DE BOLICHES,93298,ATIVIDADES DE RECREAÇÃO E LAZER NÃO ESPECIFICADAS ANTERIORMENTE,932,ATIVIDADES DE RECREAÇÃO E LAZER,93,ATIVIDADES ESPORTIVAS E DE RECREAÇÃO E LAZER,R,"ARTES, CULTURA, ESPORTE E RECREAÇÃO"
9329803,"EXPLORAÇÃO DE JOGOS DE SINUCA, BILHAR E SIMILARES",93298,ATIVIDADES DE RECREAÇÃO E LAZER NÃO ESPECIFICADAS ANTERIORMENTE,932,ATIVIDADES DE RECREAÇÃO E LAZER,93,ATIVIDADES ESPORTIVAS E DE RECREAÇÃO E LAZER,R,"ARTES, CULTURA, ESPORTE E RECREAÇÃO"
9329804,EXPLORAÇÃO DE JOGOS ELETRÔNICOS RECREATIVOS,93298,ATIVIDADES DE RECREAÇÃO E LAZER NÃO ESPECIFICADAS ANTERIORMENTE,932,ATIVIDADES DE RECREAÇÃO E LAZER,93,ATIVIDADES ESPORTIVAS E DE RECREAÇÃO E LAZER,R,"ARTES, CULTURA, ESPORTE E RECREAÇÃO"
9329899,OUTRAS ATIVIDADES DE RECREAÇÃO E LAZER NÃO ESPECIFICADAS ANTERIORMENTE,93298,ATIVIDADES DE RECREAÇÃO E LAZER NÃO ESPECIFICADAS ANTERIORMENTE,932,ATIVIDADES DE RECREAÇÃO E LAZER,93,ATIVIDADES ESPORTIVAS E DE RECREAÇÃO E LAZER,R,"ARTES, CULTURA, ESPORTE E RECREAÇÃO"
9411100,ATIVIDADES DE ORGANIZAÇÕES ASSOCIATIVAS PATRONAIS E EMPRESARIAIS,94111,ATIVIDADES DE ORGANIZAÇÕES ASSOCIATIVAS PATRONAIS E EMPRESARIAIS,941,"ATIVIDADES DE ORGANIZAÇÕES ASSOCIATIVAS PATRONAIS, EMPRESARIAIS E PROFISSIONAIS",94,ATIVIDADES DE ORGANIZAÇÕES ASSOCIATIVAS,S,OUTRAS ATIVIDADES DE SERVIÇOS
9412001,ATIVIDADES DE FISCALIZAÇÃO PROFISSIONAL,94120,ATIVIDADES DE ORGANIZAÇÕES ASSOCIATIVAS PROFISSIONAIS,941,"ATIVIDADES DE ORGANIZAÇÕES ASSOCIATIVAS PATRONAIS, EMPRESARIAIS E PROFISSIONAIS",94,ATIVIDADES DE ORGANIZAÇÕES ASSOCIATIVAS,S,OUTRAS ATIVIDADES DE SERVIÇOS
9412099,OUTRAS ATIVIDADES ASSOCIATIVAS PROFISSIONAIS,94120,ATIVIDADES DE ORGANIZAÇÕES ASSOCIATIVAS PROFISSIONAIS,941,"ATIVIDADES DE ORGANIZAÇÕES ASSOCIATIVAS PATRONAIS, EMPRESARIAIS E PROFISSIONAIS",94,ATIVIDADES DE ORGANIZAÇÕES ASSOCIATIVAS,S,OUTRAS ATIVIDADES DE SERVIÇOS
9420100,ATIVIDADES DE ORGANIZAÇÕES SINDICAIS,94201,ATIVIDADES DE ORGANIZAÇÕES SINDICAIS,942,ATIVIDADES DE ORGANIZAÇÕES SINDICAIS,94,ATIVIDADES DE ORGANIZAÇÕES ASSOCIATIVAS,S,OUTRAS ATIVIDADES DE SERVIÇOS
9430800,ATIVIDADES DE ASSOCIAÇÕES DE DEFESA DE DIREITOS SOCIAIS,94308,ATIVIDADES DE ASSOCIAÇÕES DE DEFESA DE DIREITOS SOCIAIS,943,ATIVIDADES DE ASSOCIAÇÕES DE DEFESA DE DIREITOS SOCIAIS,94,ATIVIDADES DE ORGANIZAÇÕES ASSOCIATIVAS,S,OUTRAS ATIVIDADES DE SERVIÇOS
9491000,ATIVIDADES DE ORGANIZAÇÕES RELIGIOSAS OU FILOSÓFICAS,94910,ATIVIDADES DE ORGANIZAÇÕES RELIGIOSAS,949,ATIVIDADES DE ORGANIZAÇÕES ASSOCIATIVAS NÃO ESPECIFICADAS ANTERIORMENTE,94,ATIVIDADES DE ORGANIZAÇÕES ASSOCIATIVAS,S,OUTRAS ATIVIDADES DE SERVIÇOS
9492800,ATIVIDADES DE ORGANIZAÇÕES POLÍTICAS,94928,ATIVIDADES DE ORGANIZAÇÕES POLÍTICAS,949,ATIVIDADES DE ORGANIZAÇÕES ASSOCIATIVAS NÃO ESPECIFICADAS ANTERIORMENTE,94,ATIVIDADES DE ORGANIZAÇÕES ASSOCIATIVAS,S,OUTRAS ATIVIDADES DE SERVIÇOS
9493600,ATIVIDADES DE ORGANIZAÇÕES ASSOCIATIVAS LIGADAS À CULTURA E À ARTE,94936,ATIVIDADES DE ORGANIZAÇÕES ASSOCIATIVAS LIGADAS À CULTURA E À ARTE,949,ATIVIDADES DE ORGANIZAÇÕES ASSOCIATIVAS NÃO ESPECIFICADAS ANTERIORMENTE,94,ATIVIDADES DE ORGANIZAÇÕES ASSOCIATIVAS,S,OUTRAS ATIVIDADES DE SERVIÇOS
9499500,ATIVIDADES ASSOCIATIVAS NÃO ESPECIFICADAS ANTERIORMENTE,94995,ATIVIDADES ASSOCIATIVAS NÃO ESPECIFICADAS ANTERIORMENTE,949,ATIVIDADES DE ORGANIZAÇÕES ASSOCIATIVAS NÃO ESPECIFICADAS ANTERIORMENTE,94,ATIVIDADES DE ORGANIZAÇÕES ASSOCIATIVAS,S,OUTRAS ATIVIDADES DE SERVIÇOS
9511800,REPARAÇÃO E MANUTENÇÃO DE COMPUTADORES E DE EQUIPAMENTOS PERIFÉRICOS,95118,REPARAÇÃO E MANUTENÇÃO DE COMPUTADORES E DE EQUIPAMENTOS PERIFÉRICOS,951,REPARAÇÃO E MANUTENÇÃO DE EQUIPAMENTOS DE INFORMÁTICA E COMUNICAÇÃO,95,REPARAÇÃO E MANUTENÇÃO DE EQUIPAMENTOS DE INFORMÁTICA E COMUNICAÇÃO E DE OBJETOS PESSOAIS E DOMÉSTICOS,S,OUTRAS ATIVIDADES DE SERVIÇOS
9512600,REPARAÇÃO E MANUTENÇÃO DE EQUIPAMENTOS DE COMUNICAÇÃO,95126,REPARAÇÃO E MANUTENÇÃO DE EQUIPAMENTOS DE COMUNICAÇÃO,951,REPARAÇÃO E MANUTENÇÃO DE EQUIPAMENTOS DE INFORMÁTICA E COMUNICAÇÃO,95,REPARAÇÃO E MANUTENÇÃO DE EQUIPAMENTOS DE INFORMÁTICA E COMUNICAÇÃO E DE OBJETOS PESSOAIS E DOMÉSTICOS,S,OUTRAS ATIVIDADES DE SERVIÇOS
9521500,REPARAÇÃO E MANUTENÇÃO DE EQUIPAMENTOS ELETROELETRÔNICOS DE USO PESSOAL E DOMÉSTICO,95215,REPARAÇÃO E MANUTENÇÃO DE EQUIPAMENTOS ELETROELETRÔNICOS DE USO PESSOAL E DOMÉSTICO,952,REPARAÇÃO E MANUTENÇÃO DE OBJETOS E EQUIPAMENTOS PESSOAIS E DOMÉSTICOS,95,REPARAÇÃO E MANUTENÇÃO DE EQUIPAMENTOS DE INFORMÁTICA E COMUNICAÇÃO E DE OBJETOS PESSOAIS E DOMÉSTICOS,S,OUTRAS ATIVIDADES DE SERVIÇOS
9529101,"REPARAÇÃO DE CALÇADOS, DE BOLSAS E ARTIGOS DE VIAGEM",95291,REPARAÇÃO E MANUTENÇÃO DE OBJETOS E EQUIPAMENTOS PESSOAIS E DOMÉSTICOS NÃO ESPECIFICADOS ANTERIORMENTE,952,REPARAÇÃO E MANUTENÇÃO DE OBJETOS E EQUIPAMENTOS PESSOAIS E DOMÉSTICOS,95,REPARAÇÃO E MANUTENÇÃO DE EQUIPAMENTOS DE INFORMÁTICA E COMUNICAÇÃO E DE OBJETOS PESSOAIS E DOMÉSTICOS,S,OUTRAS ATIVIDADES DE SERVIÇOS
9529102,CHAVEIROS,95291,REPARAÇÃO E MANUTENÇÃO DE OBJETOS E EQUIPAMENTOS PESSOAIS E DOMÉSTICOS NÃO ESPECIFICADOS ANTERIORMENTE,952,REPARAÇÃO E MANUTENÇÃO DE OBJETOS E EQUIPAMENTOS PESSOAIS E DOMÉSTICOS,95,REPARAÇÃO E MANUTENÇÃO DE EQUIPAMENTOS DE INFORMÁTICA E COMUNICAÇÃO E DE OBJETOS PESSOAIS E DOMÉSTICOS,S,OUTRAS ATIVIDADES DE SERVIÇOS
9529103,REPARAÇÃO DE RELÓGIOS,95291,REPARAÇÃO E MANUTENÇÃO DE OBJETOS E EQUIPAMENTOS PESSOAIS E DOMÉSTICOS NÃO ESPECIFICADOS ANTERIORMENTE,952,REPARAÇÃO E MANUTENÇÃO DE OBJETOS E EQUIPAMENTOS PESSOAIS E DOMÉSTICOS,95,REPARAÇÃO E MANUTENÇÃO DE EQUIPAMENTOS DE INFORMÁTICA E COMUNICAÇÃO E DE OBJETOS PESSOAIS E DOMÉSTICOS,S,OUTRAS ATIVIDADES DE SERVIÇOS
9529104,"REPARAÇÃO DE BICICLETAS, TRICICLOS E OUTROS VEÍCULOS NÃO MOTORIZADOS",95291,REPARAÇÃO E MANUTENÇÃO DE OBJETOS E EQUIPAMENTOS PESSOAIS E DOMÉSTICOS NÃO ESPECIFICADOS ANTERIORMENTE,952,REPARAÇÃO E MANUTENÇÃO DE OBJETOS E EQUIPAMENTOS PESSOAIS E DOMÉSTICOS,95,REPARAÇÃO E MANUTENÇÃO DE EQUIPAMENTOS DE INFORMÁTICA E COMUNICAÇÃO E DE OBJETOS PESSOAIS E DOMÉSTICOS,S,OUTRAS ATIVIDADES DE SERVIÇOS
9529105,REPARAÇÃO DE ARTIGOS DO MOBILIÁRIO,95291,REPARAÇÃO E MANUTENÇÃO DE OBJETOS E EQUIPAMENTOS PESSOAIS E DOMÉSTICOS NÃO ESPECIFICADOS ANTERIORMENTE,952,REPARAÇÃO E MANUTENÇÃO DE OBJETOS E EQUIPAMENTOS PESSOAIS E DOMÉSTICOS,95,REPARAÇÃO E MANUTENÇÃO DE EQUIPAMENTOS DE INFORMÁTICA E COMUNICAÇÃO E DE OBJETOS PESSOAIS E DOMÉSTICOS,S,OUTRAS ATIVIDADES DE SERVIÇOS
9529106,REPARAÇÃO DE JÓIAS,95291,REPARAÇÃO E MANUTENÇÃO DE OBJETOS E EQUIPAMENTOS PESSOAIS E DOMÉSTICOS NÃO ESPECIFICADOS ANTERIORMENTE,952,REPARAÇÃO E MANUTENÇÃO DE OBJETOS E EQUIPAMENTOS PESSOAIS E DOMÉSTICOS,95,REPARAÇÃO E MANUTENÇÃO DE EQUIPAMENTOS DE INFORMÁTICA E COMUNICAÇÃO E DE OBJETOS PESSOAIS E DOMÉSTICOS,S,OUTRAS ATIVIDADES DE SERVIÇOS
9529199,REPARAÇÃO E MANUTENÇÃO DE OUTROS OBJETOS E EQUIPAMENTOS PESSOAIS E DOMÉSTICOS NÃO ESPECIFICADOS ANTERIORMENTE,95291,REPARAÇÃO E MANUTENÇÃO DE OBJETOS E EQUIPAMENTOS PESSOAIS E DOMÉSTICOS NÃO ESPECIFICADOS ANTERIORMENTE,952,REPARAÇÃO E MANUTENÇÃO DE OBJETOS E EQUIPAMENTOS PESSOAIS E DOMÉSTICOS,95,REPARAÇÃO E MANUTENÇÃO DE EQUIPAMENTOS DE INFORMÁTICA E COMUNICAÇÃO E DE OBJETOS PESSOAIS E DOMÉSTICOS,S,OUTRAS ATIVIDADES DE SERVIÇOS
9601701,LAVANDERIAS,96017,"LAVANDERIAS, TINTURARIAS E TOALHEIROS",960,OUTRAS ATIVIDADES DE SERVIÇOS PESSOAIS,96,OUTRAS ATIVIDADES DE SERVIÇOS PESSOAIS,S,OUTRAS ATIVIDADES DE SERVIÇOS
9601702,TINTURARIAS,96017,"LAVANDERIAS, TINTURARIAS E TOALHEIROS",960,OUTRAS ATIVIDADES DE SERVIÇOS PESSOAIS,96,OUTRAS ATIVIDADES DE SERVIÇOS PESSOAIS,S,OUTRAS ATIVIDADES DE SERVIÇOS
9601703,TOALHEIROS,96017,"LAVANDERIAS, TINTURARIAS E TOALHEIROS",960,OUTRAS ATIVIDADES DE SERVIÇOS PESSOAIS,96,OUTRAS ATIVIDADES DE SERVIÇOS PESSOAIS,S,OUTRAS ATIVIDADES DE SERVIÇOS
9602501,"CABELEIREIROS, MANICURE E PEDICURE",96025,CABELEIREIROS E OUTRAS ATIVIDADES DE TRATAMENTO DE BELEZA,960,OUTRAS ATIVIDADES DE SERVIÇOS PESSOAIS,96,OUTRAS ATIVIDADES DE SERVIÇOS PESSOAIS,S,OUTRAS ATIVIDADES DE SERVIÇOS
9602502,ATIVIDADES DE ESTÉTICA E OUTROS SERVIÇOS DE CUIDADOS COM A BELEZA,96025,CABELEIREIROS E OUTRAS ATIVIDADES DE TRATAMENTO DE BELEZA,960,OUTRAS ATIVIDADES DE SERVIÇOS PESSOAIS,96,OUTRAS ATIVIDADES DE SERVIÇOS PESSOAIS,S,OUTRAS ATIVIDADES DE SERVIÇOS
9603301,GESTÃO E MANUTENÇÃO DE CEMITÉRIOS,96033,ATIVIDADES FUNERÁRIAS E SERVIÇOS RELACIONADOS,960,OUTRAS ATIVIDADES DE SERVIÇOS PESSOAIS,96,OUTRAS ATIVIDADES DE SERVIÇOS PESSOAIS,S,OUTRAS ATIVIDADES DE SERVIÇOS
9603302,SERVIÇOS DE CREMAÇÃO,96033,ATIVIDADES FUNERÁRIAS E SERVIÇOS RELACIONADOS,960,OUTRAS ATIVIDADES DE SERVIÇOS PESSOAIS,96,OUTRAS ATIVIDADES DE SERVIÇOS PESSOAIS,S,OUTRAS ATIVIDADES DE SERVIÇOS
9603303,SERVIÇOS DE SEPULTAMENTO,96033,ATIVIDADES FUNERÁRIAS E SERVIÇOS RELACIONADOS,960,OUTRAS ATIVIDADES DE SERVIÇOS PESSOAIS,96,OUTRAS ATIVIDADES DE SERVIÇOS PESSOAIS,S,OUTRAS ATIVIDADES DE SERVIÇOS
9603304,SERVIÇOS DE FUNERÁRIAS,96033,ATIVIDADES FUNERÁRIAS E SERVIÇOS RELACIONADOS,960,OUTRAS ATIVIDADES DE SERVIÇOS PESSOAIS,96,OUTRAS ATIVIDADES DE SERVIÇOS PESSOAIS,S,OUTRAS ATIVIDADES DE SERVIÇOS
9603305,SERVIÇOS DE SOMATOCONSERVAÇÃO,96033,ATIVIDADES FUNERÁRIAS E SERVIÇOS RELACIONADOS,960,OUTRAS ATIVIDADES DE SERVIÇOS PESSOAIS,96,OUTRAS ATIVIDADES DE SERVIÇOS PESSOAIS,S,OUTRAS ATIVIDADES DE SERVIÇOS
9603399,ATIVIDADES FUNERÁRIAS E SERVIÇOS RELACIONADOS NÃO ESPECIFICADOS ANTERIORMENTE,96033,ATIVIDADES FUNERÁRIAS E SERVIÇOS RELACIONADOS,960,OUTRAS ATIVIDADES DE SERVIÇOS PESSOAIS,96,OUTRAS ATIVIDADES DE SERVIÇOS PESSOAIS,S,OUTRAS ATIVIDADES DE SERVIÇOS
9609202,AGÊNCIAS MATRIMONIAIS,96092,ATIVIDADES DE SERVIÇOS PESSOAIS NÃO ESPECIFICADAS ANTERIORMENTE,960,OUTRAS ATIVIDADES DE SERVIÇOS PESSOAIS,96,OUTRAS ATIVIDADES DE SERVIÇOS PESSOAIS,S,OUTRAS ATIVIDADES DE SERVIÇOS
9609204,EXPLORAÇÃO DE MÁQUINAS DE SERVIÇOS PESSOAIS ACIONADAS POR MOEDA,96092,ATIVIDADES DE SERVIÇOS PESSOAIS NÃO ESPECIFICADAS ANTERIORMENTE,960,OUTRAS ATIVIDADES DE SERVIÇOS PESSOAIS,96,OUTRAS ATIVIDADES DE SERVIÇOS PESSOAIS,S,OUTRAS ATIVIDADES DE SERVIÇOS
9609205,ATIVIDADES DE SAUNA E BANHOS,96092,ATIVIDADES DE SERVIÇOS PESSOAIS NÃO ESPECIFICADAS ANTERIORMENTE,960,OUTRAS ATIVIDADES DE SERVIÇOS PESSOAIS,96,OUTRAS ATIVIDADES DE SERVIÇOS PESSOAIS,S,OUTRAS ATIVIDADES DE SERVIÇOS
9609206,SERVIÇOS DE TATUAGEM E COLOCAÇÃO DE PIERCING,96092,ATIVIDADES DE SERVIÇOS PESSOAIS NÃO ESPECIFICADAS ANTERIORMENTE,960,OUTRAS ATIVIDADES DE SERVIÇOS PESSOAIS,96,OUTRAS ATIVIDADES DE SERVIÇOS PESSOAIS,S,OUTRAS ATIVIDADES DE SERVIÇOS
9609207,ALOJAMENTO DE ANIMAIS DOMÉSTICOS,96092,ATIVIDADES DE SERVIÇOS PESSOAIS NÃO ESPECIFICADAS ANTERIORMENTE,960,OUTRAS ATIVIDADES DE SERVIÇOS PESSOAIS,96,OUTRAS ATIVIDADES DE SERVIÇOS PESSOAIS,S,OUTRAS ATIVIDADES DE SERVIÇOS
9609208,HIGIENE E EMBELEZAMENTO DE ANIMAIS DOMÉSTICOS,96092,ATIVIDADES DE SERVIÇOS PESSOAIS NÃO ESPECIFICADAS ANTERIORMENTE,960,OUTRAS ATIVIDADES DE SERVIÇOS PESSOAIS,96,OUTRAS ATIVIDADES DE SERVIÇOS PESSOAIS,S,OUTRAS ATIVIDADES DE SERVIÇOS
9609299,OUTRAS ATIVIDADES DE SERVIÇOS PESSOAIS NÃO ESPECIFICADAS ANTERIORMENTE,96092,ATIVIDADES DE SERVIÇOS PESSOAIS NÃO ESPECIFICADAS ANTERIORMENTE,960,OUTRAS ATIVIDADES DE SERVIÇOS PESSOAIS,96,OUTRAS ATIVIDADES DE SERVIÇOS PESSOAIS,S,OUTRAS ATIVIDADES DE SERVIÇOS
9700500,SERVIÇOS DOMÉSTICOS,97005,SERVIÇOS DOMÉSTICOS,970,SERVIÇOS DOMÉSTICOS,97,SERVIÇOS DOMÉSTICOS,T,SERVIÇOS DOMÉSTICOS
9900800,ORGANISMOS INTERNACIONAIS E OUTRAS INSTITUIÇÕES EXTRATERRITORIAIS,99008,ORGANISMOS INTERNACIONAIS E OUTRAS INSTITUIÇÕES EXTRATERRITORIAIS,990,ORGANISMOS INTERNACIONAIS E OUTRAS INSTITUIÇÕES EXTRATERRITORIAIS,99,ORGANISMOS INTERNACIONAIS E OUTRAS INSTITUIÇÕES EXTRATERRITORIAIS,U,ORGANISMOS INTERNACIONAIS E OUTRAS INSTITUIÇÕES EXTRATERRITORIAIS
