cod_mun,cod_mun7,nome_mun,uf,cod_uf,uf_nome,regiao,mesorregiao,microrregiao,reg_imediata,reg_intermediaria
110001,1100015,Alta Floresta D'Oeste,RO,11,Rondônia,Norte,Leste Rondoniense,Cacoal,Cacoal,Ji-Paraná
110002,1100023,Ariquemes,RO,11,Rondônia,Norte,Leste Rondoniense,Ariquemes,Ariquemes,Porto Velho
110003,1100031,Cabixi,RO,11,Rondônia,Norte,Leste Rondoniense,Colorado do Oeste,Vilhena,Ji-Paraná
110004,1100049,Cacoal,RO,11,Rondônia,Norte,Leste Rondoniense,Cacoal,Cacoal,Ji-Paraná
110005,1100056,Cerejeiras,RO,11,Rondônia,Norte,Leste Rondoniense,Colorado do Oeste,Vilhena,Ji-Paraná
110006,1100064,Colorado do Oeste,RO,11,Rondônia,Norte,Leste Rondoniense,Colorado do Oeste,Vilhena,Ji-Paraná
110007,1100072,Corumbiara,RO,11,Rondônia,Norte,Leste Rondoniense,Colorado do Oeste,Vilhena,Ji-Paraná
110008,1100080,Costa Marques,RO,11,Rondônia,Norte,Madeira-Guaporé,Guajará-Mirim,Ji-Paraná,Ji-Paraná
110009,1100098,Espigão D'Oeste,RO,11,Rondônia,Norte,Leste Rondoniense,Cacoal,Cacoal,Ji-Paraná
110010,1100106,Guajará-Mirim,RO,11,Rondônia,Norte,Madeira-Guaporé,Guajará-Mirim,Porto Velho,Porto Velho
110011,1100114,Jaru,RO,11,Rondônia,Norte,Leste Rondoniense,Ji-Paraná,Jaru,Porto Velho
110012,1100122,Ji-Paraná,RO,11,Rondônia,Norte,Leste Rondoniense,Ji-Paraná,Ji-Paraná,Ji-Paraná
110013,1100130,Machadinho D'Oeste,RO,11,Rondônia,Norte,Leste Rondoniense,Ariquemes,Jaru,Porto Velho
110014,1100148,Nova Brasilândia D'Oeste,RO,11,Rondônia,Norte,Leste Rondoniense,Alvorada D'Oeste,Cacoal,Ji-Paraná
110015,1100155,Ouro Preto do Oeste,RO,11,Rondônia,Norte,Leste Rondoniense,Ji-Paraná,Ji-Paraná,Ji-Paraná
110018,1100189,Pimenta Bueno,RO,11,Rondônia,Norte,Leste Rondoniense,Vilhena,Cacoal,Ji-Paraná
110020,1100205,Porto Velho,RO,11,Rondônia,Norte,Madeira-Guaporé,Porto Velho,Porto Velho,Porto Velho
110025,1100254,Presidente Médici,RO,11,Rondônia,Norte,Leste Rondoniense,Ji-Paraná,Ji-Paraná,Ji-Paraná
110026,1100262,Rio Crespo,RO,11,Rondônia,Norte,Leste Rondoniense,Ariquemes,Ariquemes,Porto Velho
110028,1100288,Rolim de Moura,RO,11,Rondônia,Norte,Leste Rondoniense,Cacoal,Cacoal,Ji-Paraná
110029,1100296,Santa Luzia D'Oeste,RO,11,Rondônia,Norte,Leste Rondoniense,Cacoal,Cacoal,Ji-Paraná
110030,1100304,Vilhena,RO,11,Rondônia,Norte,Leste Rondoniense,Vilhena,Vilhena,Ji-Paraná
110032,1100320,São Miguel do Guaporé,RO,11,Rondônia,Norte,Leste Rondoniense,Alvorada D'Oeste,Ji-Paraná,Ji-Paraná
110033,1100338,Nova Mamoré,RO,11,Rondônia,Norte,Madeira-Guaporé,Porto Velho,Porto Velho,Porto Velho
110034,1100346,Alvorada D'Oeste,RO,11,Rondônia,Norte,Leste Rondoniense,Alvorada D'Oeste,Ji-Paraná,Ji-Paraná
110037,1100379,Alto Alegre dos Parecis,RO,11,Rondônia,Norte,Leste Rondoniense,Cacoal,Cacoal,Ji-Paraná
110040,1100403,Alto Paraíso,RO,11,Rondônia,Norte,Leste Rondoniense,Ariquemes,Ariquemes,Porto Velho
110045,1100452,Buritis,RO,11,Rondônia,Norte,Madeira-Guaporé,Porto Velho,Ariquemes,Porto Velho
110050,1100502,Novo Horizonte do Oeste,RO,11,Rondônia,Norte,Leste Rondoniense,Cacoal,Cacoal,Ji-Paraná
110060,1100601,Cacaulândia,RO,11,Rondônia,Norte,Leste Rondoniense,Ariquemes,Ariquemes,Porto Velho
110070,1100700,Campo Novo de Rondônia,RO,11,Rondônia,Norte,Madeira-Guaporé,Porto Velho,Ariquemes,Porto Velho
110080,1100809,Candeias do Jamari,RO,11,Rondônia,Norte,Madeira-Guaporé,Porto Velho,Porto Velho,Porto Velho
110090,1100908,Castanheiras,RO,11,Rondônia,Norte,Leste Rondoniense,Cacoal,Cacoal,Ji-Paraná
110092,1100924,Chupinguaia,RO,11,Rondônia,Norte,Leste Rondoniense,Vilhena,Vilhena,Ji-Paraná
110094,1100940,Cujubim,RO,11,Rondônia,Norte,Madeira-Guaporé,Porto Velho,Ariquemes,Porto Velho
110100,1101005,Governador Jorge Teixeira,RO,11,Rondônia,Norte,Leste Rondoniense,Ji-Paraná,Jaru,Porto Velho
110110,1101104,Itapuã do Oeste,RO,11,Rondônia,Norte,Madeira-Guaporé,Porto Velho,Porto Velho,Porto Velho
110120,1101203,Ministro Andreazza,RO,11,Rondônia,Norte,Leste Rondoniense,Cacoal,Cacoal,Ji-Paraná
110130,1101302,Mirante da Serra,RO,11,Rondônia,Norte,Leste Rondoniense,Ji-Paraná,Ji-Paraná,Ji-Paraná
110140,1101401,Monte Negro,RO,11,Rondônia,Norte,Leste Rondoniense,Ariquemes,Ariquemes,Porto Velho
110143,1101435,Nova União,RO,11,Rondônia,Norte,Leste Rondoniense,Ji-Paraná,Ji-Paraná,Ji-Paraná
110145,1101450,Parecis,RO,11,Rondônia,Norte,Leste Rondoniense,Vilhena,Cacoal,Ji-Paraná
110146,1101468,Pimenteiras do Oeste,RO,11,Rondônia,Norte,Leste Rondoniense,Colorado do Oeste,Vilhena,Ji-Paraná
110147,1101476,Primavera de Rondônia,RO,11,Rondônia,Norte,Leste Rondoniense,Vilhena,Cacoal,Ji-Paraná
110148,1101484,São Felipe D'Oeste,RO,11,Rondônia,Norte,Leste Rondoniense,Vilhena,Cacoal,Ji-Paraná
110149,1101492,São Francisco do Guaporé,RO,11,Rondônia,Norte,Madeira-Guaporé,Guajará-Mirim,Ji-Paraná,Ji-Paraná
110150,1101500,Seringueiras,RO,11,Rondônia,Norte,Leste Rondoniense,Alvorada D'Oeste,Ji-Paraná,Ji-Paraná
110155,1101559,Teixeirópolis,RO,11,Rondônia,Norte,Leste Rondoniense,Ji-Paraná,Ji-Paraná,Ji-Paraná
110160,1101609,Theobroma,RO,11,Rondônia,Norte,Leste Rondoniense,Ji-Paraná,Jaru,Porto Velho
110170,1101708,Urupá,RO,11,Rondônia,Norte,Leste Rondoniense,Ji-Paraná,Ji-Paraná,Ji-Paraná
110175,1101757,Vale do Anari,RO,11,Rondônia,Norte,Leste Rondoniense,Ariquemes,Jaru,Porto Velho
110180,1101807,Vale do Paraíso,RO,11,Rondônia,Norte,Leste Rondoniense,Ji-Paraná,Ji-Paraná,Ji-Paraná
120001,1200013,Acrelândia,AC,12,Acre,Norte,Vale do Acre,Rio Branco,Rio Branco,Rio Branco
120005,1200054,Assis Brasil,AC,12,Acre,Norte,Vale do Acre,Brasiléia,Brasiléia,Rio Branco
120010,1200104,Brasiléia,AC,12,Acre,Norte,Vale do Acre,Brasiléia,Brasiléia,Rio Branco
120013,1200138,Bujari,AC,12,Acre,Norte,Vale do Acre,Rio Branco,Rio Branco,Rio Branco
120017,1200179,Capixaba,AC,12,Acre,Norte,Vale do Acre,Rio Branco,Rio Branco,Rio Branco
120020,1200203,Cruzeiro do Sul,AC,12,Acre,Norte,Vale do Juruá,Cruzeiro do Sul,Cruzeiro do Sul,Cruzeiro do Sul
120025,1200252,Epitaciolândia,AC,12,Acre,Norte,Vale do Acre,Brasiléia,Brasiléia,Rio Branco
120030,1200302,Feijó,AC,12,Acre,Norte,Vale do Juruá,Tarauacá,Tarauacá,Cruzeiro do Sul
120032,1200328,Jordão,AC,12,Acre,Norte,Vale do Juruá,Tarauacá,Tarauacá,Cruzeiro do Sul
120033,1200336,Mâncio Lima,AC,12,Acre,Norte,Vale do Juruá,Cruzeiro do Sul,Cruzeiro do Sul,Cruzeiro do Sul
120034,1200344,Manoel Urbano,AC,12,Acre,Norte,Vale do Acre,Sena Madureira,Sena Madureira,Rio Branco
120035,1200351,Marechal Thaumaturgo,AC,12,Acre,Norte,Vale do Juruá,Cruzeiro do Sul,Cruzeiro do Sul,Cruzeiro do Sul
120038,1200385,Plácido de Castro,AC,12,Acre,Norte,Vale do Acre,Rio Branco,Rio Branco,Rio Branco
120039,1200393,Porto Walter,AC,12,Acre,Norte,Vale do Juruá,Cruzeiro do Sul,Cruzeiro do Sul,Cruzeiro do Sul
120040,1200401,Rio Branco,AC,12,Acre,Norte,Vale do Acre,Rio Branco,Rio Branco,Rio Branco
120042,1200427,Rodrigues Alves,AC,12,Acre,Norte,Vale do Juruá,Cruzeiro do Sul,Cruzeiro do Sul,Cruzeiro do Sul
120043,1200435,Santa Rosa do Purus,AC,12,Acre,Norte,Vale do Acre,Sena Madureira,Sena Madureira,Rio Branco
120045,1200450,Senador Guiomard,AC,12,Acre,Norte,Vale do Acre,Rio Branco,Rio Branco,Rio Branco
120050,1200500,Sena Madureira,AC,12,Acre,Norte,Vale do Acre,Sena Madureira,Sena Madureira,Rio Branco
120060,1200609,Tarauacá,AC,12,Acre,Norte,Vale do Juruá,Tarauacá,Tarauacá,Cruzeiro do Sul
120070,1200708,Xapuri,AC,12,Acre,Norte,Vale do Acre,Brasiléia,Brasiléia,Rio Branco
120080,1200807,Porto Acre,AC,12,Acre,Norte,Vale do Acre,Rio Branco,Rio Branco,Rio Branco
130002,1300029,Alvarães,AM,13,Amazonas,Norte,Centro Amazonense,Tefé,Tefé,Tefé
130006,1300060,Amaturá,AM,13,Amazonas,Norte,Sudoeste Amazonense,Alto Solimões,Tabatinga,Tefé
130008,1300086,Anamã,AM,13,Amazonas,Norte,Centro Amazonense,Coari,Manacapuru,Manaus
130010,1300102,Anori,AM,13,Amazonas,Norte,Centro Amazonense,Coari,Coari,Manaus
130014,1300144,Apuí,AM,13,Amazonas,Norte,Sul Amazonense,Madeira,Manicoré,Lábrea
130020,1300201,Atalaia do Norte,AM,13,Amazonas,Norte,Sudoeste Amazonense,Alto Solimões,Tabatinga,Tefé
130030,1300300,Autazes,AM,13,Amazonas,Norte,Centro Amazonense,Manaus,Manaus,Manaus
130040,1300409,Barcelos,AM,13,Amazonas,Norte,Norte Amazonense,Rio Negro,São Gabriel da Cachoeira,Manaus
130050,1300508,Barreirinha,AM,13,Amazonas,Norte,Centro Amazonense,Parintins,Parintins,Parintins
130060,1300607,Benjamin Constant,AM,13,Amazonas,Norte,Sudoeste Amazonense,Alto Solimões,Tabatinga,Tefé
130063,1300631,Beruri,AM,13,Amazonas,Norte,Centro Amazonense,Coari,Coari,Manaus
130068,1300680,Boa Vista do Ramos,AM,13,Amazonas,Norte,Centro Amazonense,Parintins,Parintins,Parintins
130070,1300706,Boca do Acre,AM,13,Amazonas,Norte,Sul Amazonense,Boca do Acre,Lábrea,Lábrea
130080,1300805,Borba,AM,13,Amazonas,Norte,Sul Amazonense,Madeira,Manaus,Manaus
130083,1300839,Caapiranga,AM,13,Amazonas,Norte,Centro Amazonense,Coari,Manacapuru,Manaus
130090,1300904,Canutama,AM,13,Amazonas,Norte,Sul Amazonense,Purus,Lábrea,Lábrea
130100,1301001,Carauari,AM,13,Amazonas,Norte,Sudoeste Amazonense,Juruá,Tefé,Tefé
130110,1301100,Careiro,AM,13,Amazonas,Norte,Centro Amazonense,Manaus,Manaus,Manaus
130115,1301159,Careiro da Várzea,AM,13,Amazonas,Norte,Centro Amazonense,Manaus,Manaus,Manaus
130120,1301209,Coari,AM,13,Amazonas,Norte,Centro Amazonense,Coari,Coari,Manaus
130130,1301308,Codajás,AM,13,Amazonas,Norte,Centro Amazonense,Coari,Coari,Manaus
130140,1301407,Eirunepé,AM,13,Amazonas,Norte,Sudoeste Amazonense,Juruá,Eirunepé,Tefé
130150,1301506,Envira,AM,13,Amazonas,Norte,Sudoeste Amazonense,Juruá,Eirunepé,Tefé
130160,1301605,Fonte Boa,AM,13,Amazonas,Norte,Sudoeste Amazonense,Alto Solimões,Tefé,Tefé
130165,1301654,Guajará,AM,13,Amazonas,Norte,Sudoeste Amazonense,Juruá,Eirunepé,Tefé
130170,1301704,Humaitá,AM,13,Amazonas,Norte,Sul Amazonense,Madeira,Manicoré,Lábrea
130180,1301803,Ipixuna,AM,13,Amazonas,Norte,Sudoeste Amazonense,Juruá,Eirunepé,Tefé
130185,1301852,Iranduba,AM,13,Amazonas,Norte,Centro Amazonense,Manaus,Manaus,Manaus
130190,1301902,Itacoatiara,AM,13,Amazonas,Norte,Centro Amazonense,Itacoatiara,Itacoatiara,Parintins
130195,1301951,Itamarati,AM,13,Amazonas,Norte,Sudoeste Amazonense,Juruá,Eirunepé,Tefé
130200,1302009,Itapiranga,AM,13,Amazonas,Norte,Centro Amazonense,Itacoatiara,Itacoatiara,Parintins
130210,1302108,Japurá,AM,13,Amazonas,Norte,Norte Amazonense,Japurá,Tefé,Tefé
130220,1302207,Juruá,AM,13,Amazonas,Norte,Sudoeste Amazonense,Juruá,Tefé,Tefé
130230,1302306,Jutaí,AM,13,Amazonas,Norte,Sudoeste Amazonense,Alto Solimões,Tefé,Tefé
130240,1302405,Lábrea,AM,13,Amazonas,Norte,Sul Amazonense,Purus,Lábrea,Lábrea
130250,1302504,Manacapuru,AM,13,Amazonas,Norte,Centro Amazonense,Manaus,Manacapuru,Manaus
130255,1302553,Manaquiri,AM,13,Amazonas,Norte,Centro Amazonense,Manaus,Manaus,Manaus
130260,1302603,Manaus,AM,13,Amazonas,Norte,Centro Amazonense,Manaus,Manaus,Manaus
130270,1302702,Manicoré,AM,13,Amazonas,Norte,Sul Amazonense,Madeira,Manicoré,Lábrea
130280,1302801,Maraã,AM,13,Amazonas,Norte,Norte Amazonense,Japurá,Tefé,Tefé
130290,1302900,Maués,AM,13,Amazonas,Norte,Centro Amazonense,Parintins,Parintins,Parintins
130300,1303007,Nhamundá,AM,13,Amazonas,Norte,Centro Amazonense,Parintins,Parintins,Parintins
130310,1303106,Nova Olinda do Norte,AM,13,Amazonas,Norte,Centro Amazonense,Itacoatiara,Manaus,Manaus
130320,1303205,Novo Airão,AM,13,Amazonas,Norte,Norte Amazonense,Rio Negro,Manacapuru,Manaus
130330,1303304,Novo Aripuanã,AM,13,Amazonas,Norte,Sul Amazonense,Madeira,Manicoré,Lábrea
130340,1303403,Parintins,AM,13,Amazonas,Norte,Centro Amazonense,Parintins,Parintins,Parintins
130350,1303502,Pauini,AM,13,Amazonas,Norte,Sul Amazonense,Boca do Acre,Lábrea,Lábrea
130353,1303536,Presidente Figueiredo,AM,13,Amazonas,Norte,Centro Amazonense,Rio Preto da Eva,Manaus,Manaus
130356,1303569,Rio Preto da Eva,AM,13,Amazonas,Norte,Centro Amazonense,Rio Preto da Eva,Manaus,Manaus
130360,1303601,Santa Isabel do Rio Negro,AM,13,Amazonas,Norte,Norte Amazonense,Rio Negro,São Gabriel da Cachoeira,Manaus
130370,1303700,Santo Antônio do Içá,AM,13,Amazonas,Norte,Sudoeste Amazonense,Alto Solimões,Tabatinga,Tefé
130380,1303809,São Gabriel da Cachoeira,AM,13,Amazonas,Norte,Norte Amazonense,Rio Negro,São Gabriel da Cachoeira,Manaus
130390,1303908,São Paulo de Olivença,AM,13,Amazonas,Norte,Sudoeste Amazonense,Alto Solimões,Tabatinga,Tefé
130395,1303957,São Sebastião do Uatumã,AM,13,Amazonas,Norte,Centro Amazonense,Parintins,Itacoatiara,Parintins
130400,1304005,Silves,AM,13,Amazonas,Norte,Centro Amazonense,Itacoatiara,Itacoatiara,Parintins
130406,1304062,Tabatinga,AM,13,Amazonas,Norte,Sudoeste Amazonense,Alto Solimões,Tabatinga,Tefé
130410,1304104,Tapauá,AM,13,Amazonas,Norte,Sul Amazonense,Purus,Lábrea,Lábrea
130420,1304203,Tefé,AM,13,Amazonas,Norte,Centro Amazonense,Tefé,Tefé,Tefé
130423,1304237,Tonantins,AM,13,Amazonas,Norte,Sudoeste Amazonense,Alto Solimões,Tabatinga,Tefé
130426,1304260,Uarini,AM,13,Amazonas,Norte,Centro Amazonense,Tefé,Tefé,Tefé
130430,1304302,Urucará,AM,13,Amazonas,Norte,Centro Amazonense,Parintins,Itacoatiara,Parintins
130440,1304401,Urucurituba,AM,13,Amazonas,Norte,Centro Amazonense,Itacoatiara,Itacoatiara,Parintins
140002,1400027,Amajari,RR,14,Roraima,Norte,Norte de Roraima,Boa Vista,Pacaraima,Boa Vista
140005,1400050,Alto Alegre,RR,14,Roraima,Norte,Norte de Roraima,Boa Vista,Boa Vista,Boa Vista
140010,1400100,Boa Vista,RR,14,Roraima,Norte,Norte de Roraima,Boa Vista,Boa Vista,Boa Vista
140015,1400159,Bonfim,RR,14,Roraima,Norte,Norte de Roraima,Nordeste de Roraima,Boa Vista,Boa Vista
140017,1400175,Cantá,RR,14,Roraima,Norte,Norte de Roraima,Nordeste de Roraima,Boa Vista,Boa Vista
140020,1400209,Caracaraí,RR,14,Roraima,Norte,Sul de Roraima,Caracaraí,Caracaraí,Rorainópolis - Caracaraí
140023,1400233,Caroebe,RR,14,Roraima,Norte,Sul de Roraima,Sudeste de Roraima,Rorainópolis,Rorainópolis - Caracaraí
140028,1400282,Iracema,RR,14,Roraima,Norte,Sul de Roraima,Caracaraí,Caracaraí,Rorainópolis - Caracaraí
140030,1400308,Mucajaí,RR,14,Roraima,Norte,Sul de Roraima,Caracaraí,Boa Vista,Boa Vista
140040,1400407,Normandia,RR,14,Roraima,Norte,Norte de Roraima,Nordeste de Roraima,Pacaraima,Boa Vista
140045,1400456,Pacaraima,RR,14,Roraima,Norte,Norte de Roraima,Boa Vista,Pacaraima,Boa Vista
140047,1400472,Rorainópolis,RR,14,Roraima,Norte,Sul de Roraima,Sudeste de Roraima,Rorainópolis,Rorainópolis - Caracaraí
140050,1400506,São João da Baliza,RR,14,Roraima,Norte,Sul de Roraima,Sudeste de Roraima,Rorainópolis,Rorainópolis - Caracaraí
140060,1400605,São Luiz do Anauá,RR,14,Roraima,Norte,Sul de Roraima,Sudeste de Roraima,Rorainópolis,Rorainópolis - Caracaraí
140070,1400704,Uiramutã,RR,14,Roraima,Norte,Norte de Roraima,Nordeste de Roraima,Pacaraima,Boa Vista
150010,1500107,Abaetetuba,PA,15,Pará,Norte,Nordeste Paraense,Cametá,Abaetetuba,Belém
150013,1500131,Abel Figueiredo,PA,15,Pará,Norte,Sudeste Paraense,Paragominas,Marabá,Marabá
150020,1500206,Acará,PA,15,Pará,Norte,Nordeste Paraense,Tomé-Açu,Belém,Belém
150030,1500305,Afuá,PA,15,Pará,Norte,Marajó,Furos de Breves,Breves,Breves
150034,1500347,Água Azul do Norte,PA,15,Pará,Norte,Sudeste Paraense,Parauapebas,Xinguara,Redenção
150040,1500404,Alenquer,PA,15,Pará,Norte,Baixo Amazonas,Santarém,Santarém,Santarém
150050,1500503,Almeirim,PA,15,Pará,Norte,Baixo Amazonas,Almeirim,Almeirim - Porto de Moz,Altamira
150060,1500602,Altamira,PA,15,Pará,Norte,Sudoeste Paraense,Altamira,Altamira,Altamira
150070,1500701,Anajás,PA,15,Pará,Norte,Marajó,Furos de Breves,Breves,Breves
150080,1500800,Ananindeua,PA,15,Pará,Norte,Metropolitana de Belém,Belém,Belém,Belém
150085,1500859,Anapu,PA,15,Pará,Norte,Sudoeste Paraense,Altamira,Altamira,Altamira
150090,1500909,Augusto Corrêa,PA,15,Pará,Norte,Nordeste Paraense,Bragantina,Bragança,Castanhal
150095,1500958,Aurora do Pará,PA,15,Pará,Norte,Nordeste Paraense,Guamá,Paragominas,Castanhal
150100,1501006,Aveiro,PA,15,Pará,Norte,Sudoeste Paraense,Itaituba,Itaituba,Santarém
150110,1501105,Bagre,PA,15,Pará,Norte,Marajó,Portel,Breves,Breves
150120,1501204,Baião,PA,15,Pará,Norte,Nordeste Paraense,Cametá,Tucuruí,Marabá
150125,1501253,Bannach,PA,15,Pará,Norte,Sudeste Paraense,São Félix do Xingu,Redenção,Redenção
150130,1501303,Barcarena,PA,15,Pará,Norte,Metropolitana de Belém,Belém,Belém,Belém
150140,1501402,Belém,PA,15,Pará,Norte,Metropolitana de Belém,Belém,Belém,Belém
150145,1501451,Belterra,PA,15,Pará,Norte,Baixo Amazonas,Santarém,Santarém,Santarém
150150,1501501,Benevides,PA,15,Pará,Norte,Metropolitana de Belém,Belém,Belém,Belém
150157,1501576,Bom Jesus do Tocantins,PA,15,Pará,Norte,Sudeste Paraense,Paragominas,Marabá,Marabá
150160,1501600,Bonito,PA,15,Pará,Norte,Nordeste Paraense,Bragantina,Capanema,Castanhal
150170,1501709,Bragança,PA,15,Pará,Norte,Nordeste Paraense,Bragantina,Bragança,Castanhal
150172,1501725,Brasil Novo,PA,15,Pará,Norte,Sudoeste Paraense,Altamira,Altamira,Altamira
150175,1501758,Brejo Grande do Araguaia,PA,15,Pará,Norte,Sudeste Paraense,Marabá,Marabá,Marabá
150178,1501782,Breu Branco,PA,15,Pará,Norte,Sudeste Paraense,Tucuruí,Tucuruí,Marabá
150180,1501808,Breves,PA,15,Pará,Norte,Marajó,Furos de Breves,Breves,Breves
150190,1501907,Bujaru,PA,15,Pará,Norte,Metropolitana de Belém,Castanhal,Belém,Belém
150195,1501956,Cachoeira do Piriá,PA,15,Pará,Norte,Nordeste Paraense,Guamá,Bragança,Castanhal
150200,1502004,Cachoeira do Arari,PA,15,Pará,Norte,Marajó,Arari,Soure-Salvaterra,Breves
150210,1502103,Cametá,PA,15,Pará,Norte,Nordeste Paraense,Cametá,Cametá,Belém
150215,1502152,Canaã dos Carajás,PA,15,Pará,Norte,Sudeste Paraense,Parauapebas,Parauapebas,Marabá
150220,1502202,Capanema,PA,15,Pará,Norte,Nordeste Paraense,Bragantina,Capanema,Castanhal
150230,1502301,Capitão Poço,PA,15,Pará,Norte,Nordeste Paraense,Guamá,Capitão Poço,Castanhal
150240,1502400,Castanhal,PA,15,Pará,Norte,Metropolitana de Belém,Castanhal,Castanhal,Castanhal
150250,1502509,Chaves,PA,15,Pará,Norte,Marajó,Arari,Breves,Breves
150260,1502608,Colares,PA,15,Pará,Norte,Nordeste Paraense,Salgado,Belém,Belém
150270,1502707,Conceição do Araguaia,PA,15,Pará,Norte,Sudeste Paraense,Conceição do Araguaia,Redenção,Redenção
150275,1502756,Concórdia do Pará,PA,15,Pará,Norte,Nordeste Paraense,Tomé-Açu,Belém,Belém
150276,1502764,Cumaru do Norte,PA,15,Pará,Norte,Sudeste Paraense,São Félix do Xingu,Redenção,Redenção
150277,1502772,Curionópolis,PA,15,Pará,Norte,Sudeste Paraense,Parauapebas,Parauapebas,Marabá
150280,1502806,Curralinho,PA,15,Pará,Norte,Marajó,Furos de Breves,Breves,Breves
150285,1502855,Curuá,PA,15,Pará,Norte,Baixo Amazonas,Santarém,Oriximiná,Santarém
150290,1502905,Curuçá,PA,15,Pará,Norte,Nordeste Paraense,Salgado,Castanhal,Castanhal
150293,1502939,Dom Eliseu,PA,15,Pará,Norte,Sudeste Paraense,Paragominas,Paragominas,Castanhal
150295,1502954,Eldorado do Carajás,PA,15,Pará,Norte,Sudeste Paraense,Parauapebas,Parauapebas,Marabá
150300,1503002,Faro,PA,15,Pará,Norte,Baixo Amazonas,Óbidos,Oriximiná,Santarém
150304,1503044,Floresta do Araguaia,PA,15,Pará,Norte,Sudeste Paraense,Conceição do Araguaia,Redenção,Redenção
150307,1503077,Garrafão do Norte,PA,15,Pará,Norte,Nordeste Paraense,Guamá,Capitão Poço,Castanhal
150309,1503093,Goianésia do Pará,PA,15,Pará,Norte,Sudeste Paraense,Paragominas,Tucuruí,Marabá
150310,1503101,Gurupá,PA,15,Pará,Norte,Marajó,Portel,Breves,Breves
150320,1503200,Igarapé-Açu,PA,15,Pará,Norte,Nordeste Paraense,Bragantina,Castanhal,Castanhal
150330,1503309,Igarapé-Miri,PA,15,Pará,Norte,Nordeste Paraense,Cametá,Abaetetuba,Belém
150340,1503408,Inhangapi,PA,15,Pará,Norte,Metropolitana de Belém,Castanhal,Castanhal,Castanhal
150345,1503457,Ipixuna do Pará,PA,15,Pará,Norte,Nordeste Paraense,Guamá,Paragominas,Castanhal
150350,1503507,Irituia,PA,15,Pará,Norte,Nordeste Paraense,Guamá,Castanhal,Castanhal
150360,1503606,Itaituba,PA,15,Pará,Norte,Sudoeste Paraense,Itaituba,Itaituba,Santarém
150370,1503705,Itupiranga,PA,15,Pará,Norte,Sudeste Paraense,Tucuruí,Marabá,Marabá
150375,1503754,Jacareacanga,PA,15,Pará,Norte,Sudoeste Paraense,Itaituba,Itaituba,Santarém
150380,1503804,Jacundá,PA,15,Pará,Norte,Sudeste Paraense,Tucuruí,Marabá,Marabá
150390,1503903,Juruti,PA,15,Pará,Norte,Baixo Amazonas,Óbidos,Oriximiná,Santarém
150400,1504000,Limoeiro do Ajuru,PA,15,Pará,Norte,Nordeste Paraense,Cametá,Cametá,Belém
150405,1504059,Mãe do Rio,PA,15,Pará,Norte,Nordeste Paraense,Guamá,Paragominas,Castanhal
150410,1504109,Magalhães Barata,PA,15,Pará,Norte,Nordeste Paraense,Salgado,Castanhal,Castanhal
150420,1504208,Marabá,PA,15,Pará,Norte,Sudeste Paraense,Marabá,Marabá,Marabá
150430,1504307,Maracanã,PA,15,Pará,Norte,Nordeste Paraense,Salgado,Castanhal,Castanhal
150440,1504406,Marapanim,PA,15,Pará,Norte,Nordeste Paraense,Salgado,Castanhal,Castanhal
150442,1504422,Marituba,PA,15,Pará,Norte,Metropolitana de Belém,Belém,Belém,Belém
150445,1504455,Medicilândia,PA,15,Pará,Norte,Sudoeste Paraense,Altamira,Altamira,Altamira
150450,1504505,Melgaço,PA,15,Pará,Norte,Marajó,Portel,Breves,Breves
150460,1504604,Mocajuba,PA,15,Pará,Norte,Nordeste Paraense,Cametá,Cametá,Belém
150470,1504703,Moju,PA,15,Pará,Norte,Nordeste Paraense,Tomé-Açu,Abaetetuba,Belém
150475,1504752,Mojuí dos Campos,PA,15,Pará,Norte,Baixo Amazonas,Santarém,Santarém,Santarém
150480,1504802,Monte Alegre,PA,15,Pará,Norte,Baixo Amazonas,Santarém,Santarém,Santarém
150490,1504901,Muaná,PA,15,Pará,Norte,Marajó,Arari,Soure-Salvaterra,Breves
150495,1504950,Nova Esperança do Piriá,PA,15,Pará,Norte,Nordeste Paraense,Guamá,Capitão Poço,Castanhal
150497,1504976,Nova Ipixuna,PA,15,Pará,Norte,Sudeste Paraense,Tucuruí,Marabá,Marabá
150500,1505007,Nova Timboteua,PA,15,Pará,Norte,Nordeste Paraense,Bragantina,Capanema,Castanhal
150503,1505031,Novo Progresso,PA,15,Pará,Norte,Sudoeste Paraense,Itaituba,Itaituba,Santarém
150506,1505064,Novo Repartimento,PA,15,Pará,Norte,Sudeste Paraense,Tucuruí,Tucuruí,Marabá
150510,1505106,Óbidos,PA,15,Pará,Norte,Baixo Amazonas,Óbidos,Oriximiná,Santarém
150520,1505205,Oeiras do Pará,PA,15,Pará,Norte,Nordeste Paraense,Cametá,Cametá,Belém
150530,1505304,Oriximiná,PA,15,Pará,Norte,Baixo Amazonas,Óbidos,Oriximiná,Santarém
150540,1505403,Ourém,PA,15,Pará,Norte,Nordeste Paraense,Guamá,Capitão Poço,Castanhal
150543,1505437,Ourilândia do Norte,PA,15,Pará,Norte,Sudeste Paraense,São Félix do Xingu,Tucumã - São Félix do Xingu,Redenção
150548,1505486,Pacajá,PA,15,Pará,Norte,Sudoeste Paraense,Altamira,Tucuruí,Marabá
150549,1505494,Palestina do Pará,PA,15,Pará,Norte,Sudeste Paraense,Marabá,Marabá,Marabá
150550,1505502,Paragominas,PA,15,Pará,Norte,Sudeste Paraense,Paragominas,Paragominas,Castanhal
150553,1505536,Parauapebas,PA,15,Pará,Norte,Sudeste Paraense,Parauapebas,Parauapebas,Marabá
150555,1505551,Pau D'Arco,PA,15,Pará,Norte,Sudeste Paraense,Redenção,Redenção,Redenção
150560,1505601,Peixe-Boi,PA,15,Pará,Norte,Nordeste Paraense,Bragantina,Capanema,Castanhal
150563,1505635,Piçarra,PA,15,Pará,Norte,Sudeste Paraense,Redenção,Marabá,Marabá
150565,1505650,Placas,PA,15,Pará,Norte,Baixo Amazonas,Santarém,Itaituba,Santarém
150570,1505700,Ponta de Pedras,PA,15,Pará,Norte,Marajó,Arari,Soure-Salvaterra,Breves
150580,1505809,Portel,PA,15,Pará,Norte,Marajó,Portel,Breves,Breves
150590,1505908,Porto de Moz,PA,15,Pará,Norte,Baixo Amazonas,Almeirim,Almeirim - Porto de Moz,Altamira
150600,1506005,Prainha,PA,15,Pará,Norte,Baixo Amazonas,Santarém,Santarém,Santarém
150610,1506104,Primavera,PA,15,Pará,Norte,Nordeste Paraense,Bragantina,Capanema,Castanhal
150611,1506112,Quatipuru,PA,15,Pará,Norte,Nordeste Paraense,Bragantina,Capanema,Castanhal
150613,1506138,Redenção,PA,15,Pará,Norte,Sudeste Paraense,Redenção,Redenção,Redenção
150616,1506161,Rio Maria,PA,15,Pará,Norte,Sudeste Paraense,Redenção,Xinguara,Redenção
150618,1506187,Rondon do Pará,PA,15,Pará,Norte,Sudeste Paraense,Paragominas,Marabá,Marabá
150619,1506195,Rurópolis,PA,15,Pará,Norte,Sudoeste Paraense,Itaituba,Itaituba,Santarém
150620,1506203,Salinópolis,PA,15,Pará,Norte,Nordeste Paraense,Salgado,Capanema,Castanhal
150630,1506302,Salvaterra,PA,15,Pará,Norte,Marajó,Arari,Soure-Salvaterra,Breves
150635,1506351,Santa Bárbara do Pará,PA,15,Pará,Norte,Metropolitana de Belém,Belém,Belém,Belém
150640,1506401,Santa Cruz do Arari,PA,15,Pará,Norte,Marajó,Arari,Soure-Salvaterra,Breves
150650,1506500,Santa Izabel do Pará,PA,15,Pará,Norte,Metropolitana de Belém,Castanhal,Belém,Belém
150655,1506559,Santa Luzia do Pará,PA,15,Pará,Norte,Nordeste Paraense,Guamá,Bragança,Castanhal
150658,1506583,Santa Maria das Barreiras,PA,15,Pará,Norte,Sudeste Paraense,Conceição do Araguaia,Redenção,Redenção
150660,1506609,Santa Maria do Pará,PA,15,Pará,Norte,Nordeste Paraense,Bragantina,Castanhal,Castanhal
150670,1506708,Santana do Araguaia,PA,15,Pará,Norte,Sudeste Paraense,Conceição do Araguaia,Redenção,Redenção
150680,1506807,Santarém,PA,15,Pará,Norte,Baixo Amazonas,Santarém,Santarém,Santarém
150690,1506906,Santarém Novo,PA,15,Pará,Norte,Nordeste Paraense,Bragantina,Capanema,Castanhal
150700,1507003,Santo Antônio do Tauá,PA,15,Pará,Norte,Metropolitana de Belém,Castanhal,Belém,Belém
150710,1507102,São Caetano de Odivelas,PA,15,Pará,Norte,Nordeste Paraense,Salgado,Belém,Belém
150715,1507151,São Domingos do Araguaia,PA,15,Pará,Norte,Sudeste Paraense,Marabá,Marabá,Marabá
150720,1507201,São Domingos do Capim,PA,15,Pará,Norte,Nordeste Paraense,Guamá,Castanhal,Castanhal
150730,1507300,São Félix do Xingu,PA,15,Pará,Norte,Sudeste Paraense,São Félix do Xingu,Tucumã - São Félix do Xingu,Redenção
150740,1507409,São Francisco do Pará,PA,15,Pará,Norte,Nordeste Paraense,Bragantina,Castanhal,Castanhal
150745,1507458,São Geraldo do Araguaia,PA,15,Pará,Norte,Sudeste Paraense,Redenção,Marabá,Marabá
150746,1507466,São João da Ponta,PA,15,Pará,Norte,Nordeste Paraense,Salgado,Castanhal,Castanhal
150747,1507474,São João de Pirabas,PA,15,Pará,Norte,Nordeste Paraense,Salgado,Capanema,Castanhal
150750,1507508,São João do Araguaia,PA,15,Pará,Norte,Sudeste Paraense,Marabá,Marabá,Marabá
150760,1507607,São Miguel do Guamá,PA,15,Pará,Norte,Nordeste Paraense,Guamá,Castanhal,Castanhal
150770,1507706,São Sebastião da Boa Vista,PA,15,Pará,Norte,Marajó,Furos de Breves,Breves,Breves
150775,1507755,Sapucaia,PA,15,Pará,Norte,Sudeste Paraense,Redenção,Xinguara,Redenção
150780,1507805,Senador José Porfírio,PA,15,Pará,Norte,Sudoeste Paraense,Altamira,Altamira,Altamira
150790,1507904,Soure,PA,15,Pará,Norte,Marajó,Arari,Soure-Salvaterra,Breves
150795,1507953,Tailândia,PA,15,Pará,Norte,Nordeste Paraense,Tomé-Açu,Abaetetuba,Belém
150796,1507961,Terra Alta,PA,15,Pará,Norte,Nordeste Paraense,Salgado,Castanhal,Castanhal
150797,1507979,Terra Santa,PA,15,Pará,Norte,Baixo Amazonas,Óbidos,Oriximiná,Santarém
150800,1508001,Tomé-Açu,PA,15,Pará,Norte,Nordeste Paraense,Tomé-Açu,Belém,Belém
150803,1508035,Tracuateua,PA,15,Pará,Norte,Nordeste Paraense,Bragantina,Bragança,Castanhal
150805,1508050,Trairão,PA,15,Pará,Norte,Sudoeste Paraense,Itaituba,Itaituba,Santarém
150808,1508084,Tucumã,PA,15,Pará,Norte,Sudeste Paraense,São Félix do Xingu,Tucumã - São Félix do Xingu,Redenção
150810,1508100,Tucuruí,PA,15,Pará,Norte,Sudeste Paraense,Tucuruí,Tucuruí,Marabá
150812,1508126,Ulianópolis,PA,15,Pará,Norte,Sudeste Paraense,Paragominas,Paragominas,Castanhal
150815,1508159,Uruará,PA,15,Pará,Norte,Sudoeste Paraense,Altamira,Altamira,Altamira
150820,1508209,Vigia,PA,15,Pará,Norte,Nordeste Paraense,Salgado,Belém,Belém
150830,1508308,Viseu,PA,15,Pará,Norte,Nordeste Paraense,Guamá,Bragança,Castanhal
150835,1508357,Vitória do Xingu,PA,15,Pará,Norte,Sudoeste Paraense,Altamira,Altamira,Altamira
150840,1508407,Xinguara,PA,15,Pará,Norte,Sudeste Paraense,Redenção,Xinguara,Redenção
160005,1600055,Serra do Navio,AP,16,Amapá,Norte,Sul do Amapá,Macapá,Porto Grande,Oiapoque - Porto Grande
160010,1600105,Amapá,AP,16,Amapá,Norte,Norte do Amapá,Amapá,Oiapoque,Oiapoque - Porto Grande
160015,1600154,Pedra Branca do Amapari,AP,16,Amapá,Norte,Sul do Amapá,Macapá,Porto Grande,Oiapoque - Porto Grande
160020,1600204,Calçoene,AP,16,Amapá,Norte,Norte do Amapá,Oiapoque,Oiapoque,Oiapoque - Porto Grande
160021,1600212,Cutias,AP,16,Amapá,Norte,Sul do Amapá,Macapá,Oiapoque,Oiapoque - Porto Grande
160023,1600238,Ferreira Gomes,AP,16,Amapá,Norte,Sul do Amapá,Macapá,Porto Grande,Oiapoque - Porto Grande
160025,1600253,Itaubal,AP,16,Amapá,Norte,Sul do Amapá,Macapá,Macapá,Macapá
160027,1600279,Laranjal do Jari,AP,16,Amapá,Norte,Sul do Amapá,Mazagão,Laranjal do Jari,Macapá
160030,1600303,Macapá,AP,16,Amapá,Norte,Sul do Amapá,Macapá,Macapá,Macapá
160040,1600402,Mazagão,AP,16,Amapá,Norte,Sul do Amapá,Mazagão,Macapá,Macapá
160050,1600501,Oiapoque,AP,16,Amapá,Norte,Norte do Amapá,Oiapoque,Oiapoque,Oiapoque - Porto Grande
160053,1600535,Porto Grande,AP,16,Amapá,Norte,Sul do Amapá,Macapá,Porto Grande,Oiapoque - Porto Grande
160055,1600550,Pracuúba,AP,16,Amapá,Norte,Norte do Amapá,Amapá,Oiapoque,Oiapoque - Porto Grande
160060,1600600,Santana,AP,16,Amapá,Norte,Sul do Amapá,Macapá,Macapá,Macapá
160070,1600709,Tartarugalzinho,AP,16,Amapá,Norte,Norte do Amapá,Amapá,Oiapoque,Oiapoque - Porto Grande
160080,1600808,Vitória do Jari,AP,16,Amapá,Norte,Sul do Amapá,Mazagão,Laranjal do Jari,Macapá
170025,1700251,Abreulândia,TO,17,Tocantins,Norte,Ocidental do Tocantins,Miracema do Tocantins,Paraíso do Tocantins,Palmas
170030,1700301,Aguiarnópolis,TO,17,Tocantins,Norte,Ocidental do Tocantins,Bico do Papagaio,Tocantinópolis,Araguaína
170035,1700350,Aliança do Tocantins,TO,17,Tocantins,Norte,Ocidental do Tocantins,Gurupi,Gurupi,Gurupi
170040,1700400,Almas,TO,17,Tocantins,Norte,Oriental do Tocantins,Dianópolis,Dianópolis,Gurupi
170070,1700707,Alvorada,TO,17,Tocantins,Norte,Ocidental do Tocantins,Gurupi,Gurupi,Gurupi
170100,1701002,Ananás,TO,17,Tocantins,Norte,Ocidental do Tocantins,Bico do Papagaio,Araguaína,Araguaína
170105,1701051,Angico,TO,17,Tocantins,Norte,Ocidental do Tocantins,Bico do Papagaio,Araguaína,Araguaína
170110,1701101,Aparecida do Rio Negro,TO,17,Tocantins,Norte,Oriental do Tocantins,Porto Nacional,Palmas,Palmas
170130,1701309,Aragominas,TO,17,Tocantins,Norte,Ocidental do Tocantins,Araguaína,Araguaína,Araguaína
170190,1701903,Araguacema,TO,17,Tocantins,Norte,Ocidental do Tocantins,Miracema do Tocantins,Paraíso do Tocantins,Palmas
170200,1702000,Araguaçu,TO,17,Tocantins,Norte,Ocidental do Tocantins,Rio Formoso,Gurupi,Gurupi
170210,1702109,Araguaína,TO,17,Tocantins,Norte,Ocidental do Tocantins,Araguaína,Araguaína,Araguaína
170215,1702158,Araguanã,TO,17,Tocantins,Norte,Ocidental do Tocantins,Araguaína,Araguaína,Araguaína
170220,1702208,Araguatins,TO,17,Tocantins,Norte,Ocidental do Tocantins,Bico do Papagaio,Araguatins,Araguaína
170230,1702307,Arapoema,TO,17,Tocantins,Norte,Ocidental do Tocantins,Araguaína,Araguaína,Araguaína
170240,1702406,Arraias,TO,17,Tocantins,Norte,Oriental do Tocantins,Dianópolis,Dianópolis,Gurupi
170255,1702554,Augustinópolis,TO,17,Tocantins,Norte,Ocidental do Tocantins,Bico do Papagaio,Araguatins,Araguaína
170270,1702703,Aurora do Tocantins,TO,17,Tocantins,Norte,Oriental do Tocantins,Dianópolis,Dianópolis,Gurupi
170290,1702901,Axixá do Tocantins,TO,17,Tocantins,Norte,Ocidental do Tocantins,Bico do Papagaio,Araguatins,Araguaína
170300,1703008,Babaçulândia,TO,17,Tocantins,Norte,Ocidental do Tocantins,Araguaína,Araguaína,Araguaína
170305,1703057,Bandeirantes do Tocantins,TO,17,Tocantins,Norte,Ocidental do Tocantins,Araguaína,Colinas do Tocantins,Araguaína
170307,1703073,Barra do Ouro,TO,17,Tocantins,Norte,Oriental do Tocantins,Jalapão,Araguaína,Araguaína
170310,1703107,Barrolândia,TO,17,Tocantins,Norte,Ocidental do Tocantins,Miracema do Tocantins,Paraíso do Tocantins,Palmas
170320,1703206,Bernardo Sayão,TO,17,Tocantins,Norte,Ocidental do Tocantins,Miracema do Tocantins,Colinas do Tocantins,Araguaína
170330,1703305,Bom Jesus do Tocantins,TO,17,Tocantins,Norte,Oriental do Tocantins,Porto Nacional,Guaraí,Araguaína
170360,1703602,Brasilândia do Tocantins,TO,17,Tocantins,Norte,Ocidental do Tocantins,Miracema do Tocantins,Colinas do Tocantins,Araguaína
170370,1703701,Brejinho de Nazaré,TO,17,Tocantins,Norte,Ocidental do Tocantins,Gurupi,Porto Nacional,Palmas
170380,1703800,Buriti do Tocantins,TO,17,Tocantins,Norte,Ocidental do Tocantins,Bico do Papagaio,Araguatins,Araguaína
170382,1703826,Cachoeirinha,TO,17,Tocantins,Norte,Ocidental do Tocantins,Bico do Papagaio,Tocantinópolis,Araguaína
170384,1703842,Campos Lindos,TO,17,Tocantins,Norte,Oriental do Tocantins,Jalapão,Araguaína,Araguaína
170386,1703867,Cariri do Tocantins,TO,17,Tocantins,Norte,Ocidental do Tocantins,Gurupi,Gurupi,Gurupi
170388,1703883,Carmolândia,TO,17,Tocantins,Norte,Ocidental do Tocantins,Araguaína,Araguaína,Araguaína
170389,1703891,Carrasco Bonito,TO,17,Tocantins,Norte,Ocidental do Tocantins,Bico do Papagaio,Araguatins,Araguaína
170390,1703909,Caseara,TO,17,Tocantins,Norte,Ocidental do Tocantins,Miracema do Tocantins,Paraíso do Tocantins,Palmas
170410,1704105,Centenário,TO,17,Tocantins,Norte,Oriental do Tocantins,Jalapão,Guaraí,Araguaína
170460,1704600,Chapada de Areia,TO,17,Tocantins,Norte,Ocidental do Tocantins,Rio Formoso,Paraíso do Tocantins,Palmas
170510,1705102,Chapada da Natividade,TO,17,Tocantins,Norte,Oriental do Tocantins,Dianópolis,Porto Nacional,Palmas
170550,1705508,Colinas do Tocantins,TO,17,Tocantins,Norte,Ocidental do Tocantins,Araguaína,Colinas do Tocantins,Araguaína
170555,1705557,Combinado,TO,17,Tocantins,Norte,Oriental do Tocantins,Dianópolis,Dianópolis,Gurupi
170560,1705607,Conceição do Tocantins,TO,17,Tocantins,Norte,Oriental do Tocantins,Dianópolis,Dianópolis,Gurupi
170600,1706001,Couto Magalhães,TO,17,Tocantins,Norte,Ocidental do Tocantins,Miracema do Tocantins,Guaraí,Araguaína
170610,1706100,Cristalândia,TO,17,Tocantins,Norte,Ocidental do Tocantins,Rio Formoso,Paraíso do Tocantins,Palmas
170625,1706258,Crixás do Tocantins,TO,17,Tocantins,Norte,Ocidental do Tocantins,Gurupi,Gurupi,Gurupi
170650,1706506,Darcinópolis,TO,17,Tocantins,Norte,Ocidental do Tocantins,Bico do Papagaio,Araguaína,Araguaína
170700,1707009,Dianópolis,TO,17,Tocantins,Norte,Oriental do Tocantins,Dianópolis,Dianópolis,Gurupi
170710,1707108,Divinópolis do Tocantins,TO,17,Tocantins,Norte,Ocidental do Tocantins,Miracema do Tocantins,Paraíso do Tocantins,Palmas
170720,1707207,Dois Irmãos do Tocantins,TO,17,Tocantins,Norte,Ocidental do Tocantins,Miracema do Tocantins,Miracema do Tocantins,Palmas
170730,1707306,Dueré,TO,17,Tocantins,Norte,Ocidental do Tocantins,Rio Formoso,Gurupi,Gurupi
170740,1707405,Esperantina,TO,17,Tocantins,Norte,Ocidental do Tocantins,Bico do Papagaio,Araguatins,Araguaína
170755,1707553,Fátima,TO,17,Tocantins,Norte,Ocidental do Tocantins,Rio Formoso,Porto Nacional,Palmas
170765,1707652,Figueirópolis,TO,17,Tocantins,Norte,Ocidental do Tocantins,Gurupi,Gurupi,Gurupi
170770,1707702,Filadélfia,TO,17,Tocantins,Norte,Ocidental do Tocantins,Araguaína,Araguaína,Araguaína
170820,1708205,Formoso do Araguaia,TO,17,Tocantins,Norte,Ocidental do Tocantins,Rio Formoso,Gurupi,Gurupi
170825,1708254,Tabocão,TO,17,Tocantins,Norte,Ocidental do Tocantins,Miracema do Tocantins,Guaraí,Araguaína
170830,1708304,Goianorte,TO,17,Tocantins,Norte,Ocidental do Tocantins,Miracema do Tocantins,Guaraí,Araguaína
170900,1709005,Goiatins,TO,17,Tocantins,Norte,Oriental do Tocantins,Jalapão,Araguaína,Araguaína
170930,1709302,Guaraí,TO,17,Tocantins,Norte,Ocidental do Tocantins,Miracema do Tocantins,Guaraí,Araguaína
170950,1709500,Gurupi,TO,17,Tocantins,Norte,Ocidental do Tocantins,Gurupi,Gurupi,Gurupi
170980,1709807,Ipueiras,TO,17,Tocantins,Norte,Oriental do Tocantins,Porto Nacional,Porto Nacional,Palmas
171050,1710508,Itacajá,TO,17,Tocantins,Norte,Oriental do Tocantins,Jalapão,Colinas do Tocantins,Araguaína
171070,1710706,Itaguatins,TO,17,Tocantins,Norte,Ocidental do Tocantins,Bico do Papagaio,Araguatins,Araguaína
171090,1710904,Itapiratins,TO,17,Tocantins,Norte,Oriental do Tocantins,Jalapão,Colinas do Tocantins,Araguaína
171110,1711100,Itaporã do Tocantins,TO,17,Tocantins,Norte,Ocidental do Tocantins,Miracema do Tocantins,Guaraí,Araguaína
171150,1711506,Jaú do Tocantins,TO,17,Tocantins,Norte,Ocidental do Tocantins,Gurupi,Gurupi,Gurupi
171180,1711803,Juarina,TO,17,Tocantins,Norte,Ocidental do Tocantins,Miracema do Tocantins,Colinas do Tocantins,Araguaína
171190,1711902,Lagoa da Confusão,TO,17,Tocantins,Norte,Ocidental do Tocantins,Rio Formoso,Paraíso do Tocantins,Palmas
171195,1711951,Lagoa do Tocantins,TO,17,Tocantins,Norte,Oriental do Tocantins,Jalapão,Palmas,Palmas
171200,1712009,Lajeado,TO,17,Tocantins,Norte,Oriental do Tocantins,Porto Nacional,Palmas,Palmas
171215,1712157,Lavandeira,TO,17,Tocantins,Norte,Oriental do Tocantins,Dianópolis,Dianópolis,Gurupi
171240,1712405,Lizarda,TO,17,Tocantins,Norte,Oriental do Tocantins,Jalapão,Palmas,Palmas
171245,1712454,Luzinópolis,TO,17,Tocantins,Norte,Ocidental do Tocantins,Bico do Papagaio,Tocantinópolis,Araguaína
171250,1712504,Marianópolis do Tocantins,TO,17,Tocantins,Norte,Ocidental do Tocantins,Miracema do Tocantins,Paraíso do Tocantins,Palmas
171270,1712702,Mateiros,TO,17,Tocantins,Norte,Oriental do Tocantins,Jalapão,Palmas,Palmas
171280,1712801,Maurilândia do Tocantins,TO,17,Tocantins,Norte,Ocidental do Tocantins,Bico do Papagaio,Tocantinópolis,Araguaína
171320,1713205,Miracema do Tocantins,TO,17,Tocantins,Norte,Ocidental do Tocantins,Miracema do Tocantins,Miracema do Tocantins,Palmas
171330,1713304,Miranorte,TO,17,Tocantins,Norte,Ocidental do Tocantins,Miracema do Tocantins,Miracema do Tocantins,Palmas
171360,1713601,Monte do Carmo,TO,17,Tocantins,Norte,Oriental do Tocantins,Porto Nacional,Porto Nacional,Palmas
171370,1713700,Monte Santo do Tocantins,TO,17,Tocantins,Norte,Ocidental do Tocantins,Miracema do Tocantins,Paraíso do Tocantins,Palmas
171380,1713809,Palmeiras do Tocantins,TO,17,Tocantins,Norte,Ocidental do Tocantins,Bico do Papagaio,Tocantinópolis,Araguaína
171395,1713957,Muricilândia,TO,17,Tocantins,Norte,Ocidental do Tocantins,Araguaína,Araguaína,Araguaína
171420,1714203,Natividade,TO,17,Tocantins,Norte,Oriental do Tocantins,Dianópolis,Porto Nacional,Palmas
171430,1714302,Nazaré,TO,17,Tocantins,Norte,Ocidental do Tocantins,Bico do Papagaio,Tocantinópolis,Araguaína
171488,1714880,Nova Olinda,TO,17,Tocantins,Norte,Ocidental do Tocantins,Araguaína,Araguaína,Araguaína
171500,1715002,Nova Rosalândia,TO,17,Tocantins,Norte,Ocidental do Tocantins,Rio Formoso,Paraíso do Tocantins,Palmas
171510,1715101,Novo Acordo,TO,17,Tocantins,Norte,Oriental do Tocantins,Jalapão,Palmas,Palmas
171515,1715150,Novo Alegre,TO,17,Tocantins,Norte,Oriental do Tocantins,Dianópolis,Dianópolis,Gurupi
171525,1715259,Novo Jardim,TO,17,Tocantins,Norte,Oriental do Tocantins,Dianópolis,Dianópolis,Gurupi
171550,1715507,Oliveira de Fátima,TO,17,Tocantins,Norte,Ocidental do Tocantins,Rio Formoso,Porto Nacional,Palmas
171570,1715705,Palmeirante,TO,17,Tocantins,Norte,Ocidental do Tocantins,Araguaína,Colinas do Tocantins,Araguaína
171575,1715754,Palmeirópolis,TO,17,Tocantins,Norte,Ocidental do Tocantins,Gurupi,Gurupi,Gurupi
171610,1716109,Paraíso do Tocantins,TO,17,Tocantins,Norte,Ocidental do Tocantins,Rio Formoso,Paraíso do Tocantins,Palmas
171620,1716208,Paranã,TO,17,Tocantins,Norte,Oriental do Tocantins,Dianópolis,Gurupi,Gurupi
171630,1716307,Pau D'Arco,TO,17,Tocantins,Norte,Ocidental do Tocantins,Araguaína,Araguaína,Araguaína
171650,1716505,Pedro Afonso,TO,17,Tocantins,Norte,Oriental do Tocantins,Porto Nacional,Guaraí,Araguaína
171660,1716604,Peixe,TO,17,Tocantins,Norte,Ocidental do Tocantins,Gurupi,Gurupi,Gurupi
171665,1716653,Pequizeiro,TO,17,Tocantins,Norte,Ocidental do Tocantins,Miracema do Tocantins,Guaraí,Araguaína
171670,1716703,Colméia,TO,17,Tocantins,Norte,Ocidental do Tocantins,Miracema do Tocantins,Guaraí,Araguaína
171700,1717008,Pindorama do Tocantins,TO,17,Tocantins,Norte,Oriental do Tocantins,Dianópolis,Porto Nacional,Palmas
171720,1717206,Piraquê,TO,17,Tocantins,Norte,Ocidental do Tocantins,Araguaína,Araguaína,Araguaína
171750,1717503,Pium,TO,17,Tocantins,Norte,Ocidental do Tocantins,Rio Formoso,Paraíso do Tocantins,Palmas
171780,1717800,Ponte Alta do Bom Jesus,TO,17,Tocantins,Norte,Oriental do Tocantins,Dianópolis,Dianópolis,Gurupi
171790,1717909,Ponte Alta do Tocantins,TO,17,Tocantins,Norte,Oriental do Tocantins,Jalapão,Porto Nacional,Palmas
171800,1718006,Porto Alegre do Tocantins,TO,17,Tocantins,Norte,Oriental do Tocantins,Dianópolis,Dianópolis,Gurupi
171820,1718204,Porto Nacional,TO,17,Tocantins,Norte,Oriental do Tocantins,Porto Nacional,Porto Nacional,Palmas
171830,1718303,Praia Norte,TO,17,Tocantins,Norte,Ocidental do Tocantins,Bico do Papagaio,Araguatins,Araguaína
171840,1718402,Presidente Kennedy,TO,17,Tocantins,Norte,Ocidental do Tocantins,Miracema do Tocantins,Guaraí,Araguaína
171845,1718451,Pugmil,TO,17,Tocantins,Norte,Ocidental do Tocantins,Rio Formoso,Paraíso do Tocantins,Palmas
171850,1718501,Recursolândia,TO,17,Tocantins,Norte,Oriental do Tocantins,Jalapão,Guaraí,Araguaína
171855,1718550,Riachinho,TO,17,Tocantins,Norte,Ocidental do Tocantins,Bico do Papagaio,Araguaína,Araguaína
171865,1718659,Rio da Conceição,TO,17,Tocantins,Norte,Oriental do Tocantins,Dianópolis,Dianópolis,Gurupi
171870,1718709,Rio dos Bois,TO,17,Tocantins,Norte,Ocidental do Tocantins,Miracema do Tocantins,Miracema do Tocantins,Palmas
171875,1718758,Rio Sono,TO,17,Tocantins,Norte,Oriental do Tocantins,Jalapão,Palmas,Palmas
171880,1718808,Sampaio,TO,17,Tocantins,Norte,Ocidental do Tocantins,Bico do Papagaio,Araguatins,Araguaína
171884,1718840,Sandolândia,TO,17,Tocantins,Norte,Ocidental do Tocantins,Rio Formoso,Gurupi,Gurupi
171886,1718865,Santa Fé do Araguaia,TO,17,Tocantins,Norte,Ocidental do Tocantins,Araguaína,Araguaína,Araguaína
171888,1718881,Santa Maria do Tocantins,TO,17,Tocantins,Norte,Oriental do Tocantins,Porto Nacional,Guaraí,Araguaína
171889,1718899,Santa Rita do Tocantins,TO,17,Tocantins,Norte,Ocidental do Tocantins,Gurupi,Porto Nacional,Palmas
171890,1718907,Santa Rosa do Tocantins,TO,17,Tocantins,Norte,Oriental do Tocantins,Dianópolis,Porto Nacional,Palmas
171900,1719004,Santa Tereza do Tocantins,TO,17,Tocantins,Norte,Oriental do Tocantins,Jalapão,Palmas,Palmas
172000,1720002,Santa Terezinha do Tocantins,TO,17,Tocantins,Norte,Ocidental do Tocantins,Bico do Papagaio,Tocantinópolis,Araguaína
172010,1720101,São Bento do Tocantins,TO,17,Tocantins,Norte,Ocidental do Tocantins,Bico do Papagaio,Araguatins,Araguaína
172015,1720150,São Félix do Tocantins,TO,17,Tocantins,Norte,Oriental do Tocantins,Jalapão,Palmas,Palmas
172020,1720200,São Miguel do Tocantins,TO,17,Tocantins,Norte,Ocidental do Tocantins,Bico do Papagaio,Araguatins,Araguaína
172025,1720259,São Salvador do Tocantins,TO,17,Tocantins,Norte,Ocidental do Tocantins,Gurupi,Gurupi,Gurupi
172030,1720309,São Sebastião do Tocantins,TO,17,Tocantins,Norte,Ocidental do Tocantins,Bico do Papagaio,Araguatins,Araguaína
172049,1720499,São Valério,TO,17,Tocantins,Norte,Oriental do Tocantins,Dianópolis,Gurupi,Gurupi
172065,1720655,Silvanópolis,TO,17,Tocantins,Norte,Oriental do Tocantins,Porto Nacional,Porto Nacional,Palmas
172080,1720804,Sítio Novo do Tocantins,TO,17,Tocantins,Norte,Ocidental do Tocantins,Bico do Papagaio,Araguatins,Araguaína
172085,1720853,Sucupira,TO,17,Tocantins,Norte,Ocidental do Tocantins,Gurupi,Gurupi,Gurupi
172090,1720903,Taguatinga,TO,17,Tocantins,Norte,Oriental do Tocantins,Dianópolis,Dianópolis,Gurupi
172093,1720937,Taipas do Tocantins,TO,17,Tocantins,Norte,Oriental do Tocantins,Dianópolis,Dianópolis,Gurupi
172097,1720978,Talismã,TO,17,Tocantins,Norte,Ocidental do Tocantins,Gurupi,Gurupi,Gurupi
172100,1721000,Palmas,TO,17,Tocantins,Norte,Oriental do Tocantins,Porto Nacional,Palmas,Palmas
172110,1721109,Tocantínia,TO,17,Tocantins,Norte,Oriental do Tocantins,Porto Nacional,Miracema do Tocantins,Palmas
172120,1721208,Tocantinópolis,TO,17,Tocantins,Norte,Ocidental do Tocantins,Bico do Papagaio,Tocantinópolis,Araguaína
172125,1721257,Tupirama,TO,17,Tocantins,Norte,Ocidental do Tocantins,Miracema do Tocantins,Guaraí,Araguaína
172130,1721307,Tupiratins,TO,17,Tocantins,Norte,Ocidental do Tocantins,Miracema do Tocantins,Colinas do Tocantins,Araguaína
172208,1722081,Wanderlândia,TO,17,Tocantins,Norte,Ocidental do Tocantins,Araguaína,Araguaína,Araguaína
172210,1722107,Xambioá,TO,17,Tocantins,Norte,Ocidental do Tocantins,Araguaína,Araguaína,Araguaína
210005,2100055,Açailândia,MA,21,Maranhão,Nordeste,Oeste Maranhense,Imperatriz,Açailândia,Imperatriz
210010,2100105,Afonso Cunha,MA,21,Maranhão,Nordeste,Leste Maranhense,Coelho Neto,Caxias,Caxias
210015,2100154,Água Doce do Maranhão,MA,21,Maranhão,Nordeste,Leste Maranhense,Baixo Parnaíba Maranhense,Tutóia - Araioses,São Luís
210020,2100204,Alcântara,MA,21,Maranhão,Nordeste,Norte Maranhense,Litoral Ocidental Maranhense,São Luís,São Luís
210030,2100303,Aldeias Altas,MA,21,Maranhão,Nordeste,Leste Maranhense,Coelho Neto,Caxias,Caxias
210040,2100402,Altamira do Maranhão,MA,21,Maranhão,Nordeste,Oeste Maranhense,Pindaré,Bacabal,Santa Inês - Bacabal
210043,2100436,Alto Alegre do Maranhão,MA,21,Maranhão,Nordeste,Leste Maranhense,Codó,Bacabal,Santa Inês - Bacabal
210047,2100477,Alto Alegre do Pindaré,MA,21,Maranhão,Nordeste,Oeste Maranhense,Pindaré,Santa Inês,Santa Inês - Bacabal
210050,2100501,Alto Parnaíba,MA,21,Maranhão,Nordeste,Sul Maranhense,Gerais de Balsas,Balsas,Imperatriz
210055,2100550,Amapá do Maranhão,MA,21,Maranhão,Nordeste,Oeste Maranhense,Gurupi,Governador Nunes Freire,Santa Inês - Bacabal
210060,2100600,Amarante do Maranhão,MA,21,Maranhão,Nordeste,Oeste Maranhense,Imperatriz,Imperatriz,Imperatriz
210070,2100709,Anajatuba,MA,21,Maranhão,Nordeste,Norte Maranhense,Baixada Maranhense,Itapecuru Mirim,São Luís
210080,2100808,Anapurus,MA,21,Maranhão,Nordeste,Leste Maranhense,Chapadinha,Chapadinha,São Luís
210083,2100832,Apicum-Açu,MA,21,Maranhão,Nordeste,Norte Maranhense,Litoral Ocidental Maranhense,Cururupu,São Luís
210087,2100873,Araguanã,MA,21,Maranhão,Nordeste,Oeste Maranhense,Pindaré,Santa Inês,Santa Inês - Bacabal
210090,2100907,Araioses,MA,21,Maranhão,Nordeste,Leste Maranhense,Baixo Parnaíba Maranhense,Tutóia - Araioses,São Luís
210095,2100956,Arame,MA,21,Maranhão,Nordeste,Centro Maranhense,Alto Mearim e Grajaú,Barra do Corda,Imperatriz
210100,2101004,Arari,MA,21,Maranhão,Nordeste,Norte Maranhense,Baixada Maranhense,Viana,São Luís
210110,2101103,Axixá,MA,21,Maranhão,Nordeste,Norte Maranhense,Rosário,São Luís,São Luís
210120,2101202,Bacabal,MA,21,Maranhão,Nordeste,Centro Maranhense,Médio Mearim,Bacabal,Santa Inês - Bacabal
210125,2101251,Bacabeira,MA,21,Maranhão,Nordeste,Norte Maranhense,Rosário,São Luís,São Luís
210130,2101301,Bacuri,MA,21,Maranhão,Nordeste,Norte Maranhense,Litoral Ocidental Maranhense,Cururupu,São Luís
210135,2101350,Bacurituba,MA,21,Maranhão,Nordeste,Norte Maranhense,Litoral Ocidental Maranhense,Pinheiro,São Luís
210140,2101400,Balsas,MA,21,Maranhão,Nordeste,Sul Maranhense,Gerais de Balsas,Balsas,Imperatriz
210150,2101509,Barão de Grajaú,MA,21,Maranhão,Nordeste,Leste Maranhense,Chapadas do Alto Itapecuru,São João dos Patos,Presidente Dutra
210160,2101608,Barra do Corda,MA,21,Maranhão,Nordeste,Centro Maranhense,Alto Mearim e Grajaú,Barra do Corda,Imperatriz
210170,2101707,Barreirinhas,MA,21,Maranhão,Nordeste,Norte Maranhense,Lençóis Maranhenses,Barreirinhas,São Luís
210173,2101731,Belágua,MA,21,Maranhão,Nordeste,Leste Maranhense,Chapadinha,Chapadinha,São Luís
210177,2101772,Bela Vista do Maranhão,MA,21,Maranhão,Nordeste,Norte Maranhense,Baixada Maranhense,Santa Inês,Santa Inês - Bacabal
210180,2101806,Benedito Leite,MA,21,Maranhão,Nordeste,Sul Maranhense,Chapadas das Mangabeiras,São João dos Patos,Presidente Dutra
210190,2101905,Bequimão,MA,21,Maranhão,Nordeste,Norte Maranhense,Litoral Ocidental Maranhense,Pinheiro,São Luís
210193,2101939,Bernardo do Mearim,MA,21,Maranhão,Nordeste,Centro Maranhense,Médio Mearim,Pedreiras,Santa Inês - Bacabal
210197,2101970,Boa Vista do Gurupi,MA,21,Maranhão,Nordeste,Oeste Maranhense,Gurupi,Governador Nunes Freire,Santa Inês - Bacabal
210200,2102002,Bom Jardim,MA,21,Maranhão,Nordeste,Oeste Maranhense,Pindaré,Santa Inês,Santa Inês - Bacabal
210203,2102036,Bom Jesus das Selvas,MA,21,Maranhão,Nordeste,Oeste Maranhense,Pindaré,Açailândia,Imperatriz
210207,2102077,Bom Lugar,MA,21,Maranhão,Nordeste,Centro Maranhense,Médio Mearim,Bacabal,Santa Inês - Bacabal
210210,2102101,Brejo,MA,21,Maranhão,Nordeste,Leste Maranhense,Chapadinha,Chapadinha,São Luís
210215,2102150,Brejo de Areia,MA,21,Maranhão,Nordeste,Oeste Maranhense,Pindaré,Bacabal,Santa Inês - Bacabal
210220,2102200,Buriti,MA,21,Maranhão,Nordeste,Leste Maranhense,Chapadinha,Chapadinha,São Luís
210230,2102309,Buriti Bravo,MA,21,Maranhão,Nordeste,Leste Maranhense,Caxias,Timon,Caxias
210232,2102325,Buriticupu,MA,21,Maranhão,Nordeste,Oeste Maranhense,Pindaré,Açailândia,Imperatriz
210235,2102358,Buritirana,MA,21,Maranhão,Nordeste,Oeste Maranhense,Imperatriz,Imperatriz,Imperatriz
210237,2102374,Cachoeira Grande,MA,21,Maranhão,Nordeste,Norte Maranhense,Rosário,São Luís,São Luís
210240,2102408,Cajapió,MA,21,Maranhão,Nordeste,Norte Maranhense,Litoral Ocidental Maranhense,Viana,São Luís
210250,2102507,Cajari,MA,21,Maranhão,Nordeste,Norte Maranhense,Baixada Maranhense,Viana,São Luís
210255,2102556,Campestre do Maranhão,MA,21,Maranhão,Nordeste,Sul Maranhense,Porto Franco,Imperatriz,Imperatriz
210260,2102606,Cândido Mendes,MA,21,Maranhão,Nordeste,Oeste Maranhense,Gurupi,Governador Nunes Freire,Santa Inês - Bacabal
210270,2102705,Cantanhede,MA,21,Maranhão,Nordeste,Norte Maranhense,Itapecuru Mirim,Itapecuru Mirim,São Luís
210275,2102754,Capinzal do Norte,MA,21,Maranhão,Nordeste,Leste Maranhense,Codó,Pedreiras,Santa Inês - Bacabal
210280,2102804,Carolina,MA,21,Maranhão,Nordeste,Sul Maranhense,Porto Franco,Balsas,Imperatriz
210290,2102903,Carutapera,MA,21,Maranhão,Nordeste,Oeste Maranhense,Gurupi,Governador Nunes Freire,Santa Inês - Bacabal
210300,2103000,Caxias,MA,21,Maranhão,Nordeste,Leste Maranhense,Caxias,Caxias,Caxias
210310,2103109,Cedral,MA,21,Maranhão,Nordeste,Norte Maranhense,Litoral Ocidental Maranhense,Cururupu,São Luís
210312,2103125,Central do Maranhão,MA,21,Maranhão,Nordeste,Norte Maranhense,Litoral Ocidental Maranhense,Cururupu,São Luís
210315,2103158,Centro do Guilherme,MA,21,Maranhão,Nordeste,Oeste Maranhense,Gurupi,Governador Nunes Freire,Santa Inês - Bacabal
210317,2103174,Centro Novo do Maranhão,MA,21,Maranhão,Nordeste,Oeste Maranhense,Gurupi,Governador Nunes Freire,Santa Inês - Bacabal
210320,2103208,Chapadinha,MA,21,Maranhão,Nordeste,Leste Maranhense,Chapadinha,Chapadinha,São Luís
210325,2103257,Cidelândia,MA,21,Maranhão,Nordeste,Oeste Maranhense,Imperatriz,Imperatriz,Imperatriz
210330,2103307,Codó,MA,21,Maranhão,Nordeste,Leste Maranhense,Codó,Codó,Caxias
210340,2103406,Coelho Neto,MA,21,Maranhão,Nordeste,Leste Maranhense,Coelho Neto,Caxias,Caxias
210350,2103505,Colinas,MA,21,Maranhão,Nordeste,Leste Maranhense,Chapadas do Alto Itapecuru,Colinas,Presidente Dutra
210355,2103554,Conceição do Lago-Açu,MA,21,Maranhão,Nordeste,Norte Maranhense,Baixada Maranhense,Bacabal,Santa Inês - Bacabal
210360,2103604,Coroatá,MA,21,Maranhão,Nordeste,Leste Maranhense,Codó,Codó,Caxias
210370,2103703,Cururupu,MA,21,Maranhão,Nordeste,Norte Maranhense,Litoral Ocidental Maranhense,Cururupu,São Luís
210375,2103752,Davinópolis,MA,21,Maranhão,Nordeste,Oeste Maranhense,Imperatriz,Imperatriz,Imperatriz
210380,2103802,Dom Pedro,MA,21,Maranhão,Nordeste,Centro Maranhense,Presidente Dutra,Presidente Dutra,Presidente Dutra
210390,2103901,Duque Bacelar,MA,21,Maranhão,Nordeste,Leste Maranhense,Coelho Neto,Caxias,Caxias
210400,2104008,Esperantinópolis,MA,21,Maranhão,Nordeste,Centro Maranhense,Médio Mearim,Pedreiras,Santa Inês - Bacabal
210405,2104057,Estreito,MA,21,Maranhão,Nordeste,Sul Maranhense,Porto Franco,Imperatriz,Imperatriz
210407,2104073,Feira Nova do Maranhão,MA,21,Maranhão,Nordeste,Sul Maranhense,Gerais de Balsas,Balsas,Imperatriz
210408,2104081,Fernando Falcão,MA,21,Maranhão,Nordeste,Centro Maranhense,Alto Mearim e Grajaú,Barra do Corda,Imperatriz
210409,2104099,Formosa da Serra Negra,MA,21,Maranhão,Nordeste,Centro Maranhense,Alto Mearim e Grajaú,Barra do Corda,Imperatriz
210410,2104107,Fortaleza dos Nogueiras,MA,21,Maranhão,Nordeste,Sul Maranhense,Chapadas das Mangabeiras,Balsas,Imperatriz
210420,2104206,Fortuna,MA,21,Maranhão,Nordeste,Centro Maranhense,Presidente Dutra,Presidente Dutra,Presidente Dutra
210430,2104305,Godofredo Viana,MA,21,Maranhão,Nordeste,Oeste Maranhense,Gurupi,Governador Nunes Freire,Santa Inês - Bacabal
210440,2104404,Gonçalves Dias,MA,21,Maranhão,Nordeste,Centro Maranhense,Presidente Dutra,Presidente Dutra,Presidente Dutra
210450,2104503,Governador Archer,MA,21,Maranhão,Nordeste,Centro Maranhense,Presidente Dutra,Presidente Dutra,Presidente Dutra
210455,2104552,Governador Edison Lobão,MA,21,Maranhão,Nordeste,Oeste Maranhense,Imperatriz,Imperatriz,Imperatriz
210460,2104602,Governador Eugênio Barros,MA,21,Maranhão,Nordeste,Centro Maranhense,Presidente Dutra,Presidente Dutra,Presidente Dutra
210462,2104628,Governador Luiz Rocha,MA,21,Maranhão,Nordeste,Centro Maranhense,Presidente Dutra,Presidente Dutra,Presidente Dutra
210465,2104651,Governador Newton Bello,MA,21,Maranhão,Nordeste,Oeste Maranhense,Pindaré,Santa Inês,Santa Inês - Bacabal
210467,2104677,Governador Nunes Freire,MA,21,Maranhão,Nordeste,Oeste Maranhense,Gurupi,Governador Nunes Freire,Santa Inês - Bacabal
210470,2104701,Graça Aranha,MA,21,Maranhão,Nordeste,Centro Maranhense,Presidente Dutra,Presidente Dutra,Presidente Dutra
210480,2104800,Grajaú,MA,21,Maranhão,Nordeste,Centro Maranhense,Alto Mearim e Grajaú,Barra do Corda,Imperatriz
210490,2104909,Guimarães,MA,21,Maranhão,Nordeste,Norte Maranhense,Litoral Ocidental Maranhense,Cururupu,São Luís
210500,2105005,Humberto de Campos,MA,21,Maranhão,Nordeste,Norte Maranhense,Lençóis Maranhenses,Barreirinhas,São Luís
210510,2105104,Icatu,MA,21,Maranhão,Nordeste,Norte Maranhense,Rosário,São Luís,São Luís
210515,2105153,Igarapé do Meio,MA,21,Maranhão,Nordeste,Norte Maranhense,Baixada Maranhense,Santa Inês,Santa Inês - Bacabal
210520,2105203,Igarapé Grande,MA,21,Maranhão,Nordeste,Centro Maranhense,Médio Mearim,Pedreiras,Santa Inês - Bacabal
210530,2105302,Imperatriz,MA,21,Maranhão,Nordeste,Oeste Maranhense,Imperatriz,Imperatriz,Imperatriz
210535,2105351,Itaipava do Grajaú,MA,21,Maranhão,Nordeste,Centro Maranhense,Alto Mearim e Grajaú,Barra do Corda,Imperatriz
210540,2105401,Itapecuru Mirim,MA,21,Maranhão,Nordeste,Norte Maranhense,Itapecuru Mirim,Itapecuru Mirim,São Luís
210542,2105427,Itinga do Maranhão,MA,21,Maranhão,Nordeste,Oeste Maranhense,Imperatriz,Açailândia,Imperatriz
210545,2105450,Jatobá,MA,21,Maranhão,Nordeste,Leste Maranhense,Chapadas do Alto Itapecuru,Colinas,Presidente Dutra
210547,2105476,Jenipapo dos Vieiras,MA,21,Maranhão,Nordeste,Centro Maranhense,Alto Mearim e Grajaú,Barra do Corda,Imperatriz
210550,2105500,João Lisboa,MA,21,Maranhão,Nordeste,Oeste Maranhense,Imperatriz,Imperatriz,Imperatriz
210560,2105609,Joselândia,MA,21,Maranhão,Nordeste,Centro Maranhense,Alto Mearim e Grajaú,Pedreiras,Santa Inês - Bacabal
210565,2105658,Junco do Maranhão,MA,21,Maranhão,Nordeste,Oeste Maranhense,Gurupi,Governador Nunes Freire,Santa Inês - Bacabal
210570,2105708,Lago da Pedra,MA,21,Maranhão,Nordeste,Oeste Maranhense,Pindaré,Bacabal,Santa Inês - Bacabal
210580,2105807,Lago do Junco,MA,21,Maranhão,Nordeste,Centro Maranhense,Médio Mearim,Pedreiras,Santa Inês - Bacabal
210590,2105906,Lago Verde,MA,21,Maranhão,Nordeste,Centro Maranhense,Médio Mearim,Bacabal,Santa Inês - Bacabal
210592,2105922,Lagoa do Mato,MA,21,Maranhão,Nordeste,Leste Maranhense,Chapadas do Alto Itapecuru,São João dos Patos,Presidente Dutra
210594,2105948,Lago dos Rodrigues,MA,21,Maranhão,Nordeste,Centro Maranhense,Médio Mearim,Pedreiras,Santa Inês - Bacabal
210596,2105963,Lagoa Grande do Maranhão,MA,21,Maranhão,Nordeste,Oeste Maranhense,Pindaré,Bacabal,Santa Inês - Bacabal
210598,2105989,Lajeado Novo,MA,21,Maranhão,Nordeste,Oeste Maranhense,Imperatriz,Imperatriz,Imperatriz
210600,2106003,Lima Campos,MA,21,Maranhão,Nordeste,Centro Maranhense,Médio Mearim,Pedreiras,Santa Inês - Bacabal
210610,2106102,Loreto,MA,21,Maranhão,Nordeste,Sul Maranhense,Chapadas das Mangabeiras,Balsas,Imperatriz
210620,2106201,Luís Domingues,MA,21,Maranhão,Nordeste,Oeste Maranhense,Gurupi,Governador Nunes Freire,Santa Inês - Bacabal
210630,2106300,Magalhães de Almeida,MA,21,Maranhão,Nordeste,Leste Maranhense,Baixo Parnaíba Maranhense,Tutóia - Araioses,São Luís
210632,2106326,Maracaçumé,MA,21,Maranhão,Nordeste,Oeste Maranhense,Gurupi,Governador Nunes Freire,Santa Inês - Bacabal
210635,2106359,Marajá do Sena,MA,21,Maranhão,Nordeste,Oeste Maranhense,Pindaré,Bacabal,Santa Inês - Bacabal
210637,2106375,Maranhãozinho,MA,21,Maranhão,Nordeste,Oeste Maranhense,Gurupi,Governador Nunes Freire,Santa Inês - Bacabal
210640,2106409,Mata Roma,MA,21,Maranhão,Nordeste,Leste Maranhense,Chapadinha,Chapadinha,São Luís
210650,2106508,Matinha,MA,21,Maranhão,Nordeste,Norte Maranhense,Baixada Maranhense,Viana,São Luís
210660,2106607,Matões,MA,21,Maranhão,Nordeste,Leste Maranhense,Caxias,Timon,Caxias
210663,2106631,Matões do Norte,MA,21,Maranhão,Nordeste,Norte Maranhense,Itapecuru Mirim,Itapecuru Mirim,São Luís
210667,2106672,Milagres do Maranhão,MA,21,Maranhão,Nordeste,Leste Maranhense,Chapadinha,Chapadinha,São Luís
210670,2106706,Mirador,MA,21,Maranhão,Nordeste,Leste Maranhense,Chapadas do Alto Itapecuru,Colinas,Presidente Dutra
210675,2106755,Miranda do Norte,MA,21,Maranhão,Nordeste,Norte Maranhense,Itapecuru Mirim,Itapecuru Mirim,São Luís
210680,2106805,Mirinzal,MA,21,Maranhão,Nordeste,Norte Maranhense,Litoral Ocidental Maranhense,Cururupu,São Luís
210690,2106904,Monção,MA,21,Maranhão,Nordeste,Norte Maranhense,Baixada Maranhense,Santa Inês,Santa Inês - Bacabal
210700,2107001,Montes Altos,MA,21,Maranhão,Nordeste,Oeste Maranhense,Imperatriz,Imperatriz,Imperatriz
210710,2107100,Morros,MA,21,Maranhão,Nordeste,Norte Maranhense,Rosário,São Luís,São Luís
210720,2107209,Nina Rodrigues,MA,21,Maranhão,Nordeste,Norte Maranhense,Itapecuru Mirim,Itapecuru Mirim,São Luís
210725,2107258,Nova Colinas,MA,21,Maranhão,Nordeste,Sul Maranhense,Chapadas das Mangabeiras,Balsas,Imperatriz
210730,2107308,Nova Iorque,MA,21,Maranhão,Nordeste,Leste Maranhense,Chapadas do Alto Itapecuru,São João dos Patos,Presidente Dutra
210735,2107357,Nova Olinda do Maranhão,MA,21,Maranhão,Nordeste,Oeste Maranhense,Pindaré,Santa Inês,Santa Inês - Bacabal
210740,2107407,Olho d'Água das Cunhãs,MA,21,Maranhão,Nordeste,Centro Maranhense,Médio Mearim,Bacabal,Santa Inês - Bacabal
210745,2107456,Olinda Nova do Maranhão,MA,21,Maranhão,Nordeste,Norte Maranhense,Baixada Maranhense,Viana,São Luís
210750,2107506,Paço do Lumiar,MA,21,Maranhão,Nordeste,Norte Maranhense,Aglomeração Urbana de São Luís,São Luís,São Luís
210760,2107605,Palmeirândia,MA,21,Maranhão,Nordeste,Norte Maranhense,Baixada Maranhense,Pinheiro,São Luís
210770,2107704,Paraibano,MA,21,Maranhão,Nordeste,Leste Maranhense,Chapadas do Alto Itapecuru,São João dos Patos,Presidente Dutra
210780,2107803,Parnarama,MA,21,Maranhão,Nordeste,Leste Maranhense,Caxias,Timon,Caxias
210790,2107902,Passagem Franca,MA,21,Maranhão,Nordeste,Leste Maranhense,Chapadas do Alto Itapecuru,São João dos Patos,Presidente Dutra
210800,2108009,Pastos Bons,MA,21,Maranhão,Nordeste,Leste Maranhense,Chapadas do Alto Itapecuru,São João dos Patos,Presidente Dutra
210805,2108058,Paulino Neves,MA,21,Maranhão,Nordeste,Norte Maranhense,Lençóis Maranhenses,Tutóia - Araioses,São Luís
210810,2108108,Paulo Ramos,MA,21,Maranhão,Nordeste,Oeste Maranhense,Pindaré,Bacabal,Santa Inês - Bacabal
210820,2108207,Pedreiras,MA,21,Maranhão,Nordeste,Centro Maranhense,Médio Mearim,Pedreiras,Santa Inês - Bacabal
210825,2108256,Pedro do Rosário,MA,21,Maranhão,Nordeste,Norte Maranhense,Baixada Maranhense,Pinheiro,São Luís
210830,2108306,Penalva,MA,21,Maranhão,Nordeste,Norte Maranhense,Baixada Maranhense,Viana,São Luís
210840,2108405,Peri Mirim,MA,21,Maranhão,Nordeste,Norte Maranhense,Baixada Maranhense,Pinheiro,São Luís
210845,2108454,Peritoró,MA,21,Maranhão,Nordeste,Leste Maranhense,Codó,Codó,Caxias
210850,2108504,Pindaré-Mirim,MA,21,Maranhão,Nordeste,Oeste Maranhense,Pindaré,Santa Inês,Santa Inês - Bacabal
210860,2108603,Pinheiro,MA,21,Maranhão,Nordeste,Norte Maranhense,Baixada Maranhense,Pinheiro,São Luís
210870,2108702,Pio XII,MA,21,Maranhão,Nordeste,Centro Maranhense,Médio Mearim,Santa Inês,Santa Inês - Bacabal
210880,2108801,Pirapemas,MA,21,Maranhão,Nordeste,Norte Maranhense,Itapecuru Mirim,Itapecuru Mirim,São Luís
210890,2108900,Poção de Pedras,MA,21,Maranhão,Nordeste,Centro Maranhense,Médio Mearim,Pedreiras,Santa Inês - Bacabal
210900,2109007,Porto Franco,MA,21,Maranhão,Nordeste,Sul Maranhense,Porto Franco,Imperatriz,Imperatriz
210905,2109056,Porto Rico do Maranhão,MA,21,Maranhão,Nordeste,Norte Maranhense,Litoral Ocidental Maranhense,Cururupu,São Luís
210910,2109106,Presidente Dutra,MA,21,Maranhão,Nordeste,Centro Maranhense,Presidente Dutra,Presidente Dutra,Presidente Dutra
210920,2109205,Presidente Juscelino,MA,21,Maranhão,Nordeste,Norte Maranhense,Rosário,São Luís,São Luís
210923,2109239,Presidente Médici,MA,21,Maranhão,Nordeste,Oeste Maranhense,Pindaré,Governador Nunes Freire,Santa Inês - Bacabal
210927,2109270,Presidente Sarney,MA,21,Maranhão,Nordeste,Norte Maranhense,Baixada Maranhense,Pinheiro,São Luís
210930,2109304,Presidente Vargas,MA,21,Maranhão,Nordeste,Norte Maranhense,Itapecuru Mirim,Itapecuru Mirim,São Luís
210940,2109403,Primeira Cruz,MA,21,Maranhão,Nordeste,Norte Maranhense,Lençóis Maranhenses,Barreirinhas,São Luís
210945,2109452,Raposa,MA,21,Maranhão,Nordeste,Norte Maranhense,Aglomeração Urbana de São Luís,São Luís,São Luís
210950,2109502,Riachão,MA,21,Maranhão,Nordeste,Sul Maranhense,Gerais de Balsas,Balsas,Imperatriz
210955,2109551,Ribamar Fiquene,MA,21,Maranhão,Nordeste,Oeste Maranhense,Imperatriz,Imperatriz,Imperatriz
210960,2109601,Rosário,MA,21,Maranhão,Nordeste,Norte Maranhense,Rosário,São Luís,São Luís
210970,2109700,Sambaíba,MA,21,Maranhão,Nordeste,Sul Maranhense,Chapadas das Mangabeiras,Balsas,Imperatriz
210975,2109759,Santa Filomena do Maranhão,MA,21,Maranhão,Nordeste,Centro Maranhense,Alto Mearim e Grajaú,Presidente Dutra,Presidente Dutra
210980,2109809,Santa Helena,MA,21,Maranhão,Nordeste,Norte Maranhense,Baixada Maranhense,Pinheiro,São Luís
210990,2109908,Santa Inês,MA,21,Maranhão,Nordeste,Oeste Maranhense,Pindaré,Santa Inês,Santa Inês - Bacabal
211000,2110005,Santa Luzia,MA,21,Maranhão,Nordeste,Oeste Maranhense,Pindaré,Santa Inês,Santa Inês - Bacabal
211003,2110039,Santa Luzia do Paruá,MA,21,Maranhão,Nordeste,Oeste Maranhense,Pindaré,Governador Nunes Freire,Santa Inês - Bacabal
211010,2110104,Santa Quitéria do Maranhão,MA,21,Maranhão,Nordeste,Leste Maranhense,Baixo Parnaíba Maranhense,Chapadinha,São Luís
211020,2110203,Santa Rita,MA,21,Maranhão,Nordeste,Norte Maranhense,Rosário,São Luís,São Luís
211023,2110237,Santana do Maranhão,MA,21,Maranhão,Nordeste,Leste Maranhense,Baixo Parnaíba Maranhense,Tutóia - Araioses,São Luís
211027,2110278,Santo Amaro do Maranhão,MA,21,Maranhão,Nordeste,Norte Maranhense,Lençóis Maranhenses,Barreirinhas,São Luís
211030,2110302,Santo Antônio dos Lopes,MA,21,Maranhão,Nordeste,Centro Maranhense,Médio Mearim,Pedreiras,Santa Inês - Bacabal
211040,2110401,São Benedito do Rio Preto,MA,21,Maranhão,Nordeste,Leste Maranhense,Chapadinha,Chapadinha,São Luís
211050,2110500,São Bento,MA,21,Maranhão,Nordeste,Norte Maranhense,Baixada Maranhense,Pinheiro,São Luís
211060,2110609,São Bernardo,MA,21,Maranhão,Nordeste,Leste Maranhense,Baixo Parnaíba Maranhense,Tutóia - Araioses,São Luís
211065,2110658,São Domingos do Azeitão,MA,21,Maranhão,Nordeste,Sul Maranhense,Chapadas das Mangabeiras,São João dos Patos,Presidente Dutra
211070,2110708,São Domingos do Maranhão,MA,21,Maranhão,Nordeste,Centro Maranhense,Presidente Dutra,Presidente Dutra,Presidente Dutra
211080,2110807,São Félix de Balsas,MA,21,Maranhão,Nordeste,Sul Maranhense,Chapadas das Mangabeiras,Balsas,Imperatriz
211085,2110856,São Francisco do Brejão,MA,21,Maranhão,Nordeste,Oeste Maranhense,Imperatriz,Açailândia,Imperatriz
211090,2110906,São Francisco do Maranhão,MA,21,Maranhão,Nordeste,Leste Maranhense,Chapadas do Alto Itapecuru,São João dos Patos,Presidente Dutra
211100,2111003,São João Batista,MA,21,Maranhão,Nordeste,Norte Maranhense,Baixada Maranhense,Viana,São Luís
211102,2111029,São João do Carú,MA,21,Maranhão,Nordeste,Oeste Maranhense,Pindaré,Santa Inês,Santa Inês - Bacabal
211105,2111052,São João do Paraíso,MA,21,Maranhão,Nordeste,Sul Maranhense,Porto Franco,Imperatriz,Imperatriz
211107,2111078,São João do Soter,MA,21,Maranhão,Nordeste,Leste Maranhense,Caxias,Caxias,Caxias
211110,2111102,São João dos Patos,MA,21,Maranhão,Nordeste,Leste Maranhense,Chapadas do Alto Itapecuru,São João dos Patos,Presidente Dutra
211120,2111201,São José de Ribamar,MA,21,Maranhão,Nordeste,Norte Maranhense,Aglomeração Urbana de São Luís,São Luís,São Luís
211125,2111250,São José dos Basílios,MA,21,Maranhão,Nordeste,Centro Maranhense,Presidente Dutra,Presidente Dutra,Presidente Dutra
211130,2111300,São Luís,MA,21,Maranhão,Nordeste,Norte Maranhense,Aglomeração Urbana de São Luís,São Luís,São Luís
211140,2111409,São Luís Gonzaga do Maranhão,MA,21,Maranhão,Nordeste,Centro Maranhense,Médio Mearim,Bacabal,Santa Inês - Bacabal
211150,2111508,São Mateus do Maranhão,MA,21,Maranhão,Nordeste,Centro Maranhense,Médio Mearim,Bacabal,Santa Inês - Bacabal
211153,2111532,São Pedro da Água Branca,MA,21,Maranhão,Nordeste,Oeste Maranhense,Imperatriz,Imperatriz,Imperatriz
211157,2111573,São Pedro dos Crentes,MA,21,Maranhão,Nordeste,Sul Maranhense,Porto Franco,Barra do Corda,Imperatriz
211160,2111607,São Raimundo das Mangabeiras,MA,21,Maranhão,Nordeste,Sul Maranhense,Chapadas das Mangabeiras,Balsas,Imperatriz
211163,2111631,São Raimundo do Doca Bezerra,MA,21,Maranhão,Nordeste,Centro Maranhense,Médio Mearim,Pedreiras,Santa Inês - Bacabal
211167,2111672,São Roberto,MA,21,Maranhão,Nordeste,Centro Maranhense,Médio Mearim,Pedreiras,Santa Inês - Bacabal
211170,2111706,São Vicente Ferrer,MA,21,Maranhão,Nordeste,Norte Maranhense,Baixada Maranhense,Viana,São Luís
211172,2111722,Satubinha,MA,21,Maranhão,Nordeste,Centro Maranhense,Médio Mearim,Bacabal,Santa Inês - Bacabal
211174,2111748,Senador Alexandre Costa,MA,21,Maranhão,Nordeste,Centro Maranhense,Presidente Dutra,Presidente Dutra,Presidente Dutra
211176,2111763,Senador La Rocque,MA,21,Maranhão,Nordeste,Oeste Maranhense,Imperatriz,Imperatriz,Imperatriz
211178,2111789,Serrano do Maranhão,MA,21,Maranhão,Nordeste,Norte Maranhense,Litoral Ocidental Maranhense,Cururupu,São Luís
211180,2111805,Sítio Novo,MA,21,Maranhão,Nordeste,Centro Maranhense,Alto Mearim e Grajaú,Barra do Corda,Imperatriz
211190,2111904,Sucupira do Norte,MA,21,Maranhão,Nordeste,Leste Maranhense,Chapadas do Alto Itapecuru,Colinas,Presidente Dutra
211195,2111953,Sucupira do Riachão,MA,21,Maranhão,Nordeste,Leste Maranhense,Chapadas do Alto Itapecuru,São João dos Patos,Presidente Dutra
211200,2112001,Tasso Fragoso,MA,21,Maranhão,Nordeste,Sul Maranhense,Gerais de Balsas,Balsas,Imperatriz
211210,2112100,Timbiras,MA,21,Maranhão,Nordeste,Leste Maranhense,Codó,Codó,Caxias
211220,2112209,Timon,MA,21,Maranhão,Nordeste,Leste Maranhense,Caxias,Timon,Caxias
211223,2112233,Trizidela do Vale,MA,21,Maranhão,Nordeste,Centro Maranhense,Médio Mearim,Pedreiras,Santa Inês - Bacabal
211227,2112274,Tufilândia,MA,21,Maranhão,Nordeste,Oeste Maranhense,Pindaré,Santa Inês,Santa Inês - Bacabal
211230,2112308,Tuntum,MA,21,Maranhão,Nordeste,Centro Maranhense,Alto Mearim e Grajaú,Presidente Dutra,Presidente Dutra
211240,2112407,Turiaçu,MA,21,Maranhão,Nordeste,Oeste Maranhense,Gurupi,Pinheiro,São Luís
211245,2112456,Turilândia,MA,21,Maranhão,Nordeste,Oeste Maranhense,Gurupi,Pinheiro,São Luís
211250,2112506,Tutóia,MA,21,Maranhão,Nordeste,Norte Maranhense,Lençóis Maranhenses,Tutóia - Araioses,São Luís
211260,2112605,Urbano Santos,MA,21,Maranhão,Nordeste,Leste Maranhense,Chapadinha,Chapadinha,São Luís
211270,2112704,Vargem Grande,MA,21,Maranhão,Nordeste,Norte Maranhense,Itapecuru Mirim,Itapecuru Mirim,São Luís
211280,2112803,Viana,MA,21,Maranhão,Nordeste,Norte Maranhense,Baixada Maranhense,Viana,São Luís
211285,2112852,Vila Nova dos Martírios,MA,21,Maranhão,Nordeste,Oeste Maranhense,Imperatriz,Imperatriz,Imperatriz
211290,2112902,Vitória do Mearim,MA,21,Maranhão,Nordeste,Norte Maranhense,Baixada Maranhense,Viana,São Luís
211300,2113009,Vitorino Freire,MA,21,Maranhão,Nordeste,Oeste Maranhense,Pindaré,Bacabal,Santa Inês - Bacabal
211400,2114007,Zé Doca,MA,21,Maranhão,Nordeste,Oeste Maranhense,Pindaré,Santa Inês,Santa Inês - Bacabal
220005,2200053,Acauã,PI,22,Piauí,Nordeste,Sudeste Piauiense,Alto Médio Canindé,Paulistana,Picos
220010,2200103,Agricolândia,PI,22,Piauí,Nordeste,Centro-Norte Piauiense,Médio Parnaíba Piauiense,Amarante - Água Branca - Regeneração,Teresina
220020,2200202,Água Branca,PI,22,Piauí,Nordeste,Centro-Norte Piauiense,Médio Parnaíba Piauiense,Amarante - Água Branca - Regeneração,Teresina
220025,2200251,Alagoinha do Piauí,PI,22,Piauí,Nordeste,Sudeste Piauiense,Pio IX,Picos,Picos
220027,2200277,Alegrete do Piauí,PI,22,Piauí,Nordeste,Sudeste Piauiense,Pio IX,Picos,Picos
220030,2200301,Alto Longá,PI,22,Piauí,Nordeste,Centro-Norte Piauiense,Campo Maior,Teresina,Teresina
220040,2200400,Altos,PI,22,Piauí,Nordeste,Centro-Norte Piauiense,Teresina,Teresina,Teresina
220045,2200459,Alvorada do Gurguéia,PI,22,Piauí,Nordeste,Sudoeste Piauiense,Alto Médio Gurguéia,Bom Jesus,Corrente - Bom Jesus
220050,2200509,Amarante,PI,22,Piauí,Nordeste,Centro-Norte Piauiense,Médio Parnaíba Piauiense,Amarante - Água Branca - Regeneração,Teresina
220060,2200608,Angical do Piauí,PI,22,Piauí,Nordeste,Centro-Norte Piauiense,Médio Parnaíba Piauiense,Amarante - Água Branca - Regeneração,Teresina
220070,2200707,Anísio de Abreu,PI,22,Piauí,Nordeste,Sudoeste Piauiense,São Raimundo Nonato,São Raimundo Nonato,São Raimundo Nonato
220080,2200806,Antônio Almeida,PI,22,Piauí,Nordeste,Sudoeste Piauiense,Bertolínia,Uruçuí,Floriano
220090,2200905,Aroazes,PI,22,Piauí,Nordeste,Centro-Norte Piauiense,Valença do Piauí,Valença do Piauí,Teresina
220095,2200954,Aroeiras do Itaim,PI,22,Piauí,Nordeste,Sudeste Piauiense,Picos,Picos,Picos
220100,2201002,Arraial,PI,22,Piauí,Nordeste,Centro-Norte Piauiense,Médio Parnaíba Piauiense,Floriano,Floriano
220105,2201051,Assunção do Piauí,PI,22,Piauí,Nordeste,Centro-Norte Piauiense,Campo Maior,Campo Maior,Teresina
220110,2201101,Avelino Lopes,PI,22,Piauí,Nordeste,Sudoeste Piauiense,Chapadas do Extremo Sul Piauiense,Corrente,Corrente - Bom Jesus
220115,2201150,Baixa Grande do Ribeiro,PI,22,Piauí,Nordeste,Sudoeste Piauiense,Alto Parnaíba Piauiense,Uruçuí,Floriano
220117,2201176,Barra D'Alcântara,PI,22,Piauí,Nordeste,Centro-Norte Piauiense,Valença do Piauí,Valença do Piauí,Teresina
220120,2201200,Barras,PI,22,Piauí,Nordeste,Norte Piauiense,Baixo Parnaíba Piauiense,Barras,Teresina
220130,2201309,Barreiras do Piauí,PI,22,Piauí,Nordeste,Sudoeste Piauiense,Alto Médio Gurguéia,Corrente,Corrente - Bom Jesus
220140,2201408,Barro Duro,PI,22,Piauí,Nordeste,Centro-Norte Piauiense,Médio Parnaíba Piauiense,Amarante - Água Branca - Regeneração,Teresina
220150,2201507,Batalha,PI,22,Piauí,Nordeste,Norte Piauiense,Baixo Parnaíba Piauiense,Esperantina,Parnaíba
220155,2201556,Bela Vista do Piauí,PI,22,Piauí,Nordeste,Sudeste Piauiense,Alto Médio Canindé,Simplício Mendes,Picos
220157,2201572,Belém do Piauí,PI,22,Piauí,Nordeste,Sudeste Piauiense,Alto Médio Canindé,Picos,Picos
220160,2201606,Beneditinos,PI,22,Piauí,Nordeste,Centro-Norte Piauiense,Teresina,Teresina,Teresina
220170,2201705,Bertolínia,PI,22,Piauí,Nordeste,Sudoeste Piauiense,Bertolínia,Uruçuí,Floriano
220173,2201739,Betânia do Piauí,PI,22,Piauí,Nordeste,Sudeste Piauiense,Alto Médio Canindé,Paulistana,Picos
220177,2201770,Boa Hora,PI,22,Piauí,Nordeste,Norte Piauiense,Baixo Parnaíba Piauiense,Barras,Teresina
220180,2201804,Bocaina,PI,22,Piauí,Nordeste,Sudeste Piauiense,Picos,Picos,Picos
220190,2201903,Bom Jesus,PI,22,Piauí,Nordeste,Sudoeste Piauiense,Alto Médio Gurguéia,Bom Jesus,Corrente - Bom Jesus
220191,2201919,Bom Princípio do Piauí,PI,22,Piauí,Nordeste,Norte Piauiense,Litoral Piauiense,Parnaíba,Parnaíba
220192,2201929,Bonfim do Piauí,PI,22,Piauí,Nordeste,Sudoeste Piauiense,São Raimundo Nonato,São Raimundo Nonato,São Raimundo Nonato
220194,2201945,Boqueirão do Piauí,PI,22,Piauí,Nordeste,Centro-Norte Piauiense,Campo Maior,Campo Maior,Teresina
220196,2201960,Brasileira,PI,22,Piauí,Nordeste,Norte Piauiense,Baixo Parnaíba Piauiense,Piripiri,Parnaíba
220198,2201988,Brejo do Piauí,PI,22,Piauí,Nordeste,Sudoeste Piauiense,São Raimundo Nonato,Canto do Buriti,Floriano
220200,2202000,Buriti dos Lopes,PI,22,Piauí,Nordeste,Norte Piauiense,Litoral Piauiense,Parnaíba,Parnaíba
220202,2202026,Buriti dos Montes,PI,22,Piauí,Nordeste,Centro-Norte Piauiense,Campo Maior,Campo Maior,Teresina
220205,2202059,Cabeceiras do Piauí,PI,22,Piauí,Nordeste,Norte Piauiense,Baixo Parnaíba Piauiense,Barras,Teresina
220207,2202075,Cajazeiras do Piauí,PI,22,Piauí,Nordeste,Sudeste Piauiense,Picos,Oeiras,Picos
220208,2202083,Cajueiro da Praia,PI,22,Piauí,Nordeste,Norte Piauiense,Litoral Piauiense,Parnaíba,Parnaíba
220209,2202091,Caldeirão Grande do Piauí,PI,22,Piauí,Nordeste,Sudeste Piauiense,Alto Médio Canindé,Picos,Picos
220210,2202109,Campinas do Piauí,PI,22,Piauí,Nordeste,Sudeste Piauiense,Alto Médio Canindé,Simplício Mendes,Picos
220211,2202117,Campo Alegre do Fidalgo,PI,22,Piauí,Nordeste,Sudeste Piauiense,Alto Médio Canindé,São João do Piauí,São Raimundo Nonato
220213,2202133,Campo Grande do Piauí,PI,22,Piauí,Nordeste,Sudeste Piauiense,Alto Médio Canindé,Picos,Picos
220217,2202174,Campo Largo do Piauí,PI,22,Piauí,Nordeste,Norte Piauiense,Baixo Parnaíba Piauiense,Barras,Teresina
220220,2202208,Campo Maior,PI,22,Piauí,Nordeste,Centro-Norte Piauiense,Campo Maior,Campo Maior,Teresina
220225,2202251,Canavieira,PI,22,Piauí,Nordeste,Sudoeste Piauiense,Floriano,Floriano,Floriano
220230,2202307,Canto do Buriti,PI,22,Piauí,Nordeste,Sudoeste Piauiense,São Raimundo Nonato,Canto do Buriti,Floriano
220240,2202406,Capitão de Campos,PI,22,Piauí,Nordeste,Centro-Norte Piauiense,Campo Maior,Piripiri,Parnaíba
220245,2202455,Capitão Gervásio Oliveira,PI,22,Piauí,Nordeste,Sudeste Piauiense,Alto Médio Canindé,São João do Piauí,São Raimundo Nonato
220250,2202505,Caracol,PI,22,Piauí,Nordeste,Sudoeste Piauiense,São Raimundo Nonato,São Raimundo Nonato,São Raimundo Nonato
220253,2202539,Caraúbas do Piauí,PI,22,Piauí,Nordeste,Norte Piauiense,Litoral Piauiense,Parnaíba,Parnaíba
220255,2202554,Caridade do Piauí,PI,22,Piauí,Nordeste,Sudeste Piauiense,Alto Médio Canindé,Paulistana,Picos
220260,2202604,Castelo do Piauí,PI,22,Piauí,Nordeste,Centro-Norte Piauiense,Campo Maior,Campo Maior,Teresina
220265,2202653,Caxingó,PI,22,Piauí,Nordeste,Norte Piauiense,Litoral Piauiense,Parnaíba,Parnaíba
220270,2202703,Cocal,PI,22,Piauí,Nordeste,Norte Piauiense,Litoral Piauiense,Parnaíba,Parnaíba
220271,2202711,Cocal de Telha,PI,22,Piauí,Nordeste,Centro-Norte Piauiense,Campo Maior,Campo Maior,Teresina
220272,2202729,Cocal dos Alves,PI,22,Piauí,Nordeste,Norte Piauiense,Litoral Piauiense,Parnaíba,Parnaíba
220273,2202737,Coivaras,PI,22,Piauí,Nordeste,Centro-Norte Piauiense,Teresina,Teresina,Teresina
220275,2202752,Colônia do Gurguéia,PI,22,Piauí,Nordeste,Sudoeste Piauiense,Bertolínia,Bom Jesus,Corrente - Bom Jesus
220277,2202778,Colônia do Piauí,PI,22,Piauí,Nordeste,Sudeste Piauiense,Picos,Oeiras,Picos
220280,2202802,Conceição do Canindé,PI,22,Piauí,Nordeste,Sudeste Piauiense,Alto Médio Canindé,Simplício Mendes,Picos
220285,2202851,Coronel José Dias,PI,22,Piauí,Nordeste,Sudoeste Piauiense,São Raimundo Nonato,São Raimundo Nonato,São Raimundo Nonato
220290,2202901,Corrente,PI,22,Piauí,Nordeste,Sudoeste Piauiense,Chapadas do Extremo Sul Piauiense,Corrente,Corrente - Bom Jesus
220300,2203008,Cristalândia do Piauí,PI,22,Piauí,Nordeste,Sudoeste Piauiense,Chapadas do Extremo Sul Piauiense,Corrente,Corrente - Bom Jesus
220310,2203107,Cristino Castro,PI,22,Piauí,Nordeste,Sudoeste Piauiense,Alto Médio Gurguéia,Bom Jesus,Corrente - Bom Jesus
220320,2203206,Curimatá,PI,22,Piauí,Nordeste,Sudoeste Piauiense,Chapadas do Extremo Sul Piauiense,Corrente,Corrente - Bom Jesus
220323,2203230,Currais,PI,22,Piauí,Nordeste,Sudoeste Piauiense,Alto Médio Gurguéia,Bom Jesus,Corrente - Bom Jesus
220325,2203255,Curralinhos,PI,22,Piauí,Nordeste,Centro-Norte Piauiense,Teresina,Teresina,Teresina
220327,2203271,Curral Novo do Piauí,PI,22,Piauí,Nordeste,Sudeste Piauiense,Alto Médio Canindé,Paulistana,Picos
220330,2203305,Demerval Lobão,PI,22,Piauí,Nordeste,Centro-Norte Piauiense,Teresina,Teresina,Teresina
220335,2203354,Dirceu Arcoverde,PI,22,Piauí,Nordeste,Sudoeste Piauiense,São Raimundo Nonato,São Raimundo Nonato,São Raimundo Nonato
220340,2203404,Dom Expedito Lopes,PI,22,Piauí,Nordeste,Sudeste Piauiense,Picos,Picos,Picos
220342,2203420,Domingos Mourão,PI,22,Piauí,Nordeste,Centro-Norte Piauiense,Campo Maior,Piripiri,Parnaíba
220345,2203453,Dom Inocêncio,PI,22,Piauí,Nordeste,Sudoeste Piauiense,São Raimundo Nonato,São Raimundo Nonato,São Raimundo Nonato
220350,2203503,Elesbão Veloso,PI,22,Piauí,Nordeste,Centro-Norte Piauiense,Valença do Piauí,Amarante - Água Branca - Regeneração,Teresina
220360,2203602,Eliseu Martins,PI,22,Piauí,Nordeste,Sudoeste Piauiense,Bertolínia,Canto do Buriti,Floriano
220370,2203701,Esperantina,PI,22,Piauí,Nordeste,Norte Piauiense,Baixo Parnaíba Piauiense,Esperantina,Parnaíba
220375,2203750,Fartura do Piauí,PI,22,Piauí,Nordeste,Sudoeste Piauiense,São Raimundo Nonato,São Raimundo Nonato,São Raimundo Nonato
220380,2203800,Flores do Piauí,PI,22,Piauí,Nordeste,Sudoeste Piauiense,Floriano,Canto do Buriti,Floriano
220385,2203859,Floresta do Piauí,PI,22,Piauí,Nordeste,Sudeste Piauiense,Alto Médio Canindé,Oeiras,Picos
220390,2203909,Floriano,PI,22,Piauí,Nordeste,Sudoeste Piauiense,Floriano,Floriano,Floriano
220400,2204006,Francinópolis,PI,22,Piauí,Nordeste,Centro-Norte Piauiense,Valença do Piauí,Amarante - Água Branca - Regeneração,Teresina
220410,2204105,Francisco Ayres,PI,22,Piauí,Nordeste,Centro-Norte Piauiense,Médio Parnaíba Piauiense,Floriano,Floriano
220415,2204154,Francisco Macedo,PI,22,Piauí,Nordeste,Sudeste Piauiense,Alto Médio Canindé,Picos,Picos
220420,2204204,Francisco Santos,PI,22,Piauí,Nordeste,Sudeste Piauiense,Pio IX,Picos,Picos
220430,2204303,Fronteiras,PI,22,Piauí,Nordeste,Sudeste Piauiense,Alto Médio Canindé,Picos,Picos
220435,2204352,Geminiano,PI,22,Piauí,Nordeste,Sudeste Piauiense,Picos,Picos,Picos
220440,2204402,Gilbués,PI,22,Piauí,Nordeste,Sudoeste Piauiense,Alto Médio Gurguéia,Corrente,Corrente - Bom Jesus
220450,2204501,Guadalupe,PI,22,Piauí,Nordeste,Sudoeste Piauiense,Floriano,Floriano,Floriano
220455,2204550,Guaribas,PI,22,Piauí,Nordeste,Sudoeste Piauiense,São Raimundo Nonato,São Raimundo Nonato,São Raimundo Nonato
220460,2204600,Hugo Napoleão,PI,22,Piauí,Nordeste,Centro-Norte Piauiense,Médio Parnaíba Piauiense,Amarante - Água Branca - Regeneração,Teresina
220465,2204659,Ilha Grande,PI,22,Piauí,Nordeste,Norte Piauiense,Litoral Piauiense,Parnaíba,Parnaíba
220470,2204709,Inhuma,PI,22,Piauí,Nordeste,Centro-Norte Piauiense,Valença do Piauí,Valença do Piauí,Teresina
220480,2204808,Ipiranga do Piauí,PI,22,Piauí,Nordeste,Sudeste Piauiense,Picos,Valença do Piauí,Teresina
220490,2204907,Isaías Coelho,PI,22,Piauí,Nordeste,Sudeste Piauiense,Alto Médio Canindé,Picos,Picos
220500,2205003,Itainópolis,PI,22,Piauí,Nordeste,Sudeste Piauiense,Alto Médio Canindé,Picos,Picos
220510,2205102,Itaueira,PI,22,Piauí,Nordeste,Sudoeste Piauiense,Floriano,Floriano,Floriano
220515,2205151,Jacobina do Piauí,PI,22,Piauí,Nordeste,Sudeste Piauiense,Alto Médio Canindé,Paulistana,Picos
220520,2205201,Jaicós,PI,22,Piauí,Nordeste,Sudeste Piauiense,Alto Médio Canindé,Picos,Picos
220525,2205250,Jardim do Mulato,PI,22,Piauí,Nordeste,Centro-Norte Piauiense,Médio Parnaíba Piauiense,Amarante - Água Branca - Regeneração,Teresina
220527,2205276,Jatobá do Piauí,PI,22,Piauí,Nordeste,Centro-Norte Piauiense,Campo Maior,Campo Maior,Teresina
220530,2205300,Jerumenha,PI,22,Piauí,Nordeste,Sudoeste Piauiense,Floriano,Floriano,Floriano
220535,2205359,João Costa,PI,22,Piauí,Nordeste,Sudeste Piauiense,Alto Médio Canindé,São João do Piauí,São Raimundo Nonato
220540,2205409,Joaquim Pires,PI,22,Piauí,Nordeste,Norte Piauiense,Baixo Parnaíba Piauiense,Esperantina,Parnaíba
220545,2205458,Joca Marques,PI,22,Piauí,Nordeste,Norte Piauiense,Baixo Parnaíba Piauiense,Esperantina,Parnaíba
220550,2205508,José de Freitas,PI,22,Piauí,Nordeste,Centro-Norte Piauiense,Teresina,Teresina,Teresina
220551,2205516,Juazeiro do Piauí,PI,22,Piauí,Nordeste,Centro-Norte Piauiense,Campo Maior,Campo Maior,Teresina
220552,2205524,Júlio Borges,PI,22,Piauí,Nordeste,Sudoeste Piauiense,Chapadas do Extremo Sul Piauiense,Corrente,Corrente - Bom Jesus
220553,2205532,Jurema,PI,22,Piauí,Nordeste,Sudoeste Piauiense,São Raimundo Nonato,São Raimundo Nonato,São Raimundo Nonato
220554,2205540,Lagoinha do Piauí,PI,22,Piauí,Nordeste,Centro-Norte Piauiense,Médio Parnaíba Piauiense,Amarante - Água Branca - Regeneração,Teresina
220555,2205557,Lagoa Alegre,PI,22,Piauí,Nordeste,Centro-Norte Piauiense,Teresina,Teresina,Teresina
220556,2205565,Lagoa do Barro do Piauí,PI,22,Piauí,Nordeste,Sudeste Piauiense,Alto Médio Canindé,São João do Piauí,São Raimundo Nonato
220557,2205573,Lagoa de São Francisco,PI,22,Piauí,Nordeste,Centro-Norte Piauiense,Campo Maior,Piripiri,Parnaíba
220558,2205581,Lagoa do Piauí,PI,22,Piauí,Nordeste,Centro-Norte Piauiense,Teresina,Teresina,Teresina
220559,2205599,Lagoa do Sítio,PI,22,Piauí,Nordeste,Centro-Norte Piauiense,Valença do Piauí,Valença do Piauí,Teresina
220560,2205607,Landri Sales,PI,22,Piauí,Nordeste,Sudoeste Piauiense,Bertolínia,Floriano,Floriano
220570,2205706,Luís Correia,PI,22,Piauí,Nordeste,Norte Piauiense,Litoral Piauiense,Parnaíba,Parnaíba
220580,2205805,Luzilândia,PI,22,Piauí,Nordeste,Norte Piauiense,Baixo Parnaíba Piauiense,Esperantina,Parnaíba
220585,2205854,Madeiro,PI,22,Piauí,Nordeste,Norte Piauiense,Baixo Parnaíba Piauiense,Esperantina,Parnaíba
220590,2205904,Manoel Emídio,PI,22,Piauí,Nordeste,Sudoeste Piauiense,Bertolínia,Uruçuí,Floriano
220595,2205953,Marcolândia,PI,22,Piauí,Nordeste,Sudeste Piauiense,Alto Médio Canindé,Picos,Picos
220600,2206001,Marcos Parente,PI,22,Piauí,Nordeste,Sudoeste Piauiense,Bertolínia,Floriano,Floriano
220605,2206050,Massapê do Piauí,PI,22,Piauí,Nordeste,Sudeste Piauiense,Alto Médio Canindé,Picos,Picos
220610,2206100,Matias Olímpio,PI,22,Piauí,Nordeste,Norte Piauiense,Baixo Parnaíba Piauiense,Esperantina,Parnaíba
220620,2206209,Miguel Alves,PI,22,Piauí,Nordeste,Norte Piauiense,Baixo Parnaíba Piauiense,Teresina,Teresina
220630,2206308,Miguel Leão,PI,22,Piauí,Nordeste,Centro-Norte Piauiense,Teresina,Amarante - Água Branca - Regeneração,Teresina
220635,2206357,Milton Brandão,PI,22,Piauí,Nordeste,Centro-Norte Piauiense,Campo Maior,Piripiri,Parnaíba
220640,2206407,Monsenhor Gil,PI,22,Piauí,Nordeste,Centro-Norte Piauiense,Teresina,Teresina,Teresina
220650,2206506,Monsenhor Hipólito,PI,22,Piauí,Nordeste,Sudeste Piauiense,Pio IX,Picos,Picos
220660,2206605,Monte Alegre do Piauí,PI,22,Piauí,Nordeste,Sudoeste Piauiense,Alto Médio Gurguéia,Corrente,Corrente - Bom Jesus
220665,2206654,Morro Cabeça no Tempo,PI,22,Piauí,Nordeste,Sudoeste Piauiense,Chapadas do Extremo Sul Piauiense,Corrente,Corrente - Bom Jesus
220667,2206670,Morro do Chapéu do Piauí,PI,22,Piauí,Nordeste,Norte Piauiense,Baixo Parnaíba Piauiense,Esperantina,Parnaíba
220669,2206696,Murici dos Portelas,PI,22,Piauí,Nordeste,Norte Piauiense,Litoral Piauiense,Parnaíba,Parnaíba
220670,2206704,Nazaré do Piauí,PI,22,Piauí,Nordeste,Sudoeste Piauiense,Floriano,Floriano,Floriano
220672,2206720,Nazária,PI,22,Piauí,Nordeste,Centro-Norte Piauiense,Teresina,Teresina,Teresina
220675,2206753,Nossa Senhora de Nazaré,PI,22,Piauí,Nordeste,Centro-Norte Piauiense,Campo Maior,Campo Maior,Teresina
220680,2206803,Nossa Senhora dos Remédios,PI,22,Piauí,Nordeste,Norte Piauiense,Baixo Parnaíba Piauiense,Barras,Teresina
220690,2206902,Novo Oriente do Piauí,PI,22,Piauí,Nordeste,Centro-Norte Piauiense,Valença do Piauí,Valença do Piauí,Teresina
220695,2206951,Novo Santo Antônio,PI,22,Piauí,Nordeste,Centro-Norte Piauiense,Campo Maior,Teresina,Teresina
220700,2207009,Oeiras,PI,22,Piauí,Nordeste,Sudeste Piauiense,Picos,Oeiras,Picos
220710,2207108,Olho D'Água do Piauí,PI,22,Piauí,Nordeste,Centro-Norte Piauiense,Médio Parnaíba Piauiense,Amarante - Água Branca - Regeneração,Teresina
220720,2207207,Padre Marcos,PI,22,Piauí,Nordeste,Sudeste Piauiense,Alto Médio Canindé,Picos,Picos
220730,2207306,Paes Landim,PI,22,Piauí,Nordeste,Sudeste Piauiense,Alto Médio Canindé,Simplício Mendes,Picos
220735,2207355,Pajeú do Piauí,PI,22,Piauí,Nordeste,Sudoeste Piauiense,São Raimundo Nonato,Canto do Buriti,Floriano
220740,2207405,Palmeira do Piauí,PI,22,Piauí,Nordeste,Sudoeste Piauiense,Alto Médio Gurguéia,Bom Jesus,Corrente - Bom Jesus
220750,2207504,Palmeirais,PI,22,Piauí,Nordeste,Centro-Norte Piauiense,Médio Parnaíba Piauiense,Amarante - Água Branca - Regeneração,Teresina
220755,2207553,Paquetá,PI,22,Piauí,Nordeste,Sudeste Piauiense,Picos,Picos,Picos
220760,2207603,Parnaguá,PI,22,Piauí,Nordeste,Sudoeste Piauiense,Chapadas do Extremo Sul Piauiense,Corrente,Corrente - Bom Jesus
220770,2207702,Parnaíba,PI,22,Piauí,Nordeste,Norte Piauiense,Litoral Piauiense,Parnaíba,Parnaíba
220775,2207751,Passagem Franca do Piauí,PI,22,Piauí,Nordeste,Centro-Norte Piauiense,Médio Parnaíba Piauiense,Amarante - Água Branca - Regeneração,Teresina
220777,2207777,Patos do Piauí,PI,22,Piauí,Nordeste,Sudeste Piauiense,Alto Médio Canindé,Paulistana,Picos
220779,2207793,Pau D'Arco do Piauí,PI,22,Piauí,Nordeste,Centro-Norte Piauiense,Teresina,Teresina,Teresina
220780,2207801,Paulistana,PI,22,Piauí,Nordeste,Sudeste Piauiense,Alto Médio Canindé,Paulistana,Picos
220785,2207850,Pavussu,PI,22,Piauí,Nordeste,Sudoeste Piauiense,Floriano,Canto do Buriti,Floriano
220790,2207900,Pedro II,PI,22,Piauí,Nordeste,Centro-Norte Piauiense,Campo Maior,Piripiri,Parnaíba
220793,2207934,Pedro Laurentino,PI,22,Piauí,Nordeste,Sudeste Piauiense,Alto Médio Canindé,São João do Piauí,São Raimundo Nonato
220795,2207959,Nova Santa Rita,PI,22,Piauí,Nordeste,Sudeste Piauiense,Alto Médio Canindé,São João do Piauí,São Raimundo Nonato
220800,2208007,Picos,PI,22,Piauí,Nordeste,Sudeste Piauiense,Picos,Picos,Picos
220810,2208106,Pimenteiras,PI,22,Piauí,Nordeste,Centro-Norte Piauiense,Valença do Piauí,Valença do Piauí,Teresina
220820,2208205,Pio IX,PI,22,Piauí,Nordeste,Sudeste Piauiense,Pio IX,Picos,Picos
220830,2208304,Piracuruca,PI,22,Piauí,Nordeste,Norte Piauiense,Litoral Piauiense,Piripiri,Parnaíba
220840,2208403,Piripiri,PI,22,Piauí,Nordeste,Norte Piauiense,Baixo Parnaíba Piauiense,Piripiri,Parnaíba
220850,2208502,Porto,PI,22,Piauí,Nordeste,Norte Piauiense,Baixo Parnaíba Piauiense,Barras,Teresina
220855,2208551,Porto Alegre do Piauí,PI,22,Piauí,Nordeste,Sudoeste Piauiense,Bertolínia,Floriano,Floriano
220860,2208601,Prata do Piauí,PI,22,Piauí,Nordeste,Centro-Norte Piauiense,Valença do Piauí,Amarante - Água Branca - Regeneração,Teresina
220865,2208650,Queimada Nova,PI,22,Piauí,Nordeste,Sudeste Piauiense,Alto Médio Canindé,Paulistana,Picos
220870,2208700,Redenção do Gurguéia,PI,22,Piauí,Nordeste,Sudoeste Piauiense,Alto Médio Gurguéia,Bom Jesus,Corrente - Bom Jesus
220880,2208809,Regeneração,PI,22,Piauí,Nordeste,Centro-Norte Piauiense,Médio Parnaíba Piauiense,Amarante - Água Branca - Regeneração,Teresina
220885,2208858,Riacho Frio,PI,22,Piauí,Nordeste,Sudoeste Piauiense,Chapadas do Extremo Sul Piauiense,Corrente,Corrente - Bom Jesus
220887,2208874,Ribeira do Piauí,PI,22,Piauí,Nordeste,Sudeste Piauiense,Alto Médio Canindé,São João do Piauí,São Raimundo Nonato
220890,2208908,Ribeiro Gonçalves,PI,22,Piauí,Nordeste,Sudoeste Piauiense,Alto Parnaíba Piauiense,Uruçuí,Floriano
220900,2209005,Rio Grande do Piauí,PI,22,Piauí,Nordeste,Sudoeste Piauiense,Floriano,Canto do Buriti,Floriano
220910,2209104,Santa Cruz do Piauí,PI,22,Piauí,Nordeste,Sudeste Piauiense,Picos,Picos,Picos
220915,2209153,Santa Cruz dos Milagres,PI,22,Piauí,Nordeste,Centro-Norte Piauiense,Valença do Piauí,Valença do Piauí,Teresina
220920,2209203,Santa Filomena,PI,22,Piauí,Nordeste,Sudoeste Piauiense,Alto Parnaíba Piauiense,Corrente,Corrente - Bom Jesus
220930,2209302,Santa Luz,PI,22,Piauí,Nordeste,Sudoeste Piauiense,Alto Médio Gurguéia,Bom Jesus,Corrente - Bom Jesus
220935,2209351,Santana do Piauí,PI,22,Piauí,Nordeste,Sudeste Piauiense,Picos,Picos,Picos
220937,2209377,Santa Rosa do Piauí,PI,22,Piauí,Nordeste,Sudeste Piauiense,Picos,Oeiras,Picos
220940,2209401,Santo Antônio de Lisboa,PI,22,Piauí,Nordeste,Sudeste Piauiense,Pio IX,Picos,Picos
220945,2209450,Santo Antônio dos Milagres,PI,22,Piauí,Nordeste,Centro-Norte Piauiense,Médio Parnaíba Piauiense,Amarante - Água Branca - Regeneração,Teresina
220950,2209500,Santo Inácio do Piauí,PI,22,Piauí,Nordeste,Sudeste Piauiense,Alto Médio Canindé,Oeiras,Picos
220955,2209559,São Braz do Piauí,PI,22,Piauí,Nordeste,Sudoeste Piauiense,São Raimundo Nonato,São Raimundo Nonato,São Raimundo Nonato
220960,2209609,São Félix do Piauí,PI,22,Piauí,Nordeste,Centro-Norte Piauiense,Valença do Piauí,Amarante - Água Branca - Regeneração,Teresina
220965,2209658,São Francisco de Assis do Piauí,PI,22,Piauí,Nordeste,Sudeste Piauiense,Alto Médio Canindé,Simplício Mendes,Picos
220970,2209708,São Francisco do Piauí,PI,22,Piauí,Nordeste,Sudoeste Piauiense,Floriano,Floriano,Floriano
220975,2209757,São Gonçalo do Gurguéia,PI,22,Piauí,Nordeste,Sudoeste Piauiense,Alto Médio Gurguéia,Corrente,Corrente - Bom Jesus
220980,2209807,São Gonçalo do Piauí,PI,22,Piauí,Nordeste,Centro-Norte Piauiense,Médio Parnaíba Piauiense,Amarante - Água Branca - Regeneração,Teresina
220985,2209856,São João da Canabrava,PI,22,Piauí,Nordeste,Sudeste Piauiense,Picos,Picos,Picos
220987,2209872,São João da Fronteira,PI,22,Piauí,Nordeste,Norte Piauiense,Litoral Piauiense,Piripiri,Parnaíba
220990,2209906,São João da Serra,PI,22,Piauí,Nordeste,Centro-Norte Piauiense,Campo Maior,Campo Maior,Teresina
220995,2209955,São João da Varjota,PI,22,Piauí,Nordeste,Sudeste Piauiense,Picos,Oeiras,Picos
220997,2209971,São João do Arraial,PI,22,Piauí,Nordeste,Norte Piauiense,Baixo Parnaíba Piauiense,Esperantina,Parnaíba
221000,2210003,São João do Piauí,PI,22,Piauí,Nordeste,Sudeste Piauiense,Alto Médio Canindé,São João do Piauí,São Raimundo Nonato
221005,2210052,São José do Divino,PI,22,Piauí,Nordeste,Norte Piauiense,Litoral Piauiense,Piripiri,Parnaíba
221010,2210102,São José do Peixe,PI,22,Piauí,Nordeste,Sudoeste Piauiense,Floriano,Floriano,Floriano
221020,2210201,São José do Piauí,PI,22,Piauí,Nordeste,Sudeste Piauiense,Picos,Picos,Picos
221030,2210300,São Julião,PI,22,Piauí,Nordeste,Sudeste Piauiense,Pio IX,Picos,Picos
221035,2210359,São Lourenço do Piauí,PI,22,Piauí,Nordeste,Sudoeste Piauiense,São Raimundo Nonato,São Raimundo Nonato,São Raimundo Nonato
221037,2210375,São Luis do Piauí,PI,22,Piauí,Nordeste,Sudeste Piauiense,Picos,Picos,Picos
221038,2210383,São Miguel da Baixa Grande,PI,22,Piauí,Nordeste,Centro-Norte Piauiense,Valença do Piauí,Amarante - Água Branca - Regeneração,Teresina
221039,2210391,São Miguel do Fidalgo,PI,22,Piauí,Nordeste,Sudoeste Piauiense,Floriano,Oeiras,Picos
221040,2210409,São Miguel do Tapuio,PI,22,Piauí,Nordeste,Centro-Norte Piauiense,Campo Maior,Campo Maior,Teresina
221050,2210508,São Pedro do Piauí,PI,22,Piauí,Nordeste,Centro-Norte Piauiense,Médio Parnaíba Piauiense,Amarante - Água Branca - Regeneração,Teresina
221060,2210607,São Raimundo Nonato,PI,22,Piauí,Nordeste,Sudoeste Piauiense,São Raimundo Nonato,São Raimundo Nonato,São Raimundo Nonato
221062,2210623,Sebastião Barros,PI,22,Piauí,Nordeste,Sudoeste Piauiense,Chapadas do Extremo Sul Piauiense,Corrente,Corrente - Bom Jesus
221063,2210631,Sebastião Leal,PI,22,Piauí,Nordeste,Sudoeste Piauiense,Bertolínia,Uruçuí,Floriano
221065,2210656,Sigefredo Pacheco,PI,22,Piauí,Nordeste,Centro-Norte Piauiense,Campo Maior,Campo Maior,Teresina
221070,2210706,Simões,PI,22,Piauí,Nordeste,Sudeste Piauiense,Alto Médio Canindé,Paulistana,Picos
221080,2210805,Simplício Mendes,PI,22,Piauí,Nordeste,Sudeste Piauiense,Alto Médio Canindé,Simplício Mendes,Picos
221090,2210904,Socorro do Piauí,PI,22,Piauí,Nordeste,Sudeste Piauiense,Alto Médio Canindé,Simplício Mendes,Picos
221093,2210938,Sussuapara,PI,22,Piauí,Nordeste,Sudeste Piauiense,Picos,Picos,Picos
221095,2210953,Tamboril do Piauí,PI,22,Piauí,Nordeste,Sudoeste Piauiense,São Raimundo Nonato,Canto do Buriti,Floriano
221097,2210979,Tanque do Piauí,PI,22,Piauí,Nordeste,Sudeste Piauiense,Picos,Oeiras,Picos
221100,2211001,Teresina,PI,22,Piauí,Nordeste,Centro-Norte Piauiense,Teresina,Teresina,Teresina
221110,2211100,União,PI,22,Piauí,Nordeste,Centro-Norte Piauiense,Teresina,Teresina,Teresina
221120,2211209,Uruçuí,PI,22,Piauí,Nordeste,Sudoeste Piauiense,Alto Parnaíba Piauiense,Uruçuí,Floriano
221130,2211308,Valença do Piauí,PI,22,Piauí,Nordeste,Centro-Norte Piauiense,Valença do Piauí,Valença do Piauí,Teresina
221135,2211357,Várzea Branca,PI,22,Piauí,Nordeste,Sudoeste Piauiense,São Raimundo Nonato,São Raimundo Nonato,São Raimundo Nonato
221140,2211407,Várzea Grande,PI,22,Piauí,Nordeste,Centro-Norte Piauiense,Valença do Piauí,Amarante - Água Branca - Regeneração,Teresina
221150,2211506,Vera Mendes,PI,22,Piauí,Nordeste,Sudeste Piauiense,Alto Médio Canindé,Picos,Picos
221160,2211605,Vila Nova do Piauí,PI,22,Piauí,Nordeste,Sudeste Piauiense,Alto Médio Canindé,Picos,Picos
221170,2211704,Wall Ferraz,PI,22,Piauí,Nordeste,Sudeste Piauiense,Picos,Picos,Picos
230010,2300101,Abaiara,CE,23,Ceará,Nordeste,Sul Cearense,Brejo Santo,Brejo Santo,Juazeiro do Norte
230015,2300150,Acarape,CE,23,Ceará,Nordeste,Norte Cearense,Baturité,Redenção-Acarape,Fortaleza
230020,2300200,Acaraú,CE,23,Ceará,Nordeste,Noroeste Cearense,Litoral de Camocim e Acaraú,Acaraú,Sobral
230030,2300309,Acopiara,CE,23,Ceará,Nordeste,Sertões Cearenses,Sertão de Senador Pompeu,Iguatu,Iguatu
230040,2300408,Aiuaba,CE,23,Ceará,Nordeste,Sertões Cearenses,Sertão de Inhamuns,Juazeiro do Norte,Juazeiro do Norte
230050,2300507,Alcântaras,CE,23,Ceará,Nordeste,Noroeste Cearense,Meruoca,Sobral,Sobral
230060,2300606,Altaneira,CE,23,Ceará,Nordeste,Sul Cearense,Caririaçu,Juazeiro do Norte,Juazeiro do Norte
230070,2300705,Alto Santo,CE,23,Ceará,Nordeste,Jaguaribe,Baixo Jaguaribe,Russas - Limoeiro do Norte,Quixadá
230075,2300754,Amontada,CE,23,Ceará,Nordeste,Norte Cearense,Itapipoca,Itapipoca,Fortaleza
230080,2300804,Antonina do Norte,CE,23,Ceará,Nordeste,Centro-Sul Cearense,Várzea Alegre,Juazeiro do Norte,Juazeiro do Norte
230090,2300903,Apuiarés,CE,23,Ceará,Nordeste,Norte Cearense,Médio Curu,Itapagé,Fortaleza
230100,2301000,Aquiraz,CE,23,Ceará,Nordeste,Metropolitana de Fortaleza,Fortaleza,Fortaleza,Fortaleza
230110,2301109,Aracati,CE,23,Ceará,Nordeste,Jaguaribe,Litoral de Aracati,Aracati,Quixadá
230120,2301208,Aracoiaba,CE,23,Ceará,Nordeste,Norte Cearense,Baturité,Redenção-Acarape,Fortaleza
230125,2301257,Ararendá,CE,23,Ceará,Nordeste,Sertões Cearenses,Sertão de Cratéus,Crateús,Crateús
230130,2301307,Araripe,CE,23,Ceará,Nordeste,Sul Cearense,Chapada do Araripe,Juazeiro do Norte,Juazeiro do Norte
230140,2301406,Aratuba,CE,23,Ceará,Nordeste,Norte Cearense,Baturité,Redenção-Acarape,Fortaleza
230150,2301505,Arneiroz,CE,23,Ceará,Nordeste,Sertões Cearenses,Sertão de Inhamuns,Tauá,Crateús
230160,2301604,Assaré,CE,23,Ceará,Nordeste,Sul Cearense,Chapada do Araripe,Juazeiro do Norte,Juazeiro do Norte
230170,2301703,Aurora,CE,23,Ceará,Nordeste,Sul Cearense,Barro,Juazeiro do Norte,Juazeiro do Norte
230180,2301802,Baixio,CE,23,Ceará,Nordeste,Centro-Sul Cearense,Lavras da Mangabeira,Icó,Iguatu
230185,2301851,Banabuiú,CE,23,Ceará,Nordeste,Sertões Cearenses,Sertão de Quixeramobim,Quixadá,Quixadá
230190,2301901,Barbalha,CE,23,Ceará,Nordeste,Sul Cearense,Cariri,Juazeiro do Norte,Juazeiro do Norte
230195,2301950,Barreira,CE,23,Ceará,Nordeste,Norte Cearense,Chorozinho,Redenção-Acarape,Fortaleza
230200,2302008,Barro,CE,23,Ceará,Nordeste,Sul Cearense,Barro,Brejo Santo,Juazeiro do Norte
230205,2302057,Barroquinha,CE,23,Ceará,Nordeste,Noroeste Cearense,Litoral de Camocim e Acaraú,Camocim,Sobral
230210,2302107,Baturité,CE,23,Ceará,Nordeste,Norte Cearense,Baturité,Redenção-Acarape,Fortaleza
230220,2302206,Beberibe,CE,23,Ceará,Nordeste,Norte Cearense,Cascavel,Fortaleza,Fortaleza
230230,2302305,Bela Cruz,CE,23,Ceará,Nordeste,Noroeste Cearense,Litoral de Camocim e Acaraú,Acaraú,Sobral
230240,2302404,Boa Viagem,CE,23,Ceará,Nordeste,Sertões Cearenses,Sertão de Quixeramobim,Canindé,Fortaleza
230250,2302503,Brejo Santo,CE,23,Ceará,Nordeste,Sul Cearense,Brejo Santo,Brejo Santo,Juazeiro do Norte
230260,2302602,Camocim,CE,23,Ceará,Nordeste,Noroeste Cearense,Litoral de Camocim e Acaraú,Camocim,Sobral
230270,2302701,Campos Sales,CE,23,Ceará,Nordeste,Sul Cearense,Chapada do Araripe,Juazeiro do Norte,Juazeiro do Norte
230280,2302800,Canindé,CE,23,Ceará,Nordeste,Norte Cearense,Canindé,Canindé,Fortaleza
230290,2302909,Capistrano,CE,23,Ceará,Nordeste,Norte Cearense,Baturité,Redenção-Acarape,Fortaleza
230300,2303006,Caridade,CE,23,Ceará,Nordeste,Norte Cearense,Canindé,Canindé,Fortaleza
230310,2303105,Cariré,CE,23,Ceará,Nordeste,Noroeste Cearense,Sobral,Sobral,Sobral
230320,2303204,Caririaçu,CE,23,Ceará,Nordeste,Sul Cearense,Caririaçu,Juazeiro do Norte,Juazeiro do Norte
230330,2303303,Cariús,CE,23,Ceará,Nordeste,Centro-Sul Cearense,Várzea Alegre,Iguatu,Iguatu
230340,2303402,Carnaubal,CE,23,Ceará,Nordeste,Noroeste Cearense,Ibiapaba,São Benedito - Ipu - Guaraciaba do Norte - Tianguá,Sobral
230350,2303501,Cascavel,CE,23,Ceará,Nordeste,Norte Cearense,Cascavel,Fortaleza,Fortaleza
230360,2303600,Catarina,CE,23,Ceará,Nordeste,Sertões Cearenses,Sertão de Inhamuns,Iguatu,Iguatu
230365,2303659,Catunda,CE,23,Ceará,Nordeste,Noroeste Cearense,Santa Quitéria,Sobral,Sobral
230370,2303709,Caucaia,CE,23,Ceará,Nordeste,Metropolitana de Fortaleza,Fortaleza,Fortaleza,Fortaleza
230380,2303808,Cedro,CE,23,Ceará,Nordeste,Centro-Sul Cearense,Iguatu,Iguatu,Iguatu
230390,2303907,Chaval,CE,23,Ceará,Nordeste,Noroeste Cearense,Litoral de Camocim e Acaraú,Camocim,Sobral
230393,2303931,Choró,CE,23,Ceará,Nordeste,Sertões Cearenses,Sertão de Quixeramobim,Quixadá,Quixadá
230395,2303956,Chorozinho,CE,23,Ceará,Nordeste,Norte Cearense,Chorozinho,Fortaleza,Fortaleza
230400,2304004,Coreaú,CE,23,Ceará,Nordeste,Noroeste Cearense,Coreaú,Sobral,Sobral
230410,2304103,Crateús,CE,23,Ceará,Nordeste,Sertões Cearenses,Sertão de Cratéus,Crateús,Crateús
230420,2304202,Crato,CE,23,Ceará,Nordeste,Sul Cearense,Cariri,Juazeiro do Norte,Juazeiro do Norte
230423,2304236,Croatá,CE,23,Ceará,Nordeste,Noroeste Cearense,Ibiapaba,São Benedito - Ipu - Guaraciaba do Norte - Tianguá,Sobral
230425,2304251,Cruz,CE,23,Ceará,Nordeste,Noroeste Cearense,Litoral de Camocim e Acaraú,Acaraú,Sobral
230426,2304269,Deputado Irapuan Pinheiro,CE,23,Ceará,Nordeste,Sertões Cearenses,Sertão de Senador Pompeu,Quixadá,Quixadá
230427,2304277,Ereré,CE,23,Ceará,Nordeste,Jaguaribe,Serra do Pereiro,Russas - Limoeiro do Norte,Quixadá
230428,2304285,Eusébio,CE,23,Ceará,Nordeste,Metropolitana de Fortaleza,Fortaleza,Fortaleza,Fortaleza
230430,2304301,Farias Brito,CE,23,Ceará,Nordeste,Sul Cearense,Caririaçu,Juazeiro do Norte,Juazeiro do Norte
230435,2304350,Forquilha,CE,23,Ceará,Nordeste,Noroeste Cearense,Sobral,Sobral,Sobral
230440,2304400,Fortaleza,CE,23,Ceará,Nordeste,Metropolitana de Fortaleza,Fortaleza,Fortaleza,Fortaleza
230445,2304459,Fortim,CE,23,Ceará,Nordeste,Jaguaribe,Litoral de Aracati,Aracati,Quixadá
230450,2304509,Frecheirinha,CE,23,Ceará,Nordeste,Noroeste Cearense,Coreaú,Sobral,Sobral
230460,2304608,General Sampaio,CE,23,Ceará,Nordeste,Norte Cearense,Médio Curu,Itapagé,Fortaleza
230465,2304657,Graça,CE,23,Ceará,Nordeste,Noroeste Cearense,Sobral,Sobral,Sobral
230470,2304707,Granja,CE,23,Ceará,Nordeste,Noroeste Cearense,Litoral de Camocim e Acaraú,Camocim,Sobral
230480,2304806,Granjeiro,CE,23,Ceará,Nordeste,Sul Cearense,Caririaçu,Juazeiro do Norte,Juazeiro do Norte
230490,2304905,Groaíras,CE,23,Ceará,Nordeste,Noroeste Cearense,Sobral,Sobral,Sobral
230495,2304954,Guaiúba,CE,23,Ceará,Nordeste,Metropolitana de Fortaleza,Fortaleza,Fortaleza,Fortaleza
230500,2305001,Guaraciaba do Norte,CE,23,Ceará,Nordeste,Noroeste Cearense,Ibiapaba,São Benedito - Ipu - Guaraciaba do Norte - Tianguá,Sobral
230510,2305100,Guaramiranga,CE,23,Ceará,Nordeste,Norte Cearense,Baturité,Redenção-Acarape,Fortaleza
230520,2305209,Hidrolândia,CE,23,Ceará,Nordeste,Noroeste Cearense,Santa Quitéria,Sobral,Sobral
230523,2305233,Horizonte,CE,23,Ceará,Nordeste,Metropolitana de Fortaleza,Pacajus,Fortaleza,Fortaleza
230526,2305266,Ibaretama,CE,23,Ceará,Nordeste,Sertões Cearenses,Sertão de Quixeramobim,Quixadá,Quixadá
230530,2305308,Ibiapina,CE,23,Ceará,Nordeste,Noroeste Cearense,Ibiapaba,São Benedito - Ipu - Guaraciaba do Norte - Tianguá,Sobral
230533,2305332,Ibicuitinga,CE,23,Ceará,Nordeste,Jaguaribe,Baixo Jaguaribe,Quixadá,Quixadá
230535,2305357,Icapuí,CE,23,Ceará,Nordeste,Jaguaribe,Litoral de Aracati,Aracati,Quixadá
230540,2305407,Icó,CE,23,Ceará,Nordeste,Centro-Sul Cearense,Iguatu,Icó,Iguatu
230550,2305506,Iguatu,CE,23,Ceará,Nordeste,Centro-Sul Cearense,Iguatu,Iguatu,Iguatu
230560,2305605,Independência,CE,23,Ceará,Nordeste,Sertões Cearenses,Sertão de Cratéus,Crateús,Crateús
230565,2305654,Ipaporanga,CE,23,Ceará,Nordeste,Sertões Cearenses,Sertão de Cratéus,Crateús,Crateús
230570,2305704,Ipaumirim,CE,23,Ceará,Nordeste,Centro-Sul Cearense,Lavras da Mangabeira,Icó,Iguatu
230580,2305803,Ipu,CE,23,Ceará,Nordeste,Noroeste Cearense,Ipu,São Benedito - Ipu - Guaraciaba do Norte - Tianguá,Sobral
230590,2305902,Ipueiras,CE,23,Ceará,Nordeste,Noroeste Cearense,Ipu,São Benedito - Ipu - Guaraciaba do Norte - Tianguá,Sobral
230600,2306009,Iracema,CE,23,Ceará,Nordeste,Jaguaribe,Serra do Pereiro,Russas - Limoeiro do Norte,Quixadá
230610,2306108,Irauçuba,CE,23,Ceará,Nordeste,Noroeste Cearense,Sobral,Itapagé,Fortaleza
230620,2306207,Itaiçaba,CE,23,Ceará,Nordeste,Jaguaribe,Litoral de Aracati,Aracati,Quixadá
230625,2306256,Itaitinga,CE,23,Ceará,Nordeste,Metropolitana de Fortaleza,Fortaleza,Fortaleza,Fortaleza
230630,2306306,Itapajé,CE,23,Ceará,Nordeste,Norte Cearense,Uruburetama,Itapagé,Fortaleza
230640,2306405,Itapipoca,CE,23,Ceará,Nordeste,Norte Cearense,Itapipoca,Itapipoca,Fortaleza
230650,2306504,Itapiúna,CE,23,Ceará,Nordeste,Norte Cearense,Baturité,Redenção-Acarape,Fortaleza
230655,2306553,Itarema,CE,23,Ceará,Nordeste,Noroeste Cearense,Litoral de Camocim e Acaraú,Acaraú,Sobral
230660,2306603,Itatira,CE,23,Ceará,Nordeste,Norte Cearense,Canindé,Canindé,Fortaleza
230670,2306702,Jaguaretama,CE,23,Ceará,Nordeste,Jaguaribe,Médio Jaguaribe,Russas - Limoeiro do Norte,Quixadá
230680,2306801,Jaguaribara,CE,23,Ceará,Nordeste,Jaguaribe,Médio Jaguaribe,Russas - Limoeiro do Norte,Quixadá
230690,2306900,Jaguaribe,CE,23,Ceará,Nordeste,Jaguaribe,Médio Jaguaribe,Russas - Limoeiro do Norte,Quixadá
230700,2307007,Jaguaruana,CE,23,Ceará,Nordeste,Jaguaribe,Baixo Jaguaribe,Aracati,Quixadá
230710,2307106,Jardim,CE,23,Ceará,Nordeste,Sul Cearense,Cariri,Juazeiro do Norte,Juazeiro do Norte
230720,2307205,Jati,CE,23,Ceará,Nordeste,Sul Cearense,Brejo Santo,Brejo Santo,Juazeiro do Norte
230725,2307254,Jijoca de Jericoacoara,CE,23,Ceará,Nordeste,Noroeste Cearense,Litoral de Camocim e Acaraú,Acaraú,Sobral
230730,2307304,Juazeiro do Norte,CE,23,Ceará,Nordeste,Sul Cearense,Cariri,Juazeiro do Norte,Juazeiro do Norte
230740,2307403,Jucás,CE,23,Ceará,Nordeste,Centro-Sul Cearense,Várzea Alegre,Iguatu,Iguatu
230750,2307502,Lavras da Mangabeira,CE,23,Ceará,Nordeste,Centro-Sul Cearense,Lavras da Mangabeira,Juazeiro do Norte,Juazeiro do Norte
230760,2307601,Limoeiro do Norte,CE,23,Ceará,Nordeste,Jaguaribe,Baixo Jaguaribe,Russas - Limoeiro do Norte,Quixadá
230763,2307635,Madalena,CE,23,Ceará,Nordeste,Sertões Cearenses,Sertão de Quixeramobim,Canindé,Fortaleza
230765,2307650,Maracanaú,CE,23,Ceará,Nordeste,Metropolitana de Fortaleza,Fortaleza,Fortaleza,Fortaleza
230770,2307700,Maranguape,CE,23,Ceará,Nordeste,Metropolitana de Fortaleza,Fortaleza,Fortaleza,Fortaleza
230780,2307809,Marco,CE,23,Ceará,Nordeste,Noroeste Cearense,Litoral de Camocim e Acaraú,Acaraú,Sobral
230790,2307908,Martinópole,CE,23,Ceará,Nordeste,Noroeste Cearense,Litoral de Camocim e Acaraú,Sobral,Sobral
230800,2308005,Massapê,CE,23,Ceará,Nordeste,Noroeste Cearense,Sobral,Sobral,Sobral
230810,2308104,Mauriti,CE,23,Ceará,Nordeste,Sul Cearense,Barro,Brejo Santo,Juazeiro do Norte
230820,2308203,Meruoca,CE,23,Ceará,Nordeste,Noroeste Cearense,Meruoca,Sobral,Sobral
230830,2308302,Milagres,CE,23,Ceará,Nordeste,Sul Cearense,Brejo Santo,Brejo Santo,Juazeiro do Norte
230835,2308351,Milhã,CE,23,Ceará,Nordeste,Sertões Cearenses,Sertão de Senador Pompeu,Quixadá,Quixadá
230837,2308377,Miraíma,CE,23,Ceará,Nordeste,Noroeste Cearense,Sobral,Itapipoca,Fortaleza
230840,2308401,Missão Velha,CE,23,Ceará,Nordeste,Sul Cearense,Cariri,Juazeiro do Norte,Juazeiro do Norte
230850,2308500,Mombaça,CE,23,Ceará,Nordeste,Sertões Cearenses,Sertão de Senador Pompeu,Iguatu,Iguatu
230860,2308609,Monsenhor Tabosa,CE,23,Ceará,Nordeste,Sertões Cearenses,Sertão de Cratéus,Crateús,Crateús
230870,2308708,Morada Nova,CE,23,Ceará,Nordeste,Jaguaribe,Baixo Jaguaribe,Russas - Limoeiro do Norte,Quixadá
230880,2308807,Moraújo,CE,23,Ceará,Nordeste,Noroeste Cearense,Coreaú,Sobral,Sobral
230890,2308906,Morrinhos,CE,23,Ceará,Nordeste,Noroeste Cearense,Litoral de Camocim e Acaraú,Sobral,Sobral
230900,2309003,Mucambo,CE,23,Ceará,Nordeste,Noroeste Cearense,Sobral,Sobral,Sobral
230910,2309102,Mulungu,CE,23,Ceará,Nordeste,Norte Cearense,Baturité,Redenção-Acarape,Fortaleza
230920,2309201,Nova Olinda,CE,23,Ceará,Nordeste,Sul Cearense,Cariri,Juazeiro do Norte,Juazeiro do Norte
230930,2309300,Nova Russas,CE,23,Ceará,Nordeste,Sertões Cearenses,Sertão de Cratéus,Crateús,Crateús
230940,2309409,Novo Oriente,CE,23,Ceará,Nordeste,Sertões Cearenses,Sertão de Cratéus,Crateús,Crateús
230945,2309458,Ocara,CE,23,Ceará,Nordeste,Norte Cearense,Chorozinho,Redenção-Acarape,Fortaleza
230950,2309508,Orós,CE,23,Ceará,Nordeste,Centro-Sul Cearense,Iguatu,Icó,Iguatu
230960,2309607,Pacajus,CE,23,Ceará,Nordeste,Metropolitana de Fortaleza,Pacajus,Fortaleza,Fortaleza
230970,2309706,Pacatuba,CE,23,Ceará,Nordeste,Metropolitana de Fortaleza,Fortaleza,Fortaleza,Fortaleza
230980,2309805,Pacoti,CE,23,Ceará,Nordeste,Norte Cearense,Baturité,Redenção-Acarape,Fortaleza
230990,2309904,Pacujá,CE,23,Ceará,Nordeste,Noroeste Cearense,Sobral,Sobral,Sobral
231000,2310001,Palhano,CE,23,Ceará,Nordeste,Jaguaribe,Baixo Jaguaribe,Russas - Limoeiro do Norte,Quixadá
231010,2310100,Palmácia,CE,23,Ceará,Nordeste,Norte Cearense,Baturité,Fortaleza,Fortaleza
231020,2310209,Paracuru,CE,23,Ceará,Nordeste,Norte Cearense,Baixo Curu,Fortaleza,Fortaleza
231025,2310258,Paraipaba,CE,23,Ceará,Nordeste,Norte Cearense,Baixo Curu,Fortaleza,Fortaleza
231030,2310308,Parambu,CE,23,Ceará,Nordeste,Sertões Cearenses,Sertão de Inhamuns,Tauá,Crateús
231040,2310407,Paramoti,CE,23,Ceará,Nordeste,Norte Cearense,Canindé,Canindé,Fortaleza
231050,2310506,Pedra Branca,CE,23,Ceará,Nordeste,Sertões Cearenses,Sertão de Senador Pompeu,Quixadá,Quixadá
231060,2310605,Penaforte,CE,23,Ceará,Nordeste,Sul Cearense,Brejo Santo,Brejo Santo,Juazeiro do Norte
231070,2310704,Pentecoste,CE,23,Ceará,Nordeste,Norte Cearense,Médio Curu,Itapagé,Fortaleza
231080,2310803,Pereiro,CE,23,Ceará,Nordeste,Jaguaribe,Serra do Pereiro,Russas - Limoeiro do Norte,Quixadá
231085,2310852,Pindoretama,CE,23,Ceará,Nordeste,Norte Cearense,Cascavel,Fortaleza,Fortaleza
231090,2310902,Piquet Carneiro,CE,23,Ceará,Nordeste,Sertões Cearenses,Sertão de Senador Pompeu,Iguatu,Iguatu
231095,2310951,Pires Ferreira,CE,23,Ceará,Nordeste,Noroeste Cearense,Ipu,São Benedito - Ipu - Guaraciaba do Norte - Tianguá,Sobral
231100,2311009,Poranga,CE,23,Ceará,Nordeste,Noroeste Cearense,Ipu,Crateús,Crateús
231110,2311108,Porteiras,CE,23,Ceará,Nordeste,Sul Cearense,Cariri,Brejo Santo,Juazeiro do Norte
231120,2311207,Potengi,CE,23,Ceará,Nordeste,Sul Cearense,Chapada do Araripe,Juazeiro do Norte,Juazeiro do Norte
231123,2311231,Potiretama,CE,23,Ceará,Nordeste,Jaguaribe,Serra do Pereiro,Russas - Limoeiro do Norte,Quixadá
231126,2311264,Quiterianópolis,CE,23,Ceará,Nordeste,Sertões Cearenses,Sertão de Cratéus,Crateús,Crateús
231130,2311306,Quixadá,CE,23,Ceará,Nordeste,Sertões Cearenses,Sertão de Quixeramobim,Quixadá,Quixadá
231135,2311355,Quixelô,CE,23,Ceará,Nordeste,Centro-Sul Cearense,Iguatu,Iguatu,Iguatu
231140,2311405,Quixeramobim,CE,23,Ceará,Nordeste,Sertões Cearenses,Sertão de Quixeramobim,Quixadá,Quixadá
231150,2311504,Quixeré,CE,23,Ceará,Nordeste,Jaguaribe,Baixo Jaguaribe,Russas - Limoeiro do Norte,Quixadá
231160,2311603,Redenção,CE,23,Ceará,Nordeste,Norte Cearense,Baturité,Redenção-Acarape,Fortaleza
231170,2311702,Reriutaba,CE,23,Ceará,Nordeste,Noroeste Cearense,Ipu,Sobral,Sobral
231180,2311801,Russas,CE,23,Ceará,Nordeste,Jaguaribe,Baixo Jaguaribe,Russas - Limoeiro do Norte,Quixadá
231190,2311900,Saboeiro,CE,23,Ceará,Nordeste,Sertões Cearenses,Sertão de Inhamuns,Iguatu,Iguatu
231195,2311959,Salitre,CE,23,Ceará,Nordeste,Sul Cearense,Chapada do Araripe,Juazeiro do Norte,Juazeiro do Norte
231200,2312007,Santana do Acaraú,CE,23,Ceará,Nordeste,Noroeste Cearense,Sobral,Sobral,Sobral
231210,2312106,Santana do Cariri,CE,23,Ceará,Nordeste,Sul Cearense,Cariri,Juazeiro do Norte,Juazeiro do Norte
231220,2312205,Santa Quitéria,CE,23,Ceará,Nordeste,Noroeste Cearense,Santa Quitéria,Sobral,Sobral
231230,2312304,São Benedito,CE,23,Ceará,Nordeste,Noroeste Cearense,Ibiapaba,São Benedito - Ipu - Guaraciaba do Norte - Tianguá,Sobral
231240,2312403,São Gonçalo do Amarante,CE,23,Ceará,Nordeste,Norte Cearense,Baixo Curu,Fortaleza,Fortaleza
231250,2312502,São João do Jaguaribe,CE,23,Ceará,Nordeste,Jaguaribe,Baixo Jaguaribe,Russas - Limoeiro do Norte,Quixadá
231260,2312601,São Luís do Curu,CE,23,Ceará,Nordeste,Norte Cearense,Médio Curu,Fortaleza,Fortaleza
231270,2312700,Senador Pompeu,CE,23,Ceará,Nordeste,Sertões Cearenses,Sertão de Senador Pompeu,Quixadá,Quixadá
231280,2312809,Senador Sá,CE,23,Ceará,Nordeste,Noroeste Cearense,Sobral,Sobral,Sobral
231290,2312908,Sobral,CE,23,Ceará,Nordeste,Noroeste Cearense,Sobral,Sobral,Sobral
231300,2313005,Solonópole,CE,23,Ceará,Nordeste,Sertões Cearenses,Sertão de Senador Pompeu,Quixadá,Quixadá
231310,2313104,Tabuleiro do Norte,CE,23,Ceará,Nordeste,Jaguaribe,Baixo Jaguaribe,Russas - Limoeiro do Norte,Quixadá
231320,2313203,Tamboril,CE,23,Ceará,Nordeste,Sertões Cearenses,Sertão de Cratéus,Crateús,Crateús
231325,2313252,Tarrafas,CE,23,Ceará,Nordeste,Centro-Sul Cearense,Várzea Alegre,Juazeiro do Norte,Juazeiro do Norte
231330,2313302,Tauá,CE,23,Ceará,Nordeste,Sertões Cearenses,Sertão de Inhamuns,Tauá,Crateús
231335,2313351,Tejuçuoca,CE,23,Ceará,Nordeste,Norte Cearense,Médio Curu,Itapagé,Fortaleza
231340,2313401,Tianguá,CE,23,Ceará,Nordeste,Noroeste Cearense,Ibiapaba,São Benedito - Ipu - Guaraciaba do Norte - Tianguá,Sobral
231350,2313500,Trairi,CE,23,Ceará,Nordeste,Norte Cearense,Itapipoca,Itapipoca,Fortaleza
231355,2313559,Tururu,CE,23,Ceará,Nordeste,Norte Cearense,Uruburetama,Itapipoca,Fortaleza
231360,2313609,Ubajara,CE,23,Ceará,Nordeste,Noroeste Cearense,Ibiapaba,São Benedito - Ipu - Guaraciaba do Norte - Tianguá,Sobral
231370,2313708,Umari,CE,23,Ceará,Nordeste,Centro-Sul Cearense,Lavras da Mangabeira,Icó,Iguatu
231375,2313757,Umirim,CE,23,Ceará,Nordeste,Norte Cearense,Uruburetama,Itapipoca,Fortaleza
231380,2313807,Uruburetama,CE,23,Ceará,Nordeste,Norte Cearense,Uruburetama,Itapipoca,Fortaleza
231390,2313906,Uruoca,CE,23,Ceará,Nordeste,Noroeste Cearense,Coreaú,Sobral,Sobral
231395,2313955,Varjota,CE,23,Ceará,Nordeste,Noroeste Cearense,Ipu,Sobral,Sobral
231400,2314003,Várzea Alegre,CE,23,Ceará,Nordeste,Centro-Sul Cearense,Várzea Alegre,Juazeiro do Norte,Juazeiro do Norte
231410,2314102,Viçosa do Ceará,CE,23,Ceará,Nordeste,Noroeste Cearense,Ibiapaba,São Benedito - Ipu - Guaraciaba do Norte - Tianguá,Sobral
240010,2400109,Acari,RN,24,Rio Grande do Norte,Nordeste,Central Potiguar,Seridó Oriental,Currais Novos,Caicó
240020,2400208,Assú,RN,24,Rio Grande do Norte,Nordeste,Oeste Potiguar,Vale do Açu,Açu,Mossoró
240030,2400307,Afonso Bezerra,RN,24,Rio Grande do Norte,Nordeste,Central Potiguar,Angicos,Açu,Mossoró
240040,2400406,Água Nova,RN,24,Rio Grande do Norte,Nordeste,Oeste Potiguar,Serra de São Miguel,Pau dos Ferros,Mossoró
240050,2400505,Alexandria,RN,24,Rio Grande do Norte,Nordeste,Oeste Potiguar,Pau dos Ferros,Pau dos Ferros,Mossoró
240060,2400604,Almino Afonso,RN,24,Rio Grande do Norte,Nordeste,Oeste Potiguar,Umarizal,Pau dos Ferros,Mossoró
240070,2400703,Alto do Rodrigues,RN,24,Rio Grande do Norte,Nordeste,Oeste Potiguar,Vale do Açu,Açu,Mossoró
240080,2400802,Angicos,RN,24,Rio Grande do Norte,Nordeste,Central Potiguar,Angicos,Açu,Mossoró
240090,2400901,Antônio Martins,RN,24,Rio Grande do Norte,Nordeste,Oeste Potiguar,Umarizal,Pau dos Ferros,Mossoró
240100,2401008,Apodi,RN,24,Rio Grande do Norte,Nordeste,Oeste Potiguar,Chapada do Apodi,Mossoró,Mossoró
240110,2401107,Areia Branca,RN,24,Rio Grande do Norte,Nordeste,Oeste Potiguar,Mossoró,Mossoró,Mossoró
240120,2401206,Arez,RN,24,Rio Grande do Norte,Nordeste,Leste Potiguar,Litoral Sul,Canguaretama,Natal
240130,2401305,Campo Grande,RN,24,Rio Grande do Norte,Nordeste,Oeste Potiguar,Médio Oeste,Mossoró,Mossoró
240140,2401404,Baía Formosa,RN,24,Rio Grande do Norte,Nordeste,Leste Potiguar,Litoral Sul,Canguaretama,Natal
240145,2401453,Baraúna,RN,24,Rio Grande do Norte,Nordeste,Oeste Potiguar,Mossoró,Mossoró,Mossoró
240150,2401503,Barcelona,RN,24,Rio Grande do Norte,Nordeste,Agreste Potiguar,Borborema Potiguar,São Paulo do Potengi,Natal
240160,2401602,Bento Fernandes,RN,24,Rio Grande do Norte,Nordeste,Agreste Potiguar,Baixa Verde,Natal,Natal
240165,2401651,Bodó,RN,24,Rio Grande do Norte,Nordeste,Central Potiguar,Serra de Santana,Currais Novos,Caicó
240170,2401701,Bom Jesus,RN,24,Rio Grande do Norte,Nordeste,Agreste Potiguar,Agreste Potiguar,Natal,Natal
240180,2401800,Brejinho,RN,24,Rio Grande do Norte,Nordeste,Agreste Potiguar,Agreste Potiguar,Natal,Natal
240185,2401859,Caiçara do Norte,RN,24,Rio Grande do Norte,Nordeste,Central Potiguar,Macau,João Câmara,Natal
240190,2401909,Caiçara do Rio do Vento,RN,24,Rio Grande do Norte,Nordeste,Central Potiguar,Angicos,São Paulo do Potengi,Natal
240200,2402006,Caicó,RN,24,Rio Grande do Norte,Nordeste,Central Potiguar,Seridó Ocidental,Caicó,Caicó
240210,2402105,Campo Redondo,RN,24,Rio Grande do Norte,Nordeste,Agreste Potiguar,Borborema Potiguar,Santa Cruz,Natal
240220,2402204,Canguaretama,RN,24,Rio Grande do Norte,Nordeste,Leste Potiguar,Litoral Sul,Canguaretama,Natal
240230,2402303,Caraúbas,RN,24,Rio Grande do Norte,Nordeste,Oeste Potiguar,Chapada do Apodi,Mossoró,Mossoró
240240,2402402,Carnaúba dos Dantas,RN,24,Rio Grande do Norte,Nordeste,Central Potiguar,Seridó Oriental,Currais Novos,Caicó
240250,2402501,Carnaubais,RN,24,Rio Grande do Norte,Nordeste,Oeste Potiguar,Vale do Açu,Açu,Mossoró
240260,2402600,Ceará-Mirim,RN,24,Rio Grande do Norte,Nordeste,Leste Potiguar,Macaíba,Natal,Natal
240270,2402709,Cerro Corá,RN,24,Rio Grande do Norte,Nordeste,Central Potiguar,Serra de Santana,Currais Novos,Caicó
240280,2402808,Coronel Ezequiel,RN,24,Rio Grande do Norte,Nordeste,Agreste Potiguar,Borborema Potiguar,Santa Cruz,Natal
240290,2402907,Coronel João Pessoa,RN,24,Rio Grande do Norte,Nordeste,Oeste Potiguar,Serra de São Miguel,Pau dos Ferros,Mossoró
240300,2403004,Cruzeta,RN,24,Rio Grande do Norte,Nordeste,Central Potiguar,Seridó Oriental,Caicó,Caicó
240310,2403103,Currais Novos,RN,24,Rio Grande do Norte,Nordeste,Central Potiguar,Seridó Oriental,Currais Novos,Caicó
240320,2403202,Doutor Severiano,RN,24,Rio Grande do Norte,Nordeste,Oeste Potiguar,Serra de São Miguel,Pau dos Ferros,Mossoró
240325,2403251,Parnamirim,RN,24,Rio Grande do Norte,Nordeste,Leste Potiguar,Natal,Natal,Natal
240330,2403301,Encanto,RN,24,Rio Grande do Norte,Nordeste,Oeste Potiguar,Serra de São Miguel,Pau dos Ferros,Mossoró
240340,2403400,Equador,RN,24,Rio Grande do Norte,Nordeste,Central Potiguar,Seridó Oriental,Caicó,Caicó
240350,2403509,Espírito Santo,RN,24,Rio Grande do Norte,Nordeste,Leste Potiguar,Litoral Sul,Canguaretama,Natal
240360,2403608,Extremoz,RN,24,Rio Grande do Norte,Nordeste,Leste Potiguar,Natal,Natal,Natal
240370,2403707,Felipe Guerra,RN,24,Rio Grande do Norte,Nordeste,Oeste Potiguar,Chapada do Apodi,Mossoró,Mossoró
240375,2403756,Fernando Pedroza,RN,24,Rio Grande do Norte,Nordeste,Central Potiguar,Angicos,Açu,Mossoró
240380,2403806,Florânia,RN,24,Rio Grande do Norte,Nordeste,Central Potiguar,Serra de Santana,Currais Novos,Caicó
240390,2403905,Francisco Dantas,RN,24,Rio Grande do Norte,Nordeste,Oeste Potiguar,Pau dos Ferros,Pau dos Ferros,Mossoró
240400,2404002,Frutuoso Gomes,RN,24,Rio Grande do Norte,Nordeste,Oeste Potiguar,Umarizal,Pau dos Ferros,Mossoró
240410,2404101,Galinhos,RN,24,Rio Grande do Norte,Nordeste,Central Potiguar,Macau,João Câmara,Natal
240420,2404200,Goianinha,RN,24,Rio Grande do Norte,Nordeste,Leste Potiguar,Litoral Sul,Canguaretama,Natal
240430,2404309,Governador Dix-Sept Rosado,RN,24,Rio Grande do Norte,Nordeste,Oeste Potiguar,Chapada do Apodi,Mossoró,Mossoró
240440,2404408,Grossos,RN,24,Rio Grande do Norte,Nordeste,Oeste Potiguar,Mossoró,Mossoró,Mossoró
240450,2404507,Guamaré,RN,24,Rio Grande do Norte,Nordeste,Central Potiguar,Macau,Açu,Mossoró
240460,2404606,Ielmo Marinho,RN,24,Rio Grande do Norte,Nordeste,Agreste Potiguar,Agreste Potiguar,Natal,Natal
240470,2404705,Ipanguaçu,RN,24,Rio Grande do Norte,Nordeste,Oeste Potiguar,Vale do Açu,Açu,Mossoró
240480,2404804,Ipueira,RN,24,Rio Grande do Norte,Nordeste,Central Potiguar,Seridó Ocidental,Caicó,Caicó
240485,2404853,Itajá,RN,24,Rio Grande do Norte,Nordeste,Oeste Potiguar,Vale do Açu,Açu,Mossoró
240490,2404903,Itaú,RN,24,Rio Grande do Norte,Nordeste,Oeste Potiguar,Pau dos Ferros,Mossoró,Mossoró
240500,2405009,Jaçanã,RN,24,Rio Grande do Norte,Nordeste,Agreste Potiguar,Borborema Potiguar,Santa Cruz,Natal
240510,2405108,Jandaíra,RN,24,Rio Grande do Norte,Nordeste,Agreste Potiguar,Baixa Verde,João Câmara,Natal
240520,2405207,Janduís,RN,24,Rio Grande do Norte,Nordeste,Oeste Potiguar,Médio Oeste,Mossoró,Mossoró
240530,2405306,Januário Cicco,RN,24,Rio Grande do Norte,Nordeste,Agreste Potiguar,Agreste Potiguar,Santo Antônio - Passa e Fica - Nova Cruz,Natal
240540,2405405,Japi,RN,24,Rio Grande do Norte,Nordeste,Agreste Potiguar,Borborema Potiguar,Santa Cruz,Natal
240550,2405504,Jardim de Angicos,RN,24,Rio Grande do Norte,Nordeste,Central Potiguar,Angicos,João Câmara,Natal
240560,2405603,Jardim de Piranhas,RN,24,Rio Grande do Norte,Nordeste,Central Potiguar,Seridó Ocidental,Caicó,Caicó
240570,2405702,Jardim do Seridó,RN,24,Rio Grande do Norte,Nordeste,Central Potiguar,Seridó Oriental,Caicó,Caicó
240580,2405801,João Câmara,RN,24,Rio Grande do Norte,Nordeste,Agreste Potiguar,Baixa Verde,João Câmara,Natal
240590,2405900,João Dias,RN,24,Rio Grande do Norte,Nordeste,Oeste Potiguar,Umarizal,Pau dos Ferros,Mossoró
240600,2406007,José da Penha,RN,24,Rio Grande do Norte,Nordeste,Oeste Potiguar,Pau dos Ferros,Pau dos Ferros,Mossoró
240610,2406106,Jucurutu,RN,24,Rio Grande do Norte,Nordeste,Oeste Potiguar,Vale do Açu,Caicó,Caicó
240615,2406155,Jundiá,RN,24,Rio Grande do Norte,Nordeste,Agreste Potiguar,Agreste Potiguar,Natal,Natal
240620,2406205,Lagoa d'Anta,RN,24,Rio Grande do Norte,Nordeste,Agreste Potiguar,Agreste Potiguar,Santo Antônio - Passa e Fica - Nova Cruz,Natal
240630,2406304,Lagoa de Pedras,RN,24,Rio Grande do Norte,Nordeste,Agreste Potiguar,Agreste Potiguar,Santo Antônio - Passa e Fica - Nova Cruz,Natal
240640,2406403,Lagoa de Velhos,RN,24,Rio Grande do Norte,Nordeste,Agreste Potiguar,Borborema Potiguar,São Paulo do Potengi,Natal
240650,2406502,Lagoa Nova,RN,24,Rio Grande do Norte,Nordeste,Central Potiguar,Serra de Santana,Currais Novos,Caicó
240660,2406601,Lagoa Salgada,RN,24,Rio Grande do Norte,Nordeste,Agreste Potiguar,Agreste Potiguar,Natal,Natal
240670,2406700,Lajes,RN,24,Rio Grande do Norte,Nordeste,Central Potiguar,Angicos,Açu,Mossoró
240680,2406809,Lajes Pintadas,RN,24,Rio Grande do Norte,Nordeste,Agreste Potiguar,Borborema Potiguar,Santa Cruz,Natal
240690,2406908,Lucrécia,RN,24,Rio Grande do Norte,Nordeste,Oeste Potiguar,Umarizal,Pau dos Ferros,Mossoró
240700,2407005,Luís Gomes,RN,24,Rio Grande do Norte,Nordeste,Oeste Potiguar,Serra de São Miguel,Pau dos Ferros,Mossoró
240710,2407104,Macaíba,RN,24,Rio Grande do Norte,Nordeste,Leste Potiguar,Macaíba,Natal,Natal
240720,2407203,Macau,RN,24,Rio Grande do Norte,Nordeste,Central Potiguar,Macau,Açu,Mossoró
240725,2407252,Major Sales,RN,24,Rio Grande do Norte,Nordeste,Oeste Potiguar,Serra de São Miguel,Pau dos Ferros,Mossoró
240730,2407302,Marcelino Vieira,RN,24,Rio Grande do Norte,Nordeste,Oeste Potiguar,Pau dos Ferros,Pau dos Ferros,Mossoró
240740,2407401,Martins,RN,24,Rio Grande do Norte,Nordeste,Oeste Potiguar,Umarizal,Pau dos Ferros,Mossoró
240750,2407500,Maxaranguape,RN,24,Rio Grande do Norte,Nordeste,Leste Potiguar,Litoral Nordeste,Natal,Natal
240760,2407609,Messias Targino,RN,24,Rio Grande do Norte,Nordeste,Oeste Potiguar,Médio Oeste,Mossoró,Mossoró
240770,2407708,Montanhas,RN,24,Rio Grande do Norte,Nordeste,Leste Potiguar,Litoral Sul,Canguaretama,Natal
240780,2407807,Monte Alegre,RN,24,Rio Grande do Norte,Nordeste,Agreste Potiguar,Agreste Potiguar,Natal,Natal
240790,2407906,Monte das Gameleiras,RN,24,Rio Grande do Norte,Nordeste,Agreste Potiguar,Borborema Potiguar,Santo Antônio - Passa e Fica - Nova Cruz,Natal
240800,2408003,Mossoró,RN,24,Rio Grande do Norte,Nordeste,Oeste Potiguar,Mossoró,Mossoró,Mossoró
240810,2408102,Natal,RN,24,Rio Grande do Norte,Nordeste,Leste Potiguar,Natal,Natal,Natal
240820,2408201,Nísia Floresta,RN,24,Rio Grande do Norte,Nordeste,Leste Potiguar,Macaíba,Natal,Natal
240830,2408300,Nova Cruz,RN,24,Rio Grande do Norte,Nordeste,Agreste Potiguar,Agreste Potiguar,Santo Antônio - Passa e Fica - Nova Cruz,Natal
240840,2408409,Olho d'Água do Borges,RN,24,Rio Grande do Norte,Nordeste,Oeste Potiguar,Umarizal,Pau dos Ferros,Mossoró
240850,2408508,Ouro Branco,RN,24,Rio Grande do Norte,Nordeste,Central Potiguar,Seridó Oriental,Caicó,Caicó
240860,2408607,Paraná,RN,24,Rio Grande do Norte,Nordeste,Oeste Potiguar,Pau dos Ferros,Pau dos Ferros,Mossoró
240870,2408706,Paraú,RN,24,Rio Grande do Norte,Nordeste,Oeste Potiguar,Médio Oeste,Açu,Mossoró
240880,2408805,Parazinho,RN,24,Rio Grande do Norte,Nordeste,Agreste Potiguar,Baixa Verde,João Câmara,Natal
240890,2408904,Parelhas,RN,24,Rio Grande do Norte,Nordeste,Central Potiguar,Seridó Oriental,Caicó,Caicó
240895,2408953,Rio do Fogo,RN,24,Rio Grande do Norte,Nordeste,Leste Potiguar,Litoral Nordeste,Natal,Natal
240910,2409100,Passa e Fica,RN,24,Rio Grande do Norte,Nordeste,Agreste Potiguar,Agreste Potiguar,Santo Antônio - Passa e Fica - Nova Cruz,Natal
240920,2409209,Passagem,RN,24,Rio Grande do Norte,Nordeste,Agreste Potiguar,Agreste Potiguar,Santo Antônio - Passa e Fica - Nova Cruz,Natal
240930,2409308,Patu,RN,24,Rio Grande do Norte,Nordeste,Oeste Potiguar,Umarizal,Pau dos Ferros,Mossoró
240933,2409332,Santa Maria,RN,24,Rio Grande do Norte,Nordeste,Agreste Potiguar,Agreste Potiguar,São Paulo do Potengi,Natal
240940,2409407,Pau dos Ferros,RN,24,Rio Grande do Norte,Nordeste,Oeste Potiguar,Pau dos Ferros,Pau dos Ferros,Mossoró
240950,2409506,Pedra Grande,RN,24,Rio Grande do Norte,Nordeste,Leste Potiguar,Litoral Nordeste,João Câmara,Natal
240960,2409605,Pedra Preta,RN,24,Rio Grande do Norte,Nordeste,Central Potiguar,Angicos,João Câmara,Natal
240970,2409704,Pedro Avelino,RN,24,Rio Grande do Norte,Nordeste,Central Potiguar,Angicos,João Câmara,Natal
240980,2409803,Pedro Velho,RN,24,Rio Grande do Norte,Nordeste,Leste Potiguar,Litoral Sul,Canguaretama,Natal
240990,2409902,Pendências,RN,24,Rio Grande do Norte,Nordeste,Oeste Potiguar,Vale do Açu,Açu,Mossoró
241000,2410009,Pilões,RN,24,Rio Grande do Norte,Nordeste,Oeste Potiguar,Pau dos Ferros,Pau dos Ferros,Mossoró
241010,2410108,Poço Branco,RN,24,Rio Grande do Norte,Nordeste,Agreste Potiguar,Baixa Verde,Natal,Natal
241020,2410207,Portalegre,RN,24,Rio Grande do Norte,Nordeste,Oeste Potiguar,Pau dos Ferros,Pau dos Ferros,Mossoró
241025,2410256,Porto do Mangue,RN,24,Rio Grande do Norte,Nordeste,Oeste Potiguar,Vale do Açu,Açu,Mossoró
241030,2410306,Serra Caiada,RN,24,Rio Grande do Norte,Nordeste,Agreste Potiguar,Agreste Potiguar,Santo Antônio - Passa e Fica - Nova Cruz,Natal
241040,2410405,Pureza,RN,24,Rio Grande do Norte,Nordeste,Leste Potiguar,Litoral Nordeste,Natal,Natal
241050,2410504,Rafael Fernandes,RN,24,Rio Grande do Norte,Nordeste,Oeste Potiguar,Pau dos Ferros,Pau dos Ferros,Mossoró
241060,2410603,Rafael Godeiro,RN,24,Rio Grande do Norte,Nordeste,Oeste Potiguar,Umarizal,Pau dos Ferros,Mossoró
241070,2410702,Riacho da Cruz,RN,24,Rio Grande do Norte,Nordeste,Oeste Potiguar,Pau dos Ferros,Pau dos Ferros,Mossoró
241080,2410801,Riacho de Santana,RN,24,Rio Grande do Norte,Nordeste,Oeste Potiguar,Serra de São Miguel,Pau dos Ferros,Mossoró
241090,2410900,Riachuelo,RN,24,Rio Grande do Norte,Nordeste,Agreste Potiguar,Agreste Potiguar,São Paulo do Potengi,Natal
241100,2411007,Rodolfo Fernandes,RN,24,Rio Grande do Norte,Nordeste,Oeste Potiguar,Pau dos Ferros,Mossoró,Mossoró
241105,2411056,Tibau,RN,24,Rio Grande do Norte,Nordeste,Oeste Potiguar,Mossoró,Mossoró,Mossoró
241110,2411106,Ruy Barbosa,RN,24,Rio Grande do Norte,Nordeste,Agreste Potiguar,Borborema Potiguar,São Paulo do Potengi,Natal
241120,2411205,Santa Cruz,RN,24,Rio Grande do Norte,Nordeste,Agreste Potiguar,Borborema Potiguar,Santa Cruz,Natal
241140,2411403,Santana do Matos,RN,24,Rio Grande do Norte,Nordeste,Central Potiguar,Serra de Santana,Açu,Mossoró
241142,2411429,Santana do Seridó,RN,24,Rio Grande do Norte,Nordeste,Central Potiguar,Seridó Oriental,Caicó,Caicó
241150,2411502,Santo Antônio,RN,24,Rio Grande do Norte,Nordeste,Agreste Potiguar,Agreste Potiguar,Santo Antônio - Passa e Fica - Nova Cruz,Natal
241160,2411601,São Bento do Norte,RN,24,Rio Grande do Norte,Nordeste,Central Potiguar,Macau,João Câmara,Natal
241170,2411700,São Bento do Trairí,RN,24,Rio Grande do Norte,Nordeste,Agreste Potiguar,Borborema Potiguar,Santa Cruz,Natal
241180,2411809,São Fernando,RN,24,Rio Grande do Norte,Nordeste,Central Potiguar,Seridó Ocidental,Caicó,Caicó
241190,2411908,São Francisco do Oeste,RN,24,Rio Grande do Norte,Nordeste,Oeste Potiguar,Pau dos Ferros,Pau dos Ferros,Mossoró
241200,2412005,São Gonçalo do Amarante,RN,24,Rio Grande do Norte,Nordeste,Leste Potiguar,Macaíba,Natal,Natal
241210,2412104,São João do Sabugi,RN,24,Rio Grande do Norte,Nordeste,Central Potiguar,Seridó Ocidental,Caicó,Caicó
241220,2412203,São José de Mipibu,RN,24,Rio Grande do Norte,Nordeste,Leste Potiguar,Macaíba,Natal,Natal
241230,2412302,São José do Campestre,RN,24,Rio Grande do Norte,Nordeste,Agreste Potiguar,Borborema Potiguar,Santo Antônio - Passa e Fica - Nova Cruz,Natal
241240,2412401,São José do Seridó,RN,24,Rio Grande do Norte,Nordeste,Central Potiguar,Seridó Oriental,Caicó,Caicó
241250,2412500,São Miguel,RN,24,Rio Grande do Norte,Nordeste,Oeste Potiguar,Serra de São Miguel,Pau dos Ferros,Mossoró
241255,2412559,São Miguel do Gostoso,RN,24,Rio Grande do Norte,Nordeste,Leste Potiguar,Litoral Nordeste,Natal,Natal
241260,2412609,São Paulo do Potengi,RN,24,Rio Grande do Norte,Nordeste,Agreste Potiguar,Agreste Potiguar,São Paulo do Potengi,Natal
241270,2412708,São Pedro,RN,24,Rio Grande do Norte,Nordeste,Agreste Potiguar,Agreste Potiguar,São Paulo do Potengi,Natal
241280,2412807,São Rafael,RN,24,Rio Grande do Norte,Nordeste,Oeste Potiguar,Vale do Açu,Açu,Mossoró
241290,2412906,São Tomé,RN,24,Rio Grande do Norte,Nordeste,Agreste Potiguar,Borborema Potiguar,São Paulo do Potengi,Natal
241300,2413003,São Vicente,RN,24,Rio Grande do Norte,Nordeste,Central Potiguar,Serra de Santana,Currais Novos,Caicó
241310,2413102,Senador Elói de Souza,RN,24,Rio Grande do Norte,Nordeste,Agreste Potiguar,Agreste Potiguar,São Paulo do Potengi,Natal
241320,2413201,Senador Georgino Avelino,RN,24,Rio Grande do Norte,Nordeste,Leste Potiguar,Litoral Sul,Natal,Natal
241330,2413300,Serra de São Bento,RN,24,Rio Grande do Norte,Nordeste,Agreste Potiguar,Borborema Potiguar,Santo Antônio - Passa e Fica - Nova Cruz,Natal
241335,2413359,Serra do Mel,RN,24,Rio Grande do Norte,Nordeste,Oeste Potiguar,Mossoró,Mossoró,Mossoró
241340,2413409,Serra Negra do Norte,RN,24,Rio Grande do Norte,Nordeste,Central Potiguar,Seridó Ocidental,Caicó,Caicó
241350,2413508,Serrinha,RN,24,Rio Grande do Norte,Nordeste,Agreste Potiguar,Agreste Potiguar,Santo Antônio - Passa e Fica - Nova Cruz,Natal
241355,2413557,Serrinha dos Pintos,RN,24,Rio Grande do Norte,Nordeste,Oeste Potiguar,Umarizal,Pau dos Ferros,Mossoró
241360,2413607,Severiano Melo,RN,24,Rio Grande do Norte,Nordeste,Oeste Potiguar,Pau dos Ferros,Mossoró,Mossoró
241370,2413706,Sítio Novo,RN,24,Rio Grande do Norte,Nordeste,Agreste Potiguar,Borborema Potiguar,Santa Cruz,Natal
241380,2413805,Taboleiro Grande,RN,24,Rio Grande do Norte,Nordeste,Oeste Potiguar,Pau dos Ferros,Pau dos Ferros,Mossoró
241390,2413904,Taipu,RN,24,Rio Grande do Norte,Nordeste,Leste Potiguar,Litoral Nordeste,Natal,Natal
241400,2414001,Tangará,RN,24,Rio Grande do Norte,Nordeste,Agreste Potiguar,Borborema Potiguar,Santa Cruz,Natal
241410,2414100,Tenente Ananias,RN,24,Rio Grande do Norte,Nordeste,Oeste Potiguar,Pau dos Ferros,Pau dos Ferros,Mossoró
241415,2414159,Tenente Laurentino Cruz,RN,24,Rio Grande do Norte,Nordeste,Central Potiguar,Serra de Santana,Currais Novos,Caicó
241420,2414209,Tibau do Sul,RN,24,Rio Grande do Norte,Nordeste,Leste Potiguar,Litoral Sul,Canguaretama,Natal
241430,2414308,Timbaúba dos Batistas,RN,24,Rio Grande do Norte,Nordeste,Central Potiguar,Seridó Ocidental,Caicó,Caicó
241440,2414407,Touros,RN,24,Rio Grande do Norte,Nordeste,Leste Potiguar,Litoral Nordeste,Natal,Natal
241445,2414456,Triunfo Potiguar,RN,24,Rio Grande do Norte,Nordeste,Oeste Potiguar,Médio Oeste,Açu,Mossoró
241450,2414506,Umarizal,RN,24,Rio Grande do Norte,Nordeste,Oeste Potiguar,Umarizal,Pau dos Ferros,Mossoró
241460,2414605,Upanema,RN,24,Rio Grande do Norte,Nordeste,Oeste Potiguar,Médio Oeste,Mossoró,Mossoró
241470,2414704,Várzea,RN,24,Rio Grande do Norte,Nordeste,Agreste Potiguar,Agreste Potiguar,Santo Antônio - Passa e Fica - Nova Cruz,Natal
241475,2414753,Venha-Ver,RN,24,Rio Grande do Norte,Nordeste,Oeste Potiguar,Serra de São Miguel,Pau dos Ferros,Mossoró
241480,2414803,Vera Cruz,RN,24,Rio Grande do Norte,Nordeste,Agreste Potiguar,Agreste Potiguar,Natal,Natal
241490,2414902,Viçosa,RN,24,Rio Grande do Norte,Nordeste,Oeste Potiguar,Pau dos Ferros,Pau dos Ferros,Mossoró
241500,2415008,Vila Flor,RN,24,Rio Grande do Norte,Nordeste,Leste Potiguar,Litoral Sul,Canguaretama,Natal
250010,2500106,Água Branca,PB,25,Paraíba,Nordeste,Sertão Paraibano,Serra do Teixeira,Patos,Patos
250020,2500205,Aguiar,PB,25,Paraíba,Nordeste,Sertão Paraibano,Piancó,Itaporanga,Patos
250030,2500304,Alagoa Grande,PB,25,Paraíba,Nordeste,Agreste Paraibano,Brejo Paraibano,Campina Grande,Campina Grande
250040,2500403,Alagoa Nova,PB,25,Paraíba,Nordeste,Agreste Paraibano,Brejo Paraibano,Campina Grande,Campina Grande
250050,2500502,Alagoinha,PB,25,Paraíba,Nordeste,Agreste Paraibano,Guarabira,Guarabira,João Pessoa
250053,2500536,Alcantil,PB,25,Paraíba,Nordeste,Borborema,Cariri Oriental,Campina Grande,Campina Grande
250057,2500577,Algodão de Jandaíra,PB,25,Paraíba,Nordeste,Agreste Paraibano,Curimataú Ocidental,Campina Grande,Campina Grande
250060,2500601,Alhandra,PB,25,Paraíba,Nordeste,Mata Paraibana,Litoral Sul,João Pessoa,João Pessoa
250070,2500700,São João do Rio do Peixe,PB,25,Paraíba,Nordeste,Sertão Paraibano,Cajazeiras,Cajazeiras,Sousa - Cajazeiras
250073,2500734,Amparo,PB,25,Paraíba,Nordeste,Borborema,Cariri Ocidental,Sumé,Campina Grande
250077,2500775,Aparecida,PB,25,Paraíba,Nordeste,Sertão Paraibano,Sousa,Sousa,Sousa - Cajazeiras
250080,2500809,Araçagi,PB,25,Paraíba,Nordeste,Agreste Paraibano,Guarabira,Guarabira,João Pessoa
250090,2500908,Arara,PB,25,Paraíba,Nordeste,Agreste Paraibano,Curimataú Ocidental,Guarabira,João Pessoa
250100,2501005,Araruna,PB,25,Paraíba,Nordeste,Agreste Paraibano,Curimataú Oriental,Guarabira,João Pessoa
250110,2501104,Areia,PB,25,Paraíba,Nordeste,Agreste Paraibano,Brejo Paraibano,Campina Grande,Campina Grande
250115,2501153,Areia de Baraúnas,PB,25,Paraíba,Nordeste,Sertão Paraibano,Patos,Patos,Patos
250120,2501203,Areial,PB,25,Paraíba,Nordeste,Agreste Paraibano,Esperança,Campina Grande,Campina Grande
250130,2501302,Aroeiras,PB,25,Paraíba,Nordeste,Agreste Paraibano,Umbuzeiro,Campina Grande,Campina Grande
250135,2501351,Assunção,PB,25,Paraíba,Nordeste,Borborema,Cariri Ocidental,Campina Grande,Campina Grande
250140,2501401,Baía da Traição,PB,25,Paraíba,Nordeste,Mata Paraibana,Litoral Norte,Mamanguape - Rio Tinto,João Pessoa
250150,2501500,Bananeiras,PB,25,Paraíba,Nordeste,Agreste Paraibano,Brejo Paraibano,Guarabira,João Pessoa
250153,2501534,Baraúna,PB,25,Paraíba,Nordeste,Borborema,Seridó Oriental Paraibano,Cuité - Nova Floresta,Campina Grande
250157,2501575,Barra de Santana,PB,25,Paraíba,Nordeste,Borborema,Cariri Oriental,Campina Grande,Campina Grande
250160,2501609,Barra de Santa Rosa,PB,25,Paraíba,Nordeste,Agreste Paraibano,Curimataú Ocidental,Cuité - Nova Floresta,Campina Grande
250170,2501708,Barra de São Miguel,PB,25,Paraíba,Nordeste,Borborema,Cariri Oriental,Campina Grande,Campina Grande
250180,2501807,Bayeux,PB,25,Paraíba,Nordeste,Mata Paraibana,João Pessoa,João Pessoa,João Pessoa
250190,2501906,Belém,PB,25,Paraíba,Nordeste,Agreste Paraibano,Guarabira,Guarabira,João Pessoa
250200,2502003,Belém do Brejo do Cruz,PB,25,Paraíba,Nordeste,Sertão Paraibano,Catolé do Rocha,Catolé do Rocha - São Bento,Patos
250205,2502052,Bernardino Batista,PB,25,Paraíba,Nordeste,Sertão Paraibano,Cajazeiras,Sousa,Sousa - Cajazeiras
250210,2502102,Boa Ventura,PB,25,Paraíba,Nordeste,Sertão Paraibano,Itaporanga,Itaporanga,Patos
250215,2502151,Boa Vista,PB,25,Paraíba,Nordeste,Agreste Paraibano,Campina Grande,Campina Grande,Campina Grande
250220,2502201,Bom Jesus,PB,25,Paraíba,Nordeste,Sertão Paraibano,Cajazeiras,Cajazeiras,Sousa - Cajazeiras
250230,2502300,Bom Sucesso,PB,25,Paraíba,Nordeste,Sertão Paraibano,Catolé do Rocha,Catolé do Rocha - São Bento,Patos
250240,2502409,Bonito de Santa Fé,PB,25,Paraíba,Nordeste,Sertão Paraibano,Cajazeiras,Cajazeiras,Sousa - Cajazeiras
250250,2502508,Boqueirão,PB,25,Paraíba,Nordeste,Borborema,Cariri Oriental,Campina Grande,Campina Grande
250260,2502607,Igaracy,PB,25,Paraíba,Nordeste,Sertão Paraibano,Piancó,Itaporanga,Patos
250270,2502706,Borborema,PB,25,Paraíba,Nordeste,Agreste Paraibano,Brejo Paraibano,Guarabira,João Pessoa
250280,2502805,Brejo do Cruz,PB,25,Paraíba,Nordeste,Sertão Paraibano,Catolé do Rocha,Catolé do Rocha - São Bento,Patos
250290,2502904,Brejo dos Santos,PB,25,Paraíba,Nordeste,Sertão Paraibano,Catolé do Rocha,Catolé do Rocha - São Bento,Patos
250300,2503001,Caaporã,PB,25,Paraíba,Nordeste,Mata Paraibana,Litoral Sul,João Pessoa,João Pessoa
250310,2503100,Cabaceiras,PB,25,Paraíba,Nordeste,Borborema,Cariri Oriental,Campina Grande,Campina Grande
250320,2503209,Cabedelo,PB,25,Paraíba,Nordeste,Mata Paraibana,João Pessoa,João Pessoa,João Pessoa
250330,2503308,Cachoeira dos Índios,PB,25,Paraíba,Nordeste,Sertão Paraibano,Cajazeiras,Cajazeiras,Sousa - Cajazeiras
250340,2503407,Cacimba de Areia,PB,25,Paraíba,Nordeste,Sertão Paraibano,Patos,Patos,Patos
250350,2503506,Cacimba de Dentro,PB,25,Paraíba,Nordeste,Agreste Paraibano,Curimataú Oriental,Guarabira,João Pessoa
250355,2503555,Cacimbas,PB,25,Paraíba,Nordeste,Sertão Paraibano,Serra do Teixeira,Patos,Patos
250360,2503605,Caiçara,PB,25,Paraíba,Nordeste,Agreste Paraibano,Guarabira,Guarabira,João Pessoa
250370,2503704,Cajazeiras,PB,25,Paraíba,Nordeste,Sertão Paraibano,Cajazeiras,Cajazeiras,Sousa - Cajazeiras
250375,2503753,Cajazeirinhas,PB,25,Paraíba,Nordeste,Sertão Paraibano,Sousa,Pombal,Patos
250380,2503803,Caldas Brandão,PB,25,Paraíba,Nordeste,Agreste Paraibano,Itabaiana,João Pessoa,João Pessoa
250390,2503902,Camalaú,PB,25,Paraíba,Nordeste,Borborema,Cariri Ocidental,Monteiro,Campina Grande
250400,2504009,Campina Grande,PB,25,Paraíba,Nordeste,Agreste Paraibano,Campina Grande,Campina Grande,Campina Grande
250403,2504033,Capim,PB,25,Paraíba,Nordeste,Mata Paraibana,Litoral Norte,Mamanguape - Rio Tinto,João Pessoa
250407,2504074,Caraúbas,PB,25,Paraíba,Nordeste,Borborema,Cariri Oriental,Campina Grande,Campina Grande
250410,2504108,Carrapateira,PB,25,Paraíba,Nordeste,Sertão Paraibano,Cajazeiras,Cajazeiras,Sousa - Cajazeiras
250415,2504157,Casserengue,PB,25,Paraíba,Nordeste,Agreste Paraibano,Curimataú Oriental,Guarabira,João Pessoa
250420,2504207,Catingueira,PB,25,Paraíba,Nordeste,Sertão Paraibano,Piancó,Patos,Patos
250430,2504306,Catolé do Rocha,PB,25,Paraíba,Nordeste,Sertão Paraibano,Catolé do Rocha,Catolé do Rocha - São Bento,Patos
250435,2504355,Caturité,PB,25,Paraíba,Nordeste,Borborema,Cariri Oriental,Campina Grande,Campina Grande
250440,2504405,Conceição,PB,25,Paraíba,Nordeste,Sertão Paraibano,Itaporanga,Itaporanga,Patos
250450,2504504,Condado,PB,25,Paraíba,Nordeste,Sertão Paraibano,Sousa,Pombal,Patos
250460,2504603,Conde,PB,25,Paraíba,Nordeste,Mata Paraibana,João Pessoa,João Pessoa,João Pessoa
250470,2504702,Congo,PB,25,Paraíba,Nordeste,Borborema,Cariri Ocidental,Sumé,Campina Grande
250480,2504801,Coremas,PB,25,Paraíba,Nordeste,Sertão Paraibano,Piancó,Patos,Patos
250485,2504850,Coxixola,PB,25,Paraíba,Nordeste,Borborema,Cariri Ocidental,Sumé,Campina Grande
250490,2504900,Cruz do Espírito Santo,PB,25,Paraíba,Nordeste,Mata Paraibana,Sapé,João Pessoa,João Pessoa
250500,2505006,Cubati,PB,25,Paraíba,Nordeste,Borborema,Seridó Oriental Paraibano,Campina Grande,Campina Grande
250510,2505105,Cuité,PB,25,Paraíba,Nordeste,Agreste Paraibano,Curimataú Ocidental,Cuité - Nova Floresta,Campina Grande
250520,2505204,Cuitegi,PB,25,Paraíba,Nordeste,Agreste Paraibano,Guarabira,Guarabira,João Pessoa
250523,2505238,Cuité de Mamanguape,PB,25,Paraíba,Nordeste,Mata Paraibana,Litoral Norte,João Pessoa,João Pessoa
250527,2505279,Curral de Cima,PB,25,Paraíba,Nordeste,Mata Paraibana,Litoral Norte,Mamanguape - Rio Tinto,João Pessoa
250530,2505303,Curral Velho,PB,25,Paraíba,Nordeste,Sertão Paraibano,Itaporanga,Itaporanga,Patos
250535,2505352,Damião,PB,25,Paraíba,Nordeste,Agreste Paraibano,Curimataú Ocidental,Cuité - Nova Floresta,Campina Grande
250540,2505402,Desterro,PB,25,Paraíba,Nordeste,Sertão Paraibano,Serra do Teixeira,Patos,Patos
250550,2505501,Vista Serrana,PB,25,Paraíba,Nordeste,Sertão Paraibano,Sousa,Patos,Patos
250560,2505600,Diamante,PB,25,Paraíba,Nordeste,Sertão Paraibano,Itaporanga,Itaporanga,Patos
250570,2505709,Dona Inês,PB,25,Paraíba,Nordeste,Agreste Paraibano,Curimataú Oriental,Guarabira,João Pessoa
250580,2505808,Duas Estradas,PB,25,Paraíba,Nordeste,Agreste Paraibano,Guarabira,Guarabira,João Pessoa
250590,2505907,Emas,PB,25,Paraíba,Nordeste,Sertão Paraibano,Piancó,Patos,Patos
250600,2506004,Esperança,PB,25,Paraíba,Nordeste,Agreste Paraibano,Esperança,Campina Grande,Campina Grande
250610,2506103,Fagundes,PB,25,Paraíba,Nordeste,Agreste Paraibano,Campina Grande,Campina Grande,Campina Grande
250620,2506202,Frei Martinho,PB,25,Paraíba,Nordeste,Borborema,Seridó Oriental Paraibano,Cuité - Nova Floresta,Campina Grande
250625,2506251,Gado Bravo,PB,25,Paraíba,Nordeste,Agreste Paraibano,Umbuzeiro,Campina Grande,Campina Grande
250630,2506301,Guarabira,PB,25,Paraíba,Nordeste,Agreste Paraibano,Guarabira,Guarabira,João Pessoa
250640,2506400,Gurinhém,PB,25,Paraíba,Nordeste,Agreste Paraibano,Itabaiana,João Pessoa,João Pessoa
250650,2506509,Gurjão,PB,25,Paraíba,Nordeste,Borborema,Cariri Oriental,Campina Grande,Campina Grande
250660,2506608,Ibiara,PB,25,Paraíba,Nordeste,Sertão Paraibano,Itaporanga,Itaporanga,Patos
250670,2506707,Imaculada,PB,25,Paraíba,Nordeste,Sertão Paraibano,Serra do Teixeira,Patos,Patos
250680,2506806,Ingá,PB,25,Paraíba,Nordeste,Agreste Paraibano,Itabaiana,Campina Grande,Campina Grande
250690,2506905,Itabaiana,PB,25,Paraíba,Nordeste,Agreste Paraibano,Itabaiana,Itabaiana,João Pessoa
250700,2507002,Itaporanga,PB,25,Paraíba,Nordeste,Sertão Paraibano,Itaporanga,Itaporanga,Patos
250710,2507101,Itapororoca,PB,25,Paraíba,Nordeste,Mata Paraibana,Litoral Norte,Mamanguape - Rio Tinto,João Pessoa
250720,2507200,Itatuba,PB,25,Paraíba,Nordeste,Agreste Paraibano,Itabaiana,Campina Grande,Campina Grande
250730,2507309,Jacaraú,PB,25,Paraíba,Nordeste,Mata Paraibana,Litoral Norte,Mamanguape - Rio Tinto,João Pessoa
250740,2507408,Jericó,PB,25,Paraíba,Nordeste,Sertão Paraibano,Catolé do Rocha,Catolé do Rocha - São Bento,Patos
250750,2507507,João Pessoa,PB,25,Paraíba,Nordeste,Mata Paraibana,João Pessoa,João Pessoa,João Pessoa
250760,2507606,Juarez Távora,PB,25,Paraíba,Nordeste,Agreste Paraibano,Itabaiana,João Pessoa,João Pessoa
250770,2507705,Juazeirinho,PB,25,Paraíba,Nordeste,Borborema,Seridó Oriental Paraibano,Campina Grande,Campina Grande
250780,2507804,Junco do Seridó,PB,25,Paraíba,Nordeste,Borborema,Seridó Ocidental Paraibano,Campina Grande,Campina Grande
250790,2507903,Juripiranga,PB,25,Paraíba,Nordeste,Mata Paraibana,Sapé,João Pessoa,João Pessoa
250800,2508000,Juru,PB,25,Paraíba,Nordeste,Sertão Paraibano,Serra do Teixeira,Princesa Isabel,Patos
250810,2508109,Lagoa,PB,25,Paraíba,Nordeste,Sertão Paraibano,Catolé do Rocha,Pombal,Patos
250820,2508208,Lagoa de Dentro,PB,25,Paraíba,Nordeste,Agreste Paraibano,Guarabira,Guarabira,João Pessoa
250830,2508307,Lagoa Seca,PB,25,Paraíba,Nordeste,Agreste Paraibano,Campina Grande,Campina Grande,Campina Grande
250840,2508406,Lastro,PB,25,Paraíba,Nordeste,Sertão Paraibano,Sousa,Sousa,Sousa - Cajazeiras
250850,2508505,Livramento,PB,25,Paraíba,Nordeste,Borborema,Cariri Ocidental,Sumé,Campina Grande
250855,2508554,Logradouro,PB,25,Paraíba,Nordeste,Agreste Paraibano,Guarabira,Guarabira,João Pessoa
250860,2508604,Lucena,PB,25,Paraíba,Nordeste,Mata Paraibana,João Pessoa,João Pessoa,João Pessoa
250870,2508703,Mãe d'Água,PB,25,Paraíba,Nordeste,Sertão Paraibano,Patos,Patos,Patos
250880,2508802,Malta,PB,25,Paraíba,Nordeste,Sertão Paraibano,Sousa,Patos,Patos
250890,2508901,Mamanguape,PB,25,Paraíba,Nordeste,Mata Paraibana,Litoral Norte,Mamanguape - Rio Tinto,João Pessoa
250900,2509008,Manaíra,PB,25,Paraíba,Nordeste,Sertão Paraibano,Serra do Teixeira,Princesa Isabel,Patos
250905,2509057,Marcação,PB,25,Paraíba,Nordeste,Mata Paraibana,Litoral Norte,Mamanguape - Rio Tinto,João Pessoa
250910,2509107,Mari,PB,25,Paraíba,Nordeste,Mata Paraibana,Sapé,João Pessoa,João Pessoa
250915,2509156,Marizópolis,PB,25,Paraíba,Nordeste,Sertão Paraibano,Sousa,Sousa,Sousa - Cajazeiras
250920,2509206,Massaranduba,PB,25,Paraíba,Nordeste,Agreste Paraibano,Campina Grande,Campina Grande,Campina Grande
250930,2509305,Mataraca,PB,25,Paraíba,Nordeste,Mata Paraibana,Litoral Norte,Mamanguape - Rio Tinto,João Pessoa
250933,2509339,Matinhas,PB,25,Paraíba,Nordeste,Agreste Paraibano,Brejo Paraibano,Campina Grande,Campina Grande
250937,2509370,Mato Grosso,PB,25,Paraíba,Nordeste,Sertão Paraibano,Catolé do Rocha,Catolé do Rocha - São Bento,Patos
250939,2509396,Maturéia,PB,25,Paraíba,Nordeste,Sertão Paraibano,Serra do Teixeira,Patos,Patos
250940,2509404,Mogeiro,PB,25,Paraíba,Nordeste,Agreste Paraibano,Itabaiana,Itabaiana,João Pessoa
250950,2509503,Montadas,PB,25,Paraíba,Nordeste,Agreste Paraibano,Esperança,Campina Grande,Campina Grande
250960,2509602,Monte Horebe,PB,25,Paraíba,Nordeste,Sertão Paraibano,Cajazeiras,Cajazeiras,Sousa - Cajazeiras
250970,2509701,Monteiro,PB,25,Paraíba,Nordeste,Borborema,Cariri Ocidental,Monteiro,Campina Grande
250980,2509800,Mulungu,PB,25,Paraíba,Nordeste,Agreste Paraibano,Guarabira,Guarabira,João Pessoa
250990,2509909,Natuba,PB,25,Paraíba,Nordeste,Agreste Paraibano,Umbuzeiro,Itabaiana,João Pessoa
251000,2510006,Nazarezinho,PB,25,Paraíba,Nordeste,Sertão Paraibano,Sousa,Sousa,Sousa - Cajazeiras
251010,2510105,Nova Floresta,PB,25,Paraíba,Nordeste,Agreste Paraibano,Curimataú Ocidental,Cuité - Nova Floresta,Campina Grande
251020,2510204,Nova Olinda,PB,25,Paraíba,Nordeste,Sertão Paraibano,Piancó,Itaporanga,Patos
251030,2510303,Nova Palmeira,PB,25,Paraíba,Nordeste,Borborema,Seridó Oriental Paraibano,Cuité - Nova Floresta,Campina Grande
251040,2510402,Olho d'Água,PB,25,Paraíba,Nordeste,Sertão Paraibano,Piancó,Patos,Patos
251050,2510501,Olivedos,PB,25,Paraíba,Nordeste,Agreste Paraibano,Curimataú Ocidental,Campina Grande,Campina Grande
251060,2510600,Ouro Velho,PB,25,Paraíba,Nordeste,Borborema,Cariri Ocidental,Monteiro,Campina Grande
251065,2510659,Parari,PB,25,Paraíba,Nordeste,Borborema,Cariri Ocidental,Sumé,Campina Grande
251070,2510709,Passagem,PB,25,Paraíba,Nordeste,Sertão Paraibano,Patos,Patos,Patos
251080,2510808,Patos,PB,25,Paraíba,Nordeste,Sertão Paraibano,Patos,Patos,Patos
251090,2510907,Paulista,PB,25,Paraíba,Nordeste,Sertão Paraibano,Sousa,Pombal,Patos
251100,2511004,Pedra Branca,PB,25,Paraíba,Nordeste,Sertão Paraibano,Itaporanga,Itaporanga,Patos
251110,2511103,Pedra Lavrada,PB,25,Paraíba,Nordeste,Borborema,Seridó Oriental Paraibano,Cuité - Nova Floresta,Campina Grande
251120,2511202,Pedras de Fogo,PB,25,Paraíba,Nordeste,Mata Paraibana,Litoral Sul,João Pessoa,João Pessoa
251130,2511301,Piancó,PB,25,Paraíba,Nordeste,Sertão Paraibano,Piancó,Itaporanga,Patos
251140,2511400,Picuí,PB,25,Paraíba,Nordeste,Borborema,Seridó Oriental Paraibano,Cuité - Nova Floresta,Campina Grande
251150,2511509,Pilar,PB,25,Paraíba,Nordeste,Mata Paraibana,Sapé,João Pessoa,João Pessoa
251160,2511608,Pilões,PB,25,Paraíba,Nordeste,Agreste Paraibano,Brejo Paraibano,Guarabira,João Pessoa
251170,2511707,Pilõezinhos,PB,25,Paraíba,Nordeste,Agreste Paraibano,Guarabira,Guarabira,João Pessoa
251180,2511806,Pirpirituba,PB,25,Paraíba,Nordeste,Agreste Paraibano,Guarabira,Guarabira,João Pessoa
251190,2511905,Pitimbu,PB,25,Paraíba,Nordeste,Mata Paraibana,Litoral Sul,João Pessoa,João Pessoa
251200,2512002,Pocinhos,PB,25,Paraíba,Nordeste,Agreste Paraibano,Curimataú Ocidental,Campina Grande,Campina Grande
251203,2512036,Poço Dantas,PB,25,Paraíba,Nordeste,Sertão Paraibano,Cajazeiras,Sousa,Sousa - Cajazeiras
251207,2512077,Poço de José de Moura,PB,25,Paraíba,Nordeste,Sertão Paraibano,Cajazeiras,Cajazeiras,Sousa - Cajazeiras
251210,2512101,Pombal,PB,25,Paraíba,Nordeste,Sertão Paraibano,Sousa,Pombal,Patos
251220,2512200,Prata,PB,25,Paraíba,Nordeste,Borborema,Cariri Ocidental,Monteiro,Campina Grande
251230,2512309,Princesa Isabel,PB,25,Paraíba,Nordeste,Sertão Paraibano,Serra do Teixeira,Princesa Isabel,Patos
251240,2512408,Puxinanã,PB,25,Paraíba,Nordeste,Agreste Paraibano,Campina Grande,Campina Grande,Campina Grande
251250,2512507,Queimadas,PB,25,Paraíba,Nordeste,Agreste Paraibano,Campina Grande,Campina Grande,Campina Grande
251260,2512606,Quixaba,PB,25,Paraíba,Nordeste,Sertão Paraibano,Patos,Patos,Patos
251270,2512705,Remígio,PB,25,Paraíba,Nordeste,Agreste Paraibano,Curimataú Ocidental,Campina Grande,Campina Grande
251272,2512721,Pedro Régis,PB,25,Paraíba,Nordeste,Mata Paraibana,Litoral Norte,Mamanguape - Rio Tinto,João Pessoa
251274,2512747,Riachão,PB,25,Paraíba,Nordeste,Agreste Paraibano,Curimataú Oriental,Guarabira,João Pessoa
251275,2512754,Riachão do Bacamarte,PB,25,Paraíba,Nordeste,Agreste Paraibano,Itabaiana,Campina Grande,Campina Grande
251276,2512762,Riachão do Poço,PB,25,Paraíba,Nordeste,Mata Paraibana,Sapé,João Pessoa,João Pessoa
251278,2512788,Riacho de Santo Antônio,PB,25,Paraíba,Nordeste,Borborema,Cariri Oriental,Campina Grande,Campina Grande
251280,2512804,Riacho dos Cavalos,PB,25,Paraíba,Nordeste,Sertão Paraibano,Catolé do Rocha,Catolé do Rocha - São Bento,Patos
251290,2512903,Rio Tinto,PB,25,Paraíba,Nordeste,Mata Paraibana,Litoral Norte,Mamanguape - Rio Tinto,João Pessoa
251300,2513000,Salgadinho,PB,25,Paraíba,Nordeste,Borborema,Seridó Ocidental Paraibano,Patos,Patos
251310,2513109,Salgado de São Félix,PB,25,Paraíba,Nordeste,Agreste Paraibano,Itabaiana,Itabaiana,João Pessoa
251315,2513158,Santa Cecília,PB,25,Paraíba,Nordeste,Agreste Paraibano,Umbuzeiro,Campina Grande,Campina Grande
251320,2513208,Santa Cruz,PB,25,Paraíba,Nordeste,Sertão Paraibano,Sousa,Sousa,Sousa - Cajazeiras
251330,2513307,Santa Helena,PB,25,Paraíba,Nordeste,Sertão Paraibano,Cajazeiras,Cajazeiras,Sousa - Cajazeiras
251335,2513356,Santa Inês,PB,25,Paraíba,Nordeste,Sertão Paraibano,Itaporanga,Itaporanga,Patos
251340,2513406,Santa Luzia,PB,25,Paraíba,Nordeste,Borborema,Seridó Ocidental Paraibano,Patos,Patos
251350,2513505,Santana de Mangueira,PB,25,Paraíba,Nordeste,Sertão Paraibano,Itaporanga,Itaporanga,Patos
251360,2513604,Santana dos Garrotes,PB,25,Paraíba,Nordeste,Sertão Paraibano,Piancó,Itaporanga,Patos
251365,2513653,Joca Claudino,PB,25,Paraíba,Nordeste,Sertão Paraibano,Cajazeiras,Sousa,Sousa - Cajazeiras
251370,2513703,Santa Rita,PB,25,Paraíba,Nordeste,Mata Paraibana,João Pessoa,João Pessoa,João Pessoa
251380,2513802,Santa Teresinha,PB,25,Paraíba,Nordeste,Sertão Paraibano,Patos,Patos,Patos
251385,2513851,Santo André,PB,25,Paraíba,Nordeste,Borborema,Cariri Oriental,Campina Grande,Campina Grande
251390,2513901,São Bento,PB,25,Paraíba,Nordeste,Sertão Paraibano,Catolé do Rocha,Catolé do Rocha - São Bento,Patos
251392,2513927,São Bentinho,PB,25,Paraíba,Nordeste,Sertão Paraibano,Sousa,Pombal,Patos
251394,2513943,São Domingos do Cariri,PB,25,Paraíba,Nordeste,Borborema,Cariri Oriental,Campina Grande,Campina Grande
251396,2513968,São Domingos,PB,25,Paraíba,Nordeste,Sertão Paraibano,Sousa,Pombal,Patos
251398,2513984,São Francisco,PB,25,Paraíba,Nordeste,Sertão Paraibano,Sousa,Sousa,Sousa - Cajazeiras
251400,2514008,São João do Cariri,PB,25,Paraíba,Nordeste,Borborema,Cariri Oriental,Campina Grande,Campina Grande
251410,2514107,São João do Tigre,PB,25,Paraíba,Nordeste,Borborema,Cariri Ocidental,Monteiro,Campina Grande
251420,2514206,São José da Lagoa Tapada,PB,25,Paraíba,Nordeste,Sertão Paraibano,Sousa,Sousa,Sousa - Cajazeiras
251430,2514305,São José de Caiana,PB,25,Paraíba,Nordeste,Sertão Paraibano,Itaporanga,Itaporanga,Patos
251440,2514404,São José de Espinharas,PB,25,Paraíba,Nordeste,Sertão Paraibano,Patos,Patos,Patos
251445,2514453,São José dos Ramos,PB,25,Paraíba,Nordeste,Mata Paraibana,Sapé,Itabaiana,João Pessoa
251450,2514503,São José de Piranhas,PB,25,Paraíba,Nordeste,Sertão Paraibano,Cajazeiras,Cajazeiras,Sousa - Cajazeiras
251455,2514552,São José de Princesa,PB,25,Paraíba,Nordeste,Sertão Paraibano,Serra do Teixeira,Princesa Isabel,Patos
251460,2514602,São José do Bonfim,PB,25,Paraíba,Nordeste,Sertão Paraibano,Patos,Patos,Patos
251465,2514651,São José do Brejo do Cruz,PB,25,Paraíba,Nordeste,Sertão Paraibano,Catolé do Rocha,Catolé do Rocha - São Bento,Patos
251470,2514701,São José do Sabugi,PB,25,Paraíba,Nordeste,Borborema,Seridó Ocidental Paraibano,Patos,Patos
251480,2514800,São José dos Cordeiros,PB,25,Paraíba,Nordeste,Borborema,Cariri Ocidental,Sumé,Campina Grande
251490,2514909,São Mamede,PB,25,Paraíba,Nordeste,Borborema,Seridó Ocidental Paraibano,Patos,Patos
251500,2515005,São Miguel de Taipu,PB,25,Paraíba,Nordeste,Mata Paraibana,Sapé,João Pessoa,João Pessoa
251510,2515104,São Sebastião de Lagoa de Roça,PB,25,Paraíba,Nordeste,Agreste Paraibano,Esperança,Campina Grande,Campina Grande
251520,2515203,São Sebastião do Umbuzeiro,PB,25,Paraíba,Nordeste,Borborema,Cariri Ocidental,Monteiro,Campina Grande
251530,2515302,Sapé,PB,25,Paraíba,Nordeste,Mata Paraibana,Sapé,João Pessoa,João Pessoa
251540,2515401,São Vicente do Seridó,PB,25,Paraíba,Nordeste,Borborema,Seridó Oriental Paraibano,Campina Grande,Campina Grande
251550,2515500,Serra Branca,PB,25,Paraíba,Nordeste,Borborema,Cariri Ocidental,Sumé,Campina Grande
251560,2515609,Serra da Raiz,PB,25,Paraíba,Nordeste,Agreste Paraibano,Guarabira,Guarabira,João Pessoa
251570,2515708,Serra Grande,PB,25,Paraíba,Nordeste,Sertão Paraibano,Itaporanga,Cajazeiras,Sousa - Cajazeiras
251580,2515807,Serra Redonda,PB,25,Paraíba,Nordeste,Agreste Paraibano,Campina Grande,Campina Grande,Campina Grande
251590,2515906,Serraria,PB,25,Paraíba,Nordeste,Agreste Paraibano,Brejo Paraibano,Guarabira,João Pessoa
251593,2515930,Sertãozinho,PB,25,Paraíba,Nordeste,Agreste Paraibano,Guarabira,Guarabira,João Pessoa
251597,2515971,Sobrado,PB,25,Paraíba,Nordeste,Mata Paraibana,Sapé,João Pessoa,João Pessoa
251600,2516003,Solânea,PB,25,Paraíba,Nordeste,Agreste Paraibano,Curimataú Oriental,Guarabira,João Pessoa
251610,2516102,Soledade,PB,25,Paraíba,Nordeste,Agreste Paraibano,Curimataú Ocidental,Campina Grande,Campina Grande
251615,2516151,Sossêgo,PB,25,Paraíba,Nordeste,Agreste Paraibano,Curimataú Ocidental,Cuité - Nova Floresta,Campina Grande
251620,2516201,Sousa,PB,25,Paraíba,Nordeste,Sertão Paraibano,Sousa,Sousa,Sousa - Cajazeiras
251630,2516300,Sumé,PB,25,Paraíba,Nordeste,Borborema,Cariri Ocidental,Sumé,Campina Grande
251640,2516409,Tacima,PB,25,Paraíba,Nordeste,Agreste Paraibano,Curimataú Oriental,Guarabira,João Pessoa
251650,2516508,Taperoá,PB,25,Paraíba,Nordeste,Borborema,Cariri Ocidental,Campina Grande,Campina Grande
251660,2516607,Tavares,PB,25,Paraíba,Nordeste,Sertão Paraibano,Serra do Teixeira,Princesa Isabel,Patos
251670,2516706,Teixeira,PB,25,Paraíba,Nordeste,Sertão Paraibano,Serra do Teixeira,Patos,Patos
251675,2516755,Tenório,PB,25,Paraíba,Nordeste,Borborema,Seridó Oriental Paraibano,Campina Grande,Campina Grande
251680,2516805,Triunfo,PB,25,Paraíba,Nordeste,Sertão Paraibano,Cajazeiras,Cajazeiras,Sousa - Cajazeiras
251690,2516904,Uiraúna,PB,25,Paraíba,Nordeste,Sertão Paraibano,Cajazeiras,Sousa,Sousa - Cajazeiras
251700,2517001,Umbuzeiro,PB,25,Paraíba,Nordeste,Agreste Paraibano,Umbuzeiro,Campina Grande,Campina Grande
251710,2517100,Várzea,PB,25,Paraíba,Nordeste,Borborema,Seridó Ocidental Paraibano,Patos,Patos
251720,2517209,Vieirópolis,PB,25,Paraíba,Nordeste,Sertão Paraibano,Sousa,Sousa,Sousa - Cajazeiras
251740,2517407,Zabelê,PB,25,Paraíba,Nordeste,Borborema,Cariri Ocidental,Monteiro,Campina Grande
260005,2600054,Abreu e Lima,PE,26,Pernambuco,Nordeste,Metropolitana de Recife,Recife,Recife,Recife
260010,2600104,Afogados da Ingazeira,PE,26,Pernambuco,Nordeste,Sertão Pernambucano,Pajeú,Afogados da Ingazeira,Serra Talhada
260020,2600203,Afrânio,PE,26,Pernambuco,Nordeste,São Francisco Pernambucano,Petrolina,Petrolina,Petrolina
260030,2600302,Agrestina,PE,26,Pernambuco,Nordeste,Agreste Pernambucano,Brejo Pernambucano,Caruaru,Caruaru
260040,2600401,Água Preta,PE,26,Pernambuco,Nordeste,Mata Pernambucana,Mata Meridional Pernambucana,Palmares,Recife
260050,2600500,Águas Belas,PE,26,Pernambuco,Nordeste,Agreste Pernambucano,Vale do Ipanema,Garanhuns,Caruaru
260060,2600609,Alagoinha,PE,26,Pernambuco,Nordeste,Agreste Pernambucano,Vale do Ipojuca,Belo Jardim ¿ Pesqueira,Caruaru
260070,2600708,Aliança,PE,26,Pernambuco,Nordeste,Mata Pernambucana,Mata Setentrional Pernambucana,Goiana ¿ Timbaúba,Recife
260080,2600807,Altinho,PE,26,Pernambuco,Nordeste,Agreste Pernambucano,Brejo Pernambucano,Caruaru,Caruaru
260090,2600906,Amaraji,PE,26,Pernambuco,Nordeste,Mata Pernambucana,Mata Meridional Pernambucana,Escada - Ribeirão,Recife
260100,2601003,Angelim,PE,26,Pernambuco,Nordeste,Agreste Pernambucano,Garanhuns,Garanhuns,Caruaru
260105,2601052,Araçoiaba,PE,26,Pernambuco,Nordeste,Metropolitana de Recife,Itamaracá,Recife,Recife
260110,2601102,Araripina,PE,26,Pernambuco,Nordeste,Sertão Pernambucano,Araripina,Araripina,Petrolina
260120,2601201,Arcoverde,PE,26,Pernambuco,Nordeste,Sertão Pernambucano,Sertão do Moxotó,Arcoverde,Caruaru
260130,2601300,Barra de Guabiraba,PE,26,Pernambuco,Nordeste,Agreste Pernambucano,Brejo Pernambucano,Caruaru,Caruaru
260140,2601409,Barreiros,PE,26,Pernambuco,Nordeste,Mata Pernambucana,Mata Meridional Pernambucana,Barreiros - Sirinhaém,Recife
260150,2601508,Belém de Maria,PE,26,Pernambuco,Nordeste,Mata Pernambucana,Mata Meridional Pernambucana,Palmares,Recife
260160,2601607,Belém do São Francisco,PE,26,Pernambuco,Nordeste,São Francisco Pernambucano,Itaparica,Salgueiro,Petrolina
260170,2601706,Belo Jardim,PE,26,Pernambuco,Nordeste,Agreste Pernambucano,Vale do Ipojuca,Belo Jardim ¿ Pesqueira,Caruaru
260180,2601805,Betânia,PE,26,Pernambuco,Nordeste,Sertão Pernambucano,Sertão do Moxotó,Serra Talhada,Serra Talhada
260190,2601904,Bezerros,PE,26,Pernambuco,Nordeste,Agreste Pernambucano,Vale do Ipojuca,Caruaru,Caruaru
260200,2602001,Bodocó,PE,26,Pernambuco,Nordeste,Sertão Pernambucano,Araripina,Araripina,Petrolina
260210,2602100,Bom Conselho,PE,26,Pernambuco,Nordeste,Agreste Pernambucano,Garanhuns,Garanhuns,Caruaru
260220,2602209,Bom Jardim,PE,26,Pernambuco,Nordeste,Agreste Pernambucano,Médio Capibaribe,Limoeiro,Recife
260230,2602308,Bonito,PE,26,Pernambuco,Nordeste,Agreste Pernambucano,Brejo Pernambucano,Caruaru,Caruaru
260240,2602407,Brejão,PE,26,Pernambuco,Nordeste,Agreste Pernambucano,Garanhuns,Garanhuns,Caruaru
260250,2602506,Brejinho,PE,26,Pernambuco,Nordeste,Sertão Pernambucano,Pajeú,Afogados da Ingazeira,Serra Talhada
260260,2602605,Brejo da Madre de Deus,PE,26,Pernambuco,Nordeste,Agreste Pernambucano,Vale do Ipojuca,Caruaru,Caruaru
260270,2602704,Buenos Aires,PE,26,Pernambuco,Nordeste,Mata Pernambucana,Mata Setentrional Pernambucana,Carpina,Recife
260280,2602803,Buíque,PE,26,Pernambuco,Nordeste,Agreste Pernambucano,Vale do Ipanema,Arcoverde,Caruaru
260290,2602902,Cabo de Santo Agostinho,PE,26,Pernambuco,Nordeste,Metropolitana de Recife,Suape,Recife,Recife
260300,2603009,Cabrobó,PE,26,Pernambuco,Nordeste,São Francisco Pernambucano,Petrolina,Salgueiro,Petrolina
260310,2603108,Cachoeirinha,PE,26,Pernambuco,Nordeste,Agreste Pernambucano,Vale do Ipojuca,Caruaru,Caruaru
260320,2603207,Caetés,PE,26,Pernambuco,Nordeste,Agreste Pernambucano,Garanhuns,Garanhuns,Caruaru
260330,2603306,Calçado,PE,26,Pernambuco,Nordeste,Agreste Pernambucano,Garanhuns,Garanhuns,Caruaru
260340,2603405,Calumbi,PE,26,Pernambuco,Nordeste,Sertão Pernambucano,Pajeú,Serra Talhada,Serra Talhada
260345,2603454,Camaragibe,PE,26,Pernambuco,Nordeste,Metropolitana de Recife,Recife,Recife,Recife
260350,2603504,Camocim de São Félix,PE,26,Pernambuco,Nordeste,Agreste Pernambucano,Brejo Pernambucano,Caruaru,Caruaru
260360,2603603,Camutanga,PE,26,Pernambuco,Nordeste,Mata Pernambucana,Mata Setentrional Pernambucana,Goiana ¿ Timbaúba,Recife
260370,2603702,Canhotinho,PE,26,Pernambuco,Nordeste,Agreste Pernambucano,Garanhuns,Garanhuns,Caruaru
260380,2603801,Capoeiras,PE,26,Pernambuco,Nordeste,Agreste Pernambucano,Vale do Ipojuca,Garanhuns,Caruaru
260390,2603900,Carnaíba,PE,26,Pernambuco,Nordeste,Sertão Pernambucano,Pajeú,Afogados da Ingazeira,Serra Talhada
260392,2603926,Carnaubeira da Penha,PE,26,Pernambuco,Nordeste,São Francisco Pernambucano,Itaparica,Serra Talhada,Serra Talhada
260400,2604007,Carpina,PE,26,Pernambuco,Nordeste,Mata Pernambucana,Mata Setentrional Pernambucana,Carpina,Recife
260410,2604106,Caruaru,PE,26,Pernambuco,Nordeste,Agreste Pernambucano,Vale do Ipojuca,Caruaru,Caruaru
260415,2604155,Casinhas,PE,26,Pernambuco,Nordeste,Agreste Pernambucano,Alto Capibaribe,Surubim,Recife
260420,2604205,Catende,PE,26,Pernambuco,Nordeste,Mata Pernambucana,Mata Meridional Pernambucana,Palmares,Recife
260430,2604304,Cedro,PE,26,Pernambuco,Nordeste,Sertão Pernambucano,Salgueiro,Salgueiro,Petrolina
260440,2604403,Chã de Alegria,PE,26,Pernambuco,Nordeste,Mata Pernambucana,Vitória de Santo Antão,Vitória de Santo Antão,Recife
260450,2604502,Chã Grande,PE,26,Pernambuco,Nordeste,Mata Pernambucana,Vitória de Santo Antão,Caruaru,Caruaru
260460,2604601,Condado,PE,26,Pernambuco,Nordeste,Mata Pernambucana,Mata Setentrional Pernambucana,Goiana ¿ Timbaúba,Recife
260470,2604700,Correntes,PE,26,Pernambuco,Nordeste,Agreste Pernambucano,Garanhuns,Garanhuns,Caruaru
260480,2604809,Cortês,PE,26,Pernambuco,Nordeste,Mata Pernambucana,Mata Meridional Pernambucana,Escada - Ribeirão,Recife
260490,2604908,Cumaru,PE,26,Pernambuco,Nordeste,Agreste Pernambucano,Médio Capibaribe,Caruaru,Caruaru
260500,2605004,Cupira,PE,26,Pernambuco,Nordeste,Agreste Pernambucano,Brejo Pernambucano,Caruaru,Caruaru
260510,2605103,Custódia,PE,26,Pernambuco,Nordeste,Sertão Pernambucano,Sertão do Moxotó,Arcoverde,Caruaru
260515,2605152,Dormentes,PE,26,Pernambuco,Nordeste,São Francisco Pernambucano,Petrolina,Petrolina,Petrolina
260520,2605202,Escada,PE,26,Pernambuco,Nordeste,Mata Pernambucana,Mata Meridional Pernambucana,Escada - Ribeirão,Recife
260530,2605301,Exu,PE,26,Pernambuco,Nordeste,Sertão Pernambucano,Araripina,Araripina,Petrolina
260540,2605400,Feira Nova,PE,26,Pernambuco,Nordeste,Agreste Pernambucano,Médio Capibaribe,Limoeiro,Recife
260545,2605459,Fernando de Noronha,PE,26,Pernambuco,Nordeste,Metropolitana de Recife,Fernando de Noronha,Recife,Recife
260550,2605509,Ferreiros,PE,26,Pernambuco,Nordeste,Mata Pernambucana,Mata Setentrional Pernambucana,Goiana ¿ Timbaúba,Recife
260560,2605608,Flores,PE,26,Pernambuco,Nordeste,Sertão Pernambucano,Pajeú,Serra Talhada,Serra Talhada
260570,2605707,Floresta,PE,26,Pernambuco,Nordeste,São Francisco Pernambucano,Itaparica,Serra Talhada,Serra Talhada
260580,2605806,Frei Miguelinho,PE,26,Pernambuco,Nordeste,Agreste Pernambucano,Alto Capibaribe,Surubim,Recife
260590,2605905,Gameleira,PE,26,Pernambuco,Nordeste,Mata Pernambucana,Mata Meridional Pernambucana,Palmares,Recife
260600,2606002,Garanhuns,PE,26,Pernambuco,Nordeste,Agreste Pernambucano,Garanhuns,Garanhuns,Caruaru
260610,2606101,Glória do Goitá,PE,26,Pernambuco,Nordeste,Mata Pernambucana,Vitória de Santo Antão,Vitória de Santo Antão,Recife
260620,2606200,Goiana,PE,26,Pernambuco,Nordeste,Mata Pernambucana,Mata Setentrional Pernambucana,Goiana ¿ Timbaúba,Recife
260630,2606309,Granito,PE,26,Pernambuco,Nordeste,Sertão Pernambucano,Araripina,Araripina,Petrolina
260640,2606408,Gravatá,PE,26,Pernambuco,Nordeste,Agreste Pernambucano,Vale do Ipojuca,Caruaru,Caruaru
260650,2606507,Iati,PE,26,Pernambuco,Nordeste,Agreste Pernambucano,Garanhuns,Garanhuns,Caruaru
260660,2606606,Ibimirim,PE,26,Pernambuco,Nordeste,Sertão Pernambucano,Sertão do Moxotó,Arcoverde,Caruaru
260670,2606705,Ibirajuba,PE,26,Pernambuco,Nordeste,Agreste Pernambucano,Brejo Pernambucano,Caruaru,Caruaru
260680,2606804,Igarassu,PE,26,Pernambuco,Nordeste,Metropolitana de Recife,Itamaracá,Recife,Recife
260690,2606903,Iguaracy,PE,26,Pernambuco,Nordeste,Sertão Pernambucano,Pajeú,Afogados da Ingazeira,Serra Talhada
260700,2607000,Inajá,PE,26,Pernambuco,Nordeste,Sertão Pernambucano,Sertão do Moxotó,Arcoverde,Caruaru
260710,2607109,Ingazeira,PE,26,Pernambuco,Nordeste,Sertão Pernambucano,Pajeú,Afogados da Ingazeira,Serra Talhada
260720,2607208,Ipojuca,PE,26,Pernambuco,Nordeste,Metropolitana de Recife,Suape,Recife,Recife
260730,2607307,Ipubi,PE,26,Pernambuco,Nordeste,Sertão Pernambucano,Araripina,Araripina,Petrolina
260740,2607406,Itacuruba,PE,26,Pernambuco,Nordeste,São Francisco Pernambucano,Itaparica,Salgueiro,Petrolina
260750,2607505,Itaíba,PE,26,Pernambuco,Nordeste,Agreste Pernambucano,Vale do Ipanema,Arcoverde,Caruaru
260760,2607604,Ilha de Itamaracá,PE,26,Pernambuco,Nordeste,Metropolitana de Recife,Itamaracá,Recife,Recife
260765,2607653,Itambé,PE,26,Pernambuco,Nordeste,Mata Pernambucana,Mata Setentrional Pernambucana,Goiana ¿ Timbaúba,Recife
260770,2607703,Itapetim,PE,26,Pernambuco,Nordeste,Sertão Pernambucano,Pajeú,Afogados da Ingazeira,Serra Talhada
260775,2607752,Itapissuma,PE,26,Pernambuco,Nordeste,Metropolitana de Recife,Itamaracá,Recife,Recife
260780,2607802,Itaquitinga,PE,26,Pernambuco,Nordeste,Mata Pernambucana,Mata Setentrional Pernambucana,Goiana ¿ Timbaúba,Recife
260790,2607901,Jaboatão dos Guararapes,PE,26,Pernambuco,Nordeste,Metropolitana de Recife,Recife,Recife,Recife
260795,2607950,Jaqueira,PE,26,Pernambuco,Nordeste,Mata Pernambucana,Mata Meridional Pernambucana,Palmares,Recife
260800,2608008,Jataúba,PE,26,Pernambuco,Nordeste,Agreste Pernambucano,Vale do Ipojuca,Caruaru,Caruaru
260805,2608057,Jatobá,PE,26,Pernambuco,Nordeste,São Francisco Pernambucano,Itaparica,Serra Talhada,Serra Talhada
260810,2608107,João Alfredo,PE,26,Pernambuco,Nordeste,Agreste Pernambucano,Médio Capibaribe,Limoeiro,Recife
260820,2608206,Joaquim Nabuco,PE,26,Pernambuco,Nordeste,Mata Pernambucana,Mata Meridional Pernambucana,Palmares,Recife
260825,2608255,Jucati,PE,26,Pernambuco,Nordeste,Agreste Pernambucano,Garanhuns,Garanhuns,Caruaru
260830,2608305,Jupi,PE,26,Pernambuco,Nordeste,Agreste Pernambucano,Garanhuns,Garanhuns,Caruaru
260840,2608404,Jurema,PE,26,Pernambuco,Nordeste,Agreste Pernambucano,Garanhuns,Garanhuns,Caruaru
260845,2608453,Lagoa do Carro,PE,26,Pernambuco,Nordeste,Mata Pernambucana,Mata Setentrional Pernambucana,Carpina,Recife
260850,2608503,Lagoa de Itaenga,PE,26,Pernambuco,Nordeste,Mata Pernambucana,Mata Setentrional Pernambucana,Carpina,Recife
260860,2608602,Lagoa do Ouro,PE,26,Pernambuco,Nordeste,Agreste Pernambucano,Garanhuns,Garanhuns,Caruaru
260870,2608701,Lagoa dos Gatos,PE,26,Pernambuco,Nordeste,Agreste Pernambucano,Brejo Pernambucano,Caruaru,Caruaru
260875,2608750,Lagoa Grande,PE,26,Pernambuco,Nordeste,São Francisco Pernambucano,Petrolina,Petrolina,Petrolina
260880,2608800,Lajedo,PE,26,Pernambuco,Nordeste,Agreste Pernambucano,Garanhuns,Garanhuns,Caruaru
260890,2608909,Limoeiro,PE,26,Pernambuco,Nordeste,Agreste Pernambucano,Médio Capibaribe,Limoeiro,Recife
260900,2609006,Macaparana,PE,26,Pernambuco,Nordeste,Mata Pernambucana,Mata Setentrional Pernambucana,Goiana ¿ Timbaúba,Recife
260910,2609105,Machados,PE,26,Pernambuco,Nordeste,Agreste Pernambucano,Médio Capibaribe,Limoeiro,Recife
260915,2609154,Manari,PE,26,Pernambuco,Nordeste,Sertão Pernambucano,Sertão do Moxotó,Arcoverde,Caruaru
260920,2609204,Maraial,PE,26,Pernambuco,Nordeste,Mata Pernambucana,Mata Meridional Pernambucana,Palmares,Recife
260930,2609303,Mirandiba,PE,26,Pernambuco,Nordeste,Sertão Pernambucano,Salgueiro,Serra Talhada,Serra Talhada
260940,2609402,Moreno,PE,26,Pernambuco,Nordeste,Metropolitana de Recife,Recife,Recife,Recife
260950,2609501,Nazaré da Mata,PE,26,Pernambuco,Nordeste,Mata Pernambucana,Mata Setentrional Pernambucana,Carpina,Recife
260960,2609600,Olinda,PE,26,Pernambuco,Nordeste,Metropolitana de Recife,Recife,Recife,Recife
260970,2609709,Orobó,PE,26,Pernambuco,Nordeste,Agreste Pernambucano,Médio Capibaribe,Limoeiro,Recife
260980,2609808,Orocó,PE,26,Pernambuco,Nordeste,São Francisco Pernambucano,Petrolina,Petrolina,Petrolina
260990,2609907,Ouricuri,PE,26,Pernambuco,Nordeste,Sertão Pernambucano,Araripina,Araripina,Petrolina
261000,2610004,Palmares,PE,26,Pernambuco,Nordeste,Mata Pernambucana,Mata Meridional Pernambucana,Palmares,Recife
261010,2610103,Palmeirina,PE,26,Pernambuco,Nordeste,Agreste Pernambucano,Garanhuns,Garanhuns,Caruaru
261020,2610202,Panelas,PE,26,Pernambuco,Nordeste,Agreste Pernambucano,Brejo Pernambucano,Caruaru,Caruaru
261030,2610301,Paranatama,PE,26,Pernambuco,Nordeste,Agreste Pernambucano,Garanhuns,Garanhuns,Caruaru
261040,2610400,Parnamirim,PE,26,Pernambuco,Nordeste,Sertão Pernambucano,Salgueiro,Salgueiro,Petrolina
261050,2610509,Passira,PE,26,Pernambuco,Nordeste,Agreste Pernambucano,Médio Capibaribe,Limoeiro,Recife
261060,2610608,Paudalho,PE,26,Pernambuco,Nordeste,Mata Pernambucana,Mata Setentrional Pernambucana,Recife,Recife
261070,2610707,Paulista,PE,26,Pernambuco,Nordeste,Metropolitana de Recife,Recife,Recife,Recife
261080,2610806,Pedra,PE,26,Pernambuco,Nordeste,Agreste Pernambucano,Vale do Ipanema,Arcoverde,Caruaru
261090,2610905,Pesqueira,PE,26,Pernambuco,Nordeste,Agreste Pernambucano,Vale do Ipojuca,Belo Jardim ¿ Pesqueira,Caruaru
261100,2611002,Petrolândia,PE,26,Pernambuco,Nordeste,São Francisco Pernambucano,Itaparica,Serra Talhada,Serra Talhada
261110,2611101,Petrolina,PE,26,Pernambuco,Nordeste,São Francisco Pernambucano,Petrolina,Petrolina,Petrolina
261120,2611200,Poção,PE,26,Pernambuco,Nordeste,Agreste Pernambucano,Vale do Ipojuca,Belo Jardim ¿ Pesqueira,Caruaru
261130,2611309,Pombos,PE,26,Pernambuco,Nordeste,Mata Pernambucana,Vitória de Santo Antão,Vitória de Santo Antão,Recife
261140,2611408,Primavera,PE,26,Pernambuco,Nordeste,Mata Pernambucana,Mata Meridional Pernambucana,Escada - Ribeirão,Recife
261150,2611507,Quipapá,PE,26,Pernambuco,Nordeste,Mata Pernambucana,Mata Meridional Pernambucana,Garanhuns,Caruaru
261153,2611533,Quixaba,PE,26,Pernambuco,Nordeste,Sertão Pernambucano,Pajeú,Afogados da Ingazeira,Serra Talhada
261160,2611606,Recife,PE,26,Pernambuco,Nordeste,Metropolitana de Recife,Recife,Recife,Recife
261170,2611705,Riacho das Almas,PE,26,Pernambuco,Nordeste,Agreste Pernambucano,Vale do Ipojuca,Caruaru,Caruaru
261180,2611804,Ribeirão,PE,26,Pernambuco,Nordeste,Mata Pernambucana,Mata Meridional Pernambucana,Escada - Ribeirão,Recife
261190,2611903,Rio Formoso,PE,26,Pernambuco,Nordeste,Mata Pernambucana,Mata Meridional Pernambucana,Barreiros - Sirinhaém,Recife
261200,2612000,Sairé,PE,26,Pernambuco,Nordeste,Agreste Pernambucano,Brejo Pernambucano,Caruaru,Caruaru
261210,2612109,Salgadinho,PE,26,Pernambuco,Nordeste,Agreste Pernambucano,Médio Capibaribe,Limoeiro,Recife
261220,2612208,Salgueiro,PE,26,Pernambuco,Nordeste,Sertão Pernambucano,Salgueiro,Salgueiro,Petrolina
261230,2612307,Saloá,PE,26,Pernambuco,Nordeste,Agreste Pernambucano,Garanhuns,Garanhuns,Caruaru
261240,2612406,Sanharó,PE,26,Pernambuco,Nordeste,Agreste Pernambucano,Vale do Ipojuca,Belo Jardim ¿ Pesqueira,Caruaru
261245,2612455,Santa Cruz,PE,26,Pernambuco,Nordeste,Sertão Pernambucano,Araripina,Araripina,Petrolina
261247,2612471,Santa Cruz da Baixa Verde,PE,26,Pernambuco,Nordeste,Sertão Pernambucano,Pajeú,Serra Talhada,Serra Talhada
261250,2612505,Santa Cruz do Capibaribe,PE,26,Pernambuco,Nordeste,Agreste Pernambucano,Alto Capibaribe,Caruaru,Caruaru
261255,2612554,Santa Filomena,PE,26,Pernambuco,Nordeste,Sertão Pernambucano,Araripina,Araripina,Petrolina
261260,2612604,Santa Maria da Boa Vista,PE,26,Pernambuco,Nordeste,São Francisco Pernambucano,Petrolina,Petrolina,Petrolina
261270,2612703,Santa Maria do Cambucá,PE,26,Pernambuco,Nordeste,Agreste Pernambucano,Alto Capibaribe,Surubim,Recife
261280,2612802,Santa Terezinha,PE,26,Pernambuco,Nordeste,Sertão Pernambucano,Pajeú,Afogados da Ingazeira,Serra Talhada
261290,2612901,São Benedito do Sul,PE,26,Pernambuco,Nordeste,Mata Pernambucana,Mata Meridional Pernambucana,Palmares,Recife
261300,2613008,São Bento do Una,PE,26,Pernambuco,Nordeste,Agreste Pernambucano,Vale do Ipojuca,Belo Jardim ¿ Pesqueira,Caruaru
261310,2613107,São Caitano,PE,26,Pernambuco,Nordeste,Agreste Pernambucano,Vale do Ipojuca,Caruaru,Caruaru
261320,2613206,São João,PE,26,Pernambuco,Nordeste,Agreste Pernambucano,Garanhuns,Garanhuns,Caruaru
261330,2613305,São Joaquim do Monte,PE,26,Pernambuco,Nordeste,Agreste Pernambucano,Brejo Pernambucano,Caruaru,Caruaru
261340,2613404,São José da Coroa Grande,PE,26,Pernambuco,Nordeste,Mata Pernambucana,Mata Meridional Pernambucana,Barreiros - Sirinhaém,Recife
261350,2613503,São José do Belmonte,PE,26,Pernambuco,Nordeste,Sertão Pernambucano,Salgueiro,Serra Talhada,Serra Talhada
261360,2613602,São José do Egito,PE,26,Pernambuco,Nordeste,Sertão Pernambucano,Pajeú,Afogados da Ingazeira,Serra Talhada
261370,2613701,São Lourenço da Mata,PE,26,Pernambuco,Nordeste,Metropolitana de Recife,Recife,Recife,Recife
261380,2613800,São Vicente Férrer,PE,26,Pernambuco,Nordeste,Agreste Pernambucano,Médio Capibaribe,Goiana ¿ Timbaúba,Recife
261390,2613909,Serra Talhada,PE,26,Pernambuco,Nordeste,Sertão Pernambucano,Pajeú,Serra Talhada,Serra Talhada
261400,2614006,Serrita,PE,26,Pernambuco,Nordeste,Sertão Pernambucano,Salgueiro,Salgueiro,Petrolina
261410,2614105,Sertânia,PE,26,Pernambuco,Nordeste,Sertão Pernambucano,Sertão do Moxotó,Arcoverde,Caruaru
261420,2614204,Sirinhaém,PE,26,Pernambuco,Nordeste,Mata Pernambucana,Mata Meridional Pernambucana,Barreiros - Sirinhaém,Recife
261430,2614303,Moreilândia,PE,26,Pernambuco,Nordeste,Sertão Pernambucano,Araripina,Araripina,Petrolina
261440,2614402,Solidão,PE,26,Pernambuco,Nordeste,Sertão Pernambucano,Pajeú,Afogados da Ingazeira,Serra Talhada
261450,2614501,Surubim,PE,26,Pernambuco,Nordeste,Agreste Pernambucano,Alto Capibaribe,Surubim,Recife
261460,2614600,Tabira,PE,26,Pernambuco,Nordeste,Sertão Pernambucano,Pajeú,Afogados da Ingazeira,Serra Talhada
261470,2614709,Tacaimbó,PE,26,Pernambuco,Nordeste,Agreste Pernambucano,Vale do Ipojuca,Belo Jardim ¿ Pesqueira,Caruaru
261480,2614808,Tacaratu,PE,26,Pernambuco,Nordeste,São Francisco Pernambucano,Itaparica,Serra Talhada,Serra Talhada
261485,2614857,Tamandaré,PE,26,Pernambuco,Nordeste,Mata Pernambucana,Mata Meridional Pernambucana,Barreiros - Sirinhaém,Recife
261500,2615003,Taquaritinga do Norte,PE,26,Pernambuco,Nordeste,Agreste Pernambucano,Alto Capibaribe,Caruaru,Caruaru
261510,2615102,Terezinha,PE,26,Pernambuco,Nordeste,Agreste Pernambucano,Garanhuns,Garanhuns,Caruaru
261520,2615201,Terra Nova,PE,26,Pernambuco,Nordeste,São Francisco Pernambucano,Petrolina,Salgueiro,Petrolina
261530,2615300,Timbaúba,PE,26,Pernambuco,Nordeste,Mata Pernambucana,Mata Setentrional Pernambucana,Goiana ¿ Timbaúba,Recife
261540,2615409,Toritama,PE,26,Pernambuco,Nordeste,Agreste Pernambucano,Alto Capibaribe,Caruaru,Caruaru
261550,2615508,Tracunhaém,PE,26,Pernambuco,Nordeste,Mata Pernambucana,Mata Setentrional Pernambucana,Carpina,Recife
261560,2615607,Trindade,PE,26,Pernambuco,Nordeste,Sertão Pernambucano,Araripina,Araripina,Petrolina
261570,2615706,Triunfo,PE,26,Pernambuco,Nordeste,Sertão Pernambucano,Pajeú,Serra Talhada,Serra Talhada
261580,2615805,Tupanatinga,PE,26,Pernambuco,Nordeste,Agreste Pernambucano,Vale do Ipanema,Arcoverde,Caruaru
261590,2615904,Tuparetama,PE,26,Pernambuco,Nordeste,Sertão Pernambucano,Pajeú,Afogados da Ingazeira,Serra Talhada
261600,2616001,Venturosa,PE,26,Pernambuco,Nordeste,Agreste Pernambucano,Vale do Ipanema,Arcoverde,Caruaru
261610,2616100,Verdejante,PE,26,Pernambuco,Nordeste,Sertão Pernambucano,Salgueiro,Salgueiro,Petrolina
261618,2616183,Vertente do Lério,PE,26,Pernambuco,Nordeste,Agreste Pernambucano,Alto Capibaribe,Surubim,Recife
261620,2616209,Vertentes,PE,26,Pernambuco,Nordeste,Agreste Pernambucano,Alto Capibaribe,Surubim,Recife
261630,2616308,Vicência,PE,26,Pernambuco,Nordeste,Mata Pernambucana,Mata Setentrional Pernambucana,Goiana ¿ Timbaúba,Recife
261640,2616407,Vitória de Santo Antão,PE,26,Pernambuco,Nordeste,Mata Pernambucana,Vitória de Santo Antão,Vitória de Santo Antão,Recife
261650,2616506,Xexéu,PE,26,Pernambuco,Nordeste,Mata Pernambucana,Mata Meridional Pernambucana,Palmares,Recife
270010,2700102,Água Branca,AL,27,Alagoas,Nordeste,Sertão Alagoano,Serrana do Sertão Alagoano,Delmiro Gouveia,Arapiraca
270020,2700201,Anadia,AL,27,Alagoas,Nordeste,Leste Alagoano,São Miguel dos Campos,São Miguel dos Campos,Maceió
270030,2700300,Arapiraca,AL,27,Alagoas,Nordeste,Agreste Alagoano,Arapiraca,Arapiraca,Arapiraca
270040,2700409,Atalaia,AL,27,Alagoas,Nordeste,Leste Alagoano,Mata Alagoana,Atalaia,Maceió
270050,2700508,Barra de Santo Antônio,AL,27,Alagoas,Nordeste,Leste Alagoano,Maceió,Maceió,Maceió
270060,2700607,Barra de São Miguel,AL,27,Alagoas,Nordeste,Leste Alagoano,Maceió,Maceió,Maceió
270070,2700706,Batalha,AL,27,Alagoas,Nordeste,Sertão Alagoano,Batalha,Pão de Açúcar - Olho d'Água das Flores ¿ Batalha,Arapiraca
270080,2700805,Belém,AL,27,Alagoas,Nordeste,Agreste Alagoano,Palmeira dos Índios,Palmeira dos Índios,Arapiraca
270090,2700904,Belo Monte,AL,27,Alagoas,Nordeste,Sertão Alagoano,Batalha,Pão de Açúcar - Olho d'Água das Flores ¿ Batalha,Arapiraca
270100,2701001,Boca da Mata,AL,27,Alagoas,Nordeste,Leste Alagoano,São Miguel dos Campos,São Miguel dos Campos,Maceió
270110,2701100,Branquinha,AL,27,Alagoas,Nordeste,Leste Alagoano,Mata Alagoana,União dos Palmares,Maceió
270120,2701209,Cacimbinhas,AL,27,Alagoas,Nordeste,Agreste Alagoano,Palmeira dos Índios,Palmeira dos Índios,Arapiraca
270130,2701308,Cajueiro,AL,27,Alagoas,Nordeste,Leste Alagoano,Mata Alagoana,Atalaia,Maceió
270135,2701357,Campestre,AL,27,Alagoas,Nordeste,Leste Alagoano,Mata Alagoana,Porto Calvo - São Luís do Quitunde,Maceió
270140,2701407,Campo Alegre,AL,27,Alagoas,Nordeste,Leste Alagoano,São Miguel dos Campos,São Miguel dos Campos,Maceió
270150,2701506,Campo Grande,AL,27,Alagoas,Nordeste,Agreste Alagoano,Arapiraca,Arapiraca,Arapiraca
270160,2701605,Canapi,AL,27,Alagoas,Nordeste,Sertão Alagoano,Serrana do Sertão Alagoano,Santana do Ipanema,Arapiraca
270170,2701704,Capela,AL,27,Alagoas,Nordeste,Leste Alagoano,Mata Alagoana,Atalaia,Maceió
270180,2701803,Carneiros,AL,27,Alagoas,Nordeste,Sertão Alagoano,Santana do Ipanema,Santana do Ipanema,Arapiraca
270190,2701902,Chã Preta,AL,27,Alagoas,Nordeste,Leste Alagoano,Serrana dos Quilombos,Atalaia,Maceió
270200,2702009,Coité do Nóia,AL,27,Alagoas,Nordeste,Agreste Alagoano,Arapiraca,Arapiraca,Arapiraca
270210,2702108,Colônia Leopoldina,AL,27,Alagoas,Nordeste,Leste Alagoano,Mata Alagoana,Porto Calvo - São Luís do Quitunde,Maceió
270220,2702207,Coqueiro Seco,AL,27,Alagoas,Nordeste,Leste Alagoano,Maceió,Maceió,Maceió
270230,2702306,Coruripe,AL,27,Alagoas,Nordeste,Leste Alagoano,São Miguel dos Campos,Penedo,Maceió
270235,2702355,Craíbas,AL,27,Alagoas,Nordeste,Agreste Alagoano,Arapiraca,Arapiraca,Arapiraca
270240,2702405,Delmiro Gouveia,AL,27,Alagoas,Nordeste,Sertão Alagoano,Alagoana do Sertão do São Francisco,Delmiro Gouveia,Arapiraca
270250,2702504,Dois Riachos,AL,27,Alagoas,Nordeste,Sertão Alagoano,Santana do Ipanema,Santana do Ipanema,Arapiraca
270255,2702553,Estrela de Alagoas,AL,27,Alagoas,Nordeste,Agreste Alagoano,Palmeira dos Índios,Palmeira dos Índios,Arapiraca
270260,2702603,Feira Grande,AL,27,Alagoas,Nordeste,Agreste Alagoano,Arapiraca,Arapiraca,Arapiraca
270270,2702702,Feliz Deserto,AL,27,Alagoas,Nordeste,Leste Alagoano,Penedo,Penedo,Maceió
270280,2702801,Flexeiras,AL,27,Alagoas,Nordeste,Leste Alagoano,Mata Alagoana,Maceió,Maceió
270290,2702900,Girau do Ponciano,AL,27,Alagoas,Nordeste,Agreste Alagoano,Arapiraca,Arapiraca,Arapiraca
270300,2703007,Ibateguara,AL,27,Alagoas,Nordeste,Leste Alagoano,Serrana dos Quilombos,União dos Palmares,Maceió
270310,2703106,Igaci,AL,27,Alagoas,Nordeste,Agreste Alagoano,Palmeira dos Índios,Palmeira dos Índios,Arapiraca
270320,2703205,Igreja Nova,AL,27,Alagoas,Nordeste,Leste Alagoano,Penedo,Penedo,Maceió
270330,2703304,Inhapi,AL,27,Alagoas,Nordeste,Sertão Alagoano,Serrana do Sertão Alagoano,Delmiro Gouveia,Arapiraca
270340,2703403,Jacaré dos Homens,AL,27,Alagoas,Nordeste,Sertão Alagoano,Batalha,Pão de Açúcar - Olho d'Água das Flores ¿ Batalha,Arapiraca
270350,2703502,Jacuípe,AL,27,Alagoas,Nordeste,Leste Alagoano,Mata Alagoana,Porto Calvo - São Luís do Quitunde,Maceió
270360,2703601,Japaratinga,AL,27,Alagoas,Nordeste,Leste Alagoano,Litoral Norte Alagoano,Porto Calvo - São Luís do Quitunde,Maceió
270370,2703700,Jaramataia,AL,27,Alagoas,Nordeste,Sertão Alagoano,Batalha,Arapiraca,Arapiraca
270375,2703759,Jequiá da Praia,AL,27,Alagoas,Nordeste,Leste Alagoano,São Miguel dos Campos,São Miguel dos Campos,Maceió
270380,2703809,Joaquim Gomes,AL,27,Alagoas,Nordeste,Leste Alagoano,Mata Alagoana,Maceió,Maceió
270390,2703908,Jundiá,AL,27,Alagoas,Nordeste,Leste Alagoano,Mata Alagoana,Porto Calvo - São Luís do Quitunde,Maceió
270400,2704005,Junqueiro,AL,27,Alagoas,Nordeste,Leste Alagoano,São Miguel dos Campos,Arapiraca,Arapiraca
270410,2704104,Lagoa da Canoa,AL,27,Alagoas,Nordeste,Agreste Alagoano,Arapiraca,Arapiraca,Arapiraca
270420,2704203,Limoeiro de Anadia,AL,27,Alagoas,Nordeste,Agreste Alagoano,Arapiraca,Arapiraca,Arapiraca
270430,2704302,Maceió,AL,27,Alagoas,Nordeste,Leste Alagoano,Maceió,Maceió,Maceió
270440,2704401,Major Isidoro,AL,27,Alagoas,Nordeste,Sertão Alagoano,Batalha,Palmeira dos Índios,Arapiraca
270450,2704500,Maragogi,AL,27,Alagoas,Nordeste,Leste Alagoano,Litoral Norte Alagoano,Porto Calvo - São Luís do Quitunde,Maceió
270460,2704609,Maravilha,AL,27,Alagoas,Nordeste,Sertão Alagoano,Santana do Ipanema,Santana do Ipanema,Arapiraca
270470,2704708,Marechal Deodoro,AL,27,Alagoas,Nordeste,Leste Alagoano,Maceió,Maceió,Maceió
270480,2704807,Maribondo,AL,27,Alagoas,Nordeste,Agreste Alagoano,Palmeira dos Índios,Arapiraca,Arapiraca
270490,2704906,Mar Vermelho,AL,27,Alagoas,Nordeste,Agreste Alagoano,Palmeira dos Índios,Atalaia,Maceió
270500,2705002,Mata Grande,AL,27,Alagoas,Nordeste,Sertão Alagoano,Serrana do Sertão Alagoano,Delmiro Gouveia,Arapiraca
270510,2705101,Matriz de Camaragibe,AL,27,Alagoas,Nordeste,Leste Alagoano,Mata Alagoana,Porto Calvo - São Luís do Quitunde,Maceió
270520,2705200,Messias,AL,27,Alagoas,Nordeste,Leste Alagoano,Mata Alagoana,Maceió,Maceió
270530,2705309,Minador do Negrão,AL,27,Alagoas,Nordeste,Agreste Alagoano,Palmeira dos Índios,Palmeira dos Índios,Arapiraca
270540,2705408,Monteirópolis,AL,27,Alagoas,Nordeste,Sertão Alagoano,Batalha,Pão de Açúcar - Olho d'Água das Flores ¿ Batalha,Arapiraca
270550,2705507,Murici,AL,27,Alagoas,Nordeste,Leste Alagoano,Mata Alagoana,União dos Palmares,Maceió
270560,2705606,Novo Lino,AL,27,Alagoas,Nordeste,Leste Alagoano,Mata Alagoana,Porto Calvo - São Luís do Quitunde,Maceió
270570,2705705,Olho d'Água das Flores,AL,27,Alagoas,Nordeste,Sertão Alagoano,Batalha,Pão de Açúcar - Olho d'Água das Flores ¿ Batalha,Arapiraca
270580,2705804,Olho d'Água do Casado,AL,27,Alagoas,Nordeste,Sertão Alagoano,Alagoana do Sertão do São Francisco,Delmiro Gouveia,Arapiraca
270590,2705903,Olho d'Água Grande,AL,27,Alagoas,Nordeste,Agreste Alagoano,Traipu,Arapiraca,Arapiraca
270600,2706000,Olivença,AL,27,Alagoas,Nordeste,Sertão Alagoano,Batalha,Santana do Ipanema,Arapiraca
270610,2706109,Ouro Branco,AL,27,Alagoas,Nordeste,Sertão Alagoano,Santana do Ipanema,Santana do Ipanema,Arapiraca
270620,2706208,Palestina,AL,27,Alagoas,Nordeste,Sertão Alagoano,Santana do Ipanema,Pão de Açúcar - Olho d'Água das Flores ¿ Batalha,Arapiraca
270630,2706307,Palmeira dos Índios,AL,27,Alagoas,Nordeste,Agreste Alagoano,Palmeira dos Índios,Palmeira dos Índios,Arapiraca
270640,2706406,Pão de Açúcar,AL,27,Alagoas,Nordeste,Sertão Alagoano,Santana do Ipanema,Pão de Açúcar - Olho d'Água das Flores ¿ Batalha,Arapiraca
270642,2706422,Pariconha,AL,27,Alagoas,Nordeste,Sertão Alagoano,Serrana do Sertão Alagoano,Delmiro Gouveia,Arapiraca
270644,2706448,Paripueira,AL,27,Alagoas,Nordeste,Leste Alagoano,Maceió,Maceió,Maceió
270650,2706505,Passo de Camaragibe,AL,27,Alagoas,Nordeste,Leste Alagoano,Litoral Norte Alagoano,Porto Calvo - São Luís do Quitunde,Maceió
270660,2706604,Paulo Jacinto,AL,27,Alagoas,Nordeste,Agreste Alagoano,Palmeira dos Índios,Palmeira dos Índios,Arapiraca
270670,2706703,Penedo,AL,27,Alagoas,Nordeste,Leste Alagoano,Penedo,Penedo,Maceió
270680,2706802,Piaçabuçu,AL,27,Alagoas,Nordeste,Leste Alagoano,Penedo,Penedo,Maceió
270690,2706901,Pilar,AL,27,Alagoas,Nordeste,Leste Alagoano,Maceió,Maceió,Maceió
270700,2707008,Pindoba,AL,27,Alagoas,Nordeste,Leste Alagoano,Serrana dos Quilombos,Atalaia,Maceió
270710,2707107,Piranhas,AL,27,Alagoas,Nordeste,Sertão Alagoano,Alagoana do Sertão do São Francisco,Delmiro Gouveia,Arapiraca
270720,2707206,Poço das Trincheiras,AL,27,Alagoas,Nordeste,Sertão Alagoano,Santana do Ipanema,Santana do Ipanema,Arapiraca
270730,2707305,Porto Calvo,AL,27,Alagoas,Nordeste,Leste Alagoano,Mata Alagoana,Porto Calvo - São Luís do Quitunde,Maceió
270740,2707404,Porto de Pedras,AL,27,Alagoas,Nordeste,Leste Alagoano,Litoral Norte Alagoano,Porto Calvo - São Luís do Quitunde,Maceió
270750,2707503,Porto Real do Colégio,AL,27,Alagoas,Nordeste,Leste Alagoano,Penedo,Penedo,Maceió
270760,2707602,Quebrangulo,AL,27,Alagoas,Nordeste,Agreste Alagoano,Palmeira dos Índios,Palmeira dos Índios,Arapiraca
270770,2707701,Rio Largo,AL,27,Alagoas,Nordeste,Leste Alagoano,Maceió,Maceió,Maceió
270780,2707800,Roteiro,AL,27,Alagoas,Nordeste,Leste Alagoano,São Miguel dos Campos,São Miguel dos Campos,Maceió
270790,2707909,Santa Luzia do Norte,AL,27,Alagoas,Nordeste,Leste Alagoano,Maceió,Maceió,Maceió
270800,2708006,Santana do Ipanema,AL,27,Alagoas,Nordeste,Sertão Alagoano,Santana do Ipanema,Santana do Ipanema,Arapiraca
270810,2708105,Santana do Mundaú,AL,27,Alagoas,Nordeste,Leste Alagoano,Serrana dos Quilombos,União dos Palmares,Maceió
270820,2708204,São Brás,AL,27,Alagoas,Nordeste,Agreste Alagoano,Traipu,Penedo,Maceió
270830,2708303,São José da Laje,AL,27,Alagoas,Nordeste,Leste Alagoano,Serrana dos Quilombos,União dos Palmares,Maceió
270840,2708402,São José da Tapera,AL,27,Alagoas,Nordeste,Sertão Alagoano,Santana do Ipanema,Pão de Açúcar - Olho d'Água das Flores ¿ Batalha,Arapiraca
270850,2708501,São Luís do Quitunde,AL,27,Alagoas,Nordeste,Leste Alagoano,Mata Alagoana,Porto Calvo - São Luís do Quitunde,Maceió
270860,2708600,São Miguel dos Campos,AL,27,Alagoas,Nordeste,Leste Alagoano,São Miguel dos Campos,São Miguel dos Campos,Maceió
270870,2708709,São Miguel dos Milagres,AL,27,Alagoas,Nordeste,Leste Alagoano,Litoral Norte Alagoano,Porto Calvo - São Luís do Quitunde,Maceió
270880,2708808,São Sebastião,AL,27,Alagoas,Nordeste,Agreste Alagoano,Arapiraca,Arapiraca,Arapiraca
270890,2708907,Satuba,AL,27,Alagoas,Nordeste,Leste Alagoano,Maceió,Maceió,Maceió
270895,2708956,Senador Rui Palmeira,AL,27,Alagoas,Nordeste,Sertão Alagoano,Santana do Ipanema,Santana do Ipanema,Arapiraca
270900,2709004,Tanque d'Arca,AL,27,Alagoas,Nordeste,Agreste Alagoano,Palmeira dos Índios,Arapiraca,Arapiraca
270910,2709103,Taquarana,AL,27,Alagoas,Nordeste,Agreste Alagoano,Arapiraca,Arapiraca,Arapiraca
270915,2709152,Teotônio Vilela,AL,27,Alagoas,Nordeste,Leste Alagoano,São Miguel dos Campos,Arapiraca,Arapiraca
270920,2709202,Traipu,AL,27,Alagoas,Nordeste,Agreste Alagoano,Traipu,Arapiraca,Arapiraca
270930,2709301,União dos Palmares,AL,27,Alagoas,Nordeste,Leste Alagoano,Serrana dos Quilombos,União dos Palmares,Maceió
270940,2709400,Viçosa,AL,27,Alagoas,Nordeste,Leste Alagoano,Serrana dos Quilombos,Atalaia,Maceió
280010,2800100,Amparo do São Francisco,SE,28,Sergipe,Nordeste,Leste Sergipano,Propriá,Propriá,Aracaju
280020,2800209,Aquidabã,SE,28,Sergipe,Nordeste,Agreste Sergipano,Nossa Senhora das Dores,Propriá,Aracaju
280030,2800308,Aracaju,SE,28,Sergipe,Nordeste,Leste Sergipano,Aracaju,Aracaju,Aracaju
280040,2800407,Arauá,SE,28,Sergipe,Nordeste,Leste Sergipano,Boquim,Estância,Aracaju
280050,2800506,Areia Branca,SE,28,Sergipe,Nordeste,Agreste Sergipano,Agreste de Itabaiana,Itabaiana,Itabaiana
280060,2800605,Barra dos Coqueiros,SE,28,Sergipe,Nordeste,Leste Sergipano,Aracaju,Aracaju,Aracaju
280067,2800670,Boquim,SE,28,Sergipe,Nordeste,Leste Sergipano,Boquim,Estância,Aracaju
280070,2800704,Brejo Grande,SE,28,Sergipe,Nordeste,Leste Sergipano,Propriá,Propriá,Aracaju
280100,2801009,Campo do Brito,SE,28,Sergipe,Nordeste,Agreste Sergipano,Agreste de Itabaiana,Itabaiana,Itabaiana
280110,2801108,Canhoba,SE,28,Sergipe,Nordeste,Leste Sergipano,Propriá,Propriá,Aracaju
280120,2801207,Canindé de São Francisco,SE,28,Sergipe,Nordeste,Sertão Sergipano,Sergipana do Sertão do São Francisco,Nossa Senhora da Glória,Itabaiana
280130,2801306,Capela,SE,28,Sergipe,Nordeste,Leste Sergipano,Cotinguiba,Aracaju,Aracaju
280140,2801405,Carira,SE,28,Sergipe,Nordeste,Sertão Sergipano,Carira,Itabaiana,Itabaiana
280150,2801504,Carmópolis,SE,28,Sergipe,Nordeste,Leste Sergipano,Baixo Cotinguiba,Aracaju,Aracaju
280160,2801603,Cedro de São João,SE,28,Sergipe,Nordeste,Leste Sergipano,Propriá,Propriá,Aracaju
280170,2801702,Cristinápolis,SE,28,Sergipe,Nordeste,Leste Sergipano,Boquim,Estância,Aracaju
280190,2801900,Cumbe,SE,28,Sergipe,Nordeste,Agreste Sergipano,Nossa Senhora das Dores,Aracaju,Aracaju
280200,2802007,Divina Pastora,SE,28,Sergipe,Nordeste,Leste Sergipano,Cotinguiba,Aracaju,Aracaju
280210,2802106,Estância,SE,28,Sergipe,Nordeste,Leste Sergipano,Estância,Estância,Aracaju
280220,2802205,Feira Nova,SE,28,Sergipe,Nordeste,Sertão Sergipano,Sergipana do Sertão do São Francisco,Nossa Senhora da Glória,Itabaiana
280230,2802304,Frei Paulo,SE,28,Sergipe,Nordeste,Sertão Sergipano,Carira,Itabaiana,Itabaiana
280240,2802403,Gararu,SE,28,Sergipe,Nordeste,Sertão Sergipano,Sergipana do Sertão do São Francisco,Nossa Senhora da Glória,Itabaiana
280250,2802502,General Maynard,SE,28,Sergipe,Nordeste,Leste Sergipano,Baixo Cotinguiba,Aracaju,Aracaju
280260,2802601,Graccho Cardoso,SE,28,Sergipe,Nordeste,Sertão Sergipano,Sergipana do Sertão do São Francisco,Nossa Senhora da Glória,Itabaiana
280270,2802700,Ilha das Flores,SE,28,Sergipe,Nordeste,Leste Sergipano,Propriá,Propriá,Aracaju
280280,2802809,Indiaroba,SE,28,Sergipe,Nordeste,Leste Sergipano,Estância,Estância,Aracaju
280290,2802908,Itabaiana,SE,28,Sergipe,Nordeste,Agreste Sergipano,Agreste de Itabaiana,Itabaiana,Itabaiana
280300,2803005,Itabaianinha,SE,28,Sergipe,Nordeste,Leste Sergipano,Boquim,Estância,Aracaju
280310,2803104,Itabi,SE,28,Sergipe,Nordeste,Sertão Sergipano,Sergipana do Sertão do São Francisco,Nossa Senhora da Glória,Itabaiana
280320,2803203,Itaporanga d'Ajuda,SE,28,Sergipe,Nordeste,Leste Sergipano,Estância,Aracaju,Aracaju
280330,2803302,Japaratuba,SE,28,Sergipe,Nordeste,Leste Sergipano,Japaratuba,Aracaju,Aracaju
280340,2803401,Japoatã,SE,28,Sergipe,Nordeste,Leste Sergipano,Japaratuba,Propriá,Aracaju
280350,2803500,Lagarto,SE,28,Sergipe,Nordeste,Agreste Sergipano,Agreste de Lagarto,Lagarto,Itabaiana
280360,2803609,Laranjeiras,SE,28,Sergipe,Nordeste,Leste Sergipano,Baixo Cotinguiba,Aracaju,Aracaju
280370,2803708,Macambira,SE,28,Sergipe,Nordeste,Agreste Sergipano,Agreste de Itabaiana,Itabaiana,Itabaiana
280380,2803807,Malhada dos Bois,SE,28,Sergipe,Nordeste,Agreste Sergipano,Nossa Senhora das Dores,Propriá,Aracaju
280390,2803906,Malhador,SE,28,Sergipe,Nordeste,Agreste Sergipano,Agreste de Itabaiana,Itabaiana,Itabaiana
280400,2804003,Maruim,SE,28,Sergipe,Nordeste,Leste Sergipano,Baixo Cotinguiba,Aracaju,Aracaju
280410,2804102,Moita Bonita,SE,28,Sergipe,Nordeste,Agreste Sergipano,Agreste de Itabaiana,Itabaiana,Itabaiana
280420,2804201,Monte Alegre de Sergipe,SE,28,Sergipe,Nordeste,Sertão Sergipano,Sergipana do Sertão do São Francisco,Nossa Senhora da Glória,Itabaiana
280430,2804300,Muribeca,SE,28,Sergipe,Nordeste,Agreste Sergipano,Nossa Senhora das Dores,Propriá,Aracaju
280440,2804409,Neópolis,SE,28,Sergipe,Nordeste,Leste Sergipano,Propriá,Propriá,Aracaju
280445,2804458,Nossa Senhora Aparecida,SE,28,Sergipe,Nordeste,Sertão Sergipano,Carira,Itabaiana,Itabaiana
280450,2804508,Nossa Senhora da Glória,SE,28,Sergipe,Nordeste,Sertão Sergipano,Sergipana do Sertão do São Francisco,Nossa Senhora da Glória,Itabaiana
280460,2804607,Nossa Senhora das Dores,SE,28,Sergipe,Nordeste,Agreste Sergipano,Nossa Senhora das Dores,Aracaju,Aracaju
280470,2804706,Nossa Senhora de Lourdes,SE,28,Sergipe,Nordeste,Leste Sergipano,Propriá,Propriá,Aracaju
280480,2804805,Nossa Senhora do Socorro,SE,28,Sergipe,Nordeste,Leste Sergipano,Aracaju,Aracaju,Aracaju
280490,2804904,Pacatuba,SE,28,Sergipe,Nordeste,Leste Sergipano,Japaratuba,Propriá,Aracaju
280500,2805000,Pedra Mole,SE,28,Sergipe,Nordeste,Sertão Sergipano,Carira,Itabaiana,Itabaiana
280510,2805109,Pedrinhas,SE,28,Sergipe,Nordeste,Leste Sergipano,Boquim,Estância,Aracaju
280520,2805208,Pinhão,SE,28,Sergipe,Nordeste,Sertão Sergipano,Carira,Itabaiana,Itabaiana
280530,2805307,Pirambu,SE,28,Sergipe,Nordeste,Leste Sergipano,Japaratuba,Aracaju,Aracaju
280540,2805406,Poço Redondo,SE,28,Sergipe,Nordeste,Sertão Sergipano,Sergipana do Sertão do São Francisco,Nossa Senhora da Glória,Itabaiana
280550,2805505,Poço Verde,SE,28,Sergipe,Nordeste,Agreste Sergipano,Tobias Barreto,Lagarto,Itabaiana
280560,2805604,Porto da Folha,SE,28,Sergipe,Nordeste,Sertão Sergipano,Sergipana do Sertão do São Francisco,Nossa Senhora da Glória,Itabaiana
280570,2805703,Propriá,SE,28,Sergipe,Nordeste,Leste Sergipano,Propriá,Propriá,Aracaju
280580,2805802,Riachão do Dantas,SE,28,Sergipe,Nordeste,Agreste Sergipano,Agreste de Lagarto,Lagarto,Itabaiana
280590,2805901,Riachuelo,SE,28,Sergipe,Nordeste,Leste Sergipano,Baixo Cotinguiba,Aracaju,Aracaju
280600,2806008,Ribeirópolis,SE,28,Sergipe,Nordeste,Sertão Sergipano,Carira,Itabaiana,Itabaiana
280610,2806107,Rosário do Catete,SE,28,Sergipe,Nordeste,Leste Sergipano,Baixo Cotinguiba,Aracaju,Aracaju
280620,2806206,Salgado,SE,28,Sergipe,Nordeste,Leste Sergipano,Boquim,Lagarto,Itabaiana
280630,2806305,Santa Luzia do Itanhy,SE,28,Sergipe,Nordeste,Leste Sergipano,Estância,Estância,Aracaju
280640,2806404,Santana do São Francisco,SE,28,Sergipe,Nordeste,Leste Sergipano,Propriá,Propriá,Aracaju
280650,2806503,Santa Rosa de Lima,SE,28,Sergipe,Nordeste,Leste Sergipano,Cotinguiba,Aracaju,Aracaju
280660,2806602,Santo Amaro das Brotas,SE,28,Sergipe,Nordeste,Leste Sergipano,Baixo Cotinguiba,Aracaju,Aracaju
280670,2806701,São Cristóvão,SE,28,Sergipe,Nordeste,Leste Sergipano,Aracaju,Aracaju,Aracaju
280680,2806800,São Domingos,SE,28,Sergipe,Nordeste,Agreste Sergipano,Agreste de Itabaiana,Itabaiana,Itabaiana
280690,2806909,São Francisco,SE,28,Sergipe,Nordeste,Leste Sergipano,Japaratuba,Propriá,Aracaju
280700,2807006,São Miguel do Aleixo,SE,28,Sergipe,Nordeste,Agreste Sergipano,Nossa Senhora das Dores,Itabaiana,Itabaiana
280710,2807105,Simão Dias,SE,28,Sergipe,Nordeste,Agreste Sergipano,Tobias Barreto,Lagarto,Itabaiana
280720,2807204,Siriri,SE,28,Sergipe,Nordeste,Leste Sergipano,Cotinguiba,Aracaju,Aracaju
280730,2807303,Telha,SE,28,Sergipe,Nordeste,Leste Sergipano,Propriá,Propriá,Aracaju
280740,2807402,Tobias Barreto,SE,28,Sergipe,Nordeste,Agreste Sergipano,Tobias Barreto,Lagarto,Itabaiana
280750,2807501,Tomar do Geru,SE,28,Sergipe,Nordeste,Leste Sergipano,Boquim,Estância,Aracaju
280760,2807600,Umbaúba,SE,28,Sergipe,Nordeste,Leste Sergipano,Boquim,Estância,Aracaju
290010,2900108,Abaíra,BA,29,Bahia,Nordeste,Centro Sul Baiano,Seabra,Brumado,Vitória da Conquista
290020,2900207,Abaré,BA,29,Bahia,Nordeste,Vale São-Franciscano da Bahia,Paulo Afonso,Paulo Afonso,Paulo Afonso
290030,2900306,Acajutiba,BA,29,Bahia,Nordeste,Nordeste Baiano,Alagoinhas,Alagoinhas,Salvador
290035,2900355,Adustina,BA,29,Bahia,Nordeste,Nordeste Baiano,Ribeira do Pombal,Cícero Dantas,Paulo Afonso
290040,2900405,Água Fria,BA,29,Bahia,Nordeste,Centro Norte Baiano,Feira de Santana,Feira de Santana,Feira de Santana
290050,2900504,Érico Cardoso,BA,29,Bahia,Nordeste,Centro Sul Baiano,Livramento do Brumado,Brumado,Vitória da Conquista
290060,2900603,Aiquara,BA,29,Bahia,Nordeste,Centro Sul Baiano,Jequié,Jequié,Vitória da Conquista
290070,2900702,Alagoinhas,BA,29,Bahia,Nordeste,Nordeste Baiano,Alagoinhas,Alagoinhas,Salvador
290080,2900801,Alcobaça,BA,29,Bahia,Nordeste,Sul Baiano,Porto Seguro,Teixeira de Freitas,Ilhéus ¿ Itabuna
290090,2900900,Almadina,BA,29,Bahia,Nordeste,Sul Baiano,Ilhéus-Itabuna,Ilhéus ¿ Itabuna,Ilhéus ¿ Itabuna
290100,2901007,Amargosa,BA,29,Bahia,Nordeste,Centro Sul Baiano,Jequié,Santo Antônio de Jesus,Santo Antônio de Jesus
290110,2901106,Amélia Rodrigues,BA,29,Bahia,Nordeste,Metropolitana de Salvador,Catu,Feira de Santana,Feira de Santana
290115,2901155,América Dourada,BA,29,Bahia,Nordeste,Centro Norte Baiano,Irecê,Irecê,Irecê
290120,2901205,Anagé,BA,29,Bahia,Nordeste,Centro Sul Baiano,Vitória da Conquista,Vitória da Conquista,Vitória da Conquista
290130,2901304,Andaraí,BA,29,Bahia,Nordeste,Centro Sul Baiano,Seabra,Itaberaba,Feira de Santana
290135,2901353,Andorinha,BA,29,Bahia,Nordeste,Centro Norte Baiano,Senhor do Bonfim,Senhor do Bonfim,Juazeiro
290140,2901403,Angical,BA,29,Bahia,Nordeste,Extremo Oeste Baiano,Cotegipe,Barreiras,Barreiras
290150,2901502,Anguera,BA,29,Bahia,Nordeste,Centro Norte Baiano,Feira de Santana,Feira de Santana,Feira de Santana
290160,2901601,Antas,BA,29,Bahia,Nordeste,Nordeste Baiano,Ribeira do Pombal,Cícero Dantas,Paulo Afonso
290170,2901700,Antônio Cardoso,BA,29,Bahia,Nordeste,Centro Norte Baiano,Feira de Santana,Feira de Santana,Feira de Santana
290180,2901809,Antônio Gonçalves,BA,29,Bahia,Nordeste,Centro Norte Baiano,Senhor do Bonfim,Senhor do Bonfim,Juazeiro
290190,2901908,Aporá,BA,29,Bahia,Nordeste,Nordeste Baiano,Alagoinhas,Alagoinhas,Salvador
290195,2901957,Apuarema,BA,29,Bahia,Nordeste,Centro Sul Baiano,Jequié,Jequié,Vitória da Conquista
290200,2902005,Aracatu,BA,29,Bahia,Nordeste,Centro Sul Baiano,Brumado,Brumado,Vitória da Conquista
290205,2902054,Araçás,BA,29,Bahia,Nordeste,Nordeste Baiano,Alagoinhas,Alagoinhas,Salvador
290210,2902104,Araci,BA,29,Bahia,Nordeste,Nordeste Baiano,Serrinha,Serrinha,Feira de Santana
290220,2902203,Aramari,BA,29,Bahia,Nordeste,Nordeste Baiano,Alagoinhas,Alagoinhas,Salvador
290225,2902252,Arataca,BA,29,Bahia,Nordeste,Sul Baiano,Ilhéus-Itabuna,Camacan,Ilhéus ¿ Itabuna
290230,2902302,Aratuípe,BA,29,Bahia,Nordeste,Metropolitana de Salvador,Santo Antônio de Jesus,Nazaré ¿ Maragogipe,Santo Antônio de Jesus
290240,2902401,Aurelino Leal,BA,29,Bahia,Nordeste,Sul Baiano,Ilhéus-Itabuna,Ilhéus ¿ Itabuna,Ilhéus ¿ Itabuna
290250,2902500,Baianópolis,BA,29,Bahia,Nordeste,Extremo Oeste Baiano,Barreiras,Barreiras,Barreiras
290260,2902609,Baixa Grande,BA,29,Bahia,Nordeste,Centro Norte Baiano,Itaberaba,Feira de Santana,Feira de Santana
290265,2902658,Banzaê,BA,29,Bahia,Nordeste,Nordeste Baiano,Ribeira do Pombal,Ribeira do Pombal,Paulo Afonso
290270,2902708,Barra,BA,29,Bahia,Nordeste,Vale São-Franciscano da Bahia,Barra,Xique-Xique ¿ Barra,Irecê
290280,2902807,Barra da Estiva,BA,29,Bahia,Nordeste,Centro Sul Baiano,Seabra,Vitória da Conquista,Vitória da Conquista
290290,2902906,Barra do Choça,BA,29,Bahia,Nordeste,Centro Sul Baiano,Vitória da Conquista,Vitória da Conquista,Vitória da Conquista
290300,2903003,Barra do Mendes,BA,29,Bahia,Nordeste,Centro Norte Baiano,Irecê,Irecê,Irecê
290310,2903102,Barra do Rocha,BA,29,Bahia,Nordeste,Sul Baiano,Ilhéus-Itabuna,Ipiaú,Vitória da Conquista
290320,2903201,Barreiras,BA,29,Bahia,Nordeste,Extremo Oeste Baiano,Barreiras,Barreiras,Barreiras
290323,2903235,Barro Alto,BA,29,Bahia,Nordeste,Centro Norte Baiano,Irecê,Irecê,Irecê
290327,2903276,Barrocas,BA,29,Bahia,Nordeste,Nordeste Baiano,Serrinha,Serrinha,Feira de Santana
290330,2903300,Barro Preto,BA,29,Bahia,Nordeste,Sul Baiano,Ilhéus-Itabuna,Ilhéus ¿ Itabuna,Ilhéus ¿ Itabuna
290340,2903409,Belmonte,BA,29,Bahia,Nordeste,Sul Baiano,Ilhéus-Itabuna,Eunápolis - Porto Seguro,Ilhéus ¿ Itabuna
290350,2903508,Belo Campo,BA,29,Bahia,Nordeste,Centro Sul Baiano,Vitória da Conquista,Vitória da Conquista,Vitória da Conquista
290360,2903607,Biritinga,BA,29,Bahia,Nordeste,Nordeste Baiano,Serrinha,Serrinha,Feira de Santana
290370,2903706,Boa Nova,BA,29,Bahia,Nordeste,Centro Sul Baiano,Vitória da Conquista,Vitória da Conquista,Vitória da Conquista
290380,2903805,Boa Vista do Tupim,BA,29,Bahia,Nordeste,Centro Norte Baiano,Itaberaba,Itaberaba,Feira de Santana
290390,2903904,Bom Jesus da Lapa,BA,29,Bahia,Nordeste,Vale São-Franciscano da Bahia,Bom Jesus da Lapa,Bom Jesus da Lapa,Guanambi
290395,2903953,Bom Jesus da Serra,BA,29,Bahia,Nordeste,Centro Sul Baiano,Vitória da Conquista,Vitória da Conquista,Vitória da Conquista
290400,2904001,Boninal,BA,29,Bahia,Nordeste,Centro Sul Baiano,Seabra,Seabra,Feira de Santana
290405,2904050,Bonito,BA,29,Bahia,Nordeste,Centro Sul Baiano,Seabra,Irecê,Irecê
290410,2904100,Boquira,BA,29,Bahia,Nordeste,Centro Sul Baiano,Boquira,Bom Jesus da Lapa,Guanambi
290420,2904209,Botuporã,BA,29,Bahia,Nordeste,Centro Sul Baiano,Boquira,Guanambi,Guanambi
290430,2904308,Brejões,BA,29,Bahia,Nordeste,Centro Sul Baiano,Jequié,Santo Antônio de Jesus,Santo Antônio de Jesus
290440,2904407,Brejolândia,BA,29,Bahia,Nordeste,Extremo Oeste Baiano,Cotegipe,Barreiras,Barreiras
290450,2904506,Brotas de Macaúbas,BA,29,Bahia,Nordeste,Centro Sul Baiano,Boquira,Xique-Xique ¿ Barra,Irecê
290460,2904605,Brumado,BA,29,Bahia,Nordeste,Centro Sul Baiano,Brumado,Brumado,Vitória da Conquista
290470,2904704,Buerarema,BA,29,Bahia,Nordeste,Sul Baiano,Ilhéus-Itabuna,Ilhéus ¿ Itabuna,Ilhéus ¿ Itabuna
290475,2904753,Buritirama,BA,29,Bahia,Nordeste,Vale São-Franciscano da Bahia,Barra,Xique-Xique ¿ Barra,Irecê
290480,2904803,Caatiba,BA,29,Bahia,Nordeste,Centro Sul Baiano,Vitória da Conquista,Vitória da Conquista,Vitória da Conquista
290485,2904852,Cabaceiras do Paraguaçu,BA,29,Bahia,Nordeste,Metropolitana de Salvador,Santo Antônio de Jesus,Cruz das Almas,Santo Antônio de Jesus
290490,2904902,Cachoeira,BA,29,Bahia,Nordeste,Metropolitana de Salvador,Santo Antônio de Jesus,Cruz das Almas,Santo Antônio de Jesus
290500,2905008,Caculé,BA,29,Bahia,Nordeste,Centro Sul Baiano,Guanambi,Guanambi,Guanambi
290510,2905107,Caém,BA,29,Bahia,Nordeste,Centro Norte Baiano,Jacobina,Jacobina,Feira de Santana
290515,2905156,Caetanos,BA,29,Bahia,Nordeste,Centro Sul Baiano,Vitória da Conquista,Vitória da Conquista,Vitória da Conquista
290520,2905206,Caetité,BA,29,Bahia,Nordeste,Centro Sul Baiano,Guanambi,Guanambi,Guanambi
290530,2905305,Cafarnaum,BA,29,Bahia,Nordeste,Centro Norte Baiano,Irecê,Irecê,Irecê
290540,2905404,Cairu,BA,29,Bahia,Nordeste,Sul Baiano,Valença,Valença,Santo Antônio de Jesus
290550,2905503,Caldeirão Grande,BA,29,Bahia,Nordeste,Centro Norte Baiano,Jacobina,Jacobina,Feira de Santana
290560,2905602,Camacan,BA,29,Bahia,Nordeste,Sul Baiano,Ilhéus-Itabuna,Camacan,Ilhéus ¿ Itabuna
290570,2905701,Camaçari,BA,29,Bahia,Nordeste,Metropolitana de Salvador,Salvador,Salvador,Salvador
290580,2905800,Camamu,BA,29,Bahia,Nordeste,Sul Baiano,Valença,Valença,Santo Antônio de Jesus
290590,2905909,Campo Alegre de Lourdes,BA,29,Bahia,Nordeste,Vale São-Franciscano da Bahia,Juazeiro,Juazeiro,Juazeiro
290600,2906006,Campo Formoso,BA,29,Bahia,Nordeste,Centro Norte Baiano,Senhor do Bonfim,Senhor do Bonfim,Juazeiro
290610,2906105,Canápolis,BA,29,Bahia,Nordeste,Extremo Oeste Baiano,Santa Maria da Vitória,Santa Maria da Vitoria,Barreiras
290620,2906204,Canarana,BA,29,Bahia,Nordeste,Centro Norte Baiano,Irecê,Irecê,Irecê
290630,2906303,Canavieiras,BA,29,Bahia,Nordeste,Sul Baiano,Ilhéus-Itabuna,Camacan,Ilhéus ¿ Itabuna
290640,2906402,Candeal,BA,29,Bahia,Nordeste,Nordeste Baiano,Serrinha,Feira de Santana,Feira de Santana
290650,2906501,Candeias,BA,29,Bahia,Nordeste,Metropolitana de Salvador,Salvador,Salvador,Salvador
290660,2906600,Candiba,BA,29,Bahia,Nordeste,Centro Sul Baiano,Guanambi,Guanambi,Guanambi
290670,2906709,Cândido Sales,BA,29,Bahia,Nordeste,Centro Sul Baiano,Vitória da Conquista,Vitória da Conquista,Vitória da Conquista
290680,2906808,Cansanção,BA,29,Bahia,Nordeste,Nordeste Baiano,Euclides da Cunha,Euclides da Cunha,Paulo Afonso
290682,2906824,Canudos,BA,29,Bahia,Nordeste,Nordeste Baiano,Euclides da Cunha,Euclides da Cunha,Paulo Afonso
290685,2906857,Capela do Alto Alegre,BA,29,Bahia,Nordeste,Nordeste Baiano,Serrinha,Feira de Santana,Feira de Santana
290687,2906873,Capim Grosso,BA,29,Bahia,Nordeste,Centro Norte Baiano,Jacobina,Jacobina,Feira de Santana
290689,2906899,Caraíbas,BA,29,Bahia,Nordeste,Centro Sul Baiano,Brumado,Vitória da Conquista,Vitória da Conquista
290690,2906907,Caravelas,BA,29,Bahia,Nordeste,Sul Baiano,Porto Seguro,Teixeira de Freitas,Ilhéus ¿ Itabuna
290700,2907004,Cardeal da Silva,BA,29,Bahia,Nordeste,Nordeste Baiano,Entre Rios,Alagoinhas,Salvador
290710,2907103,Carinhanha,BA,29,Bahia,Nordeste,Vale São-Franciscano da Bahia,Bom Jesus da Lapa,Guanambi,Guanambi
290720,2907202,Casa Nova,BA,29,Bahia,Nordeste,Vale São-Franciscano da Bahia,Juazeiro,Juazeiro,Juazeiro
290730,2907301,Castro Alves,BA,29,Bahia,Nordeste,Metropolitana de Salvador,Santo Antônio de Jesus,Cruz das Almas,Santo Antônio de Jesus
290740,2907400,Catolândia,BA,29,Bahia,Nordeste,Extremo Oeste Baiano,Barreiras,Barreiras,Barreiras
290750,2907509,Catu,BA,29,Bahia,Nordeste,Metropolitana de Salvador,Catu,Salvador,Salvador
290755,2907558,Caturama,BA,29,Bahia,Nordeste,Centro Sul Baiano,Boquira,Brumado,Vitória da Conquista
290760,2907608,Central,BA,29,Bahia,Nordeste,Centro Norte Baiano,Irecê,Irecê,Irecê
290770,2907707,Chorrochó,BA,29,Bahia,Nordeste,Vale São-Franciscano da Bahia,Paulo Afonso,Paulo Afonso,Paulo Afonso
290780,2907806,Cícero Dantas,BA,29,Bahia,Nordeste,Nordeste Baiano,Ribeira do Pombal,Cícero Dantas,Paulo Afonso
290790,2907905,Cipó,BA,29,Bahia,Nordeste,Nordeste Baiano,Ribeira do Pombal,Ribeira do Pombal,Paulo Afonso
290800,2908002,Coaraci,BA,29,Bahia,Nordeste,Sul Baiano,Ilhéus-Itabuna,Ilhéus ¿ Itabuna,Ilhéus ¿ Itabuna
290810,2908101,Cocos,BA,29,Bahia,Nordeste,Extremo Oeste Baiano,Santa Maria da Vitória,Santa Maria da Vitoria,Barreiras
290820,2908200,Conceição da Feira,BA,29,Bahia,Nordeste,Centro Norte Baiano,Feira de Santana,Feira de Santana,Feira de Santana
290830,2908309,Conceição do Almeida,BA,29,Bahia,Nordeste,Metropolitana de Salvador,Santo Antônio de Jesus,Cruz das Almas,Santo Antônio de Jesus
290840,2908408,Conceição do Coité,BA,29,Bahia,Nordeste,Nordeste Baiano,Serrinha,Conceição do Coité,Feira de Santana
290850,2908507,Conceição do Jacuípe,BA,29,Bahia,Nordeste,Centro Norte Baiano,Feira de Santana,Feira de Santana,Feira de Santana
290860,2908606,Conde,BA,29,Bahia,Nordeste,Nordeste Baiano,Entre Rios,Alagoinhas,Salvador
290870,2908705,Condeúba,BA,29,Bahia,Nordeste,Centro Sul Baiano,Brumado,Vitória da Conquista,Vitória da Conquista
290880,2908804,Contendas do Sincorá,BA,29,Bahia,Nordeste,Centro Sul Baiano,Seabra,Vitória da Conquista,Vitória da Conquista
290890,2908903,Coração de Maria,BA,29,Bahia,Nordeste,Centro Norte Baiano,Feira de Santana,Feira de Santana,Feira de Santana
290900,2909000,Cordeiros,BA,29,Bahia,Nordeste,Centro Sul Baiano,Brumado,Vitória da Conquista,Vitória da Conquista
290910,2909109,Coribe,BA,29,Bahia,Nordeste,Extremo Oeste Baiano,Santa Maria da Vitória,Santa Maria da Vitoria,Barreiras
290920,2909208,Coronel João Sá,BA,29,Bahia,Nordeste,Nordeste Baiano,Jeremoabo,Jeremoabo,Paulo Afonso
290930,2909307,Correntina,BA,29,Bahia,Nordeste,Extremo Oeste Baiano,Santa Maria da Vitória,Santa Maria da Vitoria,Barreiras
290940,2909406,Cotegipe,BA,29,Bahia,Nordeste,Extremo Oeste Baiano,Cotegipe,Barreiras,Barreiras
290950,2909505,Cravolândia,BA,29,Bahia,Nordeste,Centro Sul Baiano,Jequié,Jequié,Vitória da Conquista
290960,2909604,Crisópolis,BA,29,Bahia,Nordeste,Nordeste Baiano,Alagoinhas,Alagoinhas,Salvador
290970,2909703,Cristópolis,BA,29,Bahia,Nordeste,Extremo Oeste Baiano,Cotegipe,Barreiras,Barreiras
290980,2909802,Cruz das Almas,BA,29,Bahia,Nordeste,Metropolitana de Salvador,Santo Antônio de Jesus,Cruz das Almas,Santo Antônio de Jesus
290990,2909901,Curaçá,BA,29,Bahia,Nordeste,Vale São-Franciscano da Bahia,Juazeiro,Juazeiro,Juazeiro
291000,2910008,Dário Meira,BA,29,Bahia,Nordeste,Centro Sul Baiano,Vitória da Conquista,Ipiaú,Vitória da Conquista
291005,2910057,Dias d'Ávila,BA,29,Bahia,Nordeste,Metropolitana de Salvador,Salvador,Salvador,Salvador
291010,2910107,Dom Basílio,BA,29,Bahia,Nordeste,Centro Sul Baiano,Livramento do Brumado,Brumado,Vitória da Conquista
291020,2910206,Dom Macedo Costa,BA,29,Bahia,Nordeste,Metropolitana de Salvador,Santo Antônio de Jesus,Santo Antônio de Jesus,Santo Antônio de Jesus
291030,2910305,Elísio Medrado,BA,29,Bahia,Nordeste,Centro Norte Baiano,Feira de Santana,Santo Antônio de Jesus,Santo Antônio de Jesus
291040,2910404,Encruzilhada,BA,29,Bahia,Nordeste,Centro Sul Baiano,Itapetinga,Vitória da Conquista,Vitória da Conquista
291050,2910503,Entre Rios,BA,29,Bahia,Nordeste,Nordeste Baiano,Entre Rios,Alagoinhas,Salvador
291060,2910602,Esplanada,BA,29,Bahia,Nordeste,Nordeste Baiano,Entre Rios,Alagoinhas,Salvador
291070,2910701,Euclides da Cunha,BA,29,Bahia,Nordeste,Nordeste Baiano,Euclides da Cunha,Euclides da Cunha,Paulo Afonso
291072,2910727,Eunápolis,BA,29,Bahia,Nordeste,Sul Baiano,Porto Seguro,Eunápolis - Porto Seguro,Ilhéus ¿ Itabuna
291075,2910750,Fátima,BA,29,Bahia,Nordeste,Nordeste Baiano,Ribeira do Pombal,Cícero Dantas,Paulo Afonso
291077,2910776,Feira da Mata,BA,29,Bahia,Nordeste,Vale São-Franciscano da Bahia,Bom Jesus da Lapa,Guanambi,Guanambi
291080,2910800,Feira de Santana,BA,29,Bahia,Nordeste,Centro Norte Baiano,Feira de Santana,Feira de Santana,Feira de Santana
291085,2910859,Filadélfia,BA,29,Bahia,Nordeste,Centro Norte Baiano,Senhor do Bonfim,Senhor do Bonfim,Juazeiro
291090,2910909,Firmino Alves,BA,29,Bahia,Nordeste,Sul Baiano,Ilhéus-Itabuna,Ilhéus ¿ Itabuna,Ilhéus ¿ Itabuna
291100,2911006,Floresta Azul,BA,29,Bahia,Nordeste,Sul Baiano,Ilhéus-Itabuna,Ilhéus ¿ Itabuna,Ilhéus ¿ Itabuna
291110,2911105,Formosa do Rio Preto,BA,29,Bahia,Nordeste,Extremo Oeste Baiano,Barreiras,Barreiras,Barreiras
291120,2911204,Gandu,BA,29,Bahia,Nordeste,Sul Baiano,Ilhéus-Itabuna,Ipiaú,Vitória da Conquista
291125,2911253,Gavião,BA,29,Bahia,Nordeste,Nordeste Baiano,Serrinha,Feira de Santana,Feira de Santana
291130,2911303,Gentio do Ouro,BA,29,Bahia,Nordeste,Centro Norte Baiano,Irecê,Xique-Xique ¿ Barra,Irecê
291140,2911402,Glória,BA,29,Bahia,Nordeste,Vale São-Franciscano da Bahia,Paulo Afonso,Paulo Afonso,Paulo Afonso
291150,2911501,Gongogi,BA,29,Bahia,Nordeste,Sul Baiano,Ilhéus-Itabuna,Ipiaú,Vitória da Conquista
291160,2911600,Governador Mangabeira,BA,29,Bahia,Nordeste,Metropolitana de Salvador,Santo Antônio de Jesus,Cruz das Almas,Santo Antônio de Jesus
291165,2911659,Guajeru,BA,29,Bahia,Nordeste,Centro Sul Baiano,Brumado,Guanambi,Guanambi
291170,2911709,Guanambi,BA,29,Bahia,Nordeste,Centro Sul Baiano,Guanambi,Guanambi,Guanambi
291180,2911808,Guaratinga,BA,29,Bahia,Nordeste,Sul Baiano,Porto Seguro,Eunápolis - Porto Seguro,Ilhéus ¿ Itabuna
291185,2911857,Heliópolis,BA,29,Bahia,Nordeste,Nordeste Baiano,Ribeira do Pombal,Cícero Dantas,Paulo Afonso
291190,2911907,Iaçu,BA,29,Bahia,Nordeste,Centro Norte Baiano,Itaberaba,Itaberaba,Feira de Santana
291200,2912004,Ibiassucê,BA,29,Bahia,Nordeste,Centro Sul Baiano,Guanambi,Guanambi,Guanambi
291210,2912103,Ibicaraí,BA,29,Bahia,Nordeste,Sul Baiano,Ilhéus-Itabuna,Ilhéus ¿ Itabuna,Ilhéus ¿ Itabuna
291220,2912202,Ibicoara,BA,29,Bahia,Nordeste,Centro Sul Baiano,Seabra,Vitória da Conquista,Vitória da Conquista
291230,2912301,Ibicuí,BA,29,Bahia,Nordeste,Centro Sul Baiano,Vitória da Conquista,Ilhéus ¿ Itabuna,Ilhéus ¿ Itabuna
291240,2912400,Ibipeba,BA,29,Bahia,Nordeste,Centro Norte Baiano,Irecê,Irecê,Irecê
291250,2912509,Ibipitanga,BA,29,Bahia,Nordeste,Centro Sul Baiano,Boquira,Bom Jesus da Lapa,Guanambi
291260,2912608,Ibiquera,BA,29,Bahia,Nordeste,Centro Norte Baiano,Itaberaba,Itaberaba,Feira de Santana
291270,2912707,Ibirapitanga,BA,29,Bahia,Nordeste,Sul Baiano,Ilhéus-Itabuna,Ilhéus ¿ Itabuna,Ilhéus ¿ Itabuna
291280,2912806,Ibirapuã,BA,29,Bahia,Nordeste,Sul Baiano,Porto Seguro,Teixeira de Freitas,Ilhéus ¿ Itabuna
291290,2912905,Ibirataia,BA,29,Bahia,Nordeste,Sul Baiano,Ilhéus-Itabuna,Ipiaú,Vitória da Conquista
291300,2913002,Ibitiara,BA,29,Bahia,Nordeste,Centro Sul Baiano,Boquira,Seabra,Feira de Santana
291310,2913101,Ibititá,BA,29,Bahia,Nordeste,Centro Norte Baiano,Irecê,Irecê,Irecê
291320,2913200,Ibotirama,BA,29,Bahia,Nordeste,Vale São-Franciscano da Bahia,Barra,Xique-Xique ¿ Barra,Irecê
291330,2913309,Ichu,BA,29,Bahia,Nordeste,Nordeste Baiano,Serrinha,Feira de Santana,Feira de Santana
291340,2913408,Igaporã,BA,29,Bahia,Nordeste,Centro Sul Baiano,Guanambi,Guanambi,Guanambi
291345,2913457,Igrapiúna,BA,29,Bahia,Nordeste,Sul Baiano,Valença,Valença,Santo Antônio de Jesus
291350,2913507,Iguaí,BA,29,Bahia,Nordeste,Centro Sul Baiano,Vitória da Conquista,Vitória da Conquista,Vitória da Conquista
291360,2913606,Ilhéus,BA,29,Bahia,Nordeste,Sul Baiano,Ilhéus-Itabuna,Ilhéus ¿ Itabuna,Ilhéus ¿ Itabuna
291370,2913705,Inhambupe,BA,29,Bahia,Nordeste,Nordeste Baiano,Alagoinhas,Alagoinhas,Salvador
291380,2913804,Ipecaetá,BA,29,Bahia,Nordeste,Centro Norte Baiano,Feira de Santana,Feira de Santana,Feira de Santana
291390,2913903,Ipiaú,BA,29,Bahia,Nordeste,Sul Baiano,Ilhéus-Itabuna,Ipiaú,Vitória da Conquista
291400,2914000,Ipirá,BA,29,Bahia,Nordeste,Centro Norte Baiano,Feira de Santana,Feira de Santana,Feira de Santana
291410,2914109,Ipupiara,BA,29,Bahia,Nordeste,Centro Sul Baiano,Boquira,Xique-Xique ¿ Barra,Irecê
291420,2914208,Irajuba,BA,29,Bahia,Nordeste,Centro Sul Baiano,Jequié,Jequié,Vitória da Conquista
291430,2914307,Iramaia,BA,29,Bahia,Nordeste,Centro Sul Baiano,Jequié,Vitória da Conquista,Vitória da Conquista
291440,2914406,Iraquara,BA,29,Bahia,Nordeste,Centro Norte Baiano,Irecê,Seabra,Feira de Santana
291450,2914505,Irará,BA,29,Bahia,Nordeste,Centro Norte Baiano,Feira de Santana,Feira de Santana,Feira de Santana
291460,2914604,Irecê,BA,29,Bahia,Nordeste,Centro Norte Baiano,Irecê,Irecê,Irecê
291465,2914653,Itabela,BA,29,Bahia,Nordeste,Sul Baiano,Porto Seguro,Eunápolis - Porto Seguro,Ilhéus ¿ Itabuna
291470,2914703,Itaberaba,BA,29,Bahia,Nordeste,Centro Norte Baiano,Itaberaba,Itaberaba,Feira de Santana
291480,2914802,Itabuna,BA,29,Bahia,Nordeste,Sul Baiano,Ilhéus-Itabuna,Ilhéus ¿ Itabuna,Ilhéus ¿ Itabuna
291490,2914901,Itacaré,BA,29,Bahia,Nordeste,Sul Baiano,Ilhéus-Itabuna,Ilhéus ¿ Itabuna,Ilhéus ¿ Itabuna
291500,2915007,Itaeté,BA,29,Bahia,Nordeste,Centro Sul Baiano,Seabra,Itaberaba,Feira de Santana
291510,2915106,Itagi,BA,29,Bahia,Nordeste,Centro Sul Baiano,Jequié,Jequié,Vitória da Conquista
291520,2915205,Itagibá,BA,29,Bahia,Nordeste,Sul Baiano,Ilhéus-Itabuna,Ipiaú,Vitória da Conquista
291530,2915304,Itagimirim,BA,29,Bahia,Nordeste,Sul Baiano,Porto Seguro,Eunápolis - Porto Seguro,Ilhéus ¿ Itabuna
291535,2915353,Itaguaçu da Bahia,BA,29,Bahia,Nordeste,Vale São-Franciscano da Bahia,Barra,Irecê,Irecê
291540,2915403,Itaju do Colônia,BA,29,Bahia,Nordeste,Sul Baiano,Ilhéus-Itabuna,Ilhéus ¿ Itabuna,Ilhéus ¿ Itabuna
291550,2915502,Itajuípe,BA,29,Bahia,Nordeste,Sul Baiano,Ilhéus-Itabuna,Ilhéus ¿ Itabuna,Ilhéus ¿ Itabuna
291560,2915601,Itamaraju,BA,29,Bahia,Nordeste,Sul Baiano,Porto Seguro,Teixeira de Freitas,Ilhéus ¿ Itabuna
291570,2915700,Itamari,BA,29,Bahia,Nordeste,Sul Baiano,Ilhéus-Itabuna,Ipiaú,Vitória da Conquista
291580,2915809,Itambé,BA,29,Bahia,Nordeste,Centro Sul Baiano,Itapetinga,Vitória da Conquista,Vitória da Conquista
291590,2915908,Itanagra,BA,29,Bahia,Nordeste,Metropolitana de Salvador,Catu,Salvador,Salvador
291600,2916005,Itanhém,BA,29,Bahia,Nordeste,Sul Baiano,Porto Seguro,Teixeira de Freitas,Ilhéus ¿ Itabuna
291610,2916104,Itaparica,BA,29,Bahia,Nordeste,Metropolitana de Salvador,Salvador,Nazaré ¿ Maragogipe,Santo Antônio de Jesus
291620,2916203,Itapé,BA,29,Bahia,Nordeste,Sul Baiano,Ilhéus-Itabuna,Ilhéus ¿ Itabuna,Ilhéus ¿ Itabuna
291630,2916302,Itapebi,BA,29,Bahia,Nordeste,Sul Baiano,Ilhéus-Itabuna,Eunápolis - Porto Seguro,Ilhéus ¿ Itabuna
291640,2916401,Itapetinga,BA,29,Bahia,Nordeste,Centro Sul Baiano,Itapetinga,Itapetinga,Vitória da Conquista
291650,2916500,Itapicuru,BA,29,Bahia,Nordeste,Nordeste Baiano,Ribeira do Pombal,Alagoinhas,Salvador
291660,2916609,Itapitanga,BA,29,Bahia,Nordeste,Sul Baiano,Ilhéus-Itabuna,Ilhéus ¿ Itabuna,Ilhéus ¿ Itabuna
291670,2916708,Itaquara,BA,29,Bahia,Nordeste,Centro Sul Baiano,Jequié,Jequié,Vitória da Conquista
291680,2916807,Itarantim,BA,29,Bahia,Nordeste,Centro Sul Baiano,Itapetinga,Itapetinga,Vitória da Conquista
291685,2916856,Itatim,BA,29,Bahia,Nordeste,Centro Norte Baiano,Feira de Santana,Cruz das Almas,Santo Antônio de Jesus
291690,2916906,Itiruçu,BA,29,Bahia,Nordeste,Centro Sul Baiano,Jequié,Jequié,Vitória da Conquista
291700,2917003,Itiúba,BA,29,Bahia,Nordeste,Centro Norte Baiano,Senhor do Bonfim,Senhor do Bonfim,Juazeiro
291710,2917102,Itororó,BA,29,Bahia,Nordeste,Centro Sul Baiano,Itapetinga,Itapetinga,Vitória da Conquista
291720,2917201,Ituaçu,BA,29,Bahia,Nordeste,Centro Sul Baiano,Brumado,Vitória da Conquista,Vitória da Conquista
291730,2917300,Ituberá,BA,29,Bahia,Nordeste,Sul Baiano,Valença,Valença,Santo Antônio de Jesus
291733,2917334,Iuiu,BA,29,Bahia,Nordeste,Centro Sul Baiano,Guanambi,Guanambi,Guanambi
291735,2917359,Jaborandi,BA,29,Bahia,Nordeste,Extremo Oeste Baiano,Santa Maria da Vitória,Santa Maria da Vitoria,Barreiras
291740,2917409,Jacaraci,BA,29,Bahia,Nordeste,Centro Sul Baiano,Guanambi,Guanambi,Guanambi
291750,2917508,Jacobina,BA,29,Bahia,Nordeste,Centro Norte Baiano,Jacobina,Jacobina,Feira de Santana
291760,2917607,Jaguaquara,BA,29,Bahia,Nordeste,Centro Sul Baiano,Jequié,Jequié,Vitória da Conquista
291770,2917706,Jaguarari,BA,29,Bahia,Nordeste,Centro Norte Baiano,Senhor do Bonfim,Senhor do Bonfim,Juazeiro
291780,2917805,Jaguaripe,BA,29,Bahia,Nordeste,Metropolitana de Salvador,Santo Antônio de Jesus,Nazaré ¿ Maragogipe,Santo Antônio de Jesus
291790,2917904,Jandaíra,BA,29,Bahia,Nordeste,Nordeste Baiano,Entre Rios,Alagoinhas,Salvador
291800,2918001,Jequié,BA,29,Bahia,Nordeste,Centro Sul Baiano,Jequié,Jequié,Vitória da Conquista
291810,2918100,Jeremoabo,BA,29,Bahia,Nordeste,Nordeste Baiano,Jeremoabo,Jeremoabo,Paulo Afonso
291820,2918209,Jiquiriçá,BA,29,Bahia,Nordeste,Centro Sul Baiano,Jequié,Santo Antônio de Jesus,Santo Antônio de Jesus
291830,2918308,Jitaúna,BA,29,Bahia,Nordeste,Centro Sul Baiano,Jequié,Jequié,Vitória da Conquista
291835,2918357,João Dourado,BA,29,Bahia,Nordeste,Centro Norte Baiano,Irecê,Irecê,Irecê
291840,2918407,Juazeiro,BA,29,Bahia,Nordeste,Vale São-Franciscano da Bahia,Juazeiro,Juazeiro,Juazeiro
291845,2918456,Jucuruçu,BA,29,Bahia,Nordeste,Sul Baiano,Porto Seguro,Teixeira de Freitas,Ilhéus ¿ Itabuna
291850,2918506,Jussara,BA,29,Bahia,Nordeste,Centro Norte Baiano,Irecê,Irecê,Irecê
291855,2918555,Jussari,BA,29,Bahia,Nordeste,Sul Baiano,Ilhéus-Itabuna,Camacan,Ilhéus ¿ Itabuna
291860,2918605,Jussiape,BA,29,Bahia,Nordeste,Centro Sul Baiano,Seabra,Brumado,Vitória da Conquista
291870,2918704,Lafaiete Coutinho,BA,29,Bahia,Nordeste,Centro Sul Baiano,Jequié,Jequié,Vitória da Conquista
291875,2918753,Lagoa Real,BA,29,Bahia,Nordeste,Centro Sul Baiano,Guanambi,Guanambi,Guanambi
291880,2918803,Laje,BA,29,Bahia,Nordeste,Centro Sul Baiano,Jequié,Santo Antônio de Jesus,Santo Antônio de Jesus
291890,2918902,Lajedão,BA,29,Bahia,Nordeste,Sul Baiano,Porto Seguro,Teixeira de Freitas,Ilhéus ¿ Itabuna
291900,2919009,Lajedinho,BA,29,Bahia,Nordeste,Centro Norte Baiano,Itaberaba,Itaberaba,Feira de Santana
291905,2919058,Lajedo do Tabocal,BA,29,Bahia,Nordeste,Centro Sul Baiano,Jequié,Jequié,Vitória da Conquista
291910,2919108,Lamarão,BA,29,Bahia,Nordeste,Nordeste Baiano,Serrinha,Feira de Santana,Feira de Santana
291915,2919157,Lapão,BA,29,Bahia,Nordeste,Centro Norte Baiano,Irecê,Irecê,Irecê
291920,2919207,Lauro de Freitas,BA,29,Bahia,Nordeste,Metropolitana de Salvador,Salvador,Salvador,Salvador
291930,2919306,Lençóis,BA,29,Bahia,Nordeste,Centro Sul Baiano,Seabra,Seabra,Feira de Santana
291940,2919405,Licínio de Almeida,BA,29,Bahia,Nordeste,Centro Sul Baiano,Guanambi,Guanambi,Guanambi
291950,2919504,Livramento de Nossa Senhora,BA,29,Bahia,Nordeste,Centro Sul Baiano,Livramento do Brumado,Brumado,Vitória da Conquista
291955,2919553,Luís Eduardo Magalhães,BA,29,Bahia,Nordeste,Extremo Oeste Baiano,Barreiras,Barreiras,Barreiras
291960,2919603,Macajuba,BA,29,Bahia,Nordeste,Centro Norte Baiano,Itaberaba,Feira de Santana,Feira de Santana
291970,2919702,Macarani,BA,29,Bahia,Nordeste,Centro Sul Baiano,Itapetinga,Itapetinga,Vitória da Conquista
291980,2919801,Macaúbas,BA,29,Bahia,Nordeste,Centro Sul Baiano,Boquira,Bom Jesus da Lapa,Guanambi
291990,2919900,Macururé,BA,29,Bahia,Nordeste,Vale São-Franciscano da Bahia,Paulo Afonso,Paulo Afonso,Paulo Afonso
291992,2919926,Madre de Deus,BA,29,Bahia,Nordeste,Metropolitana de Salvador,Salvador,Salvador,Salvador
291995,2919959,Maetinga,BA,29,Bahia,Nordeste,Centro Sul Baiano,Brumado,Vitória da Conquista,Vitória da Conquista
292000,2920007,Maiquinique,BA,29,Bahia,Nordeste,Centro Sul Baiano,Itapetinga,Itapetinga,Vitória da Conquista
292010,2920106,Mairi,BA,29,Bahia,Nordeste,Centro Norte Baiano,Itaberaba,Feira de Santana,Feira de Santana
292020,2920205,Malhada,BA,29,Bahia,Nordeste,Centro Sul Baiano,Guanambi,Guanambi,Guanambi
292030,2920304,Malhada de Pedras,BA,29,Bahia,Nordeste,Centro Sul Baiano,Brumado,Brumado,Vitória da Conquista
292040,2920403,Manoel Vitorino,BA,29,Bahia,Nordeste,Centro Sul Baiano,Vitória da Conquista,Jequié,Vitória da Conquista
292045,2920452,Mansidão,BA,29,Bahia,Nordeste,Extremo Oeste Baiano,Cotegipe,Barreiras,Barreiras
292050,2920502,Maracás,BA,29,Bahia,Nordeste,Centro Sul Baiano,Jequié,Jequié,Vitória da Conquista
292060,2920601,Maragogipe,BA,29,Bahia,Nordeste,Metropolitana de Salvador,Santo Antônio de Jesus,Nazaré ¿ Maragogipe,Santo Antônio de Jesus
292070,2920700,Maraú,BA,29,Bahia,Nordeste,Sul Baiano,Valença,Ilhéus ¿ Itabuna,Ilhéus ¿ Itabuna
292080,2920809,Marcionílio Souza,BA,29,Bahia,Nordeste,Centro Sul Baiano,Jequié,Itaberaba,Feira de Santana
292090,2920908,Mascote,BA,29,Bahia,Nordeste,Sul Baiano,Ilhéus-Itabuna,Camacan,Ilhéus ¿ Itabuna
292100,2921005,Mata de São João,BA,29,Bahia,Nordeste,Metropolitana de Salvador,Catu,Salvador,Salvador
292105,2921054,Matina,BA,29,Bahia,Nordeste,Centro Sul Baiano,Guanambi,Guanambi,Guanambi
292110,2921104,Medeiros Neto,BA,29,Bahia,Nordeste,Sul Baiano,Porto Seguro,Teixeira de Freitas,Ilhéus ¿ Itabuna
292120,2921203,Miguel Calmon,BA,29,Bahia,Nordeste,Centro Norte Baiano,Jacobina,Jacobina,Feira de Santana
292130,2921302,Milagres,BA,29,Bahia,Nordeste,Centro Sul Baiano,Jequié,Santo Antônio de Jesus,Santo Antônio de Jesus
292140,2921401,Mirangaba,BA,29,Bahia,Nordeste,Centro Norte Baiano,Jacobina,Jacobina,Feira de Santana
292145,2921450,Mirante,BA,29,Bahia,Nordeste,Centro Sul Baiano,Vitória da Conquista,Vitória da Conquista,Vitória da Conquista
292150,2921500,Monte Santo,BA,29,Bahia,Nordeste,Nordeste Baiano,Euclides da Cunha,Euclides da Cunha,Paulo Afonso
292160,2921609,Morpará,BA,29,Bahia,Nordeste,Vale São-Franciscano da Bahia,Barra,Xique-Xique ¿ Barra,Irecê
292170,2921708,Morro do Chapéu,BA,29,Bahia,Nordeste,Centro Norte Baiano,Jacobina,Irecê,Irecê
292180,2921807,Mortugaba,BA,29,Bahia,Nordeste,Centro Sul Baiano,Guanambi,Guanambi,Guanambi
292190,2921906,Mucugê,BA,29,Bahia,Nordeste,Centro Sul Baiano,Seabra,Seabra,Feira de Santana
292200,2922003,Mucuri,BA,29,Bahia,Nordeste,Sul Baiano,Porto Seguro,Teixeira de Freitas,Ilhéus ¿ Itabuna
292205,2922052,Mulungu do Morro,BA,29,Bahia,Nordeste,Centro Norte Baiano,Irecê,Irecê,Irecê
292210,2922102,Mundo Novo,BA,29,Bahia,Nordeste,Centro Norte Baiano,Itaberaba,Feira de Santana,Feira de Santana
292220,2922201,Muniz Ferreira,BA,29,Bahia,Nordeste,Metropolitana de Salvador,Santo Antônio de Jesus,Santo Antônio de Jesus,Santo Antônio de Jesus
292225,2922250,Muquém do São Francisco,BA,29,Bahia,Nordeste,Vale São-Franciscano da Bahia,Barra,Xique-Xique ¿ Barra,Irecê
292230,2922300,Muritiba,BA,29,Bahia,Nordeste,Metropolitana de Salvador,Santo Antônio de Jesus,Cruz das Almas,Santo Antônio de Jesus
292240,2922409,Mutuípe,BA,29,Bahia,Nordeste,Centro Sul Baiano,Jequié,Santo Antônio de Jesus,Santo Antônio de Jesus
292250,2922508,Nazaré,BA,29,Bahia,Nordeste,Metropolitana de Salvador,Santo Antônio de Jesus,Nazaré ¿ Maragogipe,Santo Antônio de Jesus
292260,2922607,Nilo Peçanha,BA,29,Bahia,Nordeste,Sul Baiano,Valença,Valença,Santo Antônio de Jesus
292265,2922656,Nordestina,BA,29,Bahia,Nordeste,Nordeste Baiano,Euclides da Cunha,Conceição do Coité,Feira de Santana
292270,2922706,Nova Canaã,BA,29,Bahia,Nordeste,Centro Sul Baiano,Vitória da Conquista,Vitória da Conquista,Vitória da Conquista
292273,2922730,Nova Fátima,BA,29,Bahia,Nordeste,Nordeste Baiano,Serrinha,Feira de Santana,Feira de Santana
292275,2922755,Nova Ibiá,BA,29,Bahia,Nordeste,Sul Baiano,Ilhéus-Itabuna,Ipiaú,Vitória da Conquista
292280,2922805,Nova Itarana,BA,29,Bahia,Nordeste,Centro Sul Baiano,Jequié,Santo Antônio de Jesus,Santo Antônio de Jesus
292285,2922854,Nova Redenção,BA,29,Bahia,Nordeste,Centro Sul Baiano,Seabra,Itaberaba,Feira de Santana
292290,2922904,Nova Soure,BA,29,Bahia,Nordeste,Nordeste Baiano,Ribeira do Pombal,Ribeira do Pombal,Paulo Afonso
292300,2923001,Nova Viçosa,BA,29,Bahia,Nordeste,Sul Baiano,Porto Seguro,Teixeira de Freitas,Ilhéus ¿ Itabuna
292303,2923035,Novo Horizonte,BA,29,Bahia,Nordeste,Centro Sul Baiano,Boquira,Seabra,Feira de Santana
292305,2923050,Novo Triunfo,BA,29,Bahia,Nordeste,Nordeste Baiano,Ribeira do Pombal,Jeremoabo,Paulo Afonso
292310,2923100,Olindina,BA,29,Bahia,Nordeste,Nordeste Baiano,Ribeira do Pombal,Ribeira do Pombal,Paulo Afonso
292320,2923209,Oliveira dos Brejinhos,BA,29,Bahia,Nordeste,Centro Sul Baiano,Boquira,Xique-Xique ¿ Barra,Irecê
292330,2923308,Ouriçangas,BA,29,Bahia,Nordeste,Centro Norte Baiano,Feira de Santana,Feira de Santana,Feira de Santana
292335,2923357,Ourolândia,BA,29,Bahia,Nordeste,Centro Norte Baiano,Jacobina,Jacobina,Feira de Santana
292340,2923407,Palmas de Monte Alto,BA,29,Bahia,Nordeste,Centro Sul Baiano,Guanambi,Guanambi,Guanambi
292350,2923506,Palmeiras,BA,29,Bahia,Nordeste,Centro Sul Baiano,Seabra,Seabra,Feira de Santana
292360,2923605,Paramirim,BA,29,Bahia,Nordeste,Centro Sul Baiano,Livramento do Brumado,Brumado,Vitória da Conquista
292370,2923704,Paratinga,BA,29,Bahia,Nordeste,Vale São-Franciscano da Bahia,Bom Jesus da Lapa,Bom Jesus da Lapa,Guanambi
292380,2923803,Paripiranga,BA,29,Bahia,Nordeste,Nordeste Baiano,Ribeira do Pombal,Cícero Dantas,Paulo Afonso
292390,2923902,Pau Brasil,BA,29,Bahia,Nordeste,Sul Baiano,Ilhéus-Itabuna,Camacan,Ilhéus ¿ Itabuna
292400,2924009,Paulo Afonso,BA,29,Bahia,Nordeste,Vale São-Franciscano da Bahia,Paulo Afonso,Paulo Afonso,Paulo Afonso
292405,2924058,Pé de Serra,BA,29,Bahia,Nordeste,Nordeste Baiano,Serrinha,Feira de Santana,Feira de Santana
292410,2924108,Pedrão,BA,29,Bahia,Nordeste,Centro Norte Baiano,Feira de Santana,Alagoinhas,Salvador
292420,2924207,Pedro Alexandre,BA,29,Bahia,Nordeste,Nordeste Baiano,Jeremoabo,Jeremoabo,Paulo Afonso
292430,2924306,Piatã,BA,29,Bahia,Nordeste,Centro Sul Baiano,Seabra,Seabra,Feira de Santana
292440,2924405,Pilão Arcado,BA,29,Bahia,Nordeste,Vale São-Franciscano da Bahia,Juazeiro,Juazeiro,Juazeiro
292450,2924504,Pindaí,BA,29,Bahia,Nordeste,Centro Sul Baiano,Guanambi,Guanambi,Guanambi
292460,2924603,Pindobaçu,BA,29,Bahia,Nordeste,Centro Norte Baiano,Senhor do Bonfim,Senhor do Bonfim,Juazeiro
292465,2924652,Pintadas,BA,29,Bahia,Nordeste,Centro Norte Baiano,Feira de Santana,Feira de Santana,Feira de Santana
292467,2924678,Piraí do Norte,BA,29,Bahia,Nordeste,Sul Baiano,Valença,Ipiaú,Vitória da Conquista
292470,2924702,Piripá,BA,29,Bahia,Nordeste,Centro Sul Baiano,Brumado,Vitória da Conquista,Vitória da Conquista
292480,2924801,Piritiba,BA,29,Bahia,Nordeste,Centro Norte Baiano,Jacobina,Jacobina,Feira de Santana
292490,2924900,Planaltino,BA,29,Bahia,Nordeste,Centro Sul Baiano,Jequié,Jequié,Vitória da Conquista
292500,2925006,Planalto,BA,29,Bahia,Nordeste,Centro Sul Baiano,Vitória da Conquista,Vitória da Conquista,Vitória da Conquista
292510,2925105,Poções,BA,29,Bahia,Nordeste,Centro Sul Baiano,Vitória da Conquista,Vitória da Conquista,Vitória da Conquista
292520,2925204,Pojuca,BA,29,Bahia,Nordeste,Metropolitana de Salvador,Catu,Salvador,Salvador
292525,2925253,Ponto Novo,BA,29,Bahia,Nordeste,Centro Norte Baiano,Jacobina,Senhor do Bonfim,Juazeiro
292530,2925303,Porto Seguro,BA,29,Bahia,Nordeste,Sul Baiano,Porto Seguro,Eunápolis - Porto Seguro,Ilhéus ¿ Itabuna
292540,2925402,Potiraguá,BA,29,Bahia,Nordeste,Centro Sul Baiano,Itapetinga,Itapetinga,Vitória da Conquista
292550,2925501,Prado,BA,29,Bahia,Nordeste,Sul Baiano,Porto Seguro,Teixeira de Freitas,Ilhéus ¿ Itabuna
292560,2925600,Presidente Dutra,BA,29,Bahia,Nordeste,Centro Norte Baiano,Irecê,Irecê,Irecê
292570,2925709,Presidente Jânio Quadros,BA,29,Bahia,Nordeste,Centro Sul Baiano,Brumado,Vitória da Conquista,Vitória da Conquista
292575,2925758,Presidente Tancredo Neves,BA,29,Bahia,Nordeste,Sul Baiano,Valença,Valença,Santo Antônio de Jesus
292580,2925808,Queimadas,BA,29,Bahia,Nordeste,Nordeste Baiano,Euclides da Cunha,Conceição do Coité,Feira de Santana
292590,2925907,Quijingue,BA,29,Bahia,Nordeste,Nordeste Baiano,Euclides da Cunha,Euclides da Cunha,Paulo Afonso
292593,2925931,Quixabeira,BA,29,Bahia,Nordeste,Centro Norte Baiano,Jacobina,Jacobina,Feira de Santana
292595,2925956,Rafael Jambeiro,BA,29,Bahia,Nordeste,Centro Norte Baiano,Feira de Santana,Feira de Santana,Feira de Santana
292600,2926004,Remanso,BA,29,Bahia,Nordeste,Vale São-Franciscano da Bahia,Juazeiro,Juazeiro,Juazeiro
292610,2926103,Retirolândia,BA,29,Bahia,Nordeste,Nordeste Baiano,Serrinha,Conceição do Coité,Feira de Santana
292620,2926202,Riachão das Neves,BA,29,Bahia,Nordeste,Extremo Oeste Baiano,Barreiras,Barreiras,Barreiras
292630,2926301,Riachão do Jacuípe,BA,29,Bahia,Nordeste,Nordeste Baiano,Serrinha,Feira de Santana,Feira de Santana
292640,2926400,Riacho de Santana,BA,29,Bahia,Nordeste,Centro Sul Baiano,Guanambi,Guanambi,Guanambi
292650,2926509,Ribeira do Amparo,BA,29,Bahia,Nordeste,Nordeste Baiano,Ribeira do Pombal,Ribeira do Pombal,Paulo Afonso
292660,2926608,Ribeira do Pombal,BA,29,Bahia,Nordeste,Nordeste Baiano,Ribeira do Pombal,Ribeira do Pombal,Paulo Afonso
292665,2926657,Ribeirão do Largo,BA,29,Bahia,Nordeste,Centro Sul Baiano,Itapetinga,Vitória da Conquista,Vitória da Conquista
292670,2926707,Rio de Contas,BA,29,Bahia,Nordeste,Centro Sul Baiano,Seabra,Brumado,Vitória da Conquista
292680,2926806,Rio do Antônio,BA,29,Bahia,Nordeste,Centro Sul Baiano,Brumado,Guanambi,Guanambi
292690,2926905,Rio do Pires,BA,29,Bahia,Nordeste,Centro Sul Baiano,Livramento do Brumado,Brumado,Vitória da Conquista
292700,2927002,Rio Real,BA,29,Bahia,Nordeste,Nordeste Baiano,Alagoinhas,Alagoinhas,Salvador
292710,2927101,Rodelas,BA,29,Bahia,Nordeste,Vale São-Franciscano da Bahia,Paulo Afonso,Paulo Afonso,Paulo Afonso
292720,2927200,Ruy Barbosa,BA,29,Bahia,Nordeste,Centro Norte Baiano,Itaberaba,Itaberaba,Feira de Santana
292730,2927309,Salinas da Margarida,BA,29,Bahia,Nordeste,Metropolitana de Salvador,Santo Antônio de Jesus,Nazaré ¿ Maragogipe,Santo Antônio de Jesus
292740,2927408,Salvador,BA,29,Bahia,Nordeste,Metropolitana de Salvador,Salvador,Salvador,Salvador
292750,2927507,Santa Bárbara,BA,29,Bahia,Nordeste,Centro Norte Baiano,Feira de Santana,Feira de Santana,Feira de Santana
292760,2927606,Santa Brígida,BA,29,Bahia,Nordeste,Nordeste Baiano,Jeremoabo,Paulo Afonso,Paulo Afonso
292770,2927705,Santa Cruz Cabrália,BA,29,Bahia,Nordeste,Sul Baiano,Porto Seguro,Eunápolis - Porto Seguro,Ilhéus ¿ Itabuna
292780,2927804,Santa Cruz da Vitória,BA,29,Bahia,Nordeste,Sul Baiano,Ilhéus-Itabuna,Ilhéus ¿ Itabuna,Ilhéus ¿ Itabuna
292790,2927903,Santa Inês,BA,29,Bahia,Nordeste,Centro Sul Baiano,Jequié,Jequié,Vitória da Conquista
292800,2928000,Santaluz,BA,29,Bahia,Nordeste,Nordeste Baiano,Serrinha,Conceição do Coité,Feira de Santana
292805,2928059,Santa Luzia,BA,29,Bahia,Nordeste,Sul Baiano,Ilhéus-Itabuna,Camacan,Ilhéus ¿ Itabuna
292810,2928109,Santa Maria da Vitória,BA,29,Bahia,Nordeste,Extremo Oeste Baiano,Santa Maria da Vitória,Santa Maria da Vitoria,Barreiras
292820,2928208,Santana,BA,29,Bahia,Nordeste,Extremo Oeste Baiano,Santa Maria da Vitória,Barreiras,Barreiras
292830,2928307,Santanópolis,BA,29,Bahia,Nordeste,Centro Norte Baiano,Feira de Santana,Feira de Santana,Feira de Santana
292840,2928406,Santa Rita de Cássia,BA,29,Bahia,Nordeste,Extremo Oeste Baiano,Cotegipe,Barreiras,Barreiras
292850,2928505,Santa Terezinha,BA,29,Bahia,Nordeste,Centro Norte Baiano,Feira de Santana,Cruz das Almas,Santo Antônio de Jesus
292860,2928604,Santo Amaro,BA,29,Bahia,Nordeste,Metropolitana de Salvador,Santo Antônio de Jesus,Salvador,Salvador
292870,2928703,Santo Antônio de Jesus,BA,29,Bahia,Nordeste,Metropolitana de Salvador,Santo Antônio de Jesus,Santo Antônio de Jesus,Santo Antônio de Jesus
292880,2928802,Santo Estêvão,BA,29,Bahia,Nordeste,Centro Norte Baiano,Feira de Santana,Feira de Santana,Feira de Santana
292890,2928901,São Desidério,BA,29,Bahia,Nordeste,Extremo Oeste Baiano,Barreiras,Barreiras,Barreiras
292895,2928950,São Domingos,BA,29,Bahia,Nordeste,Nordeste Baiano,Serrinha,Conceição do Coité,Feira de Santana
292900,2929008,São Félix,BA,29,Bahia,Nordeste,Metropolitana de Salvador,Santo Antônio de Jesus,Cruz das Almas,Santo Antônio de Jesus
292905,2929057,São Félix do Coribe,BA,29,Bahia,Nordeste,Extremo Oeste Baiano,Santa Maria da Vitória,Santa Maria da Vitoria,Barreiras
292910,2929107,São Felipe,BA,29,Bahia,Nordeste,Metropolitana de Salvador,Santo Antônio de Jesus,Cruz das Almas,Santo Antônio de Jesus
292920,2929206,São Francisco do Conde,BA,29,Bahia,Nordeste,Metropolitana de Salvador,Salvador,Salvador,Salvador
292925,2929255,São Gabriel,BA,29,Bahia,Nordeste,Centro Norte Baiano,Irecê,Irecê,Irecê
292930,2929305,São Gonçalo dos Campos,BA,29,Bahia,Nordeste,Centro Norte Baiano,Feira de Santana,Feira de Santana,Feira de Santana
292935,2929354,São José da Vitória,BA,29,Bahia,Nordeste,Sul Baiano,Ilhéus-Itabuna,Ilhéus ¿ Itabuna,Ilhéus ¿ Itabuna
292937,2929370,São José do Jacuípe,BA,29,Bahia,Nordeste,Centro Norte Baiano,Jacobina,Jacobina,Feira de Santana
292940,2929404,São Miguel das Matas,BA,29,Bahia,Nordeste,Centro Sul Baiano,Jequié,Santo Antônio de Jesus,Santo Antônio de Jesus
292950,2929503,São Sebastião do Passé,BA,29,Bahia,Nordeste,Metropolitana de Salvador,Catu,Salvador,Salvador
292960,2929602,Sapeaçu,BA,29,Bahia,Nordeste,Metropolitana de Salvador,Santo Antônio de Jesus,Cruz das Almas,Santo Antônio de Jesus
292970,2929701,Sátiro Dias,BA,29,Bahia,Nordeste,Nordeste Baiano,Alagoinhas,Alagoinhas,Salvador
292975,2929750,Saubara,BA,29,Bahia,Nordeste,Metropolitana de Salvador,Santo Antônio de Jesus,Salvador,Salvador
292980,2929800,Saúde,BA,29,Bahia,Nordeste,Centro Norte Baiano,Jacobina,Jacobina,Feira de Santana
292990,2929909,Seabra,BA,29,Bahia,Nordeste,Centro Sul Baiano,Seabra,Seabra,Feira de Santana
293000,2930006,Sebastião Laranjeiras,BA,29,Bahia,Nordeste,Centro Sul Baiano,Guanambi,Guanambi,Guanambi
293010,2930105,Senhor do Bonfim,BA,29,Bahia,Nordeste,Centro Norte Baiano,Senhor do Bonfim,Senhor do Bonfim,Juazeiro
293015,2930154,Serra do Ramalho,BA,29,Bahia,Nordeste,Vale São-Franciscano da Bahia,Bom Jesus da Lapa,Bom Jesus da Lapa,Guanambi
293020,2930204,Sento Sé,BA,29,Bahia,Nordeste,Vale São-Franciscano da Bahia,Juazeiro,Juazeiro,Juazeiro
293030,2930303,Serra Dourada,BA,29,Bahia,Nordeste,Extremo Oeste Baiano,Santa Maria da Vitória,Barreiras,Barreiras
293040,2930402,Serra Preta,BA,29,Bahia,Nordeste,Centro Norte Baiano,Feira de Santana,Feira de Santana,Feira de Santana
293050,2930501,Serrinha,BA,29,Bahia,Nordeste,Nordeste Baiano,Serrinha,Serrinha,Feira de Santana
293060,2930600,Serrolândia,BA,29,Bahia,Nordeste,Centro Norte Baiano,Jacobina,Jacobina,Feira de Santana
293070,2930709,Simões Filho,BA,29,Bahia,Nordeste,Metropolitana de Salvador,Salvador,Salvador,Salvador
293075,2930758,Sítio do Mato,BA,29,Bahia,Nordeste,Vale São-Franciscano da Bahia,Bom Jesus da Lapa,Bom Jesus da Lapa,Guanambi
293076,2930766,Sítio do Quinto,BA,29,Bahia,Nordeste,Nordeste Baiano,Jeremoabo,Jeremoabo,Paulo Afonso
293077,2930774,Sobradinho,BA,29,Bahia,Nordeste,Vale São-Franciscano da Bahia,Juazeiro,Juazeiro,Juazeiro
293080,2930808,Souto Soares,BA,29,Bahia,Nordeste,Centro Norte Baiano,Irecê,Seabra,Feira de Santana
293090,2930907,Tabocas do Brejo Velho,BA,29,Bahia,Nordeste,Extremo Oeste Baiano,Cotegipe,Barreiras,Barreiras
293100,2931004,Tanhaçu,BA,29,Bahia,Nordeste,Centro Sul Baiano,Brumado,Vitória da Conquista,Vitória da Conquista
293105,2931053,Tanque Novo,BA,29,Bahia,Nordeste,Centro Sul Baiano,Boquira,Guanambi,Guanambi
293110,2931103,Tanquinho,BA,29,Bahia,Nordeste,Centro Norte Baiano,Feira de Santana,Feira de Santana,Feira de Santana
293120,2931202,Taperoá,BA,29,Bahia,Nordeste,Sul Baiano,Valença,Valença,Santo Antônio de Jesus
293130,2931301,Tapiramutá,BA,29,Bahia,Nordeste,Centro Norte Baiano,Itaberaba,Jacobina,Feira de Santana
293135,2931350,Teixeira de Freitas,BA,29,Bahia,Nordeste,Sul Baiano,Porto Seguro,Teixeira de Freitas,Ilhéus ¿ Itabuna
293140,2931400,Teodoro Sampaio,BA,29,Bahia,Nordeste,Centro Norte Baiano,Feira de Santana,Alagoinhas,Salvador
293150,2931509,Teofilândia,BA,29,Bahia,Nordeste,Nordeste Baiano,Serrinha,Serrinha,Feira de Santana
293160,2931608,Teolândia,BA,29,Bahia,Nordeste,Sul Baiano,Ilhéus-Itabuna,Ipiaú,Vitória da Conquista
293170,2931707,Terra Nova,BA,29,Bahia,Nordeste,Metropolitana de Salvador,Catu,Salvador,Salvador
293180,2931806,Tremedal,BA,29,Bahia,Nordeste,Centro Sul Baiano,Brumado,Vitória da Conquista,Vitória da Conquista
293190,2931905,Tucano,BA,29,Bahia,Nordeste,Nordeste Baiano,Euclides da Cunha,Ribeira do Pombal,Paulo Afonso
293200,2932002,Uauá,BA,29,Bahia,Nordeste,Nordeste Baiano,Euclides da Cunha,Juazeiro,Juazeiro
293210,2932101,Ubaíra,BA,29,Bahia,Nordeste,Centro Sul Baiano,Jequié,Santo Antônio de Jesus,Santo Antônio de Jesus
293220,2932200,Ubaitaba,BA,29,Bahia,Nordeste,Sul Baiano,Ilhéus-Itabuna,Ilhéus ¿ Itabuna,Ilhéus ¿ Itabuna
293230,2932309,Ubatã,BA,29,Bahia,Nordeste,Sul Baiano,Ilhéus-Itabuna,Ipiaú,Vitória da Conquista
293240,2932408,Uibaí,BA,29,Bahia,Nordeste,Centro Norte Baiano,Irecê,Irecê,Irecê
293245,2932457,Umburanas,BA,29,Bahia,Nordeste,Centro Norte Baiano,Senhor do Bonfim,Jacobina,Feira de Santana
293250,2932507,Una,BA,29,Bahia,Nordeste,Sul Baiano,Ilhéus-Itabuna,Camacan,Ilhéus ¿ Itabuna
293260,2932606,Urandi,BA,29,Bahia,Nordeste,Centro Sul Baiano,Guanambi,Guanambi,Guanambi
293270,2932705,Uruçuca,BA,29,Bahia,Nordeste,Sul Baiano,Ilhéus-Itabuna,Ilhéus ¿ Itabuna,Ilhéus ¿ Itabuna
293280,2932804,Utinga,BA,29,Bahia,Nordeste,Centro Sul Baiano,Seabra,Itaberaba,Feira de Santana
293290,2932903,Valença,BA,29,Bahia,Nordeste,Sul Baiano,Valença,Valença,Santo Antônio de Jesus
293300,2933000,Valente,BA,29,Bahia,Nordeste,Nordeste Baiano,Serrinha,Conceição do Coité,Feira de Santana
293305,2933059,Várzea da Roça,BA,29,Bahia,Nordeste,Centro Norte Baiano,Itaberaba,Feira de Santana,Feira de Santana
293310,2933109,Várzea do Poço,BA,29,Bahia,Nordeste,Centro Norte Baiano,Jacobina,Jacobina,Feira de Santana
293315,2933158,Várzea Nova,BA,29,Bahia,Nordeste,Centro Norte Baiano,Jacobina,Jacobina,Feira de Santana
293317,2933174,Varzedo,BA,29,Bahia,Nordeste,Metropolitana de Salvador,Santo Antônio de Jesus,Santo Antônio de Jesus,Santo Antônio de Jesus
293320,2933208,Vera Cruz,BA,29,Bahia,Nordeste,Metropolitana de Salvador,Salvador,Nazaré ¿ Maragogipe,Santo Antônio de Jesus
293325,2933257,Vereda,BA,29,Bahia,Nordeste,Sul Baiano,Porto Seguro,Teixeira de Freitas,Ilhéus ¿ Itabuna
293330,2933307,Vitória da Conquista,BA,29,Bahia,Nordeste,Centro Sul Baiano,Vitória da Conquista,Vitória da Conquista,Vitória da Conquista
293340,2933406,Wagner,BA,29,Bahia,Nordeste,Centro Sul Baiano,Seabra,Itaberaba,Feira de Santana
293345,2933455,Wanderley,BA,29,Bahia,Nordeste,Extremo Oeste Baiano,Cotegipe,Barreiras,Barreiras
293350,2933505,Wenceslau Guimarães,BA,29,Bahia,Nordeste,Sul Baiano,Ilhéus-Itabuna,Ipiaú,Vitória da Conquista
293360,2933604,Xique-Xique,BA,29,Bahia,Nordeste,Vale São-Franciscano da Bahia,Barra,Xique-Xique ¿ Barra,Irecê
310010,3100104,Abadia dos Dourados,MG,31,Minas Gerais,Sudeste,Triângulo Mineiro/Alto Paranaíba,Patrocínio,Monte Carmelo,Uberlândia
310020,3100203,Abaeté,MG,31,Minas Gerais,Sudeste,Central Mineira,Três Marias,Abaeté,Divinópolis
310030,3100302,Abre Campo,MG,31,Minas Gerais,Sudeste,Zona da Mata,Manhuaçu,Manhuaçu,Juíz de Fora
310040,3100401,Acaiaca,MG,31,Minas Gerais,Sudeste,Zona da Mata,Ponte Nova,Ponte Nova,Juíz de Fora
310050,3100500,Açucena,MG,31,Minas Gerais,Sudeste,Vale do Rio Doce,Ipatinga,Ipatinga,Ipatinga
310060,3100609,Água Boa,MG,31,Minas Gerais,Sudeste,Vale do Rio Doce,Peçanha,Capelinha,Teófilo Otoni
310070,3100708,Água Comprida,MG,31,Minas Gerais,Sudeste,Triângulo Mineiro/Alto Paranaíba,Uberaba,Uberaba,Uberaba
310080,3100807,Aguanil,MG,31,Minas Gerais,Sudeste,Oeste de Minas,Campo Belo,Campo Belo,Varginha
310090,3100906,Águas Formosas,MG,31,Minas Gerais,Sudeste,Vale do Mucuri,Nanuque,Águas Formosas,Teófilo Otoni
310100,3101003,Águas Vermelhas,MG,31,Minas Gerais,Sudeste,Norte de Minas,Salinas,Pedra Azul,Teófilo Otoni
310110,3101102,Aimorés,MG,31,Minas Gerais,Sudeste,Vale do Rio Doce,Aimorés,Aimorés - Resplendor,Governador Valadares
310120,3101201,Aiuruoca,MG,31,Minas Gerais,Sudeste,Sul/Sudoeste de Minas,Andrelândia,Caxambu - Baependi,Pouso Alegre
310130,3101300,Alagoa,MG,31,Minas Gerais,Sudeste,Sul/Sudoeste de Minas,São Lourenço,São Lourenço,Pouso Alegre
310140,3101409,Albertina,MG,31,Minas Gerais,Sudeste,Sul/Sudoeste de Minas,Poços de Caldas,Pouso Alegre,Pouso Alegre
310150,3101508,Além Paraíba,MG,31,Minas Gerais,Sudeste,Zona da Mata,Cataguases,Além Paraíba,Juíz de Fora
310160,3101607,Alfenas,MG,31,Minas Gerais,Sudeste,Sul/Sudoeste de Minas,Alfenas,Alfenas,Varginha
310163,3101631,Alfredo Vasconcelos,MG,31,Minas Gerais,Sudeste,Campo das Vertentes,Barbacena,Barbacena,Barbacena
310170,3101706,Almenara,MG,31,Minas Gerais,Sudeste,Jequitinhonha,Almenara,Almenara,Teófilo Otoni
310180,3101805,Alpercata,MG,31,Minas Gerais,Sudeste,Vale do Rio Doce,Governador Valadares,Governador Valadares,Governador Valadares
310190,3101904,Alpinópolis,MG,31,Minas Gerais,Sudeste,Sul/Sudoeste de Minas,Passos,Passos,Varginha
310200,3102001,Alterosa,MG,31,Minas Gerais,Sudeste,Sul/Sudoeste de Minas,Alfenas,Alfenas,Varginha
310205,3102050,Alto Caparaó,MG,31,Minas Gerais,Sudeste,Zona da Mata,Manhuaçu,Manhuaçu,Juíz de Fora
310210,3102100,Alto Rio Doce,MG,31,Minas Gerais,Sudeste,Zona da Mata,Viçosa,Barbacena,Barbacena
310220,3102209,Alvarenga,MG,31,Minas Gerais,Sudeste,Vale do Rio Doce,Aimorés,Caratinga,Ipatinga
310230,3102308,Alvinópolis,MG,31,Minas Gerais,Sudeste,Metropolitana de Belo Horizonte,Itabira,Ponte Nova,Juíz de Fora
310240,3102407,Alvorada de Minas,MG,31,Minas Gerais,Sudeste,Metropolitana de Belo Horizonte,Conceição do Mato Dentro,Diamantina,Teófilo Otoni
310250,3102506,Amparo do Serra,MG,31,Minas Gerais,Sudeste,Zona da Mata,Viçosa,Ponte Nova,Juíz de Fora
310260,3102605,Andradas,MG,31,Minas Gerais,Sudeste,Sul/Sudoeste de Minas,Poços de Caldas,Poços de Caldas,Pouso Alegre
310270,3102704,Cachoeira de Pajeú,MG,31,Minas Gerais,Sudeste,Jequitinhonha,Pedra Azul,Pedra Azul,Teófilo Otoni
310280,3102803,Andrelândia,MG,31,Minas Gerais,Sudeste,Sul/Sudoeste de Minas,Andrelândia,Juiz de Fora,Juíz de Fora
310285,3102852,Angelândia,MG,31,Minas Gerais,Sudeste,Jequitinhonha,Capelinha,Capelinha,Teófilo Otoni
310290,3102902,Antônio Carlos,MG,31,Minas Gerais,Sudeste,Campo das Vertentes,Barbacena,Barbacena,Barbacena
310300,3103009,Antônio Dias,MG,31,Minas Gerais,Sudeste,Vale do Rio Doce,Ipatinga,Ipatinga,Ipatinga
310310,3103108,Antônio Prado de Minas,MG,31,Minas Gerais,Sudeste,Zona da Mata,Muriaé,Muriaé,Juíz de Fora
310320,3103207,Araçaí,MG,31,Minas Gerais,Sudeste,Metropolitana de Belo Horizonte,Sete Lagoas,Sete Lagoas,Belo Horizonte
310330,3103306,Aracitaba,MG,31,Minas Gerais,Sudeste,Zona da Mata,Juiz de Fora,Juiz de Fora,Juíz de Fora
310340,3103405,Araçuaí,MG,31,Minas Gerais,Sudeste,Jequitinhonha,Araçuaí,Araçuaí,Teófilo Otoni
310350,3103504,Araguari,MG,31,Minas Gerais,Sudeste,Triângulo Mineiro/Alto Paranaíba,Uberlândia,Uberlândia,Uberlândia
310360,3103603,Arantina,MG,31,Minas Gerais,Sudeste,Sul/Sudoeste de Minas,Andrelândia,Juiz de Fora,Juíz de Fora
310370,3103702,Araponga,MG,31,Minas Gerais,Sudeste,Zona da Mata,Viçosa,Viçosa,Juíz de Fora
310375,3103751,Araporã,MG,31,Minas Gerais,Sudeste,Triângulo Mineiro/Alto Paranaíba,Uberlândia,Uberlândia,Uberlândia
310380,3103801,Arapuá,MG,31,Minas Gerais,Sudeste,Triângulo Mineiro/Alto Paranaíba,Patos de Minas,Patos de Minas,Patos de Minas
310390,3103900,Araújos,MG,31,Minas Gerais,Sudeste,Central Mineira,Bom Despacho,Divinópolis,Divinópolis
310400,3104007,Araxá,MG,31,Minas Gerais,Sudeste,Triângulo Mineiro/Alto Paranaíba,Araxá,Araxá,Uberaba
310410,3104106,Arceburgo,MG,31,Minas Gerais,Sudeste,Sul/Sudoeste de Minas,São Sebastião do Paraíso,Guaxupé,Varginha
310420,3104205,Arcos,MG,31,Minas Gerais,Sudeste,Oeste de Minas,Formiga,Formiga,Divinópolis
310430,3104304,Areado,MG,31,Minas Gerais,Sudeste,Sul/Sudoeste de Minas,Alfenas,Alfenas,Varginha
310440,3104403,Argirita,MG,31,Minas Gerais,Sudeste,Zona da Mata,Cataguases,Cataguases,Juíz de Fora
310445,3104452,Aricanduva,MG,31,Minas Gerais,Sudeste,Jequitinhonha,Capelinha,Capelinha,Teófilo Otoni
310450,3104502,Arinos,MG,31,Minas Gerais,Sudeste,Noroeste de Minas,Unaí,Unaí,Patos de Minas
310460,3104601,Astolfo Dutra,MG,31,Minas Gerais,Sudeste,Zona da Mata,Ubá,Cataguases,Juíz de Fora
310470,3104700,Ataléia,MG,31,Minas Gerais,Sudeste,Vale do Mucuri,Teófilo Otoni,Teófilo Otoni,Teófilo Otoni
310480,3104809,Augusto de Lima,MG,31,Minas Gerais,Sudeste,Central Mineira,Curvelo,Curvelo,Belo Horizonte
310490,3104908,Baependi,MG,31,Minas Gerais,Sudeste,Sul/Sudoeste de Minas,São Lourenço,Caxambu - Baependi,Pouso Alegre
310500,3105004,Baldim,MG,31,Minas Gerais,Sudeste,Metropolitana de Belo Horizonte,Sete Lagoas,Sete Lagoas,Belo Horizonte
310510,3105103,Bambuí,MG,31,Minas Gerais,Sudeste,Oeste de Minas,Piuí,Formiga,Divinópolis
310520,3105202,Bandeira,MG,31,Minas Gerais,Sudeste,Jequitinhonha,Almenara,Almenara,Teófilo Otoni
310530,3105301,Bandeira do Sul,MG,31,Minas Gerais,Sudeste,Sul/Sudoeste de Minas,Poços de Caldas,Poços de Caldas,Pouso Alegre
310540,3105400,Barão de Cocais,MG,31,Minas Gerais,Sudeste,Metropolitana de Belo Horizonte,Itabira,Santa Bárbara - Ouro Preto,Belo Horizonte
310550,3105509,Barão do Monte Alto,MG,31,Minas Gerais,Sudeste,Zona da Mata,Muriaé,Muriaé,Juíz de Fora
310560,3105608,Barbacena,MG,31,Minas Gerais,Sudeste,Campo das Vertentes,Barbacena,Barbacena,Barbacena
310570,3105707,Barra Longa,MG,31,Minas Gerais,Sudeste,Zona da Mata,Ponte Nova,Ponte Nova,Juíz de Fora
310590,3105905,Barroso,MG,31,Minas Gerais,Sudeste,Campo das Vertentes,Barbacena,Barbacena,Barbacena
310600,3106002,Bela Vista de Minas,MG,31,Minas Gerais,Sudeste,Metropolitana de Belo Horizonte,Itabira,João Monlevade,Ipatinga
310610,3106101,Belmiro Braga,MG,31,Minas Gerais,Sudeste,Zona da Mata,Juiz de Fora,Juiz de Fora,Juíz de Fora
310620,3106200,Belo Horizonte,MG,31,Minas Gerais,Sudeste,Metropolitana de Belo Horizonte,Belo Horizonte,Belo Horizonte,Belo Horizonte
310630,3106309,Belo Oriente,MG,31,Minas Gerais,Sudeste,Vale do Rio Doce,Ipatinga,Ipatinga,Ipatinga
310640,3106408,Belo Vale,MG,31,Minas Gerais,Sudeste,Metropolitana de Belo Horizonte,Itaguara,Conselheiro Lafaiete,Barbacena
310650,3106507,Berilo,MG,31,Minas Gerais,Sudeste,Jequitinhonha,Capelinha,Araçuaí,Teófilo Otoni
310660,3106606,Bertópolis,MG,31,Minas Gerais,Sudeste,Vale do Mucuri,Nanuque,Águas Formosas,Teófilo Otoni
310665,3106655,Berizal,MG,31,Minas Gerais,Sudeste,Norte de Minas,Salinas,Salinas,Montes Claros
310670,3106705,Betim,MG,31,Minas Gerais,Sudeste,Metropolitana de Belo Horizonte,Belo Horizonte,Belo Horizonte,Belo Horizonte
310680,3106804,Bias Fortes,MG,31,Minas Gerais,Sudeste,Zona da Mata,Juiz de Fora,Juiz de Fora,Juíz de Fora
310690,3106903,Bicas,MG,31,Minas Gerais,Sudeste,Zona da Mata,Juiz de Fora,São João Nepomuceno - Bicas,Juíz de Fora
310700,3107000,Biquinhas,MG,31,Minas Gerais,Sudeste,Central Mineira,Três Marias,Abaeté,Divinópolis
310710,3107109,Boa Esperança,MG,31,Minas Gerais,Sudeste,Sul/Sudoeste de Minas,Varginha,Três Pontas - Boa Esperança,Varginha
310720,3107208,Bocaina de Minas,MG,31,Minas Gerais,Sudeste,Sul/Sudoeste de Minas,Andrelândia,Juiz de Fora,Juíz de Fora
310730,3107307,Bocaiúva,MG,31,Minas Gerais,Sudeste,Norte de Minas,Bocaiúva,Montes Claros,Montes Claros
310740,3107406,Bom Despacho,MG,31,Minas Gerais,Sudeste,Central Mineira,Bom Despacho,Dores do Indaiá,Divinópolis
310750,3107505,Bom Jardim de Minas,MG,31,Minas Gerais,Sudeste,Sul/Sudoeste de Minas,Andrelândia,Juiz de Fora,Juíz de Fora
310760,3107604,Bom Jesus da Penha,MG,31,Minas Gerais,Sudeste,Sul/Sudoeste de Minas,Passos,Passos,Varginha
310770,3107703,Bom Jesus do Amparo,MG,31,Minas Gerais,Sudeste,Metropolitana de Belo Horizonte,Itabira,Itabira,Belo Horizonte
310780,3107802,Bom Jesus do Galho,MG,31,Minas Gerais,Sudeste,Vale do Rio Doce,Caratinga,Caratinga,Ipatinga
310790,3107901,Bom Repouso,MG,31,Minas Gerais,Sudeste,Sul/Sudoeste de Minas,Pouso Alegre,Pouso Alegre,Pouso Alegre
310800,3108008,Bom Sucesso,MG,31,Minas Gerais,Sudeste,Oeste de Minas,Oliveira,Lavras,Varginha
310810,3108107,Bonfim,MG,31,Minas Gerais,Sudeste,Metropolitana de Belo Horizonte,Itaguara,Oliveira,Divinópolis
310820,3108206,Bonfinópolis de Minas,MG,31,Minas Gerais,Sudeste,Noroeste de Minas,Unaí,Unaí,Patos de Minas
310825,3108255,Bonito de Minas,MG,31,Minas Gerais,Sudeste,Norte de Minas,Januária,Januária,Montes Claros
310830,3108305,Borda da Mata,MG,31,Minas Gerais,Sudeste,Sul/Sudoeste de Minas,Pouso Alegre,Pouso Alegre,Pouso Alegre
310840,3108404,Botelhos,MG,31,Minas Gerais,Sudeste,Sul/Sudoeste de Minas,Poços de Caldas,Poços de Caldas,Pouso Alegre
310850,3108503,Botumirim,MG,31,Minas Gerais,Sudeste,Norte de Minas,Grão Mogol,Montes Claros,Montes Claros
310855,3108552,Brasilândia de Minas,MG,31,Minas Gerais,Sudeste,Noroeste de Minas,Paracatu,Patos de Minas,Patos de Minas
310860,3108602,Brasília de Minas,MG,31,Minas Gerais,Sudeste,Norte de Minas,Montes Claros,Montes Claros,Montes Claros
310870,3108701,Brás Pires,MG,31,Minas Gerais,Sudeste,Zona da Mata,Viçosa,Ubá,Juíz de Fora
310880,3108800,Braúnas,MG,31,Minas Gerais,Sudeste,Vale do Rio Doce,Guanhães,Ipatinga,Ipatinga
310890,3108909,Brazópolis,MG,31,Minas Gerais,Sudeste,Sul/Sudoeste de Minas,Itajubá,Itajubá,Pouso Alegre
310900,3109006,Brumadinho,MG,31,Minas Gerais,Sudeste,Metropolitana de Belo Horizonte,Belo Horizonte,Belo Horizonte,Belo Horizonte
310910,3109105,Bueno Brandão,MG,31,Minas Gerais,Sudeste,Sul/Sudoeste de Minas,Pouso Alegre,Pouso Alegre,Pouso Alegre
310920,3109204,Buenópolis,MG,31,Minas Gerais,Sudeste,Central Mineira,Curvelo,Curvelo,Belo Horizonte
310925,3109253,Bugre,MG,31,Minas Gerais,Sudeste,Vale do Rio Doce,Caratinga,Ipatinga,Ipatinga
310930,3109303,Buritis,MG,31,Minas Gerais,Sudeste,Noroeste de Minas,Unaí,Unaí,Patos de Minas
310940,3109402,Buritizeiro,MG,31,Minas Gerais,Sudeste,Norte de Minas,Pirapora,Pirapora,Montes Claros
310945,3109451,Cabeceira Grande,MG,31,Minas Gerais,Sudeste,Noroeste de Minas,Unaí,Unaí,Patos de Minas
310950,3109501,Cabo Verde,MG,31,Minas Gerais,Sudeste,Sul/Sudoeste de Minas,São Sebastião do Paraíso,Guaxupé,Varginha
310960,3109600,Cachoeira da Prata,MG,31,Minas Gerais,Sudeste,Metropolitana de Belo Horizonte,Sete Lagoas,Sete Lagoas,Belo Horizonte
310970,3109709,Cachoeira de Minas,MG,31,Minas Gerais,Sudeste,Sul/Sudoeste de Minas,Santa Rita do Sapucaí,Pouso Alegre,Pouso Alegre
310980,3109808,Cachoeira Dourada,MG,31,Minas Gerais,Sudeste,Triângulo Mineiro/Alto Paranaíba,Ituiutaba,Ituiutaba,Uberlândia
310990,3109907,Caetanópolis,MG,31,Minas Gerais,Sudeste,Metropolitana de Belo Horizonte,Sete Lagoas,Sete Lagoas,Belo Horizonte
311000,3110004,Caeté,MG,31,Minas Gerais,Sudeste,Metropolitana de Belo Horizonte,Belo Horizonte,Belo Horizonte,Belo Horizonte
311010,3110103,Caiana,MG,31,Minas Gerais,Sudeste,Zona da Mata,Muriaé,Carangola,Juíz de Fora
311020,3110202,Cajuri,MG,31,Minas Gerais,Sudeste,Zona da Mata,Viçosa,Viçosa,Juíz de Fora
311030,3110301,Caldas,MG,31,Minas Gerais,Sudeste,Sul/Sudoeste de Minas,Poços de Caldas,Poços de Caldas,Pouso Alegre
311040,3110400,Camacho,MG,31,Minas Gerais,Sudeste,Oeste de Minas,Formiga,Divinópolis,Divinópolis
311050,3110509,Camanducaia,MG,31,Minas Gerais,Sudeste,Sul/Sudoeste de Minas,Pouso Alegre,Pouso Alegre,Pouso Alegre
311060,3110608,Cambuí,MG,31,Minas Gerais,Sudeste,Sul/Sudoeste de Minas,Pouso Alegre,Pouso Alegre,Pouso Alegre
311070,3110707,Cambuquira,MG,31,Minas Gerais,Sudeste,Sul/Sudoeste de Minas,São Lourenço,Três Corações,Varginha
311080,3110806,Campanário,MG,31,Minas Gerais,Sudeste,Vale do Rio Doce,Governador Valadares,Teófilo Otoni,Teófilo Otoni
311090,3110905,Campanha,MG,31,Minas Gerais,Sudeste,Sul/Sudoeste de Minas,Varginha,Três Corações,Varginha
311100,3111002,Campestre,MG,31,Minas Gerais,Sudeste,Sul/Sudoeste de Minas,Poços de Caldas,Poços de Caldas,Pouso Alegre
311110,3111101,Campina Verde,MG,31,Minas Gerais,Sudeste,Triângulo Mineiro/Alto Paranaíba,Frutal,Uberlândia,Uberlândia
311115,3111150,Campo Azul,MG,31,Minas Gerais,Sudeste,Norte de Minas,Montes Claros,Montes Claros,Montes Claros
311120,3111200,Campo Belo,MG,31,Minas Gerais,Sudeste,Oeste de Minas,Campo Belo,Campo Belo,Varginha
311130,3111309,Campo do Meio,MG,31,Minas Gerais,Sudeste,Sul/Sudoeste de Minas,Varginha,Alfenas,Varginha
311140,3111408,Campo Florido,MG,31,Minas Gerais,Sudeste,Triângulo Mineiro/Alto Paranaíba,Uberaba,Uberaba,Uberaba
311150,3111507,Campos Altos,MG,31,Minas Gerais,Sudeste,Triângulo Mineiro/Alto Paranaíba,Araxá,Araxá,Uberaba
311160,3111606,Campos Gerais,MG,31,Minas Gerais,Sudeste,Sul/Sudoeste de Minas,Varginha,Alfenas,Varginha
311170,3111705,Canaã,MG,31,Minas Gerais,Sudeste,Zona da Mata,Viçosa,Viçosa,Juíz de Fora
311180,3111804,Canápolis,MG,31,Minas Gerais,Sudeste,Triângulo Mineiro/Alto Paranaíba,Uberlândia,Uberlândia,Uberlândia
311190,3111903,Cana Verde,MG,31,Minas Gerais,Sudeste,Oeste de Minas,Campo Belo,Lavras,Varginha
311200,3112000,Candeias,MG,31,Minas Gerais,Sudeste,Oeste de Minas,Campo Belo,Campo Belo,Varginha
311205,3112059,Cantagalo,MG,31,Minas Gerais,Sudeste,Vale do Rio Doce,Peçanha,Guanhães,Governador Valadares
311210,3112109,Caparaó,MG,31,Minas Gerais,Sudeste,Zona da Mata,Manhuaçu,Manhuaçu,Juíz de Fora
311220,3112208,Capela Nova,MG,31,Minas Gerais,Sudeste,Campo das Vertentes,Barbacena,Conselheiro Lafaiete,Barbacena
311230,3112307,Capelinha,MG,31,Minas Gerais,Sudeste,Jequitinhonha,Capelinha,Capelinha,Teófilo Otoni
311240,3112406,Capetinga,MG,31,Minas Gerais,Sudeste,Sul/Sudoeste de Minas,Passos,Passos,Varginha
311250,3112505,Capim Branco,MG,31,Minas Gerais,Sudeste,Metropolitana de Belo Horizonte,Sete Lagoas,Sete Lagoas,Belo Horizonte
311260,3112604,Capinópolis,MG,31,Minas Gerais,Sudeste,Triângulo Mineiro/Alto Paranaíba,Ituiutaba,Ituiutaba,Uberlândia
311265,3112653,Capitão Andrade,MG,31,Minas Gerais,Sudeste,Vale do Rio Doce,Governador Valadares,Governador Valadares,Governador Valadares
311270,3112703,Capitão Enéas,MG,31,Minas Gerais,Sudeste,Norte de Minas,Montes Claros,Montes Claros,Montes Claros
311280,3112802,Capitólio,MG,31,Minas Gerais,Sudeste,Sul/Sudoeste de Minas,Passos,Piumhi,Varginha
311290,3112901,Caputira,MG,31,Minas Gerais,Sudeste,Zona da Mata,Manhuaçu,Manhuaçu,Juíz de Fora
311300,3113008,Caraí,MG,31,Minas Gerais,Sudeste,Jequitinhonha,Araçuaí,Teófilo Otoni,Teófilo Otoni
311310,3113107,Caranaíba,MG,31,Minas Gerais,Sudeste,Campo das Vertentes,Barbacena,Conselheiro Lafaiete,Barbacena
311320,3113206,Carandaí,MG,31,Minas Gerais,Sudeste,Campo das Vertentes,Barbacena,Conselheiro Lafaiete,Barbacena
311330,3113305,Carangola,MG,31,Minas Gerais,Sudeste,Zona da Mata,Muriaé,Carangola,Juíz de Fora
311340,3113404,Caratinga,MG,31,Minas Gerais,Sudeste,Vale do Rio Doce,Caratinga,Caratinga,Ipatinga
311350,3113503,Carbonita,MG,31,Minas Gerais,Sudeste,Jequitinhonha,Capelinha,Diamantina,Teófilo Otoni
311360,3113602,Careaçu,MG,31,Minas Gerais,Sudeste,Sul/Sudoeste de Minas,Santa Rita do Sapucaí,Pouso Alegre,Pouso Alegre
311370,3113701,Carlos Chagas,MG,31,Minas Gerais,Sudeste,Vale do Mucuri,Nanuque,Teófilo Otoni,Teófilo Otoni
311380,3113800,Carmésia,MG,31,Minas Gerais,Sudeste,Vale do Rio Doce,Guanhães,Itabira,Belo Horizonte
311390,3113909,Carmo da Cachoeira,MG,31,Minas Gerais,Sudeste,Sul/Sudoeste de Minas,Varginha,Três Corações,Varginha
311400,3114006,Carmo da Mata,MG,31,Minas Gerais,Sudeste,Oeste de Minas,Oliveira,Divinópolis,Divinópolis
311410,3114105,Carmo de Minas,MG,31,Minas Gerais,Sudeste,Sul/Sudoeste de Minas,São Lourenço,São Lourenço,Pouso Alegre
311420,3114204,Carmo do Cajuru,MG,31,Minas Gerais,Sudeste,Oeste de Minas,Divinópolis,Divinópolis,Divinópolis
311430,3114303,Carmo do Paranaíba,MG,31,Minas Gerais,Sudeste,Triângulo Mineiro/Alto Paranaíba,Patos de Minas,Patos de Minas,Patos de Minas
311440,3114402,Carmo do Rio Claro,MG,31,Minas Gerais,Sudeste,Sul/Sudoeste de Minas,Alfenas,Passos,Varginha
311450,3114501,Carmópolis de Minas,MG,31,Minas Gerais,Sudeste,Oeste de Minas,Oliveira,Oliveira,Divinópolis
311455,3114550,Carneirinho,MG,31,Minas Gerais,Sudeste,Triângulo Mineiro/Alto Paranaíba,Frutal,Iturama,Uberaba
311460,3114600,Carrancas,MG,31,Minas Gerais,Sudeste,Campo das Vertentes,Lavras,Lavras,Varginha
311470,3114709,Carvalhópolis,MG,31,Minas Gerais,Sudeste,Sul/Sudoeste de Minas,Alfenas,Alfenas,Varginha
311480,3114808,Carvalhos,MG,31,Minas Gerais,Sudeste,Sul/Sudoeste de Minas,Andrelândia,Caxambu - Baependi,Pouso Alegre
311490,3114907,Casa Grande,MG,31,Minas Gerais,Sudeste,Metropolitana de Belo Horizonte,Conselheiro Lafaiete,Conselheiro Lafaiete,Barbacena
311500,3115003,Cascalho Rico,MG,31,Minas Gerais,Sudeste,Triângulo Mineiro/Alto Paranaíba,Uberlândia,Uberlândia,Uberlândia
311510,3115102,Cássia,MG,31,Minas Gerais,Sudeste,Sul/Sudoeste de Minas,Passos,Passos,Varginha
311520,3115201,Conceição da Barra de Minas,MG,31,Minas Gerais,Sudeste,Campo das Vertentes,São João Del Rei,São João del Rei,Barbacena
311530,3115300,Cataguases,MG,31,Minas Gerais,Sudeste,Zona da Mata,Cataguases,Cataguases,Juíz de Fora
311535,3115359,Catas Altas,MG,31,Minas Gerais,Sudeste,Metropolitana de Belo Horizonte,Itabira,Santa Bárbara - Ouro Preto,Belo Horizonte
311540,3115409,Catas Altas da Noruega,MG,31,Minas Gerais,Sudeste,Metropolitana de Belo Horizonte,Conselheiro Lafaiete,Conselheiro Lafaiete,Barbacena
311545,3115458,Catuji,MG,31,Minas Gerais,Sudeste,Vale do Mucuri,Teófilo Otoni,Teófilo Otoni,Teófilo Otoni
311547,3115474,Catuti,MG,31,Minas Gerais,Sudeste,Norte de Minas,Janaúba,Espinosa,Montes Claros
311550,3115508,Caxambu,MG,31,Minas Gerais,Sudeste,Sul/Sudoeste de Minas,São Lourenço,Caxambu - Baependi,Pouso Alegre
311560,3115607,Cedro do Abaeté,MG,31,Minas Gerais,Sudeste,Central Mineira,Três Marias,Abaeté,Divinópolis
311570,3115706,Central de Minas,MG,31,Minas Gerais,Sudeste,Vale do Rio Doce,Mantena,Mantena,Governador Valadares
311580,3115805,Centralina,MG,31,Minas Gerais,Sudeste,Triângulo Mineiro/Alto Paranaíba,Uberlândia,Uberlândia,Uberlândia
311590,3115904,Chácara,MG,31,Minas Gerais,Sudeste,Zona da Mata,Juiz de Fora,Juiz de Fora,Juíz de Fora
311600,3116001,Chalé,MG,31,Minas Gerais,Sudeste,Zona da Mata,Manhuaçu,Manhuaçu,Juíz de Fora
311610,3116100,Chapada do Norte,MG,31,Minas Gerais,Sudeste,Jequitinhonha,Capelinha,Capelinha,Teófilo Otoni
311615,3116159,Chapada Gaúcha,MG,31,Minas Gerais,Sudeste,Norte de Minas,Januária,São Francisco,Montes Claros
311620,3116209,Chiador,MG,31,Minas Gerais,Sudeste,Zona da Mata,Juiz de Fora,Juiz de Fora,Juíz de Fora
311630,3116308,Cipotânea,MG,31,Minas Gerais,Sudeste,Zona da Mata,Viçosa,Barbacena,Barbacena
311640,3116407,Claraval,MG,31,Minas Gerais,Sudeste,Sul/Sudoeste de Minas,Passos,Passos,Varginha
311650,3116506,Claro dos Poções,MG,31,Minas Gerais,Sudeste,Norte de Minas,Montes Claros,Montes Claros,Montes Claros
311660,3116605,Cláudio,MG,31,Minas Gerais,Sudeste,Oeste de Minas,Divinópolis,Divinópolis,Divinópolis
311670,3116704,Coimbra,MG,31,Minas Gerais,Sudeste,Zona da Mata,Viçosa,Viçosa,Juíz de Fora
311680,3116803,Coluna,MG,31,Minas Gerais,Sudeste,Vale do Rio Doce,Guanhães,Guanhães,Governador Valadares
311690,3116902,Comendador Gomes,MG,31,Minas Gerais,Sudeste,Triângulo Mineiro/Alto Paranaíba,Frutal,Frutal,Uberaba
311700,3117009,Comercinho,MG,31,Minas Gerais,Sudeste,Jequitinhonha,Pedra Azul,Pedra Azul,Teófilo Otoni
311710,3117108,Conceição da Aparecida,MG,31,Minas Gerais,Sudeste,Sul/Sudoeste de Minas,Alfenas,Alfenas,Varginha
311720,3117207,Conceição das Pedras,MG,31,Minas Gerais,Sudeste,Sul/Sudoeste de Minas,Santa Rita do Sapucaí,Itajubá,Pouso Alegre
311730,3117306,Conceição das Alagoas,MG,31,Minas Gerais,Sudeste,Triângulo Mineiro/Alto Paranaíba,Uberaba,Uberaba,Uberaba
311740,3117405,Conceição de Ipanema,MG,31,Minas Gerais,Sudeste,Vale do Rio Doce,Aimorés,Manhuaçu,Juíz de Fora
311750,3117504,Conceição do Mato Dentro,MG,31,Minas Gerais,Sudeste,Metropolitana de Belo Horizonte,Conceição do Mato Dentro,Sete Lagoas,Belo Horizonte
311760,3117603,Conceição do Pará,MG,31,Minas Gerais,Sudeste,Oeste de Minas,Divinópolis,Divinópolis,Divinópolis
311770,3117702,Conceição do Rio Verde,MG,31,Minas Gerais,Sudeste,Sul/Sudoeste de Minas,São Lourenço,São Lourenço,Pouso Alegre
311780,3117801,Conceição dos Ouros,MG,31,Minas Gerais,Sudeste,Sul/Sudoeste de Minas,Santa Rita do Sapucaí,Pouso Alegre,Pouso Alegre
311783,3117836,Cônego Marinho,MG,31,Minas Gerais,Sudeste,Norte de Minas,Januária,Januária,Montes Claros
311787,3117876,Confins,MG,31,Minas Gerais,Sudeste,Metropolitana de Belo Horizonte,Belo Horizonte,Belo Horizonte,Belo Horizonte
311790,3117900,Congonhal,MG,31,Minas Gerais,Sudeste,Sul/Sudoeste de Minas,Pouso Alegre,Pouso Alegre,Pouso Alegre
311800,3118007,Congonhas,MG,31,Minas Gerais,Sudeste,Metropolitana de Belo Horizonte,Conselheiro Lafaiete,Conselheiro Lafaiete,Barbacena
311810,3118106,Congonhas do Norte,MG,31,Minas Gerais,Sudeste,Metropolitana de Belo Horizonte,Conceição do Mato Dentro,Sete Lagoas,Belo Horizonte
311820,3118205,Conquista,MG,31,Minas Gerais,Sudeste,Triângulo Mineiro/Alto Paranaíba,Uberaba,Uberaba,Uberaba
311830,3118304,Conselheiro Lafaiete,MG,31,Minas Gerais,Sudeste,Metropolitana de Belo Horizonte,Conselheiro Lafaiete,Conselheiro Lafaiete,Barbacena
311840,3118403,Conselheiro Pena,MG,31,Minas Gerais,Sudeste,Vale do Rio Doce,Aimorés,Governador Valadares,Governador Valadares
311850,3118502,Consolação,MG,31,Minas Gerais,Sudeste,Sul/Sudoeste de Minas,Itajubá,Pouso Alegre,Pouso Alegre
311860,3118601,Contagem,MG,31,Minas Gerais,Sudeste,Metropolitana de Belo Horizonte,Belo Horizonte,Belo Horizonte,Belo Horizonte
311870,3118700,Coqueiral,MG,31,Minas Gerais,Sudeste,Sul/Sudoeste de Minas,Varginha,Três Pontas - Boa Esperança,Varginha
311880,3118809,Coração de Jesus,MG,31,Minas Gerais,Sudeste,Norte de Minas,Montes Claros,Montes Claros,Montes Claros
311890,3118908,Cordisburgo,MG,31,Minas Gerais,Sudeste,Metropolitana de Belo Horizonte,Sete Lagoas,Sete Lagoas,Belo Horizonte
311900,3119005,Cordislândia,MG,31,Minas Gerais,Sudeste,Sul/Sudoeste de Minas,Santa Rita do Sapucaí,Varginha,Varginha
311910,3119104,Corinto,MG,31,Minas Gerais,Sudeste,Central Mineira,Curvelo,Curvelo,Belo Horizonte
311920,3119203,Coroaci,MG,31,Minas Gerais,Sudeste,Vale do Rio Doce,Governador Valadares,Governador Valadares,Governador Valadares
311930,3119302,Coromandel,MG,31,Minas Gerais,Sudeste,Triângulo Mineiro/Alto Paranaíba,Patrocínio,Patrocínio,Patos de Minas
311940,3119401,Coronel Fabriciano,MG,31,Minas Gerais,Sudeste,Vale do Rio Doce,Ipatinga,Ipatinga,Ipatinga
311950,3119500,Coronel Murta,MG,31,Minas Gerais,Sudeste,Jequitinhonha,Araçuaí,Araçuaí,Teófilo Otoni
311960,3119609,Coronel Pacheco,MG,31,Minas Gerais,Sudeste,Zona da Mata,Juiz de Fora,Juiz de Fora,Juíz de Fora
311970,3119708,Coronel Xavier Chaves,MG,31,Minas Gerais,Sudeste,Campo das Vertentes,São João Del Rei,São João del Rei,Barbacena
311980,3119807,Córrego Danta,MG,31,Minas Gerais,Sudeste,Oeste de Minas,Piuí,Formiga,Divinópolis
311990,3119906,Córrego do Bom Jesus,MG,31,Minas Gerais,Sudeste,Sul/Sudoeste de Minas,Pouso Alegre,Pouso Alegre,Pouso Alegre
311995,3119955,Córrego Fundo,MG,31,Minas Gerais,Sudeste,Oeste de Minas,Formiga,Formiga,Divinópolis
312000,3120003,Córrego Novo,MG,31,Minas Gerais,Sudeste,Vale do Rio Doce,Caratinga,Caratinga,Ipatinga
312010,3120102,Couto de Magalhães de Minas,MG,31,Minas Gerais,Sudeste,Jequitinhonha,Diamantina,Diamantina,Teófilo Otoni
312015,3120151,Crisólita,MG,31,Minas Gerais,Sudeste,Vale do Mucuri,Nanuque,Águas Formosas,Teófilo Otoni
312020,3120201,Cristais,MG,31,Minas Gerais,Sudeste,Oeste de Minas,Campo Belo,Campo Belo,Varginha
312030,3120300,Cristália,MG,31,Minas Gerais,Sudeste,Norte de Minas,Grão Mogol,Montes Claros,Montes Claros
312040,3120409,Cristiano Otoni,MG,31,Minas Gerais,Sudeste,Metropolitana de Belo Horizonte,Conselheiro Lafaiete,Conselheiro Lafaiete,Barbacena
312050,3120508,Cristina,MG,31,Minas Gerais,Sudeste,Sul/Sudoeste de Minas,Itajubá,São Lourenço,Pouso Alegre
312060,3120607,Crucilândia,MG,31,Minas Gerais,Sudeste,Metropolitana de Belo Horizonte,Itaguara,Oliveira,Divinópolis
312070,3120706,Cruzeiro da Fortaleza,MG,31,Minas Gerais,Sudeste,Triângulo Mineiro/Alto Paranaíba,Patrocínio,Patrocínio,Patos de Minas
312080,3120805,Cruzília,MG,31,Minas Gerais,Sudeste,Sul/Sudoeste de Minas,Andrelândia,Caxambu - Baependi,Pouso Alegre
312083,3120839,Cuparaque,MG,31,Minas Gerais,Sudeste,Vale do Rio Doce,Aimorés,Aimorés - Resplendor,Governador Valadares
312087,3120870,Curral de Dentro,MG,31,Minas Gerais,Sudeste,Norte de Minas,Salinas,Salinas,Montes Claros
312090,3120904,Curvelo,MG,31,Minas Gerais,Sudeste,Central Mineira,Curvelo,Curvelo,Belo Horizonte
312100,3121001,Datas,MG,31,Minas Gerais,Sudeste,Jequitinhonha,Diamantina,Diamantina,Teófilo Otoni
312110,3121100,Delfim Moreira,MG,31,Minas Gerais,Sudeste,Sul/Sudoeste de Minas,Itajubá,Itajubá,Pouso Alegre
312120,3121209,Delfinópolis,MG,31,Minas Gerais,Sudeste,Sul/Sudoeste de Minas,Passos,Passos,Varginha
312125,3121258,Delta,MG,31,Minas Gerais,Sudeste,Triângulo Mineiro/Alto Paranaíba,Uberaba,Uberaba,Uberaba
312130,3121308,Descoberto,MG,31,Minas Gerais,Sudeste,Zona da Mata,Juiz de Fora,São João Nepomuceno - Bicas,Juíz de Fora
312140,3121407,Desterro de Entre Rios,MG,31,Minas Gerais,Sudeste,Metropolitana de Belo Horizonte,Conselheiro Lafaiete,Conselheiro Lafaiete,Barbacena
312150,3121506,Desterro do Melo,MG,31,Minas Gerais,Sudeste,Campo das Vertentes,Barbacena,Barbacena,Barbacena
312160,3121605,Diamantina,MG,31,Minas Gerais,Sudeste,Jequitinhonha,Diamantina,Diamantina,Teófilo Otoni
312170,3121704,Diogo de Vasconcelos,MG,31,Minas Gerais,Sudeste,Metropolitana de Belo Horizonte,Ouro Preto,Ponte Nova,Juíz de Fora
312180,3121803,Dionísio,MG,31,Minas Gerais,Sudeste,Metropolitana de Belo Horizonte,Itabira,Ipatinga,Ipatinga
312190,3121902,Divinésia,MG,31,Minas Gerais,Sudeste,Zona da Mata,Ubá,Ubá,Juíz de Fora
312200,3122009,Divino,MG,31,Minas Gerais,Sudeste,Zona da Mata,Muriaé,Carangola,Juíz de Fora
312210,3122108,Divino das Laranjeiras,MG,31,Minas Gerais,Sudeste,Vale do Rio Doce,Governador Valadares,Governador Valadares,Governador Valadares
312220,3122207,Divinolândia de Minas,MG,31,Minas Gerais,Sudeste,Vale do Rio Doce,Guanhães,Guanhães,Governador Valadares
312230,3122306,Divinópolis,MG,31,Minas Gerais,Sudeste,Oeste de Minas,Divinópolis,Divinópolis,Divinópolis
312235,3122355,Divisa Alegre,MG,31,Minas Gerais,Sudeste,Norte de Minas,Salinas,Pedra Azul,Teófilo Otoni
312240,3122405,Divisa Nova,MG,31,Minas Gerais,Sudeste,Sul/Sudoeste de Minas,Alfenas,Alfenas,Varginha
312245,3122454,Divisópolis,MG,31,Minas Gerais,Sudeste,Jequitinhonha,Almenara,Pedra Azul,Teófilo Otoni
312247,3122470,Dom Bosco,MG,31,Minas Gerais,Sudeste,Noroeste de Minas,Unaí,Unaí,Patos de Minas
312250,3122504,Dom Cavati,MG,31,Minas Gerais,Sudeste,Vale do Rio Doce,Caratinga,Ipatinga,Ipatinga
312260,3122603,Dom Joaquim,MG,31,Minas Gerais,Sudeste,Metropolitana de Belo Horizonte,Conceição do Mato Dentro,Guanhães,Governador Valadares
312270,3122702,Dom Silvério,MG,31,Minas Gerais,Sudeste,Zona da Mata,Ponte Nova,Ponte Nova,Juíz de Fora
312280,3122801,Dom Viçoso,MG,31,Minas Gerais,Sudeste,Sul/Sudoeste de Minas,Itajubá,São Lourenço,Pouso Alegre
312290,3122900,Dona Euzébia,MG,31,Minas Gerais,Sudeste,Zona da Mata,Cataguases,Cataguases,Juíz de Fora
312300,3123007,Dores de Campos,MG,31,Minas Gerais,Sudeste,Campo das Vertentes,São João Del Rei,Barbacena,Barbacena
312310,3123106,Dores de Guanhães,MG,31,Minas Gerais,Sudeste,Vale do Rio Doce,Guanhães,Guanhães,Governador Valadares
312320,3123205,Dores do Indaiá,MG,31,Minas Gerais,Sudeste,Central Mineira,Bom Despacho,Dores do Indaiá,Divinópolis
312330,3123304,Dores do Turvo,MG,31,Minas Gerais,Sudeste,Zona da Mata,Ubá,Ubá,Juíz de Fora
312340,3123403,Doresópolis,MG,31,Minas Gerais,Sudeste,Oeste de Minas,Piuí,Piumhi,Varginha
312350,3123502,Douradoquara,MG,31,Minas Gerais,Sudeste,Triângulo Mineiro/Alto Paranaíba,Patrocínio,Monte Carmelo,Uberlândia
312352,3123528,Durandé,MG,31,Minas Gerais,Sudeste,Zona da Mata,Manhuaçu,Manhuaçu,Juíz de Fora
312360,3123601,Elói Mendes,MG,31,Minas Gerais,Sudeste,Sul/Sudoeste de Minas,Varginha,Varginha,Varginha
312370,3123700,Engenheiro Caldas,MG,31,Minas Gerais,Sudeste,Vale do Rio Doce,Governador Valadares,Governador Valadares,Governador Valadares
312380,3123809,Engenheiro Navarro,MG,31,Minas Gerais,Sudeste,Norte de Minas,Bocaiúva,Montes Claros,Montes Claros
312385,3123858,Entre Folhas,MG,31,Minas Gerais,Sudeste,Vale do Rio Doce,Caratinga,Caratinga,Ipatinga
312390,3123908,Entre Rios de Minas,MG,31,Minas Gerais,Sudeste,Metropolitana de Belo Horizonte,Conselheiro Lafaiete,Conselheiro Lafaiete,Barbacena
312400,3124005,Ervália,MG,31,Minas Gerais,Sudeste,Zona da Mata,Viçosa,Viçosa,Juíz de Fora
312410,3124104,Esmeraldas,MG,31,Minas Gerais,Sudeste,Metropolitana de Belo Horizonte,Belo Horizonte,Belo Horizonte,Belo Horizonte
312420,3124203,Espera Feliz,MG,31,Minas Gerais,Sudeste,Zona da Mata,Muriaé,Carangola,Juíz de Fora
312430,3124302,Espinosa,MG,31,Minas Gerais,Sudeste,Norte de Minas,Janaúba,Espinosa,Montes Claros
312440,3124401,Espírito Santo do Dourado,MG,31,Minas Gerais,Sudeste,Sul/Sudoeste de Minas,Pouso Alegre,Pouso Alegre,Pouso Alegre
312450,3124500,Estiva,MG,31,Minas Gerais,Sudeste,Sul/Sudoeste de Minas,Pouso Alegre,Pouso Alegre,Pouso Alegre
312460,3124609,Estrela Dalva,MG,31,Minas Gerais,Sudeste,Zona da Mata,Cataguases,Além Paraíba,Juíz de Fora
312470,3124708,Estrela do Indaiá,MG,31,Minas Gerais,Sudeste,Central Mineira,Bom Despacho,Dores do Indaiá,Divinópolis
312480,3124807,Estrela do Sul,MG,31,Minas Gerais,Sudeste,Triângulo Mineiro/Alto Paranaíba,Patrocínio,Monte Carmelo,Uberlândia
312490,3124906,Eugenópolis,MG,31,Minas Gerais,Sudeste,Zona da Mata,Muriaé,Muriaé,Juíz de Fora
312500,3125002,Ewbank da Câmara,MG,31,Minas Gerais,Sudeste,Zona da Mata,Juiz de Fora,Juiz de Fora,Juíz de Fora
312510,3125101,Extrema,MG,31,Minas Gerais,Sudeste,Sul/Sudoeste de Minas,Pouso Alegre,Pouso Alegre,Pouso Alegre
312520,3125200,Fama,MG,31,Minas Gerais,Sudeste,Sul/Sudoeste de Minas,Alfenas,Alfenas,Varginha
312530,3125309,Faria Lemos,MG,31,Minas Gerais,Sudeste,Zona da Mata,Muriaé,Carangola,Juíz de Fora
312540,3125408,Felício dos Santos,MG,31,Minas Gerais,Sudeste,Jequitinhonha,Diamantina,Diamantina,Teófilo Otoni
312550,3125507,São Gonçalo do Rio Preto,MG,31,Minas Gerais,Sudeste,Jequitinhonha,Diamantina,Diamantina,Teófilo Otoni
312560,3125606,Felisburgo,MG,31,Minas Gerais,Sudeste,Jequitinhonha,Almenara,Almenara,Teófilo Otoni
312570,3125705,Felixlândia,MG,31,Minas Gerais,Sudeste,Central Mineira,Curvelo,Curvelo,Belo Horizonte
312580,3125804,Fernandes Tourinho,MG,31,Minas Gerais,Sudeste,Vale do Rio Doce,Governador Valadares,Governador Valadares,Governador Valadares
312590,3125903,Ferros,MG,31,Minas Gerais,Sudeste,Metropolitana de Belo Horizonte,Itabira,Itabira,Belo Horizonte
312595,3125952,Fervedouro,MG,31,Minas Gerais,Sudeste,Zona da Mata,Muriaé,Muriaé,Juíz de Fora
312600,3126000,Florestal,MG,31,Minas Gerais,Sudeste,Metropolitana de Belo Horizonte,Pará de Minas,Belo Horizonte,Belo Horizonte
312610,3126109,Formiga,MG,31,Minas Gerais,Sudeste,Oeste de Minas,Formiga,Formiga,Divinópolis
312620,3126208,Formoso,MG,31,Minas Gerais,Sudeste,Noroeste de Minas,Unaí,Unaí,Patos de Minas
312630,3126307,Fortaleza de Minas,MG,31,Minas Gerais,Sudeste,Sul/Sudoeste de Minas,Passos,Passos,Varginha
312640,3126406,Fortuna de Minas,MG,31,Minas Gerais,Sudeste,Metropolitana de Belo Horizonte,Sete Lagoas,Sete Lagoas,Belo Horizonte
312650,3126505,Francisco Badaró,MG,31,Minas Gerais,Sudeste,Jequitinhonha,Capelinha,Araçuaí,Teófilo Otoni
312660,3126604,Francisco Dumont,MG,31,Minas Gerais,Sudeste,Norte de Minas,Bocaiúva,Montes Claros,Montes Claros
312670,3126703,Francisco Sá,MG,31,Minas Gerais,Sudeste,Norte de Minas,Montes Claros,Montes Claros,Montes Claros
312675,3126752,Franciscópolis,MG,31,Minas Gerais,Sudeste,Vale do Mucuri,Teófilo Otoni,Teófilo Otoni,Teófilo Otoni
312680,3126802,Frei Gaspar,MG,31,Minas Gerais,Sudeste,Vale do Mucuri,Teófilo Otoni,Teófilo Otoni,Teófilo Otoni
312690,3126901,Frei Inocêncio,MG,31,Minas Gerais,Sudeste,Vale do Rio Doce,Governador Valadares,Governador Valadares,Governador Valadares
312695,3126950,Frei Lagonegro,MG,31,Minas Gerais,Sudeste,Vale do Rio Doce,Peçanha,Guanhães,Governador Valadares
312700,3127008,Fronteira,MG,31,Minas Gerais,Sudeste,Triângulo Mineiro/Alto Paranaíba,Frutal,Frutal,Uberaba
312705,3127057,Fronteira dos Vales,MG,31,Minas Gerais,Sudeste,Vale do Mucuri,Nanuque,Águas Formosas,Teófilo Otoni
312707,3127073,Fruta de Leite,MG,31,Minas Gerais,Sudeste,Norte de Minas,Salinas,Salinas,Montes Claros
312710,3127107,Frutal,MG,31,Minas Gerais,Sudeste,Triângulo Mineiro/Alto Paranaíba,Frutal,Frutal,Uberaba
312720,3127206,Funilândia,MG,31,Minas Gerais,Sudeste,Metropolitana de Belo Horizonte,Sete Lagoas,Sete Lagoas,Belo Horizonte
312730,3127305,Galiléia,MG,31,Minas Gerais,Sudeste,Vale do Rio Doce,Governador Valadares,Governador Valadares,Governador Valadares
312733,3127339,Gameleiras,MG,31,Minas Gerais,Sudeste,Norte de Minas,Janaúba,Espinosa,Montes Claros
312735,3127354,Glaucilândia,MG,31,Minas Gerais,Sudeste,Norte de Minas,Montes Claros,Montes Claros,Montes Claros
312737,3127370,Goiabeira,MG,31,Minas Gerais,Sudeste,Vale do Rio Doce,Aimorés,Governador Valadares,Governador Valadares
312738,3127388,Goianá,MG,31,Minas Gerais,Sudeste,Zona da Mata,Juiz de Fora,Juiz de Fora,Juíz de Fora
312740,3127404,Gonçalves,MG,31,Minas Gerais,Sudeste,Sul/Sudoeste de Minas,Pouso Alegre,Itajubá,Pouso Alegre
312750,3127503,Gonzaga,MG,31,Minas Gerais,Sudeste,Vale do Rio Doce,Guanhães,Governador Valadares,Governador Valadares
312760,3127602,Gouveia,MG,31,Minas Gerais,Sudeste,Jequitinhonha,Diamantina,Diamantina,Teófilo Otoni
312770,3127701,Governador Valadares,MG,31,Minas Gerais,Sudeste,Vale do Rio Doce,Governador Valadares,Governador Valadares,Governador Valadares
312780,3127800,Grão Mogol,MG,31,Minas Gerais,Sudeste,Norte de Minas,Grão Mogol,Montes Claros,Montes Claros
312790,3127909,Grupiara,MG,31,Minas Gerais,Sudeste,Triângulo Mineiro/Alto Paranaíba,Patrocínio,Monte Carmelo,Uberlândia
312800,3128006,Guanhães,MG,31,Minas Gerais,Sudeste,Vale do Rio Doce,Guanhães,Guanhães,Governador Valadares
312810,3128105,Guapé,MG,31,Minas Gerais,Sudeste,Sul/Sudoeste de Minas,Varginha,Passos,Varginha
312820,3128204,Guaraciaba,MG,31,Minas Gerais,Sudeste,Zona da Mata,Ponte Nova,Ponte Nova,Juíz de Fora
312825,3128253,Guaraciama,MG,31,Minas Gerais,Sudeste,Norte de Minas,Bocaiúva,Montes Claros,Montes Claros
312830,3128303,Guaranésia,MG,31,Minas Gerais,Sudeste,Sul/Sudoeste de Minas,São Sebastião do Paraíso,Guaxupé,Varginha
312840,3128402,Guarani,MG,31,Minas Gerais,Sudeste,Zona da Mata,Ubá,Ubá,Juíz de Fora
312850,3128501,Guarará,MG,31,Minas Gerais,Sudeste,Zona da Mata,Juiz de Fora,São João Nepomuceno - Bicas,Juíz de Fora
312860,3128600,Guarda-Mor,MG,31,Minas Gerais,Sudeste,Noroeste de Minas,Paracatu,Patos de Minas,Patos de Minas
312870,3128709,Guaxupé,MG,31,Minas Gerais,Sudeste,Sul/Sudoeste de Minas,São Sebastião do Paraíso,Guaxupé,Varginha
312880,3128808,Guidoval,MG,31,Minas Gerais,Sudeste,Zona da Mata,Ubá,Ubá,Juíz de Fora
312890,3128907,Guimarânia,MG,31,Minas Gerais,Sudeste,Triângulo Mineiro/Alto Paranaíba,Patos de Minas,Patrocínio,Patos de Minas
312900,3129004,Guiricema,MG,31,Minas Gerais,Sudeste,Zona da Mata,Ubá,Ubá,Juíz de Fora
312910,3129103,Gurinhatã,MG,31,Minas Gerais,Sudeste,Triângulo Mineiro/Alto Paranaíba,Ituiutaba,Ituiutaba,Uberlândia
312920,3129202,Heliodora,MG,31,Minas Gerais,Sudeste,Sul/Sudoeste de Minas,Santa Rita do Sapucaí,Pouso Alegre,Pouso Alegre
312930,3129301,Iapu,MG,31,Minas Gerais,Sudeste,Vale do Rio Doce,Caratinga,Ipatinga,Ipatinga
312940,3129400,Ibertioga,MG,31,Minas Gerais,Sudeste,Campo das Vertentes,Barbacena,Barbacena,Barbacena
312950,3129509,Ibiá,MG,31,Minas Gerais,Sudeste,Triângulo Mineiro/Alto Paranaíba,Araxá,Araxá,Uberaba
312960,3129608,Ibiaí,MG,31,Minas Gerais,Sudeste,Norte de Minas,Pirapora,Pirapora,Montes Claros
312965,3129657,Ibiracatu,MG,31,Minas Gerais,Sudeste,Norte de Minas,Montes Claros,Montes Claros,Montes Claros
312970,3129707,Ibiraci,MG,31,Minas Gerais,Sudeste,Sul/Sudoeste de Minas,Passos,Passos,Varginha
312980,3129806,Ibirité,MG,31,Minas Gerais,Sudeste,Metropolitana de Belo Horizonte,Belo Horizonte,Belo Horizonte,Belo Horizonte
312990,3129905,Ibitiúra de Minas,MG,31,Minas Gerais,Sudeste,Sul/Sudoeste de Minas,Poços de Caldas,Poços de Caldas,Pouso Alegre
313000,3130002,Ibituruna,MG,31,Minas Gerais,Sudeste,Oeste de Minas,Oliveira,Lavras,Varginha
313005,3130051,Icaraí de Minas,MG,31,Minas Gerais,Sudeste,Norte de Minas,Januária,São Francisco,Montes Claros
313010,3130101,Igarapé,MG,31,Minas Gerais,Sudeste,Metropolitana de Belo Horizonte,Belo Horizonte,Belo Horizonte,Belo Horizonte
313020,3130200,Igaratinga,MG,31,Minas Gerais,Sudeste,Oeste de Minas,Divinópolis,Pará de Minas,Divinópolis
313030,3130309,Iguatama,MG,31,Minas Gerais,Sudeste,Oeste de Minas,Piuí,Formiga,Divinópolis
313040,3130408,Ijaci,MG,31,Minas Gerais,Sudeste,Campo das Vertentes,Lavras,Lavras,Varginha
313050,3130507,Ilicínea,MG,31,Minas Gerais,Sudeste,Sul/Sudoeste de Minas,Varginha,Três Pontas - Boa Esperança,Varginha
313055,3130556,Imbé de Minas,MG,31,Minas Gerais,Sudeste,Vale do Rio Doce,Caratinga,Caratinga,Ipatinga
313060,3130606,Inconfidentes,MG,31,Minas Gerais,Sudeste,Sul/Sudoeste de Minas,Poços de Caldas,Pouso Alegre,Pouso Alegre
313065,3130655,Indaiabira,MG,31,Minas Gerais,Sudeste,Norte de Minas,Salinas,Salinas,Montes Claros
313070,3130705,Indianópolis,MG,31,Minas Gerais,Sudeste,Triângulo Mineiro/Alto Paranaíba,Uberlândia,Uberlândia,Uberlândia
313080,3130804,Ingaí,MG,31,Minas Gerais,Sudeste,Campo das Vertentes,Lavras,Lavras,Varginha
313090,3130903,Inhapim,MG,31,Minas Gerais,Sudeste,Vale do Rio Doce,Caratinga,Caratinga,Ipatinga
313100,3131000,Inhaúma,MG,31,Minas Gerais,Sudeste,Metropolitana de Belo Horizonte,Sete Lagoas,Sete Lagoas,Belo Horizonte
313110,3131109,Inimutaba,MG,31,Minas Gerais,Sudeste,Central Mineira,Curvelo,Curvelo,Belo Horizonte
313115,3131158,Ipaba,MG,31,Minas Gerais,Sudeste,Vale do Rio Doce,Caratinga,Ipatinga,Ipatinga
313120,3131208,Ipanema,MG,31,Minas Gerais,Sudeste,Vale do Rio Doce,Aimorés,Manhuaçu,Juíz de Fora
313130,3131307,Ipatinga,MG,31,Minas Gerais,Sudeste,Vale do Rio Doce,Ipatinga,Ipatinga,Ipatinga
313140,3131406,Ipiaçu,MG,31,Minas Gerais,Sudeste,Triângulo Mineiro/Alto Paranaíba,Ituiutaba,Ituiutaba,Uberlândia
313150,3131505,Ipuiúna,MG,31,Minas Gerais,Sudeste,Sul/Sudoeste de Minas,Pouso Alegre,Pouso Alegre,Pouso Alegre
313160,3131604,Iraí de Minas,MG,31,Minas Gerais,Sudeste,Triângulo Mineiro/Alto Paranaíba,Patrocínio,Monte Carmelo,Uberlândia
313170,3131703,Itabira,MG,31,Minas Gerais,Sudeste,Metropolitana de Belo Horizonte,Itabira,Itabira,Belo Horizonte
313180,3131802,Itabirinha,MG,31,Minas Gerais,Sudeste,Vale do Rio Doce,Mantena,Mantena,Governador Valadares
313190,3131901,Itabirito,MG,31,Minas Gerais,Sudeste,Metropolitana de Belo Horizonte,Ouro Preto,Santa Bárbara - Ouro Preto,Belo Horizonte
313200,3132008,Itacambira,MG,31,Minas Gerais,Sudeste,Norte de Minas,Grão Mogol,Montes Claros,Montes Claros
313210,3132107,Itacarambi,MG,31,Minas Gerais,Sudeste,Norte de Minas,Januária,Januária,Montes Claros
313220,3132206,Itaguara,MG,31,Minas Gerais,Sudeste,Metropolitana de Belo Horizonte,Itaguara,Oliveira,Divinópolis
313230,3132305,Itaipé,MG,31,Minas Gerais,Sudeste,Vale do Mucuri,Teófilo Otoni,Teófilo Otoni,Teófilo Otoni
313240,3132404,Itajubá,MG,31,Minas Gerais,Sudeste,Sul/Sudoeste de Minas,Itajubá,Itajubá,Pouso Alegre
313250,3132503,Itamarandiba,MG,31,Minas Gerais,Sudeste,Jequitinhonha,Capelinha,Capelinha,Teófilo Otoni
313260,3132602,Itamarati de Minas,MG,31,Minas Gerais,Sudeste,Zona da Mata,Cataguases,Cataguases,Juíz de Fora
313270,3132701,Itambacuri,MG,31,Minas Gerais,Sudeste,Vale do Rio Doce,Governador Valadares,Teófilo Otoni,Teófilo Otoni
313280,3132800,Itambé do Mato Dentro,MG,31,Minas Gerais,Sudeste,Metropolitana de Belo Horizonte,Conceição do Mato Dentro,Itabira,Belo Horizonte
313290,3132909,Itamogi,MG,31,Minas Gerais,Sudeste,Sul/Sudoeste de Minas,São Sebastião do Paraíso,São Sebastião do Paraíso,Varginha
313300,3133006,Itamonte,MG,31,Minas Gerais,Sudeste,Sul/Sudoeste de Minas,São Lourenço,São Lourenço,Pouso Alegre
313310,3133105,Itanhandu,MG,31,Minas Gerais,Sudeste,Sul/Sudoeste de Minas,São Lourenço,São Lourenço,Pouso Alegre
313320,3133204,Itanhomi,MG,31,Minas Gerais,Sudeste,Vale do Rio Doce,Governador Valadares,Governador Valadares,Governador Valadares
313330,3133303,Itaobim,MG,31,Minas Gerais,Sudeste,Jequitinhonha,Pedra Azul,Teófilo Otoni,Teófilo Otoni
313340,3133402,Itapagipe,MG,31,Minas Gerais,Sudeste,Triângulo Mineiro/Alto Paranaíba,Frutal,Frutal,Uberaba
313350,3133501,Itapecerica,MG,31,Minas Gerais,Sudeste,Oeste de Minas,Formiga,Divinópolis,Divinópolis
313360,3133600,Itapeva,MG,31,Minas Gerais,Sudeste,Sul/Sudoeste de Minas,Pouso Alegre,Pouso Alegre,Pouso Alegre
313370,3133709,Itatiaiuçu,MG,31,Minas Gerais,Sudeste,Metropolitana de Belo Horizonte,Itaguara,Divinópolis,Divinópolis
313375,3133758,Itaú de Minas,MG,31,Minas Gerais,Sudeste,Sul/Sudoeste de Minas,Passos,Passos,Varginha
313380,3133808,Itaúna,MG,31,Minas Gerais,Sudeste,Oeste de Minas,Divinópolis,Divinópolis,Divinópolis
313390,3133907,Itaverava,MG,31,Minas Gerais,Sudeste,Metropolitana de Belo Horizonte,Conselheiro Lafaiete,Conselheiro Lafaiete,Barbacena
313400,3134004,Itinga,MG,31,Minas Gerais,Sudeste,Jequitinhonha,Araçuaí,Araçuaí,Teófilo Otoni
313410,3134103,Itueta,MG,31,Minas Gerais,Sudeste,Vale do Rio Doce,Aimorés,Aimorés - Resplendor,Governador Valadares
313420,3134202,Ituiutaba,MG,31,Minas Gerais,Sudeste,Triângulo Mineiro/Alto Paranaíba,Ituiutaba,Ituiutaba,Uberlândia
313430,3134301,Itumirim,MG,31,Minas Gerais,Sudeste,Campo das Vertentes,Lavras,Lavras,Varginha
313440,3134400,Iturama,MG,31,Minas Gerais,Sudeste,Triângulo Mineiro/Alto Paranaíba,Frutal,Iturama,Uberaba
313450,3134509,Itutinga,MG,31,Minas Gerais,Sudeste,Campo das Vertentes,Lavras,Lavras,Varginha
313460,3134608,Jaboticatubas,MG,31,Minas Gerais,Sudeste,Metropolitana de Belo Horizonte,Sete Lagoas,Belo Horizonte,Belo Horizonte
313470,3134707,Jacinto,MG,31,Minas Gerais,Sudeste,Jequitinhonha,Almenara,Almenara,Teófilo Otoni
313480,3134806,Jacuí,MG,31,Minas Gerais,Sudeste,Sul/Sudoeste de Minas,São Sebastião do Paraíso,São Sebastião do Paraíso,Varginha
313490,3134905,Jacutinga,MG,31,Minas Gerais,Sudeste,Sul/Sudoeste de Minas,Poços de Caldas,Pouso Alegre,Pouso Alegre
313500,3135001,Jaguaraçu,MG,31,Minas Gerais,Sudeste,Vale do Rio Doce,Ipatinga,Ipatinga,Ipatinga
313505,3135050,Jaíba,MG,31,Minas Gerais,Sudeste,Norte de Minas,Janaúba,Janaúba,Montes Claros
313507,3135076,Jampruca,MG,31,Minas Gerais,Sudeste,Vale do Rio Doce,Governador Valadares,Governador Valadares,Governador Valadares
313510,3135100,Janaúba,MG,31,Minas Gerais,Sudeste,Norte de Minas,Janaúba,Janaúba,Montes Claros
313520,3135209,Januária,MG,31,Minas Gerais,Sudeste,Norte de Minas,Januária,Januária,Montes Claros
313530,3135308,Japaraíba,MG,31,Minas Gerais,Sudeste,Central Mineira,Bom Despacho,Divinópolis,Divinópolis
313535,3135357,Japonvar,MG,31,Minas Gerais,Sudeste,Norte de Minas,Montes Claros,Montes Claros,Montes Claros
313540,3135407,Jeceaba,MG,31,Minas Gerais,Sudeste,Metropolitana de Belo Horizonte,Itaguara,Conselheiro Lafaiete,Barbacena
313545,3135456,Jenipapo de Minas,MG,31,Minas Gerais,Sudeste,Jequitinhonha,Capelinha,Araçuaí,Teófilo Otoni
313550,3135506,Jequeri,MG,31,Minas Gerais,Sudeste,Zona da Mata,Ponte Nova,Ponte Nova,Juíz de Fora
313560,3135605,Jequitaí,MG,31,Minas Gerais,Sudeste,Norte de Minas,Pirapora,Montes Claros,Montes Claros
313570,3135704,Jequitibá,MG,31,Minas Gerais,Sudeste,Metropolitana de Belo Horizonte,Sete Lagoas,Sete Lagoas,Belo Horizonte
313580,3135803,Jequitinhonha,MG,31,Minas Gerais,Sudeste,Jequitinhonha,Almenara,Almenara,Teófilo Otoni
313590,3135902,Jesuânia,MG,31,Minas Gerais,Sudeste,Sul/Sudoeste de Minas,São Lourenço,São Lourenço,Pouso Alegre
313600,3136009,Joaíma,MG,31,Minas Gerais,Sudeste,Jequitinhonha,Almenara,Almenara,Teófilo Otoni
313610,3136108,Joanésia,MG,31,Minas Gerais,Sudeste,Vale do Rio Doce,Ipatinga,Ipatinga,Ipatinga
313620,3136207,João Monlevade,MG,31,Minas Gerais,Sudeste,Metropolitana de Belo Horizonte,Itabira,João Monlevade,Ipatinga
313630,3136306,João Pinheiro,MG,31,Minas Gerais,Sudeste,Noroeste de Minas,Paracatu,Patos de Minas,Patos de Minas
313640,3136405,Joaquim Felício,MG,31,Minas Gerais,Sudeste,Central Mineira,Curvelo,Montes Claros,Montes Claros
313650,3136504,Jordânia,MG,31,Minas Gerais,Sudeste,Jequitinhonha,Almenara,Almenara,Teófilo Otoni
313652,3136520,José Gonçalves de Minas,MG,31,Minas Gerais,Sudeste,Jequitinhonha,Capelinha,Araçuaí,Teófilo Otoni
313655,3136553,José Raydan,MG,31,Minas Gerais,Sudeste,Vale do Rio Doce,Peçanha,Guanhães,Governador Valadares
313657,3136579,Josenópolis,MG,31,Minas Gerais,Sudeste,Norte de Minas,Grão Mogol,Montes Claros,Montes Claros
313660,3136603,Nova União,MG,31,Minas Gerais,Sudeste,Metropolitana de Belo Horizonte,Itabira,Belo Horizonte,Belo Horizonte
313665,3136652,Juatuba,MG,31,Minas Gerais,Sudeste,Metropolitana de Belo Horizonte,Belo Horizonte,Belo Horizonte,Belo Horizonte
313670,3136702,Juiz de Fora,MG,31,Minas Gerais,Sudeste,Zona da Mata,Juiz de Fora,Juiz de Fora,Juíz de Fora
313680,3136801,Juramento,MG,31,Minas Gerais,Sudeste,Norte de Minas,Montes Claros,Montes Claros,Montes Claros
313690,3136900,Juruaia,MG,31,Minas Gerais,Sudeste,Sul/Sudoeste de Minas,São Sebastião do Paraíso,Guaxupé,Varginha
313695,3136959,Juvenília,MG,31,Minas Gerais,Sudeste,Norte de Minas,Januária,Januária,Montes Claros
313700,3137007,Ladainha,MG,31,Minas Gerais,Sudeste,Vale do Mucuri,Teófilo Otoni,Teófilo Otoni,Teófilo Otoni
313710,3137106,Lagamar,MG,31,Minas Gerais,Sudeste,Noroeste de Minas,Paracatu,Patos de Minas,Patos de Minas
313720,3137205,Lagoa da Prata,MG,31,Minas Gerais,Sudeste,Central Mineira,Bom Despacho,Divinópolis,Divinópolis
313730,3137304,Lagoa dos Patos,MG,31,Minas Gerais,Sudeste,Norte de Minas,Pirapora,Montes Claros,Montes Claros
313740,3137403,Lagoa Dourada,MG,31,Minas Gerais,Sudeste,Campo das Vertentes,São João Del Rei,São João del Rei,Barbacena
313750,3137502,Lagoa Formosa,MG,31,Minas Gerais,Sudeste,Triângulo Mineiro/Alto Paranaíba,Patos de Minas,Patos de Minas,Patos de Minas
313753,3137536,Lagoa Grande,MG,31,Minas Gerais,Sudeste,Noroeste de Minas,Paracatu,Patos de Minas,Patos de Minas
313760,3137601,Lagoa Santa,MG,31,Minas Gerais,Sudeste,Metropolitana de Belo Horizonte,Belo Horizonte,Belo Horizonte,Belo Horizonte
313770,3137700,Lajinha,MG,31,Minas Gerais,Sudeste,Zona da Mata,Manhuaçu,Manhuaçu,Juíz de Fora
313780,3137809,Lambari,MG,31,Minas Gerais,Sudeste,Sul/Sudoeste de Minas,São Lourenço,São Lourenço,Pouso Alegre
313790,3137908,Lamim,MG,31,Minas Gerais,Sudeste,Zona da Mata,Viçosa,Conselheiro Lafaiete,Barbacena
313800,3138005,Laranjal,MG,31,Minas Gerais,Sudeste,Zona da Mata,Cataguases,Cataguases,Juíz de Fora
313810,3138104,Lassance,MG,31,Minas Gerais,Sudeste,Norte de Minas,Pirapora,Pirapora,Montes Claros
313820,3138203,Lavras,MG,31,Minas Gerais,Sudeste,Campo das Vertentes,Lavras,Lavras,Varginha
313830,3138302,Leandro Ferreira,MG,31,Minas Gerais,Sudeste,Central Mineira,Bom Despacho,Divinópolis,Divinópolis
313835,3138351,Leme do Prado,MG,31,Minas Gerais,Sudeste,Jequitinhonha,Capelinha,Capelinha,Teófilo Otoni
313840,3138401,Leopoldina,MG,31,Minas Gerais,Sudeste,Zona da Mata,Cataguases,Cataguases,Juíz de Fora
313850,3138500,Liberdade,MG,31,Minas Gerais,Sudeste,Sul/Sudoeste de Minas,Andrelândia,Juiz de Fora,Juíz de Fora
313860,3138609,Lima Duarte,MG,31,Minas Gerais,Sudeste,Zona da Mata,Juiz de Fora,Juiz de Fora,Juíz de Fora
313862,3138625,Limeira do Oeste,MG,31,Minas Gerais,Sudeste,Triângulo Mineiro/Alto Paranaíba,Frutal,Iturama,Uberaba
313865,3138658,Lontra,MG,31,Minas Gerais,Sudeste,Norte de Minas,Montes Claros,Montes Claros,Montes Claros
313867,3138674,Luisburgo,MG,31,Minas Gerais,Sudeste,Zona da Mata,Manhuaçu,Manhuaçu,Juíz de Fora
313868,3138682,Luislândia,MG,31,Minas Gerais,Sudeste,Norte de Minas,Montes Claros,Montes Claros,Montes Claros
313870,3138708,Luminárias,MG,31,Minas Gerais,Sudeste,Campo das Vertentes,Lavras,Lavras,Varginha
313880,3138807,Luz,MG,31,Minas Gerais,Sudeste,Central Mineira,Bom Despacho,Dores do Indaiá,Divinópolis
313890,3138906,Machacalis,MG,31,Minas Gerais,Sudeste,Vale do Mucuri,Nanuque,Águas Formosas,Teófilo Otoni
313900,3139003,Machado,MG,31,Minas Gerais,Sudeste,Sul/Sudoeste de Minas,Alfenas,Alfenas,Varginha
313910,3139102,Madre de Deus de Minas,MG,31,Minas Gerais,Sudeste,Campo das Vertentes,São João Del Rei,São João del Rei,Barbacena
313920,3139201,Malacacheta,MG,31,Minas Gerais,Sudeste,Vale do Mucuri,Teófilo Otoni,Teófilo Otoni,Teófilo Otoni
313925,3139250,Mamonas,MG,31,Minas Gerais,Sudeste,Norte de Minas,Janaúba,Espinosa,Montes Claros
313930,3139300,Manga,MG,31,Minas Gerais,Sudeste,Norte de Minas,Januária,Janaúba,Montes Claros
313940,3139409,Manhuaçu,MG,31,Minas Gerais,Sudeste,Zona da Mata,Manhuaçu,Manhuaçu,Juíz de Fora
313950,3139508,Manhumirim,MG,31,Minas Gerais,Sudeste,Zona da Mata,Manhuaçu,Manhuaçu,Juíz de Fora
313960,3139607,Mantena,MG,31,Minas Gerais,Sudeste,Vale do Rio Doce,Mantena,Mantena,Governador Valadares
313970,3139706,Maravilhas,MG,31,Minas Gerais,Sudeste,Metropolitana de Belo Horizonte,Sete Lagoas,Pará de Minas,Divinópolis
313980,3139805,Mar de Espanha,MG,31,Minas Gerais,Sudeste,Zona da Mata,Juiz de Fora,São João Nepomuceno - Bicas,Juíz de Fora
313990,3139904,Maria da Fé,MG,31,Minas Gerais,Sudeste,Sul/Sudoeste de Minas,Itajubá,Itajubá,Pouso Alegre
314000,3140001,Mariana,MG,31,Minas Gerais,Sudeste,Metropolitana de Belo Horizonte,Ouro Preto,Santa Bárbara - Ouro Preto,Belo Horizonte
314010,3140100,Marilac,MG,31,Minas Gerais,Sudeste,Vale do Rio Doce,Governador Valadares,Governador Valadares,Governador Valadares
314015,3140159,Mário Campos,MG,31,Minas Gerais,Sudeste,Metropolitana de Belo Horizonte,Belo Horizonte,Belo Horizonte,Belo Horizonte
314020,3140209,Maripá de Minas,MG,31,Minas Gerais,Sudeste,Zona da Mata,Juiz de Fora,São João Nepomuceno - Bicas,Juíz de Fora
314030,3140308,Marliéria,MG,31,Minas Gerais,Sudeste,Vale do Rio Doce,Ipatinga,Ipatinga,Ipatinga
314040,3140407,Marmelópolis,MG,31,Minas Gerais,Sudeste,Sul/Sudoeste de Minas,Itajubá,Itajubá,Pouso Alegre
314050,3140506,Martinho Campos,MG,31,Minas Gerais,Sudeste,Central Mineira,Bom Despacho,Dores do Indaiá,Divinópolis
314053,3140530,Martins Soares,MG,31,Minas Gerais,Sudeste,Zona da Mata,Manhuaçu,Manhuaçu,Juíz de Fora
314055,3140555,Mata Verde,MG,31,Minas Gerais,Sudeste,Jequitinhonha,Almenara,Almenara,Teófilo Otoni
314060,3140605,Materlândia,MG,31,Minas Gerais,Sudeste,Vale do Rio Doce,Guanhães,Guanhães,Governador Valadares
314070,3140704,Mateus Leme,MG,31,Minas Gerais,Sudeste,Metropolitana de Belo Horizonte,Belo Horizonte,Belo Horizonte,Belo Horizonte
314080,3140803,Matias Barbosa,MG,31,Minas Gerais,Sudeste,Zona da Mata,Juiz de Fora,Juiz de Fora,Juíz de Fora
314085,3140852,Matias Cardoso,MG,31,Minas Gerais,Sudeste,Norte de Minas,Januária,Janaúba,Montes Claros
314090,3140902,Matipó,MG,31,Minas Gerais,Sudeste,Zona da Mata,Manhuaçu,Manhuaçu,Juíz de Fora
314100,3141009,Mato Verde,MG,31,Minas Gerais,Sudeste,Norte de Minas,Janaúba,Espinosa,Montes Claros
314110,3141108,Matozinhos,MG,31,Minas Gerais,Sudeste,Metropolitana de Belo Horizonte,Sete Lagoas,Sete Lagoas,Belo Horizonte
314120,3141207,Matutina,MG,31,Minas Gerais,Sudeste,Triângulo Mineiro/Alto Paranaíba,Patos de Minas,Patos de Minas,Patos de Minas
314130,3141306,Medeiros,MG,31,Minas Gerais,Sudeste,Oeste de Minas,Piuí,Formiga,Divinópolis
314140,3141405,Medina,MG,31,Minas Gerais,Sudeste,Jequitinhonha,Pedra Azul,Pedra Azul,Teófilo Otoni
314150,3141504,Mendes Pimentel,MG,31,Minas Gerais,Sudeste,Vale do Rio Doce,Mantena,Mantena,Governador Valadares
314160,3141603,Mercês,MG,31,Minas Gerais,Sudeste,Zona da Mata,Ubá,Ubá,Juíz de Fora
314170,3141702,Mesquita,MG,31,Minas Gerais,Sudeste,Vale do Rio Doce,Ipatinga,Ipatinga,Ipatinga
314180,3141801,Minas Novas,MG,31,Minas Gerais,Sudeste,Jequitinhonha,Capelinha,Capelinha,Teófilo Otoni
314190,3141900,Minduri,MG,31,Minas Gerais,Sudeste,Sul/Sudoeste de Minas,Andrelândia,Caxambu - Baependi,Pouso Alegre
314200,3142007,Mirabela,MG,31,Minas Gerais,Sudeste,Norte de Minas,Montes Claros,Montes Claros,Montes Claros
314210,3142106,Miradouro,MG,31,Minas Gerais,Sudeste,Zona da Mata,Muriaé,Muriaé,Juíz de Fora
314220,3142205,Miraí,MG,31,Minas Gerais,Sudeste,Zona da Mata,Muriaé,Muriaé,Juíz de Fora
314225,3142254,Miravânia,MG,31,Minas Gerais,Sudeste,Norte de Minas,Januária,Janaúba,Montes Claros
314230,3142304,Moeda,MG,31,Minas Gerais,Sudeste,Metropolitana de Belo Horizonte,Itaguara,Belo Horizonte,Belo Horizonte
314240,3142403,Moema,MG,31,Minas Gerais,Sudeste,Central Mineira,Bom Despacho,Dores do Indaiá,Divinópolis
314250,3142502,Monjolos,MG,31,Minas Gerais,Sudeste,Central Mineira,Curvelo,Curvelo,Belo Horizonte
314260,3142601,Monsenhor Paulo,MG,31,Minas Gerais,Sudeste,Sul/Sudoeste de Minas,Varginha,Varginha,Varginha
314270,3142700,Montalvânia,MG,31,Minas Gerais,Sudeste,Norte de Minas,Januária,Januária,Montes Claros
314280,3142809,Monte Alegre de Minas,MG,31,Minas Gerais,Sudeste,Triângulo Mineiro/Alto Paranaíba,Uberlândia,Uberlândia,Uberlândia
314290,3142908,Monte Azul,MG,31,Minas Gerais,Sudeste,Norte de Minas,Janaúba,Espinosa,Montes Claros
314300,3143005,Monte Belo,MG,31,Minas Gerais,Sudeste,Sul/Sudoeste de Minas,São Sebastião do Paraíso,Guaxupé,Varginha
314310,3143104,Monte Carmelo,MG,31,Minas Gerais,Sudeste,Triângulo Mineiro/Alto Paranaíba,Patrocínio,Monte Carmelo,Uberlândia
314315,3143153,Monte Formoso,MG,31,Minas Gerais,Sudeste,Jequitinhonha,Almenara,Teófilo Otoni,Teófilo Otoni
314320,3143203,Monte Santo de Minas,MG,31,Minas Gerais,Sudeste,Sul/Sudoeste de Minas,São Sebastião do Paraíso,São Sebastião do Paraíso,Varginha
314330,3143302,Montes Claros,MG,31,Minas Gerais,Sudeste,Norte de Minas,Montes Claros,Montes Claros,Montes Claros
314340,3143401,Monte Sião,MG,31,Minas Gerais,Sudeste,Sul/Sudoeste de Minas,Poços de Caldas,Pouso Alegre,Pouso Alegre
314345,3143450,Montezuma,MG,31,Minas Gerais,Sudeste,Norte de Minas,Salinas,Espinosa,Montes Claros
314350,3143500,Morada Nova de Minas,MG,31,Minas Gerais,Sudeste,Central Mineira,Três Marias,Abaeté,Divinópolis
314360,3143609,Morro da Garça,MG,31,Minas Gerais,Sudeste,Central Mineira,Curvelo,Curvelo,Belo Horizonte
314370,3143708,Morro do Pilar,MG,31,Minas Gerais,Sudeste,Metropolitana de Belo Horizonte,Conceição do Mato Dentro,Sete Lagoas,Belo Horizonte
314380,3143807,Munhoz,MG,31,Minas Gerais,Sudeste,Sul/Sudoeste de Minas,Pouso Alegre,Pouso Alegre,Pouso Alegre
314390,3143906,Muriaé,MG,31,Minas Gerais,Sudeste,Zona da Mata,Muriaé,Muriaé,Juíz de Fora
314400,3144003,Mutum,MG,31,Minas Gerais,Sudeste,Vale do Rio Doce,Aimorés,Manhuaçu,Juíz de Fora
314410,3144102,Muzambinho,MG,31,Minas Gerais,Sudeste,Sul/Sudoeste de Minas,São Sebastião do Paraíso,Guaxupé,Varginha
314420,3144201,Nacip Raydan,MG,31,Minas Gerais,Sudeste,Vale do Rio Doce,Governador Valadares,Governador Valadares,Governador Valadares
314430,3144300,Nanuque,MG,31,Minas Gerais,Sudeste,Vale do Mucuri,Nanuque,Teófilo Otoni,Teófilo Otoni
314435,3144359,Naque,MG,31,Minas Gerais,Sudeste,Vale do Rio Doce,Ipatinga,Ipatinga,Ipatinga
314437,3144375,Natalândia,MG,31,Minas Gerais,Sudeste,Noroeste de Minas,Unaí,Unaí,Patos de Minas
314440,3144409,Natércia,MG,31,Minas Gerais,Sudeste,Sul/Sudoeste de Minas,Santa Rita do Sapucaí,Pouso Alegre,Pouso Alegre
314450,3144508,Nazareno,MG,31,Minas Gerais,Sudeste,Campo das Vertentes,São João Del Rei,São João del Rei,Barbacena
314460,3144607,Nepomuceno,MG,31,Minas Gerais,Sudeste,Campo das Vertentes,Lavras,Lavras,Varginha
314465,3144656,Ninheira,MG,31,Minas Gerais,Sudeste,Norte de Minas,Salinas,Salinas,Montes Claros
314467,3144672,Nova Belém,MG,31,Minas Gerais,Sudeste,Vale do Rio Doce,Mantena,Mantena,Governador Valadares
314470,3144706,Nova Era,MG,31,Minas Gerais,Sudeste,Metropolitana de Belo Horizonte,Itabira,João Monlevade,Ipatinga
314480,3144805,Nova Lima,MG,31,Minas Gerais,Sudeste,Metropolitana de Belo Horizonte,Belo Horizonte,Belo Horizonte,Belo Horizonte
314490,3144904,Nova Módica,MG,31,Minas Gerais,Sudeste,Vale do Rio Doce,Governador Valadares,Teófilo Otoni,Teófilo Otoni
314500,3145000,Nova Ponte,MG,31,Minas Gerais,Sudeste,Triângulo Mineiro/Alto Paranaíba,Araxá,Uberaba,Uberaba
314505,3145059,Nova Porteirinha,MG,31,Minas Gerais,Sudeste,Norte de Minas,Janaúba,Janaúba,Montes Claros
314510,3145109,Nova Resende,MG,31,Minas Gerais,Sudeste,Sul/Sudoeste de Minas,São Sebastião do Paraíso,Guaxupé,Varginha
314520,3145208,Nova Serrana,MG,31,Minas Gerais,Sudeste,Oeste de Minas,Divinópolis,Divinópolis,Divinópolis
314530,3145307,Novo Cruzeiro,MG,31,Minas Gerais,Sudeste,Jequitinhonha,Araçuaí,Teófilo Otoni,Teófilo Otoni
314535,3145356,Novo Oriente de Minas,MG,31,Minas Gerais,Sudeste,Vale do Mucuri,Teófilo Otoni,Teófilo Otoni,Teófilo Otoni
314537,3145372,Novorizonte,MG,31,Minas Gerais,Sudeste,Norte de Minas,Salinas,Salinas,Montes Claros
314540,3145406,Olaria,MG,31,Minas Gerais,Sudeste,Zona da Mata,Juiz de Fora,Juiz de Fora,Juíz de Fora
314545,3145455,Olhos-d'Água,MG,31,Minas Gerais,Sudeste,Norte de Minas,Bocaiúva,Montes Claros,Montes Claros
314550,3145505,Olímpio Noronha,MG,31,Minas Gerais,Sudeste,Sul/Sudoeste de Minas,São Lourenço,São Lourenço,Pouso Alegre
314560,3145604,Oliveira,MG,31,Minas Gerais,Sudeste,Oeste de Minas,Oliveira,Oliveira,Divinópolis
314570,3145703,Oliveira Fortes,MG,31,Minas Gerais,Sudeste,Zona da Mata,Juiz de Fora,Juiz de Fora,Juíz de Fora
314580,3145802,Onça de Pitangui,MG,31,Minas Gerais,Sudeste,Metropolitana de Belo Horizonte,Pará de Minas,Pará de Minas,Divinópolis
314585,3145851,Oratórios,MG,31,Minas Gerais,Sudeste,Zona da Mata,Ponte Nova,Ponte Nova,Juíz de Fora
314587,3145877,Orizânia,MG,31,Minas Gerais,Sudeste,Zona da Mata,Muriaé,Carangola,Juíz de Fora
314590,3145901,Ouro Branco,MG,31,Minas Gerais,Sudeste,Metropolitana de Belo Horizonte,Conselheiro Lafaiete,Conselheiro Lafaiete,Barbacena
314600,3146008,Ouro Fino,MG,31,Minas Gerais,Sudeste,Sul/Sudoeste de Minas,Poços de Caldas,Pouso Alegre,Pouso Alegre
314610,3146107,Ouro Preto,MG,31,Minas Gerais,Sudeste,Metropolitana de Belo Horizonte,Ouro Preto,Santa Bárbara - Ouro Preto,Belo Horizonte
314620,3146206,Ouro Verde de Minas,MG,31,Minas Gerais,Sudeste,Vale do Mucuri,Teófilo Otoni,Teófilo Otoni,Teófilo Otoni
314625,3146255,Padre Carvalho,MG,31,Minas Gerais,Sudeste,Norte de Minas,Grão Mogol,Salinas,Montes Claros
314630,3146305,Padre Paraíso,MG,31,Minas Gerais,Sudeste,Jequitinhonha,Araçuaí,Teófilo Otoni,Teófilo Otoni
314640,3146404,Paineiras,MG,31,Minas Gerais,Sudeste,Central Mineira,Três Marias,Abaeté,Divinópolis
314650,3146503,Pains,MG,31,Minas Gerais,Sudeste,Oeste de Minas,Formiga,Formiga,Divinópolis
314655,3146552,Pai Pedro,MG,31,Minas Gerais,Sudeste,Norte de Minas,Janaúba,Janaúba,Montes Claros
314660,3146602,Paiva,MG,31,Minas Gerais,Sudeste,Zona da Mata,Juiz de Fora,Juiz de Fora,Juíz de Fora
314670,3146701,Palma,MG,31,Minas Gerais,Sudeste,Zona da Mata,Cataguases,Cataguases,Juíz de Fora
314675,3146750,Palmópolis,MG,31,Minas Gerais,Sudeste,Jequitinhonha,Almenara,Almenara,Teófilo Otoni
314690,3146909,Papagaios,MG,31,Minas Gerais,Sudeste,Metropolitana de Belo Horizonte,Sete Lagoas,Pará de Minas,Divinópolis
314700,3147006,Paracatu,MG,31,Minas Gerais,Sudeste,Noroeste de Minas,Paracatu,Patos de Minas,Patos de Minas
314710,3147105,Pará de Minas,MG,31,Minas Gerais,Sudeste,Metropolitana de Belo Horizonte,Pará de Minas,Pará de Minas,Divinópolis
314720,3147204,Paraguaçu,MG,31,Minas Gerais,Sudeste,Sul/Sudoeste de Minas,Alfenas,Alfenas,Varginha
314730,3147303,Paraisópolis,MG,31,Minas Gerais,Sudeste,Sul/Sudoeste de Minas,Itajubá,Itajubá,Pouso Alegre
314740,3147402,Paraopeba,MG,31,Minas Gerais,Sudeste,Metropolitana de Belo Horizonte,Sete Lagoas,Sete Lagoas,Belo Horizonte
314750,3147501,Passabém,MG,31,Minas Gerais,Sudeste,Metropolitana de Belo Horizonte,Conceição do Mato Dentro,Itabira,Belo Horizonte
314760,3147600,Passa Quatro,MG,31,Minas Gerais,Sudeste,Sul/Sudoeste de Minas,São Lourenço,São Lourenço,Pouso Alegre
314770,3147709,Passa Tempo,MG,31,Minas Gerais,Sudeste,Oeste de Minas,Oliveira,Oliveira,Divinópolis
314780,3147808,Passa Vinte,MG,31,Minas Gerais,Sudeste,Sul/Sudoeste de Minas,Andrelândia,Juiz de Fora,Juíz de Fora
314790,3147907,Passos,MG,31,Minas Gerais,Sudeste,Sul/Sudoeste de Minas,Passos,Passos,Varginha
314795,3147956,Patis,MG,31,Minas Gerais,Sudeste,Norte de Minas,Montes Claros,Montes Claros,Montes Claros
314800,3148004,Patos de Minas,MG,31,Minas Gerais,Sudeste,Triângulo Mineiro/Alto Paranaíba,Patos de Minas,Patos de Minas,Patos de Minas
314810,3148103,Patrocínio,MG,31,Minas Gerais,Sudeste,Triângulo Mineiro/Alto Paranaíba,Patrocínio,Patrocínio,Patos de Minas
314820,3148202,Patrocínio do Muriaé,MG,31,Minas Gerais,Sudeste,Zona da Mata,Muriaé,Muriaé,Juíz de Fora
314830,3148301,Paula Cândido,MG,31,Minas Gerais,Sudeste,Zona da Mata,Viçosa,Viçosa,Juíz de Fora
314840,3148400,Paulistas,MG,31,Minas Gerais,Sudeste,Vale do Rio Doce,Guanhães,Guanhães,Governador Valadares
314850,3148509,Pavão,MG,31,Minas Gerais,Sudeste,Vale do Mucuri,Teófilo Otoni,Teófilo Otoni,Teófilo Otoni
314860,3148608,Peçanha,MG,31,Minas Gerais,Sudeste,Vale do Rio Doce,Peçanha,Guanhães,Governador Valadares
314870,3148707,Pedra Azul,MG,31,Minas Gerais,Sudeste,Jequitinhonha,Pedra Azul,Pedra Azul,Teófilo Otoni
314875,3148756,Pedra Bonita,MG,31,Minas Gerais,Sudeste,Zona da Mata,Manhuaçu,Carangola,Juíz de Fora
314880,3148806,Pedra do Anta,MG,31,Minas Gerais,Sudeste,Zona da Mata,Viçosa,Viçosa,Juíz de Fora
314890,3148905,Pedra do Indaiá,MG,31,Minas Gerais,Sudeste,Oeste de Minas,Formiga,Divinópolis,Divinópolis
314900,3149002,Pedra Dourada,MG,31,Minas Gerais,Sudeste,Zona da Mata,Muriaé,Carangola,Juíz de Fora
314910,3149101,Pedralva,MG,31,Minas Gerais,Sudeste,Sul/Sudoeste de Minas,Santa Rita do Sapucaí,Itajubá,Pouso Alegre
314915,3149150,Pedras de Maria da Cruz,MG,31,Minas Gerais,Sudeste,Norte de Minas,Januária,Januária,Montes Claros
314920,3149200,Pedrinópolis,MG,31,Minas Gerais,Sudeste,Triângulo Mineiro/Alto Paranaíba,Araxá,Araxá,Uberaba
314930,3149309,Pedro Leopoldo,MG,31,Minas Gerais,Sudeste,Metropolitana de Belo Horizonte,Belo Horizonte,Belo Horizonte,Belo Horizonte
314940,3149408,Pedro Teixeira,MG,31,Minas Gerais,Sudeste,Zona da Mata,Juiz de Fora,Juiz de Fora,Juíz de Fora
314950,3149507,Pequeri,MG,31,Minas Gerais,Sudeste,Zona da Mata,Juiz de Fora,São João Nepomuceno - Bicas,Juíz de Fora
314960,3149606,Pequi,MG,31,Minas Gerais,Sudeste,Metropolitana de Belo Horizonte,Sete Lagoas,Pará de Minas,Divinópolis
314970,3149705,Perdigão,MG,31,Minas Gerais,Sudeste,Oeste de Minas,Divinópolis,Divinópolis,Divinópolis
314980,3149804,Perdizes,MG,31,Minas Gerais,Sudeste,Triângulo Mineiro/Alto Paranaíba,Araxá,Araxá,Uberaba
314990,3149903,Perdões,MG,31,Minas Gerais,Sudeste,Oeste de Minas,Campo Belo,Lavras,Varginha
314995,3149952,Periquito,MG,31,Minas Gerais,Sudeste,Vale do Rio Doce,Ipatinga,Ipatinga,Ipatinga
315000,3150000,Pescador,MG,31,Minas Gerais,Sudeste,Vale do Rio Doce,Governador Valadares,Teófilo Otoni,Teófilo Otoni
315010,3150109,Piau,MG,31,Minas Gerais,Sudeste,Zona da Mata,Juiz de Fora,Juiz de Fora,Juíz de Fora
315015,3150158,Piedade de Caratinga,MG,31,Minas Gerais,Sudeste,Vale do Rio Doce,Caratinga,Caratinga,Ipatinga
315020,3150208,Piedade de Ponte Nova,MG,31,Minas Gerais,Sudeste,Zona da Mata,Ponte Nova,Ponte Nova,Juíz de Fora
315030,3150307,Piedade do Rio Grande,MG,31,Minas Gerais,Sudeste,Campo das Vertentes,São João Del Rei,São João del Rei,Barbacena
315040,3150406,Piedade dos Gerais,MG,31,Minas Gerais,Sudeste,Metropolitana de Belo Horizonte,Itaguara,Oliveira,Divinópolis
315050,3150505,Pimenta,MG,31,Minas Gerais,Sudeste,Oeste de Minas,Formiga,Formiga,Divinópolis
315053,3150539,Pingo-d'Água,MG,31,Minas Gerais,Sudeste,Vale do Rio Doce,Caratinga,Ipatinga,Ipatinga
315057,3150570,Pintópolis,MG,31,Minas Gerais,Sudeste,Norte de Minas,Januária,São Francisco,Montes Claros
315060,3150604,Piracema,MG,31,Minas Gerais,Sudeste,Oeste de Minas,Oliveira,Oliveira,Divinópolis
315070,3150703,Pirajuba,MG,31,Minas Gerais,Sudeste,Triângulo Mineiro/Alto Paranaíba,Frutal,Frutal,Uberaba
315080,3150802,Piranga,MG,31,Minas Gerais,Sudeste,Zona da Mata,Viçosa,Conselheiro Lafaiete,Barbacena
315090,3150901,Piranguçu,MG,31,Minas Gerais,Sudeste,Sul/Sudoeste de Minas,Itajubá,Itajubá,Pouso Alegre
315100,3151008,Piranguinho,MG,31,Minas Gerais,Sudeste,Sul/Sudoeste de Minas,Itajubá,Itajubá,Pouso Alegre
315110,3151107,Pirapetinga,MG,31,Minas Gerais,Sudeste,Zona da Mata,Cataguases,Além Paraíba,Juíz de Fora
315120,3151206,Pirapora,MG,31,Minas Gerais,Sudeste,Norte de Minas,Pirapora,Pirapora,Montes Claros
315130,3151305,Piraúba,MG,31,Minas Gerais,Sudeste,Zona da Mata,Ubá,Ubá,Juíz de Fora
315140,3151404,Pitangui,MG,31,Minas Gerais,Sudeste,Metropolitana de Belo Horizonte,Pará de Minas,Divinópolis,Divinópolis
315150,3151503,Piumhi,MG,31,Minas Gerais,Sudeste,Oeste de Minas,Piuí,Piumhi,Varginha
315160,3151602,Planura,MG,31,Minas Gerais,Sudeste,Triângulo Mineiro/Alto Paranaíba,Frutal,Frutal,Uberaba
315170,3151701,Poço Fundo,MG,31,Minas Gerais,Sudeste,Sul/Sudoeste de Minas,Alfenas,Alfenas,Varginha
315180,3151800,Poços de Caldas,MG,31,Minas Gerais,Sudeste,Sul/Sudoeste de Minas,Poços de Caldas,Poços de Caldas,Pouso Alegre
315190,3151909,Pocrane,MG,31,Minas Gerais,Sudeste,Vale do Rio Doce,Aimorés,Manhuaçu,Juíz de Fora
315200,3152006,Pompéu,MG,31,Minas Gerais,Sudeste,Central Mineira,Três Marias,Dores do Indaiá,Divinópolis
315210,3152105,Ponte Nova,MG,31,Minas Gerais,Sudeste,Zona da Mata,Ponte Nova,Ponte Nova,Juíz de Fora
315213,3152131,Ponto Chique,MG,31,Minas Gerais,Sudeste,Norte de Minas,Montes Claros,Pirapora,Montes Claros
315217,3152170,Ponto dos Volantes,MG,31,Minas Gerais,Sudeste,Jequitinhonha,Araçuaí,Teófilo Otoni,Teófilo Otoni
315220,3152204,Porteirinha,MG,31,Minas Gerais,Sudeste,Norte de Minas,Janaúba,Janaúba,Montes Claros
315230,3152303,Porto Firme,MG,31,Minas Gerais,Sudeste,Zona da Mata,Viçosa,Viçosa,Juíz de Fora
315240,3152402,Poté,MG,31,Minas Gerais,Sudeste,Vale do Mucuri,Teófilo Otoni,Teófilo Otoni,Teófilo Otoni
315250,3152501,Pouso Alegre,MG,31,Minas Gerais,Sudeste,Sul/Sudoeste de Minas,Pouso Alegre,Pouso Alegre,Pouso Alegre
315260,3152600,Pouso Alto,MG,31,Minas Gerais,Sudeste,Sul/Sudoeste de Minas,São Lourenço,São Lourenço,Pouso Alegre
315270,3152709,Prados,MG,31,Minas Gerais,Sudeste,Campo das Vertentes,São João Del Rei,São João del Rei,Barbacena
315280,3152808,Prata,MG,31,Minas Gerais,Sudeste,Triângulo Mineiro/Alto Paranaíba,Uberlândia,Uberlândia,Uberlândia
315290,3152907,Pratápolis,MG,31,Minas Gerais,Sudeste,Sul/Sudoeste de Minas,Passos,Passos,Varginha
315300,3153004,Pratinha,MG,31,Minas Gerais,Sudeste,Triângulo Mineiro/Alto Paranaíba,Araxá,Araxá,Uberaba
315310,3153103,Presidente Bernardes,MG,31,Minas Gerais,Sudeste,Zona da Mata,Viçosa,Viçosa,Juíz de Fora
315320,3153202,Presidente Juscelino,MG,31,Minas Gerais,Sudeste,Central Mineira,Curvelo,Curvelo,Belo Horizonte
315330,3153301,Presidente Kubitschek,MG,31,Minas Gerais,Sudeste,Jequitinhonha,Diamantina,Diamantina,Teófilo Otoni
315340,3153400,Presidente Olegário,MG,31,Minas Gerais,Sudeste,Noroeste de Minas,Paracatu,Patos de Minas,Patos de Minas
315350,3153509,Alto Jequitibá,MG,31,Minas Gerais,Sudeste,Zona da Mata,Manhuaçu,Manhuaçu,Juíz de Fora
315360,3153608,Prudente de Morais,MG,31,Minas Gerais,Sudeste,Metropolitana de Belo Horizonte,Sete Lagoas,Sete Lagoas,Belo Horizonte
315370,3153707,Quartel Geral,MG,31,Minas Gerais,Sudeste,Central Mineira,Bom Despacho,Dores do Indaiá,Divinópolis
315380,3153806,Queluzito,MG,31,Minas Gerais,Sudeste,Metropolitana de Belo Horizonte,Conselheiro Lafaiete,Conselheiro Lafaiete,Barbacena
315390,3153905,Raposos,MG,31,Minas Gerais,Sudeste,Metropolitana de Belo Horizonte,Belo Horizonte,Belo Horizonte,Belo Horizonte
315400,3154002,Raul Soares,MG,31,Minas Gerais,Sudeste,Zona da Mata,Ponte Nova,Caratinga,Ipatinga
315410,3154101,Recreio,MG,31,Minas Gerais,Sudeste,Zona da Mata,Cataguases,Cataguases,Juíz de Fora
315415,3154150,Reduto,MG,31,Minas Gerais,Sudeste,Zona da Mata,Manhuaçu,Manhuaçu,Juíz de Fora
315420,3154200,Resende Costa,MG,31,Minas Gerais,Sudeste,Campo das Vertentes,São João Del Rei,São João del Rei,Barbacena
315430,3154309,Resplendor,MG,31,Minas Gerais,Sudeste,Vale do Rio Doce,Aimorés,Aimorés - Resplendor,Governador Valadares
315440,3154408,Ressaquinha,MG,31,Minas Gerais,Sudeste,Campo das Vertentes,Barbacena,Barbacena,Barbacena
315445,3154457,Riachinho,MG,31,Minas Gerais,Sudeste,Norte de Minas,Pirapora,Unaí,Patos de Minas
315450,3154507,Riacho dos Machados,MG,31,Minas Gerais,Sudeste,Norte de Minas,Janaúba,Janaúba,Montes Claros
315460,3154606,Ribeirão das Neves,MG,31,Minas Gerais,Sudeste,Metropolitana de Belo Horizonte,Belo Horizonte,Belo Horizonte,Belo Horizonte
315470,3154705,Ribeirão Vermelho,MG,31,Minas Gerais,Sudeste,Campo das Vertentes,Lavras,Lavras,Varginha
315480,3154804,Rio Acima,MG,31,Minas Gerais,Sudeste,Metropolitana de Belo Horizonte,Belo Horizonte,Belo Horizonte,Belo Horizonte
315490,3154903,Rio Casca,MG,31,Minas Gerais,Sudeste,Zona da Mata,Ponte Nova,Ponte Nova,Juíz de Fora
315500,3155009,Rio Doce,MG,31,Minas Gerais,Sudeste,Zona da Mata,Ponte Nova,Ponte Nova,Juíz de Fora
315510,3155108,Rio do Prado,MG,31,Minas Gerais,Sudeste,Jequitinhonha,Almenara,Almenara,Teófilo Otoni
315520,3155207,Rio Espera,MG,31,Minas Gerais,Sudeste,Zona da Mata,Viçosa,Conselheiro Lafaiete,Barbacena
315530,3155306,Rio Manso,MG,31,Minas Gerais,Sudeste,Metropolitana de Belo Horizonte,Itaguara,Oliveira,Divinópolis
315540,3155405,Rio Novo,MG,31,Minas Gerais,Sudeste,Zona da Mata,Juiz de Fora,Juiz de Fora,Juíz de Fora
315550,3155504,Rio Paranaíba,MG,31,Minas Gerais,Sudeste,Triângulo Mineiro/Alto Paranaíba,Patos de Minas,Patos de Minas,Patos de Minas
315560,3155603,Rio Pardo de Minas,MG,31,Minas Gerais,Sudeste,Norte de Minas,Salinas,Salinas,Montes Claros
315570,3155702,Rio Piracicaba,MG,31,Minas Gerais,Sudeste,Metropolitana de Belo Horizonte,Itabira,João Monlevade,Ipatinga
315580,3155801,Rio Pomba,MG,31,Minas Gerais,Sudeste,Zona da Mata,Ubá,Ubá,Juíz de Fora
315590,3155900,Rio Preto,MG,31,Minas Gerais,Sudeste,Zona da Mata,Juiz de Fora,Juiz de Fora,Juíz de Fora
315600,3156007,Rio Vermelho,MG,31,Minas Gerais,Sudeste,Metropolitana de Belo Horizonte,Conceição do Mato Dentro,Guanhães,Governador Valadares
315610,3156106,Ritápolis,MG,31,Minas Gerais,Sudeste,Campo das Vertentes,São João Del Rei,São João del Rei,Barbacena
315620,3156205,Rochedo de Minas,MG,31,Minas Gerais,Sudeste,Zona da Mata,Juiz de Fora,São João Nepomuceno - Bicas,Juíz de Fora
315630,3156304,Rodeiro,MG,31,Minas Gerais,Sudeste,Zona da Mata,Ubá,Ubá,Juíz de Fora
315640,3156403,Romaria,MG,31,Minas Gerais,Sudeste,Triângulo Mineiro/Alto Paranaíba,Patrocínio,Monte Carmelo,Uberlândia
315645,3156452,Rosário da Limeira,MG,31,Minas Gerais,Sudeste,Zona da Mata,Muriaé,Muriaé,Juíz de Fora
315650,3156502,Rubelita,MG,31,Minas Gerais,Sudeste,Norte de Minas,Salinas,Salinas,Montes Claros
315660,3156601,Rubim,MG,31,Minas Gerais,Sudeste,Jequitinhonha,Almenara,Almenara,Teófilo Otoni
315670,3156700,Sabará,MG,31,Minas Gerais,Sudeste,Metropolitana de Belo Horizonte,Belo Horizonte,Belo Horizonte,Belo Horizonte
315680,3156809,Sabinópolis,MG,31,Minas Gerais,Sudeste,Vale do Rio Doce,Guanhães,Guanhães,Governador Valadares
315690,3156908,Sacramento,MG,31,Minas Gerais,Sudeste,Triângulo Mineiro/Alto Paranaíba,Araxá,Uberaba,Uberaba
315700,3157005,Salinas,MG,31,Minas Gerais,Sudeste,Norte de Minas,Salinas,Salinas,Montes Claros
315710,3157104,Salto da Divisa,MG,31,Minas Gerais,Sudeste,Jequitinhonha,Almenara,Almenara,Teófilo Otoni
315720,3157203,Santa Bárbara,MG,31,Minas Gerais,Sudeste,Metropolitana de Belo Horizonte,Itabira,Santa Bárbara - Ouro Preto,Belo Horizonte
315725,3157252,Santa Bárbara do Leste,MG,31,Minas Gerais,Sudeste,Vale do Rio Doce,Caratinga,Caratinga,Ipatinga
315727,3157278,Santa Bárbara do Monte Verde,MG,31,Minas Gerais,Sudeste,Zona da Mata,Juiz de Fora,Juiz de Fora,Juíz de Fora
315730,3157302,Santa Bárbara do Tugúrio,MG,31,Minas Gerais,Sudeste,Campo das Vertentes,Barbacena,Barbacena,Barbacena
315733,3157336,Santa Cruz de Minas,MG,31,Minas Gerais,Sudeste,Campo das Vertentes,São João Del Rei,São João del Rei,Barbacena
315737,3157377,Santa Cruz de Salinas,MG,31,Minas Gerais,Sudeste,Norte de Minas,Salinas,Salinas,Montes Claros
315740,3157401,Santa Cruz do Escalvado,MG,31,Minas Gerais,Sudeste,Zona da Mata,Ponte Nova,Ponte Nova,Juíz de Fora
315750,3157500,Santa Efigênia de Minas,MG,31,Minas Gerais,Sudeste,Vale do Rio Doce,Guanhães,Governador Valadares,Governador Valadares
315760,3157609,Santa Fé de Minas,MG,31,Minas Gerais,Sudeste,Norte de Minas,Pirapora,Pirapora,Montes Claros
315765,3157658,Santa Helena de Minas,MG,31,Minas Gerais,Sudeste,Vale do Mucuri,Nanuque,Águas Formosas,Teófilo Otoni
315770,3157708,Santa Juliana,MG,31,Minas Gerais,Sudeste,Triângulo Mineiro/Alto Paranaíba,Araxá,Uberaba,Uberaba
315780,3157807,Santa Luzia,MG,31,Minas Gerais,Sudeste,Metropolitana de Belo Horizonte,Belo Horizonte,Belo Horizonte,Belo Horizonte
315790,3157906,Santa Margarida,MG,31,Minas Gerais,Sudeste,Zona da Mata,Manhuaçu,Manhuaçu,Juíz de Fora
315800,3158003,Santa Maria de Itabira,MG,31,Minas Gerais,Sudeste,Metropolitana de Belo Horizonte,Itabira,Itabira,Belo Horizonte
315810,3158102,Santa Maria do Salto,MG,31,Minas Gerais,Sudeste,Jequitinhonha,Almenara,Almenara,Teófilo Otoni
315820,3158201,Santa Maria do Suaçuí,MG,31,Minas Gerais,Sudeste,Vale do Rio Doce,Peçanha,Guanhães,Governador Valadares
315830,3158300,Santana da Vargem,MG,31,Minas Gerais,Sudeste,Sul/Sudoeste de Minas,Varginha,Três Pontas - Boa Esperança,Varginha
315840,3158409,Santana de Cataguases,MG,31,Minas Gerais,Sudeste,Zona da Mata,Cataguases,Cataguases,Juíz de Fora
315850,3158508,Santana de Pirapama,MG,31,Minas Gerais,Sudeste,Metropolitana de Belo Horizonte,Sete Lagoas,Sete Lagoas,Belo Horizonte
315860,3158607,Santana do Deserto,MG,31,Minas Gerais,Sudeste,Zona da Mata,Juiz de Fora,Juiz de Fora,Juíz de Fora
315870,3158706,Santana do Garambéu,MG,31,Minas Gerais,Sudeste,Campo das Vertentes,São João Del Rei,Barbacena,Barbacena
315880,3158805,Santana do Jacaré,MG,31,Minas Gerais,Sudeste,Oeste de Minas,Campo Belo,Campo Belo,Varginha
315890,3158904,Santana do Manhuaçu,MG,31,Minas Gerais,Sudeste,Zona da Mata,Manhuaçu,Manhuaçu,Juíz de Fora
315895,3158953,Santana do Paraíso,MG,31,Minas Gerais,Sudeste,Vale do Rio Doce,Ipatinga,Ipatinga,Ipatinga
315900,3159001,Santana do Riacho,MG,31,Minas Gerais,Sudeste,Metropolitana de Belo Horizonte,Sete Lagoas,Sete Lagoas,Belo Horizonte
315910,3159100,Santana dos Montes,MG,31,Minas Gerais,Sudeste,Metropolitana de Belo Horizonte,Conselheiro Lafaiete,Conselheiro Lafaiete,Barbacena
315920,3159209,Santa Rita de Caldas,MG,31,Minas Gerais,Sudeste,Sul/Sudoeste de Minas,Poços de Caldas,Poços de Caldas,Pouso Alegre
315930,3159308,Santa Rita de Jacutinga,MG,31,Minas Gerais,Sudeste,Zona da Mata,Juiz de Fora,Juiz de Fora,Juíz de Fora
315935,3159357,Santa Rita de Minas,MG,31,Minas Gerais,Sudeste,Vale do Rio Doce,Caratinga,Caratinga,Ipatinga
315940,3159407,Santa Rita de Ibitipoca,MG,31,Minas Gerais,Sudeste,Zona da Mata,Juiz de Fora,Barbacena,Barbacena
315950,3159506,Santa Rita do Itueto,MG,31,Minas Gerais,Sudeste,Vale do Rio Doce,Aimorés,Aimorés - Resplendor,Governador Valadares
315960,3159605,Santa Rita do Sapucaí,MG,31,Minas Gerais,Sudeste,Sul/Sudoeste de Minas,Santa Rita do Sapucaí,Pouso Alegre,Pouso Alegre
315970,3159704,Santa Rosa da Serra,MG,31,Minas Gerais,Sudeste,Triângulo Mineiro/Alto Paranaíba,Patos de Minas,Araxá,Uberaba
315980,3159803,Santa Vitória,MG,31,Minas Gerais,Sudeste,Triângulo Mineiro/Alto Paranaíba,Ituiutaba,Ituiutaba,Uberlândia
315990,3159902,Santo Antônio do Amparo,MG,31,Minas Gerais,Sudeste,Oeste de Minas,Oliveira,Lavras,Varginha
316000,3160009,Santo Antônio do Aventureiro,MG,31,Minas Gerais,Sudeste,Zona da Mata,Cataguases,Além Paraíba,Juíz de Fora
316010,3160108,Santo Antônio do Grama,MG,31,Minas Gerais,Sudeste,Zona da Mata,Ponte Nova,Ponte Nova,Juíz de Fora
316020,3160207,Santo Antônio do Itambé,MG,31,Minas Gerais,Sudeste,Metropolitana de Belo Horizonte,Conceição do Mato Dentro,Diamantina,Teófilo Otoni
316030,3160306,Santo Antônio do Jacinto,MG,31,Minas Gerais,Sudeste,Jequitinhonha,Almenara,Almenara,Teófilo Otoni
316040,3160405,Santo Antônio do Monte,MG,31,Minas Gerais,Sudeste,Oeste de Minas,Divinópolis,Divinópolis,Divinópolis
316045,3160454,Santo Antônio do Retiro,MG,31,Minas Gerais,Sudeste,Norte de Minas,Salinas,Espinosa,Montes Claros
316050,3160504,Santo Antônio do Rio Abaixo,MG,31,Minas Gerais,Sudeste,Metropolitana de Belo Horizonte,Conceição do Mato Dentro,Itabira,Belo Horizonte
316060,3160603,Santo Hipólito,MG,31,Minas Gerais,Sudeste,Central Mineira,Curvelo,Curvelo,Belo Horizonte
316070,3160702,Santos Dumont,MG,31,Minas Gerais,Sudeste,Zona da Mata,Juiz de Fora,Juiz de Fora,Juíz de Fora
316080,3160801,São Bento Abade,MG,31,Minas Gerais,Sudeste,Sul/Sudoeste de Minas,Varginha,Três Corações,Varginha
316090,3160900,São Brás do Suaçuí,MG,31,Minas Gerais,Sudeste,Metropolitana de Belo Horizonte,Conselheiro Lafaiete,Conselheiro Lafaiete,Barbacena
316095,3160959,São Domingos das Dores,MG,31,Minas Gerais,Sudeste,Vale do Rio Doce,Caratinga,Caratinga,Ipatinga
316100,3161007,São Domingos do Prata,MG,31,Minas Gerais,Sudeste,Metropolitana de Belo Horizonte,Itabira,João Monlevade,Ipatinga
316105,3161056,São Félix de Minas,MG,31,Minas Gerais,Sudeste,Vale do Rio Doce,Mantena,Mantena,Governador Valadares
316110,3161106,São Francisco,MG,31,Minas Gerais,Sudeste,Norte de Minas,Januária,São Francisco,Montes Claros
316120,3161205,São Francisco de Paula,MG,31,Minas Gerais,Sudeste,Oeste de Minas,Oliveira,Oliveira,Divinópolis
316130,3161304,São Francisco de Sales,MG,31,Minas Gerais,Sudeste,Triângulo Mineiro/Alto Paranaíba,Frutal,Iturama,Uberaba
316140,3161403,São Francisco do Glória,MG,31,Minas Gerais,Sudeste,Zona da Mata,Muriaé,Muriaé,Juíz de Fora
316150,3161502,São Geraldo,MG,31,Minas Gerais,Sudeste,Zona da Mata,Ubá,Ubá,Juíz de Fora
316160,3161601,São Geraldo da Piedade,MG,31,Minas Gerais,Sudeste,Vale do Rio Doce,Governador Valadares,Governador Valadares,Governador Valadares
316165,3161650,São Geraldo do Baixio,MG,31,Minas Gerais,Sudeste,Vale do Rio Doce,Governador Valadares,Governador Valadares,Governador Valadares
316170,3161700,São Gonçalo do Abaeté,MG,31,Minas Gerais,Sudeste,Noroeste de Minas,Paracatu,Patos de Minas,Patos de Minas
316180,3161809,São Gonçalo do Pará,MG,31,Minas Gerais,Sudeste,Oeste de Minas,Divinópolis,Divinópolis,Divinópolis
316190,3161908,São Gonçalo do Rio Abaixo,MG,31,Minas Gerais,Sudeste,Metropolitana de Belo Horizonte,Itabira,João Monlevade,Ipatinga
316200,3162005,São Gonçalo do Sapucaí,MG,31,Minas Gerais,Sudeste,Sul/Sudoeste de Minas,Santa Rita do Sapucaí,Varginha,Varginha
316210,3162104,São Gotardo,MG,31,Minas Gerais,Sudeste,Triângulo Mineiro/Alto Paranaíba,Patos de Minas,Patos de Minas,Patos de Minas
316220,3162203,São João Batista do Glória,MG,31,Minas Gerais,Sudeste,Sul/Sudoeste de Minas,Passos,Passos,Varginha
316225,3162252,São João da Lagoa,MG,31,Minas Gerais,Sudeste,Norte de Minas,Montes Claros,Montes Claros,Montes Claros
316230,3162302,São João da Mata,MG,31,Minas Gerais,Sudeste,Sul/Sudoeste de Minas,Santa Rita do Sapucaí,Pouso Alegre,Pouso Alegre
316240,3162401,São João da Ponte,MG,31,Minas Gerais,Sudeste,Norte de Minas,Montes Claros,Montes Claros,Montes Claros
316245,3162450,São João das Missões,MG,31,Minas Gerais,Sudeste,Norte de Minas,Januária,Januária,Montes Claros
316250,3162500,São João del Rei,MG,31,Minas Gerais,Sudeste,Campo das Vertentes,São João Del Rei,São João del Rei,Barbacena
316255,3162559,São João do Manhuaçu,MG,31,Minas Gerais,Sudeste,Zona da Mata,Manhuaçu,Manhuaçu,Juíz de Fora
316257,3162575,São João do Manteninha,MG,31,Minas Gerais,Sudeste,Vale do Rio Doce,Mantena,Mantena,Governador Valadares
316260,3162609,São João do Oriente,MG,31,Minas Gerais,Sudeste,Vale do Rio Doce,Caratinga,Ipatinga,Ipatinga
316265,3162658,São João do Pacuí,MG,31,Minas Gerais,Sudeste,Norte de Minas,Montes Claros,Montes Claros,Montes Claros
316270,3162708,São João do Paraíso,MG,31,Minas Gerais,Sudeste,Norte de Minas,Salinas,Salinas,Montes Claros
316280,3162807,São João Evangelista,MG,31,Minas Gerais,Sudeste,Vale do Rio Doce,Guanhães,Guanhães,Governador Valadares
316290,3162906,São João Nepomuceno,MG,31,Minas Gerais,Sudeste,Zona da Mata,Juiz de Fora,São João Nepomuceno - Bicas,Juíz de Fora
316292,3162922,São Joaquim de Bicas,MG,31,Minas Gerais,Sudeste,Metropolitana de Belo Horizonte,Belo Horizonte,Belo Horizonte,Belo Horizonte
316294,3162948,São José da Barra,MG,31,Minas Gerais,Sudeste,Sul/Sudoeste de Minas,Passos,Passos,Varginha
316295,3162955,São José da Lapa,MG,31,Minas Gerais,Sudeste,Metropolitana de Belo Horizonte,Belo Horizonte,Belo Horizonte,Belo Horizonte
316300,3163003,São José da Safira,MG,31,Minas Gerais,Sudeste,Vale do Rio Doce,Governador Valadares,Governador Valadares,Governador Valadares
316310,3163102,São José da Varginha,MG,31,Minas Gerais,Sudeste,Metropolitana de Belo Horizonte,Pará de Minas,Pará de Minas,Divinópolis
316320,3163201,São José do Alegre,MG,31,Minas Gerais,Sudeste,Sul/Sudoeste de Minas,Santa Rita do Sapucaí,Itajubá,Pouso Alegre
316330,3163300,São José do Divino,MG,31,Minas Gerais,Sudeste,Vale do Rio Doce,Governador Valadares,Teófilo Otoni,Teófilo Otoni
316340,3163409,São José do Goiabal,MG,31,Minas Gerais,Sudeste,Metropolitana de Belo Horizonte,Itabira,Ipatinga,Ipatinga
316350,3163508,São José do Jacuri,MG,31,Minas Gerais,Sudeste,Vale do Rio Doce,Peçanha,Guanhães,Governador Valadares
316360,3163607,São José do Mantimento,MG,31,Minas Gerais,Sudeste,Zona da Mata,Manhuaçu,Manhuaçu,Juíz de Fora
316370,3163706,São Lourenço,MG,31,Minas Gerais,Sudeste,Sul/Sudoeste de Minas,São Lourenço,São Lourenço,Pouso Alegre
316380,3163805,São Miguel do Anta,MG,31,Minas Gerais,Sudeste,Zona da Mata,Viçosa,Viçosa,Juíz de Fora
316390,3163904,São Pedro da União,MG,31,Minas Gerais,Sudeste,Sul/Sudoeste de Minas,São Sebastião do Paraíso,Guaxupé,Varginha
316400,3164001,São Pedro dos Ferros,MG,31,Minas Gerais,Sudeste,Zona da Mata,Ponte Nova,Ponte Nova,Juíz de Fora
316410,3164100,São Pedro do Suaçuí,MG,31,Minas Gerais,Sudeste,Vale do Rio Doce,Peçanha,Guanhães,Governador Valadares
316420,3164209,São Romão,MG,31,Minas Gerais,Sudeste,Norte de Minas,Pirapora,São Francisco,Montes Claros
316430,3164308,São Roque de Minas,MG,31,Minas Gerais,Sudeste,Oeste de Minas,Piuí,Piumhi,Varginha
316440,3164407,São Sebastião da Bela Vista,MG,31,Minas Gerais,Sudeste,Sul/Sudoeste de Minas,Santa Rita do Sapucaí,Pouso Alegre,Pouso Alegre
316443,3164431,São Sebastião da Vargem Alegre,MG,31,Minas Gerais,Sudeste,Zona da Mata,Muriaé,Muriaé,Juíz de Fora
316447,3164472,São Sebastião do Anta,MG,31,Minas Gerais,Sudeste,Vale do Rio Doce,Caratinga,Caratinga,Ipatinga
316450,3164506,São Sebastião do Maranhão,MG,31,Minas Gerais,Sudeste,Vale do Rio Doce,Peçanha,Guanhães,Governador Valadares
316460,3164605,São Sebastião do Oeste,MG,31,Minas Gerais,Sudeste,Oeste de Minas,Divinópolis,Divinópolis,Divinópolis
316470,3164704,São Sebastião do Paraíso,MG,31,Minas Gerais,Sudeste,Sul/Sudoeste de Minas,São Sebastião do Paraíso,São Sebastião do Paraíso,Varginha
316480,3164803,São Sebastião do Rio Preto,MG,31,Minas Gerais,Sudeste,Metropolitana de Belo Horizonte,Conceição do Mato Dentro,Itabira,Belo Horizonte
316490,3164902,São Sebastião do Rio Verde,MG,31,Minas Gerais,Sudeste,Sul/Sudoeste de Minas,São Lourenço,São Lourenço,Pouso Alegre
316500,3165008,São Tiago,MG,31,Minas Gerais,Sudeste,Campo das Vertentes,São João Del Rei,São João del Rei,Barbacena
316510,3165107,São Tomás de Aquino,MG,31,Minas Gerais,Sudeste,Sul/Sudoeste de Minas,São Sebastião do Paraíso,São Sebastião do Paraíso,Varginha
316520,3165206,São Tomé das Letras,MG,31,Minas Gerais,Sudeste,Sul/Sudoeste de Minas,Varginha,Três Corações,Varginha
316530,3165305,São Vicente de Minas,MG,31,Minas Gerais,Sudeste,Sul/Sudoeste de Minas,Andrelândia,São João del Rei,Barbacena
316540,3165404,Sapucaí-Mirim,MG,31,Minas Gerais,Sudeste,Sul/Sudoeste de Minas,Pouso Alegre,Itajubá,Pouso Alegre
316550,3165503,Sardoá,MG,31,Minas Gerais,Sudeste,Vale do Rio Doce,Guanhães,Governador Valadares,Governador Valadares
316553,3165537,Sarzedo,MG,31,Minas Gerais,Sudeste,Metropolitana de Belo Horizonte,Belo Horizonte,Belo Horizonte,Belo Horizonte
316555,3165552,Setubinha,MG,31,Minas Gerais,Sudeste,Vale do Mucuri,Teófilo Otoni,Teófilo Otoni,Teófilo Otoni
316556,3165560,Sem-Peixe,MG,31,Minas Gerais,Sudeste,Zona da Mata,Ponte Nova,Ponte Nova,Juíz de Fora
316557,3165578,Senador Amaral,MG,31,Minas Gerais,Sudeste,Sul/Sudoeste de Minas,Pouso Alegre,Pouso Alegre,Pouso Alegre
316560,3165602,Senador Cortes,MG,31,Minas Gerais,Sudeste,Zona da Mata,Juiz de Fora,São João Nepomuceno - Bicas,Juíz de Fora
316570,3165701,Senador Firmino,MG,31,Minas Gerais,Sudeste,Zona da Mata,Ubá,Ubá,Juíz de Fora
316580,3165800,Senador José Bento,MG,31,Minas Gerais,Sudeste,Sul/Sudoeste de Minas,Pouso Alegre,Pouso Alegre,Pouso Alegre
316590,3165909,Senador Modestino Gonçalves,MG,31,Minas Gerais,Sudeste,Jequitinhonha,Diamantina,Diamantina,Teófilo Otoni
316600,3166006,Senhora de Oliveira,MG,31,Minas Gerais,Sudeste,Zona da Mata,Viçosa,Conselheiro Lafaiete,Barbacena
316610,3166105,Senhora do Porto,MG,31,Minas Gerais,Sudeste,Vale do Rio Doce,Guanhães,Guanhães,Governador Valadares
316620,3166204,Senhora dos Remédios,MG,31,Minas Gerais,Sudeste,Campo das Vertentes,Barbacena,Barbacena,Barbacena
316630,3166303,Sericita,MG,31,Minas Gerais,Sudeste,Zona da Mata,Ponte Nova,Ponte Nova,Juíz de Fora
316640,3166402,Seritinga,MG,31,Minas Gerais,Sudeste,Sul/Sudoeste de Minas,Andrelândia,Caxambu - Baependi,Pouso Alegre
316650,3166501,Serra Azul de Minas,MG,31,Minas Gerais,Sudeste,Metropolitana de Belo Horizonte,Conceição do Mato Dentro,Diamantina,Teófilo Otoni
316660,3166600,Serra da Saudade,MG,31,Minas Gerais,Sudeste,Central Mineira,Bom Despacho,Dores do Indaiá,Divinópolis
316670,3166709,Serra dos Aimorés,MG,31,Minas Gerais,Sudeste,Vale do Mucuri,Nanuque,Teófilo Otoni,Teófilo Otoni
316680,3166808,Serra do Salitre,MG,31,Minas Gerais,Sudeste,Triângulo Mineiro/Alto Paranaíba,Patrocínio,Patrocínio,Patos de Minas
316690,3166907,Serrania,MG,31,Minas Gerais,Sudeste,Sul/Sudoeste de Minas,Alfenas,Alfenas,Varginha
316695,3166956,Serranópolis de Minas,MG,31,Minas Gerais,Sudeste,Norte de Minas,Janaúba,Janaúba,Montes Claros
316700,3167004,Serranos,MG,31,Minas Gerais,Sudeste,Sul/Sudoeste de Minas,Andrelândia,Caxambu - Baependi,Pouso Alegre
316710,3167103,Serro,MG,31,Minas Gerais,Sudeste,Metropolitana de Belo Horizonte,Conceição do Mato Dentro,Diamantina,Teófilo Otoni
316720,3167202,Sete Lagoas,MG,31,Minas Gerais,Sudeste,Metropolitana de Belo Horizonte,Sete Lagoas,Sete Lagoas,Belo Horizonte
316730,3167301,Silveirânia,MG,31,Minas Gerais,Sudeste,Zona da Mata,Ubá,Ubá,Juíz de Fora
316740,3167400,Silvianópolis,MG,31,Minas Gerais,Sudeste,Sul/Sudoeste de Minas,Santa Rita do Sapucaí,Pouso Alegre,Pouso Alegre
316750,3167509,Simão Pereira,MG,31,Minas Gerais,Sudeste,Zona da Mata,Juiz de Fora,Juiz de Fora,Juíz de Fora
316760,3167608,Simonésia,MG,31,Minas Gerais,Sudeste,Zona da Mata,Manhuaçu,Manhuaçu,Juíz de Fora
316770,3167707,Sobrália,MG,31,Minas Gerais,Sudeste,Vale do Rio Doce,Governador Valadares,Governador Valadares,Governador Valadares
316780,3167806,Soledade de Minas,MG,31,Minas Gerais,Sudeste,Sul/Sudoeste de Minas,São Lourenço,São Lourenço,Pouso Alegre
316790,3167905,Tabuleiro,MG,31,Minas Gerais,Sudeste,Zona da Mata,Ubá,Ubá,Juíz de Fora
316800,3168002,Taiobeiras,MG,31,Minas Gerais,Sudeste,Norte de Minas,Salinas,Salinas,Montes Claros
316805,3168051,Taparuba,MG,31,Minas Gerais,Sudeste,Vale do Rio Doce,Aimorés,Manhuaçu,Juíz de Fora
316810,3168101,Tapira,MG,31,Minas Gerais,Sudeste,Triângulo Mineiro/Alto Paranaíba,Araxá,Araxá,Uberaba
316820,3168200,Tapiraí,MG,31,Minas Gerais,Sudeste,Oeste de Minas,Piuí,Formiga,Divinópolis
316830,3168309,Taquaraçu de Minas,MG,31,Minas Gerais,Sudeste,Metropolitana de Belo Horizonte,Itabira,Belo Horizonte,Belo Horizonte
316840,3168408,Tarumirim,MG,31,Minas Gerais,Sudeste,Vale do Rio Doce,Caratinga,Governador Valadares,Governador Valadares
316850,3168507,Teixeiras,MG,31,Minas Gerais,Sudeste,Zona da Mata,Viçosa,Viçosa,Juíz de Fora
316860,3168606,Teófilo Otoni,MG,31,Minas Gerais,Sudeste,Vale do Mucuri,Teófilo Otoni,Teófilo Otoni,Teófilo Otoni
316870,3168705,Timóteo,MG,31,Minas Gerais,Sudeste,Vale do Rio Doce,Ipatinga,Ipatinga,Ipatinga
316880,3168804,Tiradentes,MG,31,Minas Gerais,Sudeste,Campo das Vertentes,São João Del Rei,São João del Rei,Barbacena
316890,3168903,Tiros,MG,31,Minas Gerais,Sudeste,Triângulo Mineiro/Alto Paranaíba,Patos de Minas,Patos de Minas,Patos de Minas
316900,3169000,Tocantins,MG,31,Minas Gerais,Sudeste,Zona da Mata,Ubá,Ubá,Juíz de Fora
316905,3169059,Tocos do Moji,MG,31,Minas Gerais,Sudeste,Sul/Sudoeste de Minas,Pouso Alegre,Pouso Alegre,Pouso Alegre
316910,3169109,Toledo,MG,31,Minas Gerais,Sudeste,Sul/Sudoeste de Minas,Pouso Alegre,Pouso Alegre,Pouso Alegre
316920,3169208,Tombos,MG,31,Minas Gerais,Sudeste,Zona da Mata,Muriaé,Carangola,Juíz de Fora
316930,3169307,Três Corações,MG,31,Minas Gerais,Sudeste,Sul/Sudoeste de Minas,Varginha,Três Corações,Varginha
316935,3169356,Três Marias,MG,31,Minas Gerais,Sudeste,Central Mineira,Três Marias,Curvelo,Belo Horizonte
316940,3169406,Três Pontas,MG,31,Minas Gerais,Sudeste,Sul/Sudoeste de Minas,Varginha,Três Pontas - Boa Esperança,Varginha
316950,3169505,Tumiritinga,MG,31,Minas Gerais,Sudeste,Vale do Rio Doce,Governador Valadares,Governador Valadares,Governador Valadares
316960,3169604,Tupaciguara,MG,31,Minas Gerais,Sudeste,Triângulo Mineiro/Alto Paranaíba,Uberlândia,Uberlândia,Uberlândia
316970,3169703,Turmalina,MG,31,Minas Gerais,Sudeste,Jequitinhonha,Capelinha,Capelinha,Teófilo Otoni
316980,3169802,Turvolândia,MG,31,Minas Gerais,Sudeste,Sul/Sudoeste de Minas,Santa Rita do Sapucaí,Pouso Alegre,Pouso Alegre
316990,3169901,Ubá,MG,31,Minas Gerais,Sudeste,Zona da Mata,Ubá,Ubá,Juíz de Fora
317000,3170008,Ubaí,MG,31,Minas Gerais,Sudeste,Norte de Minas,Montes Claros,São Francisco,Montes Claros
317005,3170057,Ubaporanga,MG,31,Minas Gerais,Sudeste,Vale do Rio Doce,Caratinga,Caratinga,Ipatinga
317010,3170107,Uberaba,MG,31,Minas Gerais,Sudeste,Triângulo Mineiro/Alto Paranaíba,Uberaba,Uberaba,Uberaba
317020,3170206,Uberlândia,MG,31,Minas Gerais,Sudeste,Triângulo Mineiro/Alto Paranaíba,Uberlândia,Uberlândia,Uberlândia
317030,3170305,Umburatiba,MG,31,Minas Gerais,Sudeste,Vale do Mucuri,Nanuque,Águas Formosas,Teófilo Otoni
317040,3170404,Unaí,MG,31,Minas Gerais,Sudeste,Noroeste de Minas,Unaí,Unaí,Patos de Minas
317043,3170438,União de Minas,MG,31,Minas Gerais,Sudeste,Triângulo Mineiro/Alto Paranaíba,Frutal,Iturama,Uberaba
317047,3170479,Uruana de Minas,MG,31,Minas Gerais,Sudeste,Noroeste de Minas,Unaí,Unaí,Patos de Minas
317050,3170503,Urucânia,MG,31,Minas Gerais,Sudeste,Zona da Mata,Ponte Nova,Ponte Nova,Juíz de Fora
317052,3170529,Urucuia,MG,31,Minas Gerais,Sudeste,Norte de Minas,Januária,Unaí,Patos de Minas
317057,3170578,Vargem Alegre,MG,31,Minas Gerais,Sudeste,Vale do Rio Doce,Caratinga,Caratinga,Ipatinga
317060,3170602,Vargem Bonita,MG,31,Minas Gerais,Sudeste,Oeste de Minas,Piuí,Piumhi,Varginha
317065,3170651,Vargem Grande do Rio Pardo,MG,31,Minas Gerais,Sudeste,Norte de Minas,Salinas,Salinas,Montes Claros
317070,3170701,Varginha,MG,31,Minas Gerais,Sudeste,Sul/Sudoeste de Minas,Varginha,Varginha,Varginha
317075,3170750,Varjão de Minas,MG,31,Minas Gerais,Sudeste,Noroeste de Minas,Paracatu,Patos de Minas,Patos de Minas
317080,3170800,Várzea da Palma,MG,31,Minas Gerais,Sudeste,Norte de Minas,Pirapora,Pirapora,Montes Claros
317090,3170909,Varzelândia,MG,31,Minas Gerais,Sudeste,Norte de Minas,Montes Claros,Montes Claros,Montes Claros
317100,3171006,Vazante,MG,31,Minas Gerais,Sudeste,Noroeste de Minas,Paracatu,Patos de Minas,Patos de Minas
317103,3171030,Verdelândia,MG,31,Minas Gerais,Sudeste,Norte de Minas,Montes Claros,Janaúba,Montes Claros
317107,3171071,Veredinha,MG,31,Minas Gerais,Sudeste,Jequitinhonha,Capelinha,Capelinha,Teófilo Otoni
317110,3171105,Veríssimo,MG,31,Minas Gerais,Sudeste,Triângulo Mineiro/Alto Paranaíba,Uberaba,Uberaba,Uberaba
317115,3171154,Vermelho Novo,MG,31,Minas Gerais,Sudeste,Zona da Mata,Ponte Nova,Caratinga,Ipatinga
317120,3171204,Vespasiano,MG,31,Minas Gerais,Sudeste,Metropolitana de Belo Horizonte,Belo Horizonte,Belo Horizonte,Belo Horizonte
317130,3171303,Viçosa,MG,31,Minas Gerais,Sudeste,Zona da Mata,Viçosa,Viçosa,Juíz de Fora
317140,3171402,Vieiras,MG,31,Minas Gerais,Sudeste,Zona da Mata,Muriaé,Muriaé,Juíz de Fora
317150,3171501,Mathias Lobato,MG,31,Minas Gerais,Sudeste,Vale do Rio Doce,Governador Valadares,Governador Valadares,Governador Valadares
317160,3171600,Virgem da Lapa,MG,31,Minas Gerais,Sudeste,Jequitinhonha,Araçuaí,Araçuaí,Teófilo Otoni
317170,3171709,Virgínia,MG,31,Minas Gerais,Sudeste,Sul/Sudoeste de Minas,Itajubá,São Lourenço,Pouso Alegre
317180,3171808,Virginópolis,MG,31,Minas Gerais,Sudeste,Vale do Rio Doce,Guanhães,Guanhães,Governador Valadares
317190,3171907,Virgolândia,MG,31,Minas Gerais,Sudeste,Vale do Rio Doce,Governador Valadares,Governador Valadares,Governador Valadares
317200,3172004,Visconde do Rio Branco,MG,31,Minas Gerais,Sudeste,Zona da Mata,Ubá,Ubá,Juíz de Fora
317210,3172103,Volta Grande,MG,31,Minas Gerais,Sudeste,Zona da Mata,Cataguases,Além Paraíba,Juíz de Fora
317220,3172202,Wenceslau Braz,MG,31,Minas Gerais,Sudeste,Sul/Sudoeste de Minas,Itajubá,Itajubá,Pouso Alegre
320010,3200102,Afonso Cláudio,ES,32,Espírito Santo,Sudeste,Central Espírito-santense,Afonso Cláudio,Afonso Cláudio - Venda Nova do Imigrante - Santa Maria de Jetibá,Vitória
320013,3200136,Águia Branca,ES,32,Espírito Santo,Sudeste,Noroeste Espírito-santense,Nova Venécia,Colatina,Colatina
320016,3200169,Água Doce do Norte,ES,32,Espírito Santo,Sudeste,Noroeste Espírito-santense,Barra de São Francisco,Nova Venécia,Colatina
320020,3200201,Alegre,ES,32,Espírito Santo,Sudeste,Sul Espírito-santense,Alegre,Alegre,Cachoeiro do Itapemirim
320030,3200300,Alfredo Chaves,ES,32,Espírito Santo,Sudeste,Central Espírito-santense,Guarapari,Vitória,Vitória
320035,3200359,Alto Rio Novo,ES,32,Espírito Santo,Sudeste,Noroeste Espírito-santense,Colatina,Colatina,Colatina
320040,3200409,Anchieta,ES,32,Espírito Santo,Sudeste,Central Espírito-santense,Guarapari,Vitória,Vitória
320050,3200508,Apiacá,ES,32,Espírito Santo,Sudeste,Sul Espírito-santense,Cachoeiro de Itapemirim,Alegre,Cachoeiro do Itapemirim
320060,3200607,Aracruz,ES,32,Espírito Santo,Sudeste,Litoral Norte Espírito-santense,Linhares,Linhares,São Mateus
320070,3200706,Atílio Vivácqua,ES,32,Espírito Santo,Sudeste,Sul Espírito-santense,Cachoeiro de Itapemirim,Cachoeiro de Itapemirim,Cachoeiro do Itapemirim
320080,3200805,Baixo Guandu,ES,32,Espírito Santo,Sudeste,Noroeste Espírito-santense,Colatina,Colatina,Colatina
320090,3200904,Barra de São Francisco,ES,32,Espírito Santo,Sudeste,Noroeste Espírito-santense,Barra de São Francisco,Nova Venécia,Colatina
320100,3201001,Boa Esperança,ES,32,Espírito Santo,Sudeste,Noroeste Espírito-santense,Nova Venécia,São Mateus,São Mateus
320110,3201100,Bom Jesus do Norte,ES,32,Espírito Santo,Sudeste,Sul Espírito-santense,Cachoeiro de Itapemirim,Alegre,Cachoeiro do Itapemirim
320115,3201159,Brejetuba,ES,32,Espírito Santo,Sudeste,Central Espírito-santense,Afonso Cláudio,Afonso Cláudio - Venda Nova do Imigrante - Santa Maria de Jetibá,Vitória
320120,3201209,Cachoeiro de Itapemirim,ES,32,Espírito Santo,Sudeste,Sul Espírito-santense,Cachoeiro de Itapemirim,Cachoeiro de Itapemirim,Cachoeiro do Itapemirim
320130,3201308,Cariacica,ES,32,Espírito Santo,Sudeste,Central Espírito-santense,Vitória,Vitória,Vitória
320140,3201407,Castelo,ES,32,Espírito Santo,Sudeste,Sul Espírito-santense,Cachoeiro de Itapemirim,Cachoeiro de Itapemirim,Cachoeiro do Itapemirim
320150,3201506,Colatina,ES,32,Espírito Santo,Sudeste,Noroeste Espírito-santense,Colatina,Colatina,Colatina
320160,3201605,Conceição da Barra,ES,32,Espírito Santo,Sudeste,Litoral Norte Espírito-santense,São Mateus,São Mateus,São Mateus
320170,3201704,Conceição do Castelo,ES,32,Espírito Santo,Sudeste,Central Espírito-santense,Afonso Cláudio,Afonso Cláudio - Venda Nova do Imigrante - Santa Maria de Jetibá,Vitória
320180,3201803,Divino de São Lourenço,ES,32,Espírito Santo,Sudeste,Sul Espírito-santense,Alegre,Alegre,Cachoeiro do Itapemirim
320190,3201902,Domingos Martins,ES,32,Espírito Santo,Sudeste,Central Espírito-santense,Afonso Cláudio,Afonso Cláudio - Venda Nova do Imigrante - Santa Maria de Jetibá,Vitória
320200,3202009,Dores do Rio Preto,ES,32,Espírito Santo,Sudeste,Sul Espírito-santense,Alegre,Alegre,Cachoeiro do Itapemirim
320210,3202108,Ecoporanga,ES,32,Espírito Santo,Sudeste,Noroeste Espírito-santense,Barra de São Francisco,Nova Venécia,Colatina
320220,3202207,Fundão,ES,32,Espírito Santo,Sudeste,Litoral Norte Espírito-santense,Linhares,Vitória,Vitória
320225,3202256,Governador Lindenberg,ES,32,Espírito Santo,Sudeste,Noroeste Espírito-santense,Colatina,Colatina,Colatina
320230,3202306,Guaçuí,ES,32,Espírito Santo,Sudeste,Sul Espírito-santense,Alegre,Alegre,Cachoeiro do Itapemirim
320240,3202405,Guarapari,ES,32,Espírito Santo,Sudeste,Central Espírito-santense,Guarapari,Vitória,Vitória
320245,3202454,Ibatiba,ES,32,Espírito Santo,Sudeste,Sul Espírito-santense,Alegre,Alegre,Cachoeiro do Itapemirim
320250,3202504,Ibiraçu,ES,32,Espírito Santo,Sudeste,Litoral Norte Espírito-santense,Linhares,Linhares,São Mateus
320255,3202553,Ibitirama,ES,32,Espírito Santo,Sudeste,Sul Espírito-santense,Alegre,Alegre,Cachoeiro do Itapemirim
320260,3202603,Iconha,ES,32,Espírito Santo,Sudeste,Central Espírito-santense,Guarapari,Cachoeiro de Itapemirim,Cachoeiro do Itapemirim
320265,3202652,Irupi,ES,32,Espírito Santo,Sudeste,Sul Espírito-santense,Alegre,Alegre,Cachoeiro do Itapemirim
320270,3202702,Itaguaçu,ES,32,Espírito Santo,Sudeste,Central Espírito-santense,Santa Teresa,Colatina,Colatina
320280,3202801,Itapemirim,ES,32,Espírito Santo,Sudeste,Sul Espírito-santense,Itapemirim,Cachoeiro de Itapemirim,Cachoeiro do Itapemirim
320290,3202900,Itarana,ES,32,Espírito Santo,Sudeste,Central Espírito-santense,Santa Teresa,Afonso Cláudio - Venda Nova do Imigrante - Santa Maria de Jetibá,Vitória
320300,3203007,Iúna,ES,32,Espírito Santo,Sudeste,Sul Espírito-santense,Alegre,Alegre,Cachoeiro do Itapemirim
320305,3203056,Jaguaré,ES,32,Espírito Santo,Sudeste,Litoral Norte Espírito-santense,São Mateus,São Mateus,São Mateus
320310,3203106,Jerônimo Monteiro,ES,32,Espírito Santo,Sudeste,Sul Espírito-santense,Cachoeiro de Itapemirim,Cachoeiro de Itapemirim,Cachoeiro do Itapemirim
320313,3203130,João Neiva,ES,32,Espírito Santo,Sudeste,Litoral Norte Espírito-santense,Linhares,Linhares,São Mateus
320316,3203163,Laranja da Terra,ES,32,Espírito Santo,Sudeste,Central Espírito-santense,Afonso Cláudio,Afonso Cláudio - Venda Nova do Imigrante - Santa Maria de Jetibá,Vitória
320320,3203205,Linhares,ES,32,Espírito Santo,Sudeste,Litoral Norte Espírito-santense,Linhares,Linhares,São Mateus
320330,3203304,Mantenópolis,ES,32,Espírito Santo,Sudeste,Noroeste Espírito-santense,Barra de São Francisco,Colatina,Colatina
320332,3203320,Marataízes,ES,32,Espírito Santo,Sudeste,Sul Espírito-santense,Itapemirim,Cachoeiro de Itapemirim,Cachoeiro do Itapemirim
320334,3203346,Marechal Floriano,ES,32,Espírito Santo,Sudeste,Central Espírito-santense,Afonso Cláudio,Afonso Cláudio - Venda Nova do Imigrante - Santa Maria de Jetibá,Vitória
320335,3203353,Marilândia,ES,32,Espírito Santo,Sudeste,Noroeste Espírito-santense,Colatina,Colatina,Colatina
320340,3203403,Mimoso do Sul,ES,32,Espírito Santo,Sudeste,Sul Espírito-santense,Cachoeiro de Itapemirim,Cachoeiro de Itapemirim,Cachoeiro do Itapemirim
320350,3203502,Montanha,ES,32,Espírito Santo,Sudeste,Litoral Norte Espírito-santense,Montanha,São Mateus,São Mateus
320360,3203601,Mucurici,ES,32,Espírito Santo,Sudeste,Litoral Norte Espírito-santense,Montanha,São Mateus,São Mateus
320370,3203700,Muniz Freire,ES,32,Espírito Santo,Sudeste,Sul Espírito-santense,Alegre,Alegre,Cachoeiro do Itapemirim
320380,3203809,Muqui,ES,32,Espírito Santo,Sudeste,Sul Espírito-santense,Cachoeiro de Itapemirim,Cachoeiro de Itapemirim,Cachoeiro do Itapemirim
320390,3203908,Nova Venécia,ES,32,Espírito Santo,Sudeste,Noroeste Espírito-santense,Nova Venécia,Nova Venécia,Colatina
320400,3204005,Pancas,ES,32,Espírito Santo,Sudeste,Noroeste Espírito-santense,Colatina,Colatina,Colatina
320405,3204054,Pedro Canário,ES,32,Espírito Santo,Sudeste,Litoral Norte Espírito-santense,São Mateus,São Mateus,São Mateus
320410,3204104,Pinheiros,ES,32,Espírito Santo,Sudeste,Litoral Norte Espírito-santense,Montanha,São Mateus,São Mateus
320420,3204203,Piúma,ES,32,Espírito Santo,Sudeste,Central Espírito-santense,Guarapari,Vitória,Vitória
320425,3204252,Ponto Belo,ES,32,Espírito Santo,Sudeste,Litoral Norte Espírito-santense,Montanha,São Mateus,São Mateus
320430,3204302,Presidente Kennedy,ES,32,Espírito Santo,Sudeste,Sul Espírito-santense,Itapemirim,Cachoeiro de Itapemirim,Cachoeiro do Itapemirim
320435,3204351,Rio Bananal,ES,32,Espírito Santo,Sudeste,Litoral Norte Espírito-santense,Linhares,Linhares,São Mateus
320440,3204401,Rio Novo do Sul,ES,32,Espírito Santo,Sudeste,Central Espírito-santense,Guarapari,Cachoeiro de Itapemirim,Cachoeiro do Itapemirim
320450,3204500,Santa Leopoldina,ES,32,Espírito Santo,Sudeste,Central Espírito-santense,Santa Teresa,Afonso Cláudio - Venda Nova do Imigrante - Santa Maria de Jetibá,Vitória
320455,3204559,Santa Maria de Jetibá,ES,32,Espírito Santo,Sudeste,Central Espírito-santense,Santa Teresa,Afonso Cláudio - Venda Nova do Imigrante - Santa Maria de Jetibá,Vitória
320460,3204609,Santa Teresa,ES,32,Espírito Santo,Sudeste,Central Espírito-santense,Santa Teresa,Afonso Cláudio - Venda Nova do Imigrante - Santa Maria de Jetibá,Vitória
320465,3204658,São Domingos do Norte,ES,32,Espírito Santo,Sudeste,Noroeste Espírito-santense,Colatina,Colatina,Colatina
320470,3204708,São Gabriel da Palha,ES,32,Espírito Santo,Sudeste,Noroeste Espírito-santense,Nova Venécia,Colatina,Colatina
320480,3204807,São José do Calçado,ES,32,Espírito Santo,Sudeste,Sul Espírito-santense,Cachoeiro de Itapemirim,Alegre,Cachoeiro do Itapemirim
320490,3204906,São Mateus,ES,32,Espírito Santo,Sudeste,Litoral Norte Espírito-santense,São Mateus,São Mateus,São Mateus
320495,3204955,São Roque do Canaã,ES,32,Espírito Santo,Sudeste,Central Espírito-santense,Santa Teresa,Colatina,Colatina
320500,3205002,Serra,ES,32,Espírito Santo,Sudeste,Central Espírito-santense,Vitória,Vitória,Vitória
320501,3205010,Sooretama,ES,32,Espírito Santo,Sudeste,Litoral Norte Espírito-santense,Linhares,Linhares,São Mateus
320503,3205036,Vargem Alta,ES,32,Espírito Santo,Sudeste,Sul Espírito-santense,Cachoeiro de Itapemirim,Cachoeiro de Itapemirim,Cachoeiro do Itapemirim
320506,3205069,Venda Nova do Imigrante,ES,32,Espírito Santo,Sudeste,Central Espírito-santense,Afonso Cláudio,Afonso Cláudio - Venda Nova do Imigrante - Santa Maria de Jetibá,Vitória
320510,3205101,Viana,ES,32,Espírito Santo,Sudeste,Central Espírito-santense,Vitória,Vitória,Vitória
320515,3205150,Vila Pavão,ES,32,Espírito Santo,Sudeste,Noroeste Espírito-santense,Nova Venécia,Nova Venécia,Colatina
320517,3205176,Vila Valério,ES,32,Espírito Santo,Sudeste,Noroeste Espírito-santense,Nova Venécia,Colatina,Colatina
320520,3205200,Vila Velha,ES,32,Espírito Santo,Sudeste,Central Espírito-santense,Vitória,Vitória,Vitória
320530,3205309,Vitória,ES,32,Espírito Santo,Sudeste,Central Espírito-santense,Vitória,Vitória,Vitória
330010,3300100,Angra dos Reis,RJ,33,Rio de Janeiro,Sudeste,Sul Fluminense,Baía da Ilha Grande,Angra dos Reis,Rio de Janeiro
330015,3300159,Aperibé,RJ,33,Rio de Janeiro,Sudeste,Noroeste Fluminense,Santo Antônio de Pádua,Santo Antônio de Pádua,Campos dos Goytacazes
330020,3300209,Araruama,RJ,33,Rio de Janeiro,Sudeste,Baixadas,Lagos,Cabo Frio,Macaé - Rio das Ostras - Cabo Frio
330022,3300225,Areal,RJ,33,Rio de Janeiro,Sudeste,Centro Fluminense,Três Rios,Petrópolis,Petrópolis
330023,3300233,Armação dos Búzios,RJ,33,Rio de Janeiro,Sudeste,Baixadas,Lagos,Cabo Frio,Macaé - Rio das Ostras - Cabo Frio
330025,3300258,Arraial do Cabo,RJ,33,Rio de Janeiro,Sudeste,Baixadas,Lagos,Cabo Frio,Macaé - Rio das Ostras - Cabo Frio
330030,3300308,Barra do Piraí,RJ,33,Rio de Janeiro,Sudeste,Sul Fluminense,Barra do Piraí,Volta Redonda - Barra Mansa,Volta Redonda - Barra Mansa
330040,3300407,Barra Mansa,RJ,33,Rio de Janeiro,Sudeste,Sul Fluminense,Vale do Paraíba Fluminense,Volta Redonda - Barra Mansa,Volta Redonda - Barra Mansa
330045,3300456,Belford Roxo,RJ,33,Rio de Janeiro,Sudeste,Metropolitana do Rio de Janeiro,Rio de Janeiro,Rio de Janeiro,Rio de Janeiro
330050,3300506,Bom Jardim,RJ,33,Rio de Janeiro,Sudeste,Centro Fluminense,Nova Friburgo,Nova Friburgo,Petrópolis
330060,3300605,Bom Jesus do Itabapoana,RJ,33,Rio de Janeiro,Sudeste,Noroeste Fluminense,Itaperuna,Itaperuna,Campos dos Goytacazes
330070,3300704,Cabo Frio,RJ,33,Rio de Janeiro,Sudeste,Baixadas,Lagos,Cabo Frio,Macaé - Rio das Ostras - Cabo Frio
330080,3300803,Cachoeiras de Macacu,RJ,33,Rio de Janeiro,Sudeste,Metropolitana do Rio de Janeiro,Macacu-Caceribu,Rio Bonito,Rio de Janeiro
330090,3300902,Cambuci,RJ,33,Rio de Janeiro,Sudeste,Noroeste Fluminense,Santo Antônio de Pádua,Santo Antônio de Pádua,Campos dos Goytacazes
330093,3300936,Carapebus,RJ,33,Rio de Janeiro,Sudeste,Norte Fluminense,Macaé,Macaé - Rio das Ostras,Macaé - Rio das Ostras - Cabo Frio
330095,3300951,Comendador Levy Gasparian,RJ,33,Rio de Janeiro,Sudeste,Centro Fluminense,Três Rios,Três Rios - Paraíba do Sul,Petrópolis
330100,3301009,Campos dos Goytacazes,RJ,33,Rio de Janeiro,Sudeste,Norte Fluminense,Campos dos Goytacazes,Campos dos Goytacazes,Campos dos Goytacazes
330110,3301108,Cantagalo,RJ,33,Rio de Janeiro,Sudeste,Centro Fluminense,Cantagalo-Cordeiro,Nova Friburgo,Petrópolis
330115,3301157,Cardoso Moreira,RJ,33,Rio de Janeiro,Sudeste,Norte Fluminense,Campos dos Goytacazes,Campos dos Goytacazes,Campos dos Goytacazes
330120,3301207,Carmo,RJ,33,Rio de Janeiro,Sudeste,Centro Fluminense,Cantagalo-Cordeiro,Nova Friburgo,Petrópolis
330130,3301306,Casimiro de Abreu,RJ,33,Rio de Janeiro,Sudeste,Baixadas,Bacia de São João,Macaé - Rio das Ostras,Macaé - Rio das Ostras - Cabo Frio
330140,3301405,Conceição de Macabu,RJ,33,Rio de Janeiro,Sudeste,Norte Fluminense,Macaé,Macaé - Rio das Ostras,Macaé - Rio das Ostras - Cabo Frio
330150,3301504,Cordeiro,RJ,33,Rio de Janeiro,Sudeste,Centro Fluminense,Cantagalo-Cordeiro,Nova Friburgo,Petrópolis
330160,3301603,Duas Barras,RJ,33,Rio de Janeiro,Sudeste,Centro Fluminense,Nova Friburgo,Nova Friburgo,Petrópolis
330170,3301702,Duque de Caxias,RJ,33,Rio de Janeiro,Sudeste,Metropolitana do Rio de Janeiro,Rio de Janeiro,Rio de Janeiro,Rio de Janeiro
330180,3301801,Engenheiro Paulo de Frontin,RJ,33,Rio de Janeiro,Sudeste,Metropolitana do Rio de Janeiro,Vassouras,Volta Redonda - Barra Mansa,Volta Redonda - Barra Mansa
330185,3301850,Guapimirim,RJ,33,Rio de Janeiro,Sudeste,Metropolitana do Rio de Janeiro,Rio de Janeiro,Rio de Janeiro,Rio de Janeiro
330187,3301876,Iguaba Grande,RJ,33,Rio de Janeiro,Sudeste,Baixadas,Lagos,Cabo Frio,Macaé - Rio das Ostras - Cabo Frio
330190,3301900,Itaboraí,RJ,33,Rio de Janeiro,Sudeste,Metropolitana do Rio de Janeiro,Rio de Janeiro,Rio de Janeiro,Rio de Janeiro
330200,3302007,Itaguaí,RJ,33,Rio de Janeiro,Sudeste,Metropolitana do Rio de Janeiro,Itaguaí,Rio de Janeiro,Rio de Janeiro
330205,3302056,Italva,RJ,33,Rio de Janeiro,Sudeste,Noroeste Fluminense,Itaperuna,Campos dos Goytacazes,Campos dos Goytacazes
330210,3302106,Itaocara,RJ,33,Rio de Janeiro,Sudeste,Noroeste Fluminense,Santo Antônio de Pádua,Santo Antônio de Pádua,Campos dos Goytacazes
330220,3302205,Itaperuna,RJ,33,Rio de Janeiro,Sudeste,Noroeste Fluminense,Itaperuna,Itaperuna,Campos dos Goytacazes
330225,3302254,Itatiaia,RJ,33,Rio de Janeiro,Sudeste,Sul Fluminense,Vale do Paraíba Fluminense,Resende,Volta Redonda - Barra Mansa
330227,3302270,Japeri,RJ,33,Rio de Janeiro,Sudeste,Metropolitana do Rio de Janeiro,Rio de Janeiro,Rio de Janeiro,Rio de Janeiro
330230,3302304,Laje do Muriaé,RJ,33,Rio de Janeiro,Sudeste,Noroeste Fluminense,Itaperuna,Itaperuna,Campos dos Goytacazes
330240,3302403,Macaé,RJ,33,Rio de Janeiro,Sudeste,Norte Fluminense,Macaé,Macaé - Rio das Ostras,Macaé - Rio das Ostras - Cabo Frio
330245,3302452,Macuco,RJ,33,Rio de Janeiro,Sudeste,Centro Fluminense,Cantagalo-Cordeiro,Nova Friburgo,Petrópolis
330250,3302502,Magé,RJ,33,Rio de Janeiro,Sudeste,Metropolitana do Rio de Janeiro,Rio de Janeiro,Rio de Janeiro,Rio de Janeiro
330260,3302601,Mangaratiba,RJ,33,Rio de Janeiro,Sudeste,Metropolitana do Rio de Janeiro,Itaguaí,Rio de Janeiro,Rio de Janeiro
330270,3302700,Maricá,RJ,33,Rio de Janeiro,Sudeste,Metropolitana do Rio de Janeiro,Rio de Janeiro,Rio de Janeiro,Rio de Janeiro
330280,3302809,Mendes,RJ,33,Rio de Janeiro,Sudeste,Metropolitana do Rio de Janeiro,Vassouras,Volta Redonda - Barra Mansa,Volta Redonda - Barra Mansa
330285,3302858,Mesquita,RJ,33,Rio de Janeiro,Sudeste,Metropolitana do Rio de Janeiro,Rio de Janeiro,Rio de Janeiro,Rio de Janeiro
330290,3302908,Miguel Pereira,RJ,33,Rio de Janeiro,Sudeste,Metropolitana do Rio de Janeiro,Vassouras,Valença,Volta Redonda - Barra Mansa
330300,3303005,Miracema,RJ,33,Rio de Janeiro,Sudeste,Noroeste Fluminense,Santo Antônio de Pádua,Santo Antônio de Pádua,Campos dos Goytacazes
330310,3303104,Natividade,RJ,33,Rio de Janeiro,Sudeste,Noroeste Fluminense,Itaperuna,Itaperuna,Campos dos Goytacazes
330320,3303203,Nilópolis,RJ,33,Rio de Janeiro,Sudeste,Metropolitana do Rio de Janeiro,Rio de Janeiro,Rio de Janeiro,Rio de Janeiro
330330,3303302,Niterói,RJ,33,Rio de Janeiro,Sudeste,Metropolitana do Rio de Janeiro,Rio de Janeiro,Rio de Janeiro,Rio de Janeiro
330340,3303401,Nova Friburgo,RJ,33,Rio de Janeiro,Sudeste,Centro Fluminense,Nova Friburgo,Nova Friburgo,Petrópolis
330350,3303500,Nova Iguaçu,RJ,33,Rio de Janeiro,Sudeste,Metropolitana do Rio de Janeiro,Rio de Janeiro,Rio de Janeiro,Rio de Janeiro
330360,3303609,Paracambi,RJ,33,Rio de Janeiro,Sudeste,Metropolitana do Rio de Janeiro,Vassouras,Rio de Janeiro,Rio de Janeiro
330370,3303708,Paraíba do Sul,RJ,33,Rio de Janeiro,Sudeste,Centro Fluminense,Três Rios,Três Rios - Paraíba do Sul,Petrópolis
330380,3303807,Paraty,RJ,33,Rio de Janeiro,Sudeste,Sul Fluminense,Baía da Ilha Grande,Angra dos Reis,Rio de Janeiro
330385,3303856,Paty do Alferes,RJ,33,Rio de Janeiro,Sudeste,Metropolitana do Rio de Janeiro,Vassouras,Valença,Volta Redonda - Barra Mansa
330390,3303906,Petrópolis,RJ,33,Rio de Janeiro,Sudeste,Metropolitana do Rio de Janeiro,Serrana,Petrópolis,Petrópolis
330395,3303955,Pinheiral,RJ,33,Rio de Janeiro,Sudeste,Sul Fluminense,Vale do Paraíba Fluminense,Volta Redonda - Barra Mansa,Volta Redonda - Barra Mansa
330400,3304003,Piraí,RJ,33,Rio de Janeiro,Sudeste,Sul Fluminense,Vale do Paraíba Fluminense,Volta Redonda - Barra Mansa,Volta Redonda - Barra Mansa
330410,3304102,Porciúncula,RJ,33,Rio de Janeiro,Sudeste,Noroeste Fluminense,Itaperuna,Itaperuna,Campos dos Goytacazes
330411,3304110,Porto Real,RJ,33,Rio de Janeiro,Sudeste,Sul Fluminense,Vale do Paraíba Fluminense,Resende,Volta Redonda - Barra Mansa
330412,3304128,Quatis,RJ,33,Rio de Janeiro,Sudeste,Sul Fluminense,Vale do Paraíba Fluminense,Resende,Volta Redonda - Barra Mansa
330414,3304144,Queimados,RJ,33,Rio de Janeiro,Sudeste,Metropolitana do Rio de Janeiro,Rio de Janeiro,Rio de Janeiro,Rio de Janeiro
330415,3304151,Quissamã,RJ,33,Rio de Janeiro,Sudeste,Norte Fluminense,Macaé,Macaé - Rio das Ostras,Macaé - Rio das Ostras - Cabo Frio
330420,3304201,Resende,RJ,33,Rio de Janeiro,Sudeste,Sul Fluminense,Vale do Paraíba Fluminense,Resende,Volta Redonda - Barra Mansa
330430,3304300,Rio Bonito,RJ,33,Rio de Janeiro,Sudeste,Metropolitana do Rio de Janeiro,Macacu-Caceribu,Rio Bonito,Rio de Janeiro
330440,3304409,Rio Claro,RJ,33,Rio de Janeiro,Sudeste,Sul Fluminense,Vale do Paraíba Fluminense,Volta Redonda - Barra Mansa,Volta Redonda - Barra Mansa
330450,3304508,Rio das Flores,RJ,33,Rio de Janeiro,Sudeste,Sul Fluminense,Barra do Piraí,Valença,Volta Redonda - Barra Mansa
330452,3304524,Rio das Ostras,RJ,33,Rio de Janeiro,Sudeste,Baixadas,Bacia de São João,Macaé - Rio das Ostras,Macaé - Rio das Ostras - Cabo Frio
330455,3304557,Rio de Janeiro,RJ,33,Rio de Janeiro,Sudeste,Metropolitana do Rio de Janeiro,Rio de Janeiro,Rio de Janeiro,Rio de Janeiro
330460,3304607,Santa Maria Madalena,RJ,33,Rio de Janeiro,Sudeste,Centro Fluminense,Santa Maria Madalena,Nova Friburgo,Petrópolis
330470,3304706,Santo Antônio de Pádua,RJ,33,Rio de Janeiro,Sudeste,Noroeste Fluminense,Santo Antônio de Pádua,Santo Antônio de Pádua,Campos dos Goytacazes
330475,3304755,São Francisco de Itabapoana,RJ,33,Rio de Janeiro,Sudeste,Norte Fluminense,Campos dos Goytacazes,Campos dos Goytacazes,Campos dos Goytacazes
330480,3304805,São Fidélis,RJ,33,Rio de Janeiro,Sudeste,Norte Fluminense,Campos dos Goytacazes,Campos dos Goytacazes,Campos dos Goytacazes
330490,3304904,São Gonçalo,RJ,33,Rio de Janeiro,Sudeste,Metropolitana do Rio de Janeiro,Rio de Janeiro,Rio de Janeiro,Rio de Janeiro
330500,3305000,São João da Barra,RJ,33,Rio de Janeiro,Sudeste,Norte Fluminense,Campos dos Goytacazes,Campos dos Goytacazes,Campos dos Goytacazes
330510,3305109,São João de Meriti,RJ,33,Rio de Janeiro,Sudeste,Metropolitana do Rio de Janeiro,Rio de Janeiro,Rio de Janeiro,Rio de Janeiro
330513,3305133,São José de Ubá,RJ,33,Rio de Janeiro,Sudeste,Noroeste Fluminense,Santo Antônio de Pádua,Itaperuna,Campos dos Goytacazes
330515,3305158,São José do Vale do Rio Preto,RJ,33,Rio de Janeiro,Sudeste,Metropolitana do Rio de Janeiro,Serrana,Petrópolis,Petrópolis
330520,3305208,São Pedro da Aldeia,RJ,33,Rio de Janeiro,Sudeste,Baixadas,Lagos,Cabo Frio,Macaé - Rio das Ostras - Cabo Frio
330530,3305307,São Sebastião do Alto,RJ,33,Rio de Janeiro,Sudeste,Centro Fluminense,Santa Maria Madalena,Nova Friburgo,Petrópolis
330540,3305406,Sapucaia,RJ,33,Rio de Janeiro,Sudeste,Centro Fluminense,Três Rios,Três Rios - Paraíba do Sul,Petrópolis
330550,3305505,Saquarema,RJ,33,Rio de Janeiro,Sudeste,Baixadas,Lagos,Rio de Janeiro,Rio de Janeiro
330555,3305554,Seropédica,RJ,33,Rio de Janeiro,Sudeste,Metropolitana do Rio de Janeiro,Itaguaí,Rio de Janeiro,Rio de Janeiro
330560,3305604,Silva Jardim,RJ,33,Rio de Janeiro,Sudeste,Baixadas,Bacia de São João,Rio Bonito,Rio de Janeiro
330570,3305703,Sumidouro,RJ,33,Rio de Janeiro,Sudeste,Centro Fluminense,Nova Friburgo,Nova Friburgo,Petrópolis
330575,3305752,Tanguá,RJ,33,Rio de Janeiro,Sudeste,Metropolitana do Rio de Janeiro,Rio de Janeiro,Rio de Janeiro,Rio de Janeiro
330580,3305802,Teresópolis,RJ,33,Rio de Janeiro,Sudeste,Metropolitana do Rio de Janeiro,Serrana,Petrópolis,Petrópolis
330590,3305901,Trajano de Moraes,RJ,33,Rio de Janeiro,Sudeste,Centro Fluminense,Santa Maria Madalena,Nova Friburgo,Petrópolis
330600,3306008,Três Rios,RJ,33,Rio de Janeiro,Sudeste,Centro Fluminense,Três Rios,Três Rios - Paraíba do Sul,Petrópolis
330610,3306107,Valença,RJ,33,Rio de Janeiro,Sudeste,Sul Fluminense,Barra do Piraí,Valença,Volta Redonda - Barra Mansa
330615,3306156,Varre-Sai,RJ,33,Rio de Janeiro,Sudeste,Noroeste Fluminense,Itaperuna,Itaperuna,Campos dos Goytacazes
330620,3306206,Vassouras,RJ,33,Rio de Janeiro,Sudeste,Metropolitana do Rio de Janeiro,Vassouras,Valença,Volta Redonda - Barra Mansa
330630,3306305,Volta Redonda,RJ,33,Rio de Janeiro,Sudeste,Sul Fluminense,Vale do Paraíba Fluminense,Volta Redonda - Barra Mansa,Volta Redonda - Barra Mansa
350010,3500105,Adamantina,SP,35,São Paulo,Sudeste,Presidente Prudente,Adamantina,Adamantina - Lucélia,Presidente Prudente
350020,3500204,Adolfo,SP,35,São Paulo,Sudeste,São José do Rio Preto,São José do Rio Preto,São José do Rio Preto,São José do Rio Preto
350030,3500303,Aguaí,SP,35,São Paulo,Sudeste,Campinas,Pirassununga,São João da Boa Vista,Campinas
350040,3500402,Águas da Prata,SP,35,São Paulo,Sudeste,Campinas,São João da Boa Vista,São João da Boa Vista,Campinas
350050,3500501,Águas de Lindóia,SP,35,São Paulo,Sudeste,Campinas,Amparo,Amparo,Campinas
350055,3500550,Águas de Santa Bárbara,SP,35,São Paulo,Sudeste,Bauru,Avaré,Avaré,Sorocaba
350060,3500600,Águas de São Pedro,SP,35,São Paulo,Sudeste,Piracicaba,Piracicaba,Piracicaba,Campinas
350070,3500709,Agudos,SP,35,São Paulo,Sudeste,Bauru,Bauru,Bauru,Bauru
350075,3500758,Alambari,SP,35,São Paulo,Sudeste,Itapetininga,Itapetininga,Itapetininga,Sorocaba
350080,3500808,Alfredo Marcondes,SP,35,São Paulo,Sudeste,Presidente Prudente,Presidente Prudente,Presidente Prudente,Presidente Prudente
350090,3500907,Altair,SP,35,São Paulo,Sudeste,São José do Rio Preto,São José do Rio Preto,São José do Rio Preto,São José do Rio Preto
350100,3501004,Altinópolis,SP,35,São Paulo,Sudeste,Ribeirão Preto,Batatais,Ribeirão Preto,Ribeirão Preto
350110,3501103,Alto Alegre,SP,35,São Paulo,Sudeste,Araçatuba,Birigui,Birigui - Penápolis,Araçatuba
350115,3501152,Alumínio,SP,35,São Paulo,Sudeste,Macro Metropolitana Paulista,Sorocaba,Sorocaba,Sorocaba
350120,3501202,Álvares Florence,SP,35,São Paulo,Sudeste,São José do Rio Preto,Votuporanga,Votuporanga,São José do Rio Preto
350130,3501301,Álvares Machado,SP,35,São Paulo,Sudeste,Presidente Prudente,Presidente Prudente,Presidente Prudente,Presidente Prudente
350140,3501400,Álvaro de Carvalho,SP,35,São Paulo,Sudeste,Marília,Marília,Marília,Marília
350150,3501509,Alvinlândia,SP,35,São Paulo,Sudeste,Marília,Marília,Marília,Marília
350160,3501608,Americana,SP,35,São Paulo,Sudeste,Campinas,Campinas,Campinas,Campinas
350170,3501707,Américo Brasiliense,SP,35,São Paulo,Sudeste,Araraquara,Araraquara,Araraquara,Araraquara
350180,3501806,Américo de Campos,SP,35,São Paulo,Sudeste,São José do Rio Preto,Votuporanga,Votuporanga,São José do Rio Preto
350190,3501905,Amparo,SP,35,São Paulo,Sudeste,Campinas,Amparo,Amparo,Campinas
350200,3502002,Analândia,SP,35,São Paulo,Sudeste,Araraquara,São Carlos,Rio Claro,Campinas
350210,3502101,Andradina,SP,35,São Paulo,Sudeste,Araçatuba,Andradina,Andradina,Araçatuba
350220,3502200,Angatuba,SP,35,São Paulo,Sudeste,Itapetininga,Itapetininga,Itapetininga,Sorocaba
350230,3502309,Anhembi,SP,35,São Paulo,Sudeste,Bauru,Botucatu,Botucatu,Bauru
350240,3502408,Anhumas,SP,35,São Paulo,Sudeste,Presidente Prudente,Presidente Prudente,Presidente Prudente,Presidente Prudente
350250,3502507,Aparecida,SP,35,São Paulo,Sudeste,Vale do Paraíba Paulista,Guaratinguetá,Guaratinguetá,São José dos Campos
350260,3502606,Aparecida d'Oeste,SP,35,São Paulo,Sudeste,São José do Rio Preto,Jales,Jales,São José do Rio Preto
350270,3502705,Apiaí,SP,35,São Paulo,Sudeste,Itapetininga,Capão Bonito,Itapeva,Sorocaba
350275,3502754,Araçariguama,SP,35,São Paulo,Sudeste,Macro Metropolitana Paulista,Sorocaba,Sorocaba,Sorocaba
350280,3502804,Araçatuba,SP,35,São Paulo,Sudeste,Araçatuba,Araçatuba,Araçatuba,Araçatuba
350290,3502903,Araçoiaba da Serra,SP,35,São Paulo,Sudeste,Macro Metropolitana Paulista,Sorocaba,Sorocaba,Sorocaba
350300,3503000,Aramina,SP,35,São Paulo,Sudeste,Ribeirão Preto,Ituverava,Ituverava,Ribeirão Preto
350310,3503109,Arandu,SP,35,São Paulo,Sudeste,Bauru,Avaré,Avaré,Sorocaba
350315,3503158,Arapeí,SP,35,São Paulo,Sudeste,Vale do Paraíba Paulista,Bananal,Cruzeiro,São José dos Campos
350320,3503208,Araraquara,SP,35,São Paulo,Sudeste,Araraquara,Araraquara,Araraquara,Araraquara
350330,3503307,Araras,SP,35,São Paulo,Sudeste,Piracicaba,Limeira,Araras,Campinas
350335,3503356,Arco-Íris,SP,35,São Paulo,Sudeste,Marília,Tupã,Tupã,Marília
350340,3503406,Arealva,SP,35,São Paulo,Sudeste,Bauru,Bauru,Bauru,Bauru
350350,3503505,Areias,SP,35,São Paulo,Sudeste,Vale do Paraíba Paulista,Bananal,Cruzeiro,São José dos Campos
350360,3503604,Areiópolis,SP,35,São Paulo,Sudeste,Bauru,Bauru,Botucatu,Bauru
350370,3503703,Ariranha,SP,35,São Paulo,Sudeste,São José do Rio Preto,Catanduva,Catanduva,São José do Rio Preto
350380,3503802,Artur Nogueira,SP,35,São Paulo,Sudeste,Campinas,Mogi Mirim,Campinas,Campinas
350390,3503901,Arujá,SP,35,São Paulo,Sudeste,Metropolitana de São Paulo,Guarulhos,São Paulo,São Paulo
350395,3503950,Aspásia,SP,35,São Paulo,Sudeste,São José do Rio Preto,Jales,Jales,São José do Rio Preto
350400,3504008,Assis,SP,35,São Paulo,Sudeste,Assis,Assis,Assis,Marília
350410,3504107,Atibaia,SP,35,São Paulo,Sudeste,Macro Metropolitana Paulista,Bragança Paulista,Bragança Paulista,Campinas
350420,3504206,Auriflama,SP,35,São Paulo,Sudeste,São José do Rio Preto,Auriflama,Araçatuba,Araçatuba
350430,3504305,Avaí,SP,35,São Paulo,Sudeste,Bauru,Bauru,Bauru,Bauru
350440,3504404,Avanhandava,SP,35,São Paulo,Sudeste,Araçatuba,Birigui,Birigui - Penápolis,Araçatuba
350450,3504503,Avaré,SP,35,São Paulo,Sudeste,Bauru,Avaré,Avaré,Sorocaba
350460,3504602,Bady Bassitt,SP,35,São Paulo,Sudeste,São José do Rio Preto,São José do Rio Preto,São José do Rio Preto,São José do Rio Preto
350470,3504701,Balbinos,SP,35,São Paulo,Sudeste,Bauru,Bauru,Bauru,Bauru
350480,3504800,Bálsamo,SP,35,São Paulo,Sudeste,São José do Rio Preto,São José do Rio Preto,São José do Rio Preto,São José do Rio Preto
350490,3504909,Bananal,SP,35,São Paulo,Sudeste,Vale do Paraíba Paulista,Bananal,Cruzeiro,São José dos Campos
350500,3505005,Barão de Antonina,SP,35,São Paulo,Sudeste,Itapetininga,Itapeva,Itapeva,Sorocaba
350510,3505104,Barbosa,SP,35,São Paulo,Sudeste,Araçatuba,Birigui,Birigui - Penápolis,Araçatuba
350520,3505203,Bariri,SP,35,São Paulo,Sudeste,Bauru,Jaú,Jaú,Bauru
350530,3505302,Barra Bonita,SP,35,São Paulo,Sudeste,Bauru,Jaú,Jaú,Bauru
350535,3505351,Barra do Chapéu,SP,35,São Paulo,Sudeste,Itapetininga,Capão Bonito,Itapeva,Sorocaba
350540,3505401,Barra do Turvo,SP,35,São Paulo,Sudeste,Litoral Sul Paulista,Registro,Registro,Sorocaba
350550,3505500,Barretos,SP,35,São Paulo,Sudeste,Ribeirão Preto,Barretos,Barretos,Ribeirão Preto
350560,3505609,Barrinha,SP,35,São Paulo,Sudeste,Ribeirão Preto,Ribeirão Preto,Ribeirão Preto,Ribeirão Preto
350570,3505708,Barueri,SP,35,São Paulo,Sudeste,Metropolitana de São Paulo,Osasco,São Paulo,São Paulo
350580,3505807,Bastos,SP,35,São Paulo,Sudeste,Marília,Tupã,Tupã,Marília
350590,3505906,Batatais,SP,35,São Paulo,Sudeste,Ribeirão Preto,Batatais,Ribeirão Preto,Ribeirão Preto
350600,3506003,Bauru,SP,35,São Paulo,Sudeste,Bauru,Bauru,Bauru,Bauru
350610,3506102,Bebedouro,SP,35,São Paulo,Sudeste,Ribeirão Preto,Jaboticabal,Barretos,Ribeirão Preto
350620,3506201,Bento de Abreu,SP,35,São Paulo,Sudeste,Araçatuba,Araçatuba,Araçatuba,Araçatuba
350630,3506300,Bernardino de Campos,SP,35,São Paulo,Sudeste,Assis,Ourinhos,Ourinhos,Marília
350635,3506359,Bertioga,SP,35,São Paulo,Sudeste,Metropolitana de São Paulo,Santos,Santos,São Paulo
350640,3506409,Bilac,SP,35,São Paulo,Sudeste,Araçatuba,Birigui,Birigui - Penápolis,Araçatuba
350650,3506508,Birigui,SP,35,São Paulo,Sudeste,Araçatuba,Birigui,Birigui - Penápolis,Araçatuba
350660,3506607,Biritiba Mirim,SP,35,São Paulo,Sudeste,Metropolitana de São Paulo,Mogi das Cruzes,São Paulo,São Paulo
350670,3506706,Boa Esperança do Sul,SP,35,São Paulo,Sudeste,Araraquara,Araraquara,Araraquara,Araraquara
350680,3506805,Bocaina,SP,35,São Paulo,Sudeste,Bauru,Jaú,Jaú,Bauru
350690,3506904,Bofete,SP,35,São Paulo,Sudeste,Bauru,Botucatu,Botucatu,Bauru
350700,3507001,Boituva,SP,35,São Paulo,Sudeste,Itapetininga,Tatuí,Sorocaba,Sorocaba
350710,3507100,Bom Jesus dos Perdões,SP,35,São Paulo,Sudeste,Macro Metropolitana Paulista,Bragança Paulista,Bragança Paulista,Campinas
350715,3507159,Bom Sucesso de Itararé,SP,35,São Paulo,Sudeste,Itapetininga,Itapeva,Itapeva,Sorocaba
350720,3507209,Borá,SP,35,São Paulo,Sudeste,Assis,Assis,Assis,Marília
350730,3507308,Boracéia,SP,35,São Paulo,Sudeste,Bauru,Jaú,Jaú,Bauru
350740,3507407,Borborema,SP,35,São Paulo,Sudeste,Araraquara,Araraquara,Araraquara,Araraquara
350745,3507456,Borebi,SP,35,São Paulo,Sudeste,Bauru,Bauru,Bauru,Bauru
350750,3507506,Botucatu,SP,35,São Paulo,Sudeste,Bauru,Botucatu,Botucatu,Bauru
350760,3507605,Bragança Paulista,SP,35,São Paulo,Sudeste,Macro Metropolitana Paulista,Bragança Paulista,Bragança Paulista,Campinas
350770,3507704,Braúna,SP,35,São Paulo,Sudeste,Araçatuba,Birigui,Birigui - Penápolis,Araçatuba
350775,3507753,Brejo Alegre,SP,35,São Paulo,Sudeste,Araçatuba,Birigui,Birigui - Penápolis,Araçatuba
350780,3507803,Brodowski,SP,35,São Paulo,Sudeste,Ribeirão Preto,Ribeirão Preto,Ribeirão Preto,Ribeirão Preto
350790,3507902,Brotas,SP,35,São Paulo,Sudeste,Piracicaba,Rio Claro,Jaú,Bauru
350800,3508009,Buri,SP,35,São Paulo,Sudeste,Itapetininga,Itapeva,Itapeva,Sorocaba
350810,3508108,Buritama,SP,35,São Paulo,Sudeste,Araçatuba,Birigui,Birigui - Penápolis,Araçatuba
350820,3508207,Buritizal,SP,35,São Paulo,Sudeste,Ribeirão Preto,Ituverava,Ituverava,Ribeirão Preto
350830,3508306,Cabrália Paulista,SP,35,São Paulo,Sudeste,Bauru,Bauru,Bauru,Bauru
350840,3508405,Cabreúva,SP,35,São Paulo,Sudeste,Macro Metropolitana Paulista,Sorocaba,Jundiaí,Campinas
350850,3508504,Caçapava,SP,35,São Paulo,Sudeste,Vale do Paraíba Paulista,São José dos Campos,São José dos Campos,São José dos Campos
350860,3508603,Cachoeira Paulista,SP,35,São Paulo,Sudeste,Vale do Paraíba Paulista,Guaratinguetá,Cruzeiro,São José dos Campos
350870,3508702,Caconde,SP,35,São Paulo,Sudeste,Campinas,São João da Boa Vista,São José do Rio Pardo - Mococa,Campinas
350880,3508801,Cafelândia,SP,35,São Paulo,Sudeste,Bauru,Lins,Lins,Bauru
350890,3508900,Caiabu,SP,35,São Paulo,Sudeste,Presidente Prudente,Presidente Prudente,Presidente Prudente,Presidente Prudente
350900,3509007,Caieiras,SP,35,São Paulo,Sudeste,Metropolitana de São Paulo,Franco da Rocha,São Paulo,São Paulo
350910,3509106,Caiuá,SP,35,São Paulo,Sudeste,Presidente Prudente,Presidente Prudente,Presidente Epitácio-Presidente Venceslau,Presidente Prudente
350920,3509205,Cajamar,SP,35,São Paulo,Sudeste,Metropolitana de São Paulo,Osasco,São Paulo,São Paulo
350925,3509254,Cajati,SP,35,São Paulo,Sudeste,Litoral Sul Paulista,Registro,Registro,Sorocaba
350930,3509304,Cajobi,SP,35,São Paulo,Sudeste,São José do Rio Preto,Catanduva,Barretos,Ribeirão Preto
350940,3509403,Cajuru,SP,35,São Paulo,Sudeste,Ribeirão Preto,Batatais,Ribeirão Preto,Ribeirão Preto
350945,3509452,Campina do Monte Alegre,SP,35,São Paulo,Sudeste,Itapetininga,Itapetininga,Itapetininga,Sorocaba
350950,3509502,Campinas,SP,35,São Paulo,Sudeste,Campinas,Campinas,Campinas,Campinas
350960,3509601,Campo Limpo Paulista,SP,35,São Paulo,Sudeste,Macro Metropolitana Paulista,Jundiaí,Jundiaí,Campinas
350970,3509700,Campos do Jordão,SP,35,São Paulo,Sudeste,Vale do Paraíba Paulista,Campos do Jordão,Taubaté - Pindamonhangaba,São José dos Campos
350980,3509809,Campos Novos Paulista,SP,35,São Paulo,Sudeste,Assis,Assis,Marília,Marília
350990,3509908,Cananéia,SP,35,São Paulo,Sudeste,Litoral Sul Paulista,Registro,Registro,Sorocaba
350995,3509957,Canas,SP,35,São Paulo,Sudeste,Vale do Paraíba Paulista,Guaratinguetá,Guaratinguetá,São José dos Campos
351000,3510005,Cândido Mota,SP,35,São Paulo,Sudeste,Assis,Assis,Assis,Marília
351010,3510104,Cândido Rodrigues,SP,35,São Paulo,Sudeste,Ribeirão Preto,Jaboticabal,Araraquara,Araraquara
351015,3510153,Canitar,SP,35,São Paulo,Sudeste,Assis,Ourinhos,Ourinhos,Marília
351020,3510203,Capão Bonito,SP,35,São Paulo,Sudeste,Itapetininga,Capão Bonito,Itapeva,Sorocaba
351030,3510302,Capela do Alto,SP,35,São Paulo,Sudeste,Macro Metropolitana Paulista,Sorocaba,Sorocaba,Sorocaba
351040,3510401,Capivari,SP,35,São Paulo,Sudeste,Piracicaba,Piracicaba,Piracicaba,Campinas
351050,3510500,Caraguatatuba,SP,35,São Paulo,Sudeste,Vale do Paraíba Paulista,Caraguatatuba,Caraguatatuba - Ubatuba - São Sebastião,São José dos Campos
351060,3510609,Carapicuíba,SP,35,São Paulo,Sudeste,Metropolitana de São Paulo,Osasco,São Paulo,São Paulo
351070,3510708,Cardoso,SP,35,São Paulo,Sudeste,São José do Rio Preto,Votuporanga,Votuporanga,São José do Rio Preto
351080,3510807,Casa Branca,SP,35,São Paulo,Sudeste,Campinas,São João da Boa Vista,São João da Boa Vista,Campinas
351090,3510906,Cássia dos Coqueiros,SP,35,São Paulo,Sudeste,Ribeirão Preto,Batatais,Ribeirão Preto,Ribeirão Preto
351100,3511003,Castilho,SP,35,São Paulo,Sudeste,Araçatuba,Andradina,Andradina,Araçatuba
351110,3511102,Catanduva,SP,35,São Paulo,Sudeste,São José do Rio Preto,Catanduva,Catanduva,São José do Rio Preto
351120,3511201,Catiguá,SP,35,São Paulo,Sudeste,São José do Rio Preto,Catanduva,Catanduva,São José do Rio Preto
351130,3511300,Cedral,SP,35,São Paulo,Sudeste,São José do Rio Preto,São José do Rio Preto,São José do Rio Preto,São José do Rio Preto
351140,3511409,Cerqueira César,SP,35,São Paulo,Sudeste,Bauru,Avaré,Avaré,Sorocaba
351150,3511508,Cerquilho,SP,35,São Paulo,Sudeste,Itapetininga,Tatuí,Sorocaba,Sorocaba
351160,3511607,Cesário Lange,SP,35,São Paulo,Sudeste,Itapetininga,Tatuí,Tatuí,Sorocaba
351170,3511706,Charqueada,SP,35,São Paulo,Sudeste,Piracicaba,Piracicaba,Piracicaba,Campinas
351190,3511904,Clementina,SP,35,São Paulo,Sudeste,Araçatuba,Birigui,Birigui - Penápolis,Araçatuba
351200,3512001,Colina,SP,35,São Paulo,Sudeste,Ribeirão Preto,Barretos,Barretos,Ribeirão Preto
351210,3512100,Colômbia,SP,35,São Paulo,Sudeste,Ribeirão Preto,Barretos,Barretos,Ribeirão Preto
351220,3512209,Conchal,SP,35,São Paulo,Sudeste,Piracicaba,Limeira,Araras,Campinas
351230,3512308,Conchas,SP,35,São Paulo,Sudeste,Bauru,Botucatu,Botucatu,Bauru
351240,3512407,Cordeirópolis,SP,35,São Paulo,Sudeste,Piracicaba,Limeira,Limeira,Campinas
351250,3512506,Coroados,SP,35,São Paulo,Sudeste,Araçatuba,Birigui,Birigui - Penápolis,Araçatuba
351260,3512605,Coronel Macedo,SP,35,São Paulo,Sudeste,Itapetininga,Itapeva,Avaré,Sorocaba
351270,3512704,Corumbataí,SP,35,São Paulo,Sudeste,Piracicaba,Rio Claro,Rio Claro,Campinas
351280,3512803,Cosmópolis,SP,35,São Paulo,Sudeste,Campinas,Campinas,Campinas,Campinas
351290,3512902,Cosmorama,SP,35,São Paulo,Sudeste,São José do Rio Preto,Votuporanga,Votuporanga,São José do Rio Preto
351300,3513009,Cotia,SP,35,São Paulo,Sudeste,Metropolitana de São Paulo,Itapecerica da Serra,São Paulo,São Paulo
351310,3513108,Cravinhos,SP,35,São Paulo,Sudeste,Ribeirão Preto,Ribeirão Preto,Ribeirão Preto,Ribeirão Preto
351320,3513207,Cristais Paulista,SP,35,São Paulo,Sudeste,Ribeirão Preto,Franca,Franca,Ribeirão Preto
351330,3513306,Cruzália,SP,35,São Paulo,Sudeste,Assis,Assis,Assis,Marília
351340,3513405,Cruzeiro,SP,35,São Paulo,Sudeste,Vale do Paraíba Paulista,Guaratinguetá,Cruzeiro,São José dos Campos
351350,3513504,Cubatão,SP,35,São Paulo,Sudeste,Metropolitana de São Paulo,Santos,Santos,São Paulo
351360,3513603,Cunha,SP,35,São Paulo,Sudeste,Vale do Paraíba Paulista,Paraibuna/Paraitinga,Guaratinguetá,São José dos Campos
351370,3513702,Descalvado,SP,35,São Paulo,Sudeste,Araraquara,São Carlos,São Carlos,Araraquara
351380,3513801,Diadema,SP,35,São Paulo,Sudeste,Metropolitana de São Paulo,São Paulo,São Paulo,São Paulo
351385,3513850,Dirce Reis,SP,35,São Paulo,Sudeste,São José do Rio Preto,Jales,Jales,São José do Rio Preto
351390,3513900,Divinolândia,SP,35,São Paulo,Sudeste,Campinas,São João da Boa Vista,São José do Rio Pardo - Mococa,Campinas
351400,3514007,Dobrada,SP,35,São Paulo,Sudeste,Araraquara,Araraquara,Araraquara,Araraquara
351410,3514106,Dois Córregos,SP,35,São Paulo,Sudeste,Bauru,Jaú,Jaú,Bauru
351420,3514205,Dolcinópolis,SP,35,São Paulo,Sudeste,São José do Rio Preto,Jales,Jales,São José do Rio Preto
351430,3514304,Dourado,SP,35,São Paulo,Sudeste,Araraquara,São Carlos,São Carlos,Araraquara
351440,3514403,Dracena,SP,35,São Paulo,Sudeste,Presidente Prudente,Dracena,Dracena,Presidente Prudente
351450,3514502,Duartina,SP,35,São Paulo,Sudeste,Bauru,Bauru,Bauru,Bauru
351460,3514601,Dumont,SP,35,São Paulo,Sudeste,Ribeirão Preto,Ribeirão Preto,Ribeirão Preto,Ribeirão Preto
351470,3514700,Echaporã,SP,35,São Paulo,Sudeste,Marília,Marília,Marília,Marília
351480,3514809,Eldorado,SP,35,São Paulo,Sudeste,Litoral Sul Paulista,Registro,Registro,Sorocaba
351490,3514908,Elias Fausto,SP,35,São Paulo,Sudeste,Campinas,Campinas,Campinas,Campinas
351492,3514924,Elisiário,SP,35,São Paulo,Sudeste,São José do Rio Preto,Catanduva,Catanduva,São José do Rio Preto
351495,3514957,Embaúba,SP,35,São Paulo,Sudeste,São José do Rio Preto,Catanduva,Catanduva,São José do Rio Preto
351500,3515004,Embu das Artes,SP,35,São Paulo,Sudeste,Metropolitana de São Paulo,Itapecerica da Serra,São Paulo,São Paulo
351510,3515103,Embu-Guaçu,SP,35,São Paulo,Sudeste,Metropolitana de São Paulo,Itapecerica da Serra,São Paulo,São Paulo
351512,3515129,Emilianópolis,SP,35,São Paulo,Sudeste,Presidente Prudente,Presidente Prudente,Presidente Prudente,Presidente Prudente
351515,3515152,Engenheiro Coelho,SP,35,São Paulo,Sudeste,Campinas,Mogi Mirim,Limeira,Campinas
351518,3515186,Espírito Santo do Pinhal,SP,35,São Paulo,Sudeste,Campinas,São João da Boa Vista,São João da Boa Vista,Campinas
351519,3515194,Espírito Santo do Turvo,SP,35,São Paulo,Sudeste,Assis,Ourinhos,Ourinhos,Marília
351520,3515202,Estrela d'Oeste,SP,35,São Paulo,Sudeste,São José do Rio Preto,Fernandópolis,Fernandópolis,São José do Rio Preto
351530,3515301,Estrela do Norte,SP,35,São Paulo,Sudeste,Presidente Prudente,Presidente Prudente,Presidente Prudente,Presidente Prudente
351535,3515350,Euclides da Cunha Paulista,SP,35,São Paulo,Sudeste,Presidente Prudente,Presidente Prudente,Presidente Prudente,Presidente Prudente
351540,3515400,Fartura,SP,35,São Paulo,Sudeste,Assis,Ourinhos,Piraju,Marília
351550,3515509,Fernandópolis,SP,35,São Paulo,Sudeste,São José do Rio Preto,Fernandópolis,Fernandópolis,São José do Rio Preto
351560,3515608,Fernando Prestes,SP,35,São Paulo,Sudeste,Ribeirão Preto,Jaboticabal,Catanduva,São José do Rio Preto
351565,3515657,Fernão,SP,35,São Paulo,Sudeste,Marília,Marília,Marília,Marília
351570,3515707,Ferraz de Vasconcelos,SP,35,São Paulo,Sudeste,Metropolitana de São Paulo,Mogi das Cruzes,São Paulo,São Paulo
351580,3515806,Flora Rica,SP,35,São Paulo,Sudeste,Presidente Prudente,Adamantina,Dracena,Presidente Prudente
351590,3515905,Floreal,SP,35,São Paulo,Sudeste,São José do Rio Preto,Auriflama,Votuporanga,São José do Rio Preto
351600,3516002,Flórida Paulista,SP,35,São Paulo,Sudeste,Presidente Prudente,Adamantina,Adamantina - Lucélia,Presidente Prudente
351610,3516101,Florínea,SP,35,São Paulo,Sudeste,Assis,Assis,Assis,Marília
351620,3516200,Franca,SP,35,São Paulo,Sudeste,Ribeirão Preto,Franca,Franca,Ribeirão Preto
351630,3516309,Francisco Morato,SP,35,São Paulo,Sudeste,Metropolitana de São Paulo,Franco da Rocha,São Paulo,São Paulo
351640,3516408,Franco da Rocha,SP,35,São Paulo,Sudeste,Metropolitana de São Paulo,Franco da Rocha,São Paulo,São Paulo
351650,3516507,Gabriel Monteiro,SP,35,São Paulo,Sudeste,Araçatuba,Birigui,Birigui - Penápolis,Araçatuba
351660,3516606,Gália,SP,35,São Paulo,Sudeste,Marília,Marília,Marília,Marília
351670,3516705,Garça,SP,35,São Paulo,Sudeste,Marília,Marília,Marília,Marília
351680,3516804,Gastão Vidigal,SP,35,São Paulo,Sudeste,São José do Rio Preto,Auriflama,Araçatuba,Araçatuba
351685,3516853,Gavião Peixoto,SP,35,São Paulo,Sudeste,Araraquara,Araraquara,Araraquara,Araraquara
351690,3516903,General Salgado,SP,35,São Paulo,Sudeste,São José do Rio Preto,Auriflama,Araçatuba,Araçatuba
351700,3517000,Getulina,SP,35,São Paulo,Sudeste,Bauru,Lins,Marília,Marília
351710,3517109,Glicério,SP,35,São Paulo,Sudeste,Araçatuba,Birigui,Birigui - Penápolis,Araçatuba
351720,3517208,Guaiçara,SP,35,São Paulo,Sudeste,Bauru,Lins,Lins,Bauru
351730,3517307,Guaimbê,SP,35,São Paulo,Sudeste,Bauru,Lins,Marília,Marília
351740,3517406,Guaíra,SP,35,São Paulo,Sudeste,Ribeirão Preto,São Joaquim da Barra,Barretos,Ribeirão Preto
351750,3517505,Guapiaçu,SP,35,São Paulo,Sudeste,São José do Rio Preto,São José do Rio Preto,São José do Rio Preto,São José do Rio Preto
351760,3517604,Guapiara,SP,35,São Paulo,Sudeste,Itapetininga,Capão Bonito,Itapeva,Sorocaba
351770,3517703,Guará,SP,35,São Paulo,Sudeste,Ribeirão Preto,Ituverava,Ituverava,Ribeirão Preto
351780,3517802,Guaraçaí,SP,35,São Paulo,Sudeste,Araçatuba,Andradina,Andradina,Araçatuba
351790,3517901,Guaraci,SP,35,São Paulo,Sudeste,São José do Rio Preto,São José do Rio Preto,Barretos,Ribeirão Preto
351800,3518008,Guarani d'Oeste,SP,35,São Paulo,Sudeste,São José do Rio Preto,Fernandópolis,Fernandópolis,São José do Rio Preto
351810,3518107,Guarantã,SP,35,São Paulo,Sudeste,Bauru,Bauru,Lins,Bauru
351820,3518206,Guararapes,SP,35,São Paulo,Sudeste,Araçatuba,Araçatuba,Araçatuba,Araçatuba
351830,3518305,Guararema,SP,35,São Paulo,Sudeste,Metropolitana de São Paulo,Mogi das Cruzes,São Paulo,São Paulo
351840,3518404,Guaratinguetá,SP,35,São Paulo,Sudeste,Vale do Paraíba Paulista,Guaratinguetá,Guaratinguetá,São José dos Campos
351850,3518503,Guareí,SP,35,São Paulo,Sudeste,Itapetininga,Itapetininga,Itapetininga,Sorocaba
351860,3518602,Guariba,SP,35,São Paulo,Sudeste,Ribeirão Preto,Jaboticabal,Ribeirão Preto,Ribeirão Preto
351870,3518701,Guarujá,SP,35,São Paulo,Sudeste,Metropolitana de São Paulo,Santos,Santos,São Paulo
351880,3518800,Guarulhos,SP,35,São Paulo,Sudeste,Metropolitana de São Paulo,Guarulhos,São Paulo,São Paulo
351885,3518859,Guatapará,SP,35,São Paulo,Sudeste,Ribeirão Preto,Ribeirão Preto,Ribeirão Preto,Ribeirão Preto
351890,3518909,Guzolândia,SP,35,São Paulo,Sudeste,São José do Rio Preto,Auriflama,Araçatuba,Araçatuba
351900,3519006,Herculândia,SP,35,São Paulo,Sudeste,Marília,Tupã,Tupã,Marília
351905,3519055,Holambra,SP,35,São Paulo,Sudeste,Campinas,Campinas,Campinas,Campinas
351907,3519071,Hortolândia,SP,35,São Paulo,Sudeste,Campinas,Campinas,Campinas,Campinas
351910,3519105,Iacanga,SP,35,São Paulo,Sudeste,Bauru,Bauru,Bauru,Bauru
351920,3519204,Iacri,SP,35,São Paulo,Sudeste,Marília,Tupã,Tupã,Marília
351925,3519253,Iaras,SP,35,São Paulo,Sudeste,Bauru,Avaré,Avaré,Sorocaba
351930,3519303,Ibaté,SP,35,São Paulo,Sudeste,Araraquara,São Carlos,São Carlos,Araraquara
351940,3519402,Ibirá,SP,35,São Paulo,Sudeste,São José do Rio Preto,São José do Rio Preto,São José do Rio Preto,São José do Rio Preto
351950,3519501,Ibirarema,SP,35,São Paulo,Sudeste,Assis,Assis,Ourinhos,Marília
351960,3519600,Ibitinga,SP,35,São Paulo,Sudeste,Araraquara,Araraquara,Araraquara,Araraquara
351970,3519709,Ibiúna,SP,35,São Paulo,Sudeste,Macro Metropolitana Paulista,Piedade,Sorocaba,Sorocaba
351980,3519808,Icém,SP,35,São Paulo,Sudeste,São José do Rio Preto,São José do Rio Preto,São José do Rio Preto,São José do Rio Preto
351990,3519907,Iepê,SP,35,São Paulo,Sudeste,Assis,Assis,Presidente Prudente,Presidente Prudente
352000,3520004,Igaraçu do Tietê,SP,35,São Paulo,Sudeste,Bauru,Jaú,Jaú,Bauru
352010,3520103,Igarapava,SP,35,São Paulo,Sudeste,Ribeirão Preto,Ituverava,Ituverava,Ribeirão Preto
352020,3520202,Igaratá,SP,35,São Paulo,Sudeste,Vale do Paraíba Paulista,São José dos Campos,São José dos Campos,São José dos Campos
352030,3520301,Iguape,SP,35,São Paulo,Sudeste,Litoral Sul Paulista,Registro,Registro,Sorocaba
352040,3520400,Ilhabela,SP,35,São Paulo,Sudeste,Vale do Paraíba Paulista,Caraguatatuba,Caraguatatuba - Ubatuba - São Sebastião,São José dos Campos
352042,3520426,Ilha Comprida,SP,35,São Paulo,Sudeste,Litoral Sul Paulista,Registro,Registro,Sorocaba
352044,3520442,Ilha Solteira,SP,35,São Paulo,Sudeste,Araçatuba,Andradina,Andradina,Araçatuba
352050,3520509,Indaiatuba,SP,35,São Paulo,Sudeste,Campinas,Campinas,Campinas,Campinas
352060,3520608,Indiana,SP,35,São Paulo,Sudeste,Presidente Prudente,Presidente Prudente,Presidente Prudente,Presidente Prudente
352070,3520707,Indiaporã,SP,35,São Paulo,Sudeste,São José do Rio Preto,Fernandópolis,Fernandópolis,São José do Rio Preto
352080,3520806,Inúbia Paulista,SP,35,São Paulo,Sudeste,Presidente Prudente,Adamantina,Adamantina - Lucélia,Presidente Prudente
352090,3520905,Ipaussu,SP,35,São Paulo,Sudeste,Assis,Ourinhos,Ourinhos,Marília
352100,3521002,Iperó,SP,35,São Paulo,Sudeste,Macro Metropolitana Paulista,Sorocaba,Sorocaba,Sorocaba
352110,3521101,Ipeúna,SP,35,São Paulo,Sudeste,Piracicaba,Rio Claro,Rio Claro,Campinas
352115,3521150,Ipiguá,SP,35,São Paulo,Sudeste,São José do Rio Preto,São José do Rio Preto,São José do Rio Preto,São José do Rio Preto
352120,3521200,Iporanga,SP,35,São Paulo,Sudeste,Itapetininga,Capão Bonito,Registro,Sorocaba
352130,3521309,Ipuã,SP,35,São Paulo,Sudeste,Ribeirão Preto,São Joaquim da Barra,São Joaquim da Barra ¿ Orlândia,Ribeirão Preto
352140,3521408,Iracemápolis,SP,35,São Paulo,Sudeste,Piracicaba,Limeira,Limeira,Campinas
352150,3521507,Irapuã,SP,35,São Paulo,Sudeste,São José do Rio Preto,Novo Horizonte,São José do Rio Preto,São José do Rio Preto
352160,3521606,Irapuru,SP,35,São Paulo,Sudeste,Presidente Prudente,Adamantina,Dracena,Presidente Prudente
352170,3521705,Itaberá,SP,35,São Paulo,Sudeste,Itapetininga,Itapeva,Itapeva,Sorocaba
352180,3521804,Itaí,SP,35,São Paulo,Sudeste,Bauru,Avaré,Avaré,Sorocaba
352190,3521903,Itajobi,SP,35,São Paulo,Sudeste,São José do Rio Preto,Novo Horizonte,Catanduva,São José do Rio Preto
352200,3522000,Itaju,SP,35,São Paulo,Sudeste,Bauru,Jaú,Jaú,Bauru
352210,3522109,Itanhaém,SP,35,São Paulo,Sudeste,Litoral Sul Paulista,Itanhaém,Santos,São Paulo
352215,3522158,Itaoca,SP,35,São Paulo,Sudeste,Itapetininga,Capão Bonito,Itapeva,Sorocaba
352220,3522208,Itapecerica da Serra,SP,35,São Paulo,Sudeste,Metropolitana de São Paulo,Itapecerica da Serra,São Paulo,São Paulo
352230,3522307,Itapetininga,SP,35,São Paulo,Sudeste,Itapetininga,Itapetininga,Itapetininga,Sorocaba
352240,3522406,Itapeva,SP,35,São Paulo,Sudeste,Itapetininga,Itapeva,Itapeva,Sorocaba
352250,3522505,Itapevi,SP,35,São Paulo,Sudeste,Metropolitana de São Paulo,Osasco,São Paulo,São Paulo
352260,3522604,Itapira,SP,35,São Paulo,Sudeste,Campinas,Mogi Mirim,Mogi Guaçu,Campinas
352265,3522653,Itapirapuã Paulista,SP,35,São Paulo,Sudeste,Itapetininga,Capão Bonito,Itapeva,Sorocaba
352270,3522703,Itápolis,SP,35,São Paulo,Sudeste,Araraquara,Araraquara,Araraquara,Araraquara
352280,3522802,Itaporanga,SP,35,São Paulo,Sudeste,Itapetininga,Itapeva,Itapeva,Sorocaba
352290,3522901,Itapuí,SP,35,São Paulo,Sudeste,Bauru,Jaú,Jaú,Bauru
352300,3523008,Itapura,SP,35,São Paulo,Sudeste,Araçatuba,Andradina,Andradina,Araçatuba
352310,3523107,Itaquaquecetuba,SP,35,São Paulo,Sudeste,Metropolitana de São Paulo,Mogi das Cruzes,São Paulo,São Paulo
352320,3523206,Itararé,SP,35,São Paulo,Sudeste,Itapetininga,Itapeva,Itapeva,Sorocaba
352330,3523305,Itariri,SP,35,São Paulo,Sudeste,Litoral Sul Paulista,Itanhaém,Santos,São Paulo
352340,3523404,Itatiba,SP,35,São Paulo,Sudeste,Macro Metropolitana Paulista,Bragança Paulista,Jundiaí,Campinas
352350,3523503,Itatinga,SP,35,São Paulo,Sudeste,Bauru,Avaré,Botucatu,Bauru
352360,3523602,Itirapina,SP,35,São Paulo,Sudeste,Piracicaba,Rio Claro,São Carlos,Araraquara
352370,3523701,Itirapuã,SP,35,São Paulo,Sudeste,Ribeirão Preto,Franca,Franca,Ribeirão Preto
352380,3523800,Itobi,SP,35,São Paulo,Sudeste,Campinas,São João da Boa Vista,São José do Rio Pardo - Mococa,Campinas
352390,3523909,Itu,SP,35,São Paulo,Sudeste,Macro Metropolitana Paulista,Sorocaba,Sorocaba,Sorocaba
352400,3524006,Itupeva,SP,35,São Paulo,Sudeste,Macro Metropolitana Paulista,Jundiaí,Jundiaí,Campinas
352410,3524105,Ituverava,SP,35,São Paulo,Sudeste,Ribeirão Preto,Ituverava,Ituverava,Ribeirão Preto
352420,3524204,Jaborandi,SP,35,São Paulo,Sudeste,Ribeirão Preto,São Joaquim da Barra,Barretos,Ribeirão Preto
352430,3524303,Jaboticabal,SP,35,São Paulo,Sudeste,Ribeirão Preto,Jaboticabal,Ribeirão Preto,Ribeirão Preto
352440,3524402,Jacareí,SP,35,São Paulo,Sudeste,Vale do Paraíba Paulista,São José dos Campos,São José dos Campos,São José dos Campos
352450,3524501,Jaci,SP,35,São Paulo,Sudeste,São José do Rio Preto,São José do Rio Preto,São José do Rio Preto,São José do Rio Preto
352460,3524600,Jacupiranga,SP,35,São Paulo,Sudeste,Litoral Sul Paulista,Registro,Registro,Sorocaba
352470,3524709,Jaguariúna,SP,35,São Paulo,Sudeste,Campinas,Campinas,Campinas,Campinas
352480,3524808,Jales,SP,35,São Paulo,Sudeste,São José do Rio Preto,Jales,Jales,São José do Rio Preto
352490,3524907,Jambeiro,SP,35,São Paulo,Sudeste,Vale do Paraíba Paulista,Paraibuna/Paraitinga,São José dos Campos,São José dos Campos
352500,3525003,Jandira,SP,35,São Paulo,Sudeste,Metropolitana de São Paulo,Osasco,São Paulo,São Paulo
352510,3525102,Jardinópolis,SP,35,São Paulo,Sudeste,Ribeirão Preto,Ribeirão Preto,Ribeirão Preto,Ribeirão Preto
352520,3525201,Jarinu,SP,35,São Paulo,Sudeste,Macro Metropolitana Paulista,Bragança Paulista,Jundiaí,Campinas
352530,3525300,Jaú,SP,35,São Paulo,Sudeste,Bauru,Jaú,Jaú,Bauru
352540,3525409,Jeriquara,SP,35,São Paulo,Sudeste,Ribeirão Preto,Franca,Franca,Ribeirão Preto
352550,3525508,Joanópolis,SP,35,São Paulo,Sudeste,Macro Metropolitana Paulista,Bragança Paulista,Bragança Paulista,Campinas
352560,3525607,João Ramalho,SP,35,São Paulo,Sudeste,Presidente Prudente,Presidente Prudente,Presidente Prudente,Presidente Prudente
352570,3525706,José Bonifácio,SP,35,São Paulo,Sudeste,São José do Rio Preto,São José do Rio Preto,São José do Rio Preto,São José do Rio Preto
352580,3525805,Júlio Mesquita,SP,35,São Paulo,Sudeste,Bauru,Lins,Marília,Marília
352585,3525854,Jumirim,SP,35,São Paulo,Sudeste,Piracicaba,Piracicaba,Sorocaba,Sorocaba
352590,3525904,Jundiaí,SP,35,São Paulo,Sudeste,Macro Metropolitana Paulista,Jundiaí,Jundiaí,Campinas
352600,3526001,Junqueirópolis,SP,35,São Paulo,Sudeste,Presidente Prudente,Dracena,Dracena,Presidente Prudente
352610,3526100,Juquiá,SP,35,São Paulo,Sudeste,Litoral Sul Paulista,Registro,Registro,Sorocaba
352620,3526209,Juquitiba,SP,35,São Paulo,Sudeste,Metropolitana de São Paulo,Itapecerica da Serra,São Paulo,São Paulo
352630,3526308,Lagoinha,SP,35,São Paulo,Sudeste,Vale do Paraíba Paulista,Paraibuna/Paraitinga,Taubaté - Pindamonhangaba,São José dos Campos
352640,3526407,Laranjal Paulista,SP,35,São Paulo,Sudeste,Itapetininga,Tatuí,Piracicaba,Campinas
352650,3526506,Lavínia,SP,35,São Paulo,Sudeste,Araçatuba,Araçatuba,Andradina,Araçatuba
352660,3526605,Lavrinhas,SP,35,São Paulo,Sudeste,Vale do Paraíba Paulista,Guaratinguetá,Cruzeiro,São José dos Campos
352670,3526704,Leme,SP,35,São Paulo,Sudeste,Piracicaba,Limeira,Araras,Campinas
352680,3526803,Lençóis Paulista,SP,35,São Paulo,Sudeste,Bauru,Bauru,Bauru,Bauru
352690,3526902,Limeira,SP,35,São Paulo,Sudeste,Piracicaba,Limeira,Limeira,Campinas
352700,3527009,Lindóia,SP,35,São Paulo,Sudeste,Campinas,Amparo,Amparo,Campinas
352710,3527108,Lins,SP,35,São Paulo,Sudeste,Bauru,Lins,Lins,Bauru
352720,3527207,Lorena,SP,35,São Paulo,Sudeste,Vale do Paraíba Paulista,Guaratinguetá,Guaratinguetá,São José dos Campos
352725,3527256,Lourdes,SP,35,São Paulo,Sudeste,Araçatuba,Birigui,Birigui - Penápolis,Araçatuba
352730,3527306,Louveira,SP,35,São Paulo,Sudeste,Macro Metropolitana Paulista,Jundiaí,Jundiaí,Campinas
352740,3527405,Lucélia,SP,35,São Paulo,Sudeste,Presidente Prudente,Adamantina,Adamantina - Lucélia,Presidente Prudente
352750,3527504,Lucianópolis,SP,35,São Paulo,Sudeste,Bauru,Bauru,Bauru,Bauru
352760,3527603,Luís Antônio,SP,35,São Paulo,Sudeste,Ribeirão Preto,Ribeirão Preto,Ribeirão Preto,Ribeirão Preto
352770,3527702,Luiziânia,SP,35,São Paulo,Sudeste,Araçatuba,Birigui,Birigui - Penápolis,Araçatuba
352780,3527801,Lupércio,SP,35,São Paulo,Sudeste,Marília,Marília,Marília,Marília
352790,3527900,Lutécia,SP,35,São Paulo,Sudeste,Assis,Assis,Assis,Marília
352800,3528007,Macatuba,SP,35,São Paulo,Sudeste,Bauru,Jaú,Bauru,Bauru
352810,3528106,Macaubal,SP,35,São Paulo,Sudeste,São José do Rio Preto,Nhandeara,São José do Rio Preto,São José do Rio Preto
352820,3528205,Macedônia,SP,35,São Paulo,Sudeste,São José do Rio Preto,Fernandópolis,Fernandópolis,São José do Rio Preto
352830,3528304,Magda,SP,35,São Paulo,Sudeste,São José do Rio Preto,Auriflama,Araçatuba,Araçatuba
352840,3528403,Mairinque,SP,35,São Paulo,Sudeste,Macro Metropolitana Paulista,Sorocaba,Sorocaba,Sorocaba
352850,3528502,Mairiporã,SP,35,São Paulo,Sudeste,Metropolitana de São Paulo,Franco da Rocha,São Paulo,São Paulo
352860,3528601,Manduri,SP,35,São Paulo,Sudeste,Assis,Ourinhos,Avaré,Sorocaba
352870,3528700,Marabá Paulista,SP,35,São Paulo,Sudeste,Presidente Prudente,Presidente Prudente,Presidente Epitácio-Presidente Venceslau,Presidente Prudente
352880,3528809,Maracaí,SP,35,São Paulo,Sudeste,Assis,Assis,Assis,Marília
352885,3528858,Marapoama,SP,35,São Paulo,Sudeste,São José do Rio Preto,Novo Horizonte,Catanduva,São José do Rio Preto
352890,3528908,Mariápolis,SP,35,São Paulo,Sudeste,Presidente Prudente,Adamantina,Adamantina - Lucélia,Presidente Prudente
352900,3529005,Marília,SP,35,São Paulo,Sudeste,Marília,Marília,Marília,Marília
352910,3529104,Marinópolis,SP,35,São Paulo,Sudeste,São José do Rio Preto,Jales,Jales,São José do Rio Preto
352920,3529203,Martinópolis,SP,35,São Paulo,Sudeste,Presidente Prudente,Presidente Prudente,Presidente Prudente,Presidente Prudente
352930,3529302,Matão,SP,35,São Paulo,Sudeste,Araraquara,Araraquara,Araraquara,Araraquara
352940,3529401,Mauá,SP,35,São Paulo,Sudeste,Metropolitana de São Paulo,São Paulo,São Paulo,São Paulo
352950,3529500,Mendonça,SP,35,São Paulo,Sudeste,São José do Rio Preto,São José do Rio Preto,São José do Rio Preto,São José do Rio Preto
352960,3529609,Meridiano,SP,35,São Paulo,Sudeste,São José do Rio Preto,Fernandópolis,Fernandópolis,São José do Rio Preto
352965,3529658,Mesópolis,SP,35,São Paulo,Sudeste,São José do Rio Preto,Jales,Jales,São José do Rio Preto
352970,3529708,Miguelópolis,SP,35,São Paulo,Sudeste,Ribeirão Preto,São Joaquim da Barra,Ituverava,Ribeirão Preto
352980,3529807,Mineiros do Tietê,SP,35,São Paulo,Sudeste,Bauru,Jaú,Jaú,Bauru
352990,3529906,Miracatu,SP,35,São Paulo,Sudeste,Litoral Sul Paulista,Registro,Registro,Sorocaba
353000,3530003,Mira Estrela,SP,35,São Paulo,Sudeste,São José do Rio Preto,Fernandópolis,Fernandópolis,São José do Rio Preto
353010,3530102,Mirandópolis,SP,35,São Paulo,Sudeste,Araçatuba,Andradina,Andradina,Araçatuba
353020,3530201,Mirante do Paranapanema,SP,35,São Paulo,Sudeste,Presidente Prudente,Presidente Prudente,Presidente Prudente,Presidente Prudente
353030,3530300,Mirassol,SP,35,São Paulo,Sudeste,São José do Rio Preto,São José do Rio Preto,São José do Rio Preto,São José do Rio Preto
353040,3530409,Mirassolândia,SP,35,São Paulo,Sudeste,São José do Rio Preto,São José do Rio Preto,São José do Rio Preto,São José do Rio Preto
353050,3530508,Mococa,SP,35,São Paulo,Sudeste,Campinas,São João da Boa Vista,São José do Rio Pardo - Mococa,Campinas
353060,3530607,Mogi das Cruzes,SP,35,São Paulo,Sudeste,Metropolitana de São Paulo,Mogi das Cruzes,São Paulo,São Paulo
353070,3530706,Mogi Guaçu,SP,35,São Paulo,Sudeste,Campinas,Mogi Mirim,Mogi Guaçu,Campinas
353080,3530805,Mogi Mirim,SP,35,São Paulo,Sudeste,Campinas,Mogi Mirim,Mogi Guaçu,Campinas
353090,3530904,Mombuca,SP,35,São Paulo,Sudeste,Piracicaba,Piracicaba,Piracicaba,Campinas
353100,3531001,Monções,SP,35,São Paulo,Sudeste,São José do Rio Preto,Nhandeara,Araçatuba,Araçatuba
353110,3531100,Mongaguá,SP,35,São Paulo,Sudeste,Litoral Sul Paulista,Itanhaém,Santos,São Paulo
353120,3531209,Monte Alegre do Sul,SP,35,São Paulo,Sudeste,Campinas,Amparo,Amparo,Campinas
353130,3531308,Monte Alto,SP,35,São Paulo,Sudeste,Ribeirão Preto,Jaboticabal,Ribeirão Preto,Ribeirão Preto
353140,3531407,Monte Aprazível,SP,35,São Paulo,Sudeste,São José do Rio Preto,Nhandeara,São José do Rio Preto,São José do Rio Preto
353150,3531506,Monte Azul Paulista,SP,35,São Paulo,Sudeste,Ribeirão Preto,Jaboticabal,Barretos,Ribeirão Preto
353160,3531605,Monte Castelo,SP,35,São Paulo,Sudeste,Presidente Prudente,Dracena,Dracena,Presidente Prudente
353170,3531704,Monteiro Lobato,SP,35,São Paulo,Sudeste,Vale do Paraíba Paulista,Campos do Jordão,São José dos Campos,São José dos Campos
353180,3531803,Monte Mor,SP,35,São Paulo,Sudeste,Campinas,Campinas,Campinas,Campinas
353190,3531902,Morro Agudo,SP,35,São Paulo,Sudeste,Ribeirão Preto,São Joaquim da Barra,São Joaquim da Barra ¿ Orlândia,Ribeirão Preto
353200,3532009,Morungaba,SP,35,São Paulo,Sudeste,Macro Metropolitana Paulista,Bragança Paulista,Jundiaí,Campinas
353205,3532058,Motuca,SP,35,São Paulo,Sudeste,Araraquara,Araraquara,Araraquara,Araraquara
353210,3532108,Murutinga do Sul,SP,35,São Paulo,Sudeste,Araçatuba,Andradina,Andradina,Araçatuba
353215,3532157,Nantes,SP,35,São Paulo,Sudeste,Assis,Assis,Presidente Prudente,Presidente Prudente
353220,3532207,Narandiba,SP,35,São Paulo,Sudeste,Presidente Prudente,Presidente Prudente,Presidente Prudente,Presidente Prudente
353230,3532306,Natividade da Serra,SP,35,São Paulo,Sudeste,Vale do Paraíba Paulista,Paraibuna/Paraitinga,Taubaté - Pindamonhangaba,São José dos Campos
353240,3532405,Nazaré Paulista,SP,35,São Paulo,Sudeste,Macro Metropolitana Paulista,Bragança Paulista,Bragança Paulista,Campinas
353250,3532504,Neves Paulista,SP,35,São Paulo,Sudeste,São José do Rio Preto,Nhandeara,São José do Rio Preto,São José do Rio Preto
353260,3532603,Nhandeara,SP,35,São Paulo,Sudeste,São José do Rio Preto,Nhandeara,Votuporanga,São José do Rio Preto
353270,3532702,Nipoã,SP,35,São Paulo,Sudeste,São José do Rio Preto,Nhandeara,São José do Rio Preto,São José do Rio Preto
353280,3532801,Nova Aliança,SP,35,São Paulo,Sudeste,São José do Rio Preto,São José do Rio Preto,São José do Rio Preto,São José do Rio Preto
353282,3532827,Nova Campina,SP,35,São Paulo,Sudeste,Itapetininga,Itapeva,Itapeva,Sorocaba
353284,3532843,Nova Canaã Paulista,SP,35,São Paulo,Sudeste,São José do Rio Preto,Jales,Santa Fé do Sul,São José do Rio Preto
353286,3532868,Nova Castilho,SP,35,São Paulo,Sudeste,São José do Rio Preto,Auriflama,Araçatuba,Araçatuba
353290,3532900,Nova Europa,SP,35,São Paulo,Sudeste,Araraquara,Araraquara,Araraquara,Araraquara
353300,3533007,Nova Granada,SP,35,São Paulo,Sudeste,São José do Rio Preto,São José do Rio Preto,São José do Rio Preto,São José do Rio Preto
353310,3533106,Nova Guataporanga,SP,35,São Paulo,Sudeste,Presidente Prudente,Dracena,Dracena,Presidente Prudente
353320,3533205,Nova Independência,SP,35,São Paulo,Sudeste,Araçatuba,Andradina,Andradina,Araçatuba
353325,3533254,Novais,SP,35,São Paulo,Sudeste,São José do Rio Preto,Catanduva,Catanduva,São José do Rio Preto
353330,3533304,Nova Luzitânia,SP,35,São Paulo,Sudeste,São José do Rio Preto,Auriflama,Araçatuba,Araçatuba
353340,3533403,Nova Odessa,SP,35,São Paulo,Sudeste,Campinas,Campinas,Campinas,Campinas
353350,3533502,Novo Horizonte,SP,35,São Paulo,Sudeste,São José do Rio Preto,Novo Horizonte,São José do Rio Preto,São José do Rio Preto
353360,3533601,Nuporanga,SP,35,São Paulo,Sudeste,Ribeirão Preto,São Joaquim da Barra,São Joaquim da Barra ¿ Orlândia,Ribeirão Preto
353370,3533700,Ocauçu,SP,35,São Paulo,Sudeste,Marília,Marília,Marília,Marília
353380,3533809,Óleo,SP,35,São Paulo,Sudeste,Assis,Ourinhos,Avaré,Sorocaba
353390,3533908,Olímpia,SP,35,São Paulo,Sudeste,São José do Rio Preto,São José do Rio Preto,Barretos,Ribeirão Preto
353400,3534005,Onda Verde,SP,35,São Paulo,Sudeste,São José do Rio Preto,São José do Rio Preto,São José do Rio Preto,São José do Rio Preto
353410,3534104,Oriente,SP,35,São Paulo,Sudeste,Marília,Marília,Marília,Marília
353420,3534203,Orindiúva,SP,35,São Paulo,Sudeste,São José do Rio Preto,São José do Rio Preto,São José do Rio Preto,São José do Rio Preto
353430,3534302,Orlândia,SP,35,São Paulo,Sudeste,Ribeirão Preto,São Joaquim da Barra,São Joaquim da Barra ¿ Orlândia,Ribeirão Preto
353440,3534401,Osasco,SP,35,São Paulo,Sudeste,Metropolitana de São Paulo,Osasco,São Paulo,São Paulo
353450,3534500,Oscar Bressane,SP,35,São Paulo,Sudeste,Marília,Marília,Marília,Marília
353460,3534609,Osvaldo Cruz,SP,35,São Paulo,Sudeste,Presidente Prudente,Adamantina,Adamantina - Lucélia,Presidente Prudente
353470,3534708,Ourinhos,SP,35,São Paulo,Sudeste,Assis,Ourinhos,Ourinhos,Marília
353475,3534757,Ouroeste,SP,35,São Paulo,Sudeste,São José do Rio Preto,Fernandópolis,Fernandópolis,São José do Rio Preto
353480,3534807,Ouro Verde,SP,35,São Paulo,Sudeste,Presidente Prudente,Dracena,Dracena,Presidente Prudente
353490,3534906,Pacaembu,SP,35,São Paulo,Sudeste,Presidente Prudente,Adamantina,Adamantina - Lucélia,Presidente Prudente
353500,3535002,Palestina,SP,35,São Paulo,Sudeste,São José do Rio Preto,São José do Rio Preto,São José do Rio Preto,São José do Rio Preto
353510,3535101,Palmares Paulista,SP,35,São Paulo,Sudeste,São José do Rio Preto,Catanduva,Catanduva,São José do Rio Preto
353520,3535200,Palmeira d'Oeste,SP,35,São Paulo,Sudeste,São José do Rio Preto,Jales,Jales,São José do Rio Preto
353530,3535309,Palmital,SP,35,São Paulo,Sudeste,Assis,Assis,Assis,Marília
353540,3535408,Panorama,SP,35,São Paulo,Sudeste,Presidente Prudente,Dracena,Dracena,Presidente Prudente
353550,3535507,Paraguaçu Paulista,SP,35,São Paulo,Sudeste,Assis,Assis,Assis,Marília
353560,3535606,Paraibuna,SP,35,São Paulo,Sudeste,Vale do Paraíba Paulista,Paraibuna/Paraitinga,São José dos Campos,São José dos Campos
353570,3535705,Paraíso,SP,35,São Paulo,Sudeste,São José do Rio Preto,Catanduva,Catanduva,São José do Rio Preto
353580,3535804,Paranapanema,SP,35,São Paulo,Sudeste,Bauru,Avaré,Avaré,Sorocaba
353590,3535903,Paranapuã,SP,35,São Paulo,Sudeste,São José do Rio Preto,Jales,Jales,São José do Rio Preto
353600,3536000,Parapuã,SP,35,São Paulo,Sudeste,Presidente Prudente,Adamantina,Tupã,Marília
353610,3536109,Pardinho,SP,35,São Paulo,Sudeste,Bauru,Botucatu,Botucatu,Bauru
353620,3536208,Pariquera-Açu,SP,35,São Paulo,Sudeste,Litoral Sul Paulista,Registro,Registro,Sorocaba
353625,3536257,Parisi,SP,35,São Paulo,Sudeste,São José do Rio Preto,Votuporanga,Votuporanga,São José do Rio Preto
353630,3536307,Patrocínio Paulista,SP,35,São Paulo,Sudeste,Ribeirão Preto,Franca,Franca,Ribeirão Preto
353640,3536406,Paulicéia,SP,35,São Paulo,Sudeste,Presidente Prudente,Dracena,Dracena,Presidente Prudente
353650,3536505,Paulínia,SP,35,São Paulo,Sudeste,Campinas,Campinas,Campinas,Campinas
353657,3536570,Paulistânia,SP,35,São Paulo,Sudeste,Bauru,Bauru,Bauru,Bauru
353660,3536604,Paulo de Faria,SP,35,São Paulo,Sudeste,São José do Rio Preto,São José do Rio Preto,São José do Rio Preto,São José do Rio Preto
353670,3536703,Pederneiras,SP,35,São Paulo,Sudeste,Bauru,Jaú,Bauru,Bauru
353680,3536802,Pedra Bela,SP,35,São Paulo,Sudeste,Campinas,Amparo,Bragança Paulista,Campinas
353690,3536901,Pedranópolis,SP,35,São Paulo,Sudeste,São José do Rio Preto,Fernandópolis,Fernandópolis,São José do Rio Preto
353700,3537008,Pedregulho,SP,35,São Paulo,Sudeste,Ribeirão Preto,Franca,Franca,Ribeirão Preto
353710,3537107,Pedreira,SP,35,São Paulo,Sudeste,Campinas,Campinas,Campinas,Campinas
353715,3537156,Pedrinhas Paulista,SP,35,São Paulo,Sudeste,Assis,Assis,Assis,Marília
353720,3537206,Pedro de Toledo,SP,35,São Paulo,Sudeste,Litoral Sul Paulista,Itanhaém,Santos,São Paulo
353730,3537305,Penápolis,SP,35,São Paulo,Sudeste,Araçatuba,Birigui,Birigui - Penápolis,Araçatuba
353740,3537404,Pereira Barreto,SP,35,São Paulo,Sudeste,Araçatuba,Andradina,Andradina,Araçatuba
353750,3537503,Pereiras,SP,35,São Paulo,Sudeste,Itapetininga,Tatuí,Tatuí,Sorocaba
353760,3537602,Peruíbe,SP,35,São Paulo,Sudeste,Litoral Sul Paulista,Itanhaém,Santos,São Paulo
353770,3537701,Piacatu,SP,35,São Paulo,Sudeste,Araçatuba,Birigui,Birigui - Penápolis,Araçatuba
353780,3537800,Piedade,SP,35,São Paulo,Sudeste,Macro Metropolitana Paulista,Piedade,Sorocaba,Sorocaba
353790,3537909,Pilar do Sul,SP,35,São Paulo,Sudeste,Macro Metropolitana Paulista,Piedade,Sorocaba,Sorocaba
353800,3538006,Pindamonhangaba,SP,35,São Paulo,Sudeste,Vale do Paraíba Paulista,São José dos Campos,Taubaté - Pindamonhangaba,São José dos Campos
353810,3538105,Pindorama,SP,35,São Paulo,Sudeste,São José do Rio Preto,Catanduva,Catanduva,São José do Rio Preto
353820,3538204,Pinhalzinho,SP,35,São Paulo,Sudeste,Campinas,Amparo,Bragança Paulista,Campinas
353830,3538303,Piquerobi,SP,35,São Paulo,Sudeste,Presidente Prudente,Presidente Prudente,Presidente Epitácio-Presidente Venceslau,Presidente Prudente
353850,3538501,Piquete,SP,35,São Paulo,Sudeste,Vale do Paraíba Paulista,Guaratinguetá,Guaratinguetá,São José dos Campos
353860,3538600,Piracaia,SP,35,São Paulo,Sudeste,Macro Metropolitana Paulista,Bragança Paulista,Bragança Paulista,Campinas
353870,3538709,Piracicaba,SP,35,São Paulo,Sudeste,Piracicaba,Piracicaba,Piracicaba,Campinas
353880,3538808,Piraju,SP,35,São Paulo,Sudeste,Assis,Ourinhos,Piraju,Marília
353890,3538907,Pirajuí,SP,35,São Paulo,Sudeste,Bauru,Bauru,Bauru,Bauru
353900,3539004,Pirangi,SP,35,São Paulo,Sudeste,Ribeirão Preto,Jaboticabal,Catanduva,São José do Rio Preto
353910,3539103,Pirapora do Bom Jesus,SP,35,São Paulo,Sudeste,Metropolitana de São Paulo,Osasco,São Paulo,São Paulo
353920,3539202,Pirapozinho,SP,35,São Paulo,Sudeste,Presidente Prudente,Presidente Prudente,Presidente Prudente,Presidente Prudente
353930,3539301,Pirassununga,SP,35,São Paulo,Sudeste,Campinas,Pirassununga,São Carlos,Araraquara
353940,3539400,Piratininga,SP,35,São Paulo,Sudeste,Bauru,Bauru,Bauru,Bauru
353950,3539509,Pitangueiras,SP,35,São Paulo,Sudeste,Ribeirão Preto,Jaboticabal,Ribeirão Preto,Ribeirão Preto
353960,3539608,Planalto,SP,35,São Paulo,Sudeste,São José do Rio Preto,São José do Rio Preto,São José do Rio Preto,São José do Rio Preto
353970,3539707,Platina,SP,35,São Paulo,Sudeste,Assis,Assis,Assis,Marília
353980,3539806,Poá,SP,35,São Paulo,Sudeste,Metropolitana de São Paulo,Mogi das Cruzes,São Paulo,São Paulo
353990,3539905,Poloni,SP,35,São Paulo,Sudeste,São José do Rio Preto,Nhandeara,São José do Rio Preto,São José do Rio Preto
354000,3540002,Pompéia,SP,35,São Paulo,Sudeste,Marília,Marília,Marília,Marília
354010,3540101,Pongaí,SP,35,São Paulo,Sudeste,Bauru,Bauru,Lins,Bauru
354020,3540200,Pontal,SP,35,São Paulo,Sudeste,Ribeirão Preto,Ribeirão Preto,Ribeirão Preto,Ribeirão Preto
354025,3540259,Pontalinda,SP,35,São Paulo,Sudeste,São José do Rio Preto,Jales,Jales,São José do Rio Preto
354030,3540309,Pontes Gestal,SP,35,São Paulo,Sudeste,São José do Rio Preto,Votuporanga,Votuporanga,São José do Rio Preto
354040,3540408,Populina,SP,35,São Paulo,Sudeste,São José do Rio Preto,Jales,Jales,São José do Rio Preto
354050,3540507,Porangaba,SP,35,São Paulo,Sudeste,Itapetininga,Tatuí,Tatuí,Sorocaba
354060,3540606,Porto Feliz,SP,35,São Paulo,Sudeste,Macro Metropolitana Paulista,Sorocaba,Sorocaba,Sorocaba
354070,3540705,Porto Ferreira,SP,35,São Paulo,Sudeste,Campinas,Pirassununga,São Carlos,Araraquara
354075,3540754,Potim,SP,35,São Paulo,Sudeste,Vale do Paraíba Paulista,Guaratinguetá,Guaratinguetá,São José dos Campos
354080,3540804,Potirendaba,SP,35,São Paulo,Sudeste,São José do Rio Preto,São José do Rio Preto,São José do Rio Preto,São José do Rio Preto
354085,3540853,Pracinha,SP,35,São Paulo,Sudeste,Presidente Prudente,Adamantina,Adamantina - Lucélia,Presidente Prudente
354090,3540903,Pradópolis,SP,35,São Paulo,Sudeste,Ribeirão Preto,Ribeirão Preto,Ribeirão Preto,Ribeirão Preto
354100,3541000,Praia Grande,SP,35,São Paulo,Sudeste,Metropolitana de São Paulo,Santos,Santos,São Paulo
354105,3541059,Pratânia,SP,35,São Paulo,Sudeste,Bauru,Botucatu,Botucatu,Bauru
354110,3541109,Presidente Alves,SP,35,São Paulo,Sudeste,Bauru,Bauru,Bauru,Bauru
354120,3541208,Presidente Bernardes,SP,35,São Paulo,Sudeste,Presidente Prudente,Presidente Prudente,Presidente Prudente,Presidente Prudente
354130,3541307,Presidente Epitácio,SP,35,São Paulo,Sudeste,Presidente Prudente,Presidente Prudente,Presidente Epitácio-Presidente Venceslau,Presidente Prudente
354140,3541406,Presidente Prudente,SP,35,São Paulo,Sudeste,Presidente Prudente,Presidente Prudente,Presidente Prudente,Presidente Prudente
354150,3541505,Presidente Venceslau,SP,35,São Paulo,Sudeste,Presidente Prudente,Presidente Prudente,Presidente Epitácio-Presidente Venceslau,Presidente Prudente
354160,3541604,Promissão,SP,35,São Paulo,Sudeste,Bauru,Lins,Lins,Bauru
354165,3541653,Quadra,SP,35,São Paulo,Sudeste,Itapetininga,Tatuí,Tatuí,Sorocaba
354170,3541703,Quatá,SP,35,São Paulo,Sudeste,Assis,Assis,Presidente Prudente,Presidente Prudente
354180,3541802,Queiroz,SP,35,São Paulo,Sudeste,Marília,Tupã,Tupã,Marília
354190,3541901,Queluz,SP,35,São Paulo,Sudeste,Vale do Paraíba Paulista,Guaratinguetá,Cruzeiro,São José dos Campos
354200,3542008,Quintana,SP,35,São Paulo,Sudeste,Marília,Tupã,Marília,Marília
354210,3542107,Rafard,SP,35,São Paulo,Sudeste,Piracicaba,Piracicaba,Piracicaba,Campinas
354220,3542206,Rancharia,SP,35,São Paulo,Sudeste,Presidente Prudente,Presidente Prudente,Presidente Prudente,Presidente Prudente
354230,3542305,Redenção da Serra,SP,35,São Paulo,Sudeste,Vale do Paraíba Paulista,Paraibuna/Paraitinga,Taubaté - Pindamonhangaba,São José dos Campos
354240,3542404,Regente Feijó,SP,35,São Paulo,Sudeste,Presidente Prudente,Presidente Prudente,Presidente Prudente,Presidente Prudente
354250,3542503,Reginópolis,SP,35,São Paulo,Sudeste,Bauru,Bauru,Bauru,Bauru
354260,3542602,Registro,SP,35,São Paulo,Sudeste,Litoral Sul Paulista,Registro,Registro,Sorocaba
354270,3542701,Restinga,SP,35,São Paulo,Sudeste,Ribeirão Preto,Franca,Franca,Ribeirão Preto
354280,3542800,Ribeira,SP,35,São Paulo,Sudeste,Itapetininga,Capão Bonito,Itapeva,Sorocaba
354290,3542909,Ribeirão Bonito,SP,35,São Paulo,Sudeste,Araraquara,São Carlos,São Carlos,Araraquara
354300,3543006,Ribeirão Branco,SP,35,São Paulo,Sudeste,Itapetininga,Capão Bonito,Itapeva,Sorocaba
354310,3543105,Ribeirão Corrente,SP,35,São Paulo,Sudeste,Ribeirão Preto,Franca,Franca,Ribeirão Preto
354320,3543204,Ribeirão do Sul,SP,35,São Paulo,Sudeste,Assis,Ourinhos,Ourinhos,Marília
354323,3543238,Ribeirão dos Índios,SP,35,São Paulo,Sudeste,Presidente Prudente,Presidente Prudente,Presidente Prudente,Presidente Prudente
354325,3543253,Ribeirão Grande,SP,35,São Paulo,Sudeste,Itapetininga,Capão Bonito,Itapeva,Sorocaba
354330,3543303,Ribeirão Pires,SP,35,São Paulo,Sudeste,Metropolitana de São Paulo,São Paulo,São Paulo,São Paulo
354340,3543402,Ribeirão Preto,SP,35,São Paulo,Sudeste,Ribeirão Preto,Ribeirão Preto,Ribeirão Preto,Ribeirão Preto
354350,3543501,Riversul,SP,35,São Paulo,Sudeste,Itapetininga,Itapeva,Itapeva,Sorocaba
354360,3543600,Rifaina,SP,35,São Paulo,Sudeste,Ribeirão Preto,Franca,Franca,Ribeirão Preto
354370,3543709,Rincão,SP,35,São Paulo,Sudeste,Araraquara,Araraquara,Araraquara,Araraquara
354380,3543808,Rinópolis,SP,35,São Paulo,Sudeste,Presidente Prudente,Adamantina,Tupã,Marília
354390,3543907,Rio Claro,SP,35,São Paulo,Sudeste,Piracicaba,Rio Claro,Rio Claro,Campinas
354400,3544004,Rio das Pedras,SP,35,São Paulo,Sudeste,Piracicaba,Piracicaba,Piracicaba,Campinas
354410,3544103,Rio Grande da Serra,SP,35,São Paulo,Sudeste,Metropolitana de São Paulo,São Paulo,São Paulo,São Paulo
354420,3544202,Riolândia,SP,35,São Paulo,Sudeste,São José do Rio Preto,Votuporanga,Votuporanga,São José do Rio Preto
354425,3544251,Rosana,SP,35,São Paulo,Sudeste,Presidente Prudente,Presidente Prudente,Presidente Prudente,Presidente Prudente
354430,3544301,Roseira,SP,35,São Paulo,Sudeste,Vale do Paraíba Paulista,Guaratinguetá,Guaratinguetá,São José dos Campos
354440,3544400,Rubiácea,SP,35,São Paulo,Sudeste,Araçatuba,Araçatuba,Araçatuba,Araçatuba
354450,3544509,Rubinéia,SP,35,São Paulo,Sudeste,São José do Rio Preto,Jales,Santa Fé do Sul,São José do Rio Preto
354460,3544608,Sabino,SP,35,São Paulo,Sudeste,Bauru,Lins,Lins,Bauru
354470,3544707,Sagres,SP,35,São Paulo,Sudeste,Presidente Prudente,Adamantina,Adamantina - Lucélia,Presidente Prudente
354480,3544806,Sales,SP,35,São Paulo,Sudeste,São José do Rio Preto,Novo Horizonte,São José do Rio Preto,São José do Rio Preto
354490,3544905,Sales Oliveira,SP,35,São Paulo,Sudeste,Ribeirão Preto,São Joaquim da Barra,São Joaquim da Barra ¿ Orlândia,Ribeirão Preto
354500,3545001,Salesópolis,SP,35,São Paulo,Sudeste,Metropolitana de São Paulo,Mogi das Cruzes,São Paulo,São Paulo
354510,3545100,Salmourão,SP,35,São Paulo,Sudeste,Presidente Prudente,Adamantina,Adamantina - Lucélia,Presidente Prudente
354515,3545159,Saltinho,SP,35,São Paulo,Sudeste,Piracicaba,Piracicaba,Piracicaba,Campinas
354520,3545209,Salto,SP,35,São Paulo,Sudeste,Macro Metropolitana Paulista,Sorocaba,Sorocaba,Sorocaba
354530,3545308,Salto de Pirapora,SP,35,São Paulo,Sudeste,Macro Metropolitana Paulista,Sorocaba,Sorocaba,Sorocaba
354540,3545407,Salto Grande,SP,35,São Paulo,Sudeste,Assis,Ourinhos,Ourinhos,Marília
354550,3545506,Sandovalina,SP,35,São Paulo,Sudeste,Presidente Prudente,Presidente Prudente,Presidente Prudente,Presidente Prudente
354560,3545605,Santa Adélia,SP,35,São Paulo,Sudeste,São José do Rio Preto,Catanduva,Catanduva,São José do Rio Preto
354570,3545704,Santa Albertina,SP,35,São Paulo,Sudeste,São José do Rio Preto,Jales,Jales,São José do Rio Preto
354580,3545803,Santa Bárbara d'Oeste,SP,35,São Paulo,Sudeste,Campinas,Campinas,Campinas,Campinas
354600,3546009,Santa Branca,SP,35,São Paulo,Sudeste,Vale do Paraíba Paulista,São José dos Campos,São José dos Campos,São José dos Campos
354610,3546108,Santa Clara d'Oeste,SP,35,São Paulo,Sudeste,São José do Rio Preto,Jales,Santa Fé do Sul,São José do Rio Preto
354620,3546207,Santa Cruz da Conceição,SP,35,São Paulo,Sudeste,Piracicaba,Limeira,Araras,Campinas
354625,3546256,Santa Cruz da Esperança,SP,35,São Paulo,Sudeste,Ribeirão Preto,Batatais,Ribeirão Preto,Ribeirão Preto
354630,3546306,Santa Cruz das Palmeiras,SP,35,São Paulo,Sudeste,Campinas,Pirassununga,São João da Boa Vista,Campinas
354640,3546405,Santa Cruz do Rio Pardo,SP,35,São Paulo,Sudeste,Assis,Ourinhos,Ourinhos,Marília
354650,3546504,Santa Ernestina,SP,35,São Paulo,Sudeste,Ribeirão Preto,Jaboticabal,Ribeirão Preto,Ribeirão Preto
354660,3546603,Santa Fé do Sul,SP,35,São Paulo,Sudeste,São José do Rio Preto,Jales,Santa Fé do Sul,São José do Rio Preto
354670,3546702,Santa Gertrudes,SP,35,São Paulo,Sudeste,Piracicaba,Limeira,Rio Claro,Campinas
354680,3546801,Santa Isabel,SP,35,São Paulo,Sudeste,Metropolitana de São Paulo,Guarulhos,São Paulo,São Paulo
354690,3546900,Santa Lúcia,SP,35,São Paulo,Sudeste,Araraquara,Araraquara,Araraquara,Araraquara
354700,3547007,Santa Maria da Serra,SP,35,São Paulo,Sudeste,Piracicaba,Piracicaba,Piracicaba,Campinas
354710,3547106,Santa Mercedes,SP,35,São Paulo,Sudeste,Presidente Prudente,Dracena,Dracena,Presidente Prudente
354720,3547205,Santana da Ponte Pensa,SP,35,São Paulo,Sudeste,São José do Rio Preto,Jales,Santa Fé do Sul,São José do Rio Preto
354730,3547304,Santana de Parnaíba,SP,35,São Paulo,Sudeste,Metropolitana de São Paulo,Osasco,São Paulo,São Paulo
354740,3547403,Santa Rita d'Oeste,SP,35,São Paulo,Sudeste,São José do Rio Preto,Jales,Santa Fé do Sul,São José do Rio Preto
354750,3547502,Santa Rita do Passa Quatro,SP,35,São Paulo,Sudeste,Ribeirão Preto,Ribeirão Preto,São Carlos,Araraquara
354760,3547601,Santa Rosa de Viterbo,SP,35,São Paulo,Sudeste,Ribeirão Preto,Ribeirão Preto,Ribeirão Preto,Ribeirão Preto
354765,3547650,Santa Salete,SP,35,São Paulo,Sudeste,São José do Rio Preto,Jales,Jales,São José do Rio Preto
354770,3547700,Santo Anastácio,SP,35,São Paulo,Sudeste,Presidente Prudente,Presidente Prudente,Presidente Prudente,Presidente Prudente
354780,3547809,Santo André,SP,35,São Paulo,Sudeste,Metropolitana de São Paulo,São Paulo,São Paulo,São Paulo
354790,3547908,Santo Antônio da Alegria,SP,35,São Paulo,Sudeste,Ribeirão Preto,Batatais,Ribeirão Preto,Ribeirão Preto
354800,3548005,Santo Antônio de Posse,SP,35,São Paulo,Sudeste,Campinas,Mogi Mirim,Campinas,Campinas
354805,3548054,Santo Antônio do Aracanguá,SP,35,São Paulo,Sudeste,Araçatuba,Araçatuba,Araçatuba,Araçatuba
354810,3548104,Santo Antônio do Jardim,SP,35,São Paulo,Sudeste,Campinas,São João da Boa Vista,São João da Boa Vista,Campinas
354820,3548203,Santo Antônio do Pinhal,SP,35,São Paulo,Sudeste,Vale do Paraíba Paulista,Campos do Jordão,Taubaté - Pindamonhangaba,São José dos Campos
354830,3548302,Santo Expedito,SP,35,São Paulo,Sudeste,Presidente Prudente,Presidente Prudente,Presidente Prudente,Presidente Prudente
354840,3548401,Santópolis do Aguapeí,SP,35,São Paulo,Sudeste,Araçatuba,Birigui,Birigui - Penápolis,Araçatuba
354850,3548500,Santos,SP,35,São Paulo,Sudeste,Metropolitana de São Paulo,Santos,Santos,São Paulo
354860,3548609,São Bento do Sapucaí,SP,35,São Paulo,Sudeste,Vale do Paraíba Paulista,Campos do Jordão,Taubaté - Pindamonhangaba,São José dos Campos
354870,3548708,São Bernardo do Campo,SP,35,São Paulo,Sudeste,Metropolitana de São Paulo,São Paulo,São Paulo,São Paulo
354880,3548807,São Caetano do Sul,SP,35,São Paulo,Sudeste,Metropolitana de São Paulo,São Paulo,São Paulo,São Paulo
354890,3548906,São Carlos,SP,35,São Paulo,Sudeste,Araraquara,São Carlos,São Carlos,Araraquara
354900,3549003,São Francisco,SP,35,São Paulo,Sudeste,São José do Rio Preto,Jales,Jales,São José do Rio Preto
354910,3549102,São João da Boa Vista,SP,35,São Paulo,Sudeste,Campinas,São João da Boa Vista,São João da Boa Vista,Campinas
354920,3549201,São João das Duas Pontes,SP,35,São Paulo,Sudeste,São José do Rio Preto,Fernandópolis,Fernandópolis,São José do Rio Preto
354925,3549250,São João de Iracema,SP,35,São Paulo,Sudeste,São José do Rio Preto,Auriflama,Fernandópolis,São José do Rio Preto
354930,3549300,São João do Pau d'Alho,SP,35,São Paulo,Sudeste,Presidente Prudente,Dracena,Dracena,Presidente Prudente
354940,3549409,São Joaquim da Barra,SP,35,São Paulo,Sudeste,Ribeirão Preto,São Joaquim da Barra,São Joaquim da Barra ¿ Orlândia,Ribeirão Preto
354950,3549508,São José da Bela Vista,SP,35,São Paulo,Sudeste,Ribeirão Preto,Franca,Franca,Ribeirão Preto
354960,3549607,São José do Barreiro,SP,35,São Paulo,Sudeste,Vale do Paraíba Paulista,Bananal,Cruzeiro,São José dos Campos
354970,3549706,São José do Rio Pardo,SP,35,São Paulo,Sudeste,Campinas,São João da Boa Vista,São José do Rio Pardo - Mococa,Campinas
354980,3549805,São José do Rio Preto,SP,35,São Paulo,Sudeste,São José do Rio Preto,São José do Rio Preto,São José do Rio Preto,São José do Rio Preto
354990,3549904,São José dos Campos,SP,35,São Paulo,Sudeste,Vale do Paraíba Paulista,São José dos Campos,São José dos Campos,São José dos Campos
354995,3549953,São Lourenço da Serra,SP,35,São Paulo,Sudeste,Metropolitana de São Paulo,Itapecerica da Serra,São Paulo,São Paulo
355000,3550001,São Luiz do Paraitinga,SP,35,São Paulo,Sudeste,Vale do Paraíba Paulista,Paraibuna/Paraitinga,Taubaté - Pindamonhangaba,São José dos Campos
355010,3550100,São Manuel,SP,35,São Paulo,Sudeste,Bauru,Botucatu,Botucatu,Bauru
355020,3550209,São Miguel Arcanjo,SP,35,São Paulo,Sudeste,Macro Metropolitana Paulista,Piedade,Itapetininga,Sorocaba
355030,3550308,São Paulo,SP,35,São Paulo,Sudeste,Metropolitana de São Paulo,São Paulo,São Paulo,São Paulo
355040,3550407,São Pedro,SP,35,São Paulo,Sudeste,Piracicaba,Piracicaba,Piracicaba,Campinas
355050,3550506,São Pedro do Turvo,SP,35,São Paulo,Sudeste,Assis,Ourinhos,Ourinhos,Marília
355060,3550605,São Roque,SP,35,São Paulo,Sudeste,Macro Metropolitana Paulista,Sorocaba,Sorocaba,Sorocaba
355070,3550704,São Sebastião,SP,35,São Paulo,Sudeste,Vale do Paraíba Paulista,Caraguatatuba,Caraguatatuba - Ubatuba - São Sebastião,São José dos Campos
355080,3550803,São Sebastião da Grama,SP,35,São Paulo,Sudeste,Campinas,São João da Boa Vista,São José do Rio Pardo - Mococa,Campinas
355090,3550902,São Simão,SP,35,São Paulo,Sudeste,Ribeirão Preto,Ribeirão Preto,Ribeirão Preto,Ribeirão Preto
355100,3551009,São Vicente,SP,35,São Paulo,Sudeste,Metropolitana de São Paulo,Santos,Santos,São Paulo
355110,3551108,Sarapuí,SP,35,São Paulo,Sudeste,Macro Metropolitana Paulista,Sorocaba,Sorocaba,Sorocaba
355120,3551207,Sarutaiá,SP,35,São Paulo,Sudeste,Assis,Ourinhos,Piraju,Marília
355130,3551306,Sebastianópolis do Sul,SP,35,São Paulo,Sudeste,São José do Rio Preto,Nhandeara,Votuporanga,São José do Rio Preto
355140,3551405,Serra Azul,SP,35,São Paulo,Sudeste,Ribeirão Preto,Ribeirão Preto,Ribeirão Preto,Ribeirão Preto
355150,3551504,Serrana,SP,35,São Paulo,Sudeste,Ribeirão Preto,Ribeirão Preto,Ribeirão Preto,Ribeirão Preto
355160,3551603,Serra Negra,SP,35,São Paulo,Sudeste,Campinas,Amparo,Amparo,Campinas
355170,3551702,Sertãozinho,SP,35,São Paulo,Sudeste,Ribeirão Preto,Ribeirão Preto,Ribeirão Preto,Ribeirão Preto
355180,3551801,Sete Barras,SP,35,São Paulo,Sudeste,Litoral Sul Paulista,Registro,Registro,Sorocaba
355190,3551900,Severínia,SP,35,São Paulo,Sudeste,São José do Rio Preto,Catanduva,Barretos,Ribeirão Preto
355200,3552007,Silveiras,SP,35,São Paulo,Sudeste,Vale do Paraíba Paulista,Bananal,Cruzeiro,São José dos Campos
355210,3552106,Socorro,SP,35,São Paulo,Sudeste,Campinas,Amparo,Bragança Paulista,Campinas
355220,3552205,Sorocaba,SP,35,São Paulo,Sudeste,Macro Metropolitana Paulista,Sorocaba,Sorocaba,Sorocaba
355230,3552304,Sud Mennucci,SP,35,São Paulo,Sudeste,Araçatuba,Andradina,Andradina,Araçatuba
355240,3552403,Sumaré,SP,35,São Paulo,Sudeste,Campinas,Campinas,Campinas,Campinas
355250,3552502,Suzano,SP,35,São Paulo,Sudeste,Metropolitana de São Paulo,Mogi das Cruzes,São Paulo,São Paulo
355255,3552551,Suzanápolis,SP,35,São Paulo,Sudeste,Araçatuba,Andradina,Jales,São José do Rio Preto
355260,3552601,Tabapuã,SP,35,São Paulo,Sudeste,São José do Rio Preto,Catanduva,Catanduva,São José do Rio Preto
355270,3552700,Tabatinga,SP,35,São Paulo,Sudeste,Araraquara,Araraquara,Araraquara,Araraquara
355280,3552809,Taboão da Serra,SP,35,São Paulo,Sudeste,Metropolitana de São Paulo,Itapecerica da Serra,São Paulo,São Paulo
355290,3552908,Taciba,SP,35,São Paulo,Sudeste,Presidente Prudente,Presidente Prudente,Presidente Prudente,Presidente Prudente
355300,3553005,Taguaí,SP,35,São Paulo,Sudeste,Assis,Ourinhos,Avaré,Sorocaba
355310,3553104,Taiaçu,SP,35,São Paulo,Sudeste,Ribeirão Preto,Jaboticabal,Barretos,Ribeirão Preto
355320,3553203,Taiúva,SP,35,São Paulo,Sudeste,Ribeirão Preto,Jaboticabal,Barretos,Ribeirão Preto
355330,3553302,Tambaú,SP,35,São Paulo,Sudeste,Campinas,São João da Boa Vista,São João da Boa Vista,Campinas
355340,3553401,Tanabi,SP,35,São Paulo,Sudeste,São José do Rio Preto,São José do Rio Preto,São José do Rio Preto,São José do Rio Preto
355350,3553500,Tapiraí,SP,35,São Paulo,Sudeste,Macro Metropolitana Paulista,Piedade,Sorocaba,Sorocaba
355360,3553609,Tapiratiba,SP,35,São Paulo,Sudeste,Campinas,São João da Boa Vista,São José do Rio Pardo - Mococa,Campinas
355365,3553658,Taquaral,SP,35,São Paulo,Sudeste,Ribeirão Preto,Jaboticabal,Barretos,Ribeirão Preto
355370,3553708,Taquaritinga,SP,35,São Paulo,Sudeste,Ribeirão Preto,Jaboticabal,Araraquara,Araraquara
355380,3553807,Taquarituba,SP,35,São Paulo,Sudeste,Itapetininga,Itapeva,Avaré,Sorocaba
355385,3553856,Taquarivaí,SP,35,São Paulo,Sudeste,Itapetininga,Itapeva,Itapeva,Sorocaba
355390,3553906,Tarabai,SP,35,São Paulo,Sudeste,Presidente Prudente,Presidente Prudente,Presidente Prudente,Presidente Prudente
355395,3553955,Tarumã,SP,35,São Paulo,Sudeste,Assis,Assis,Assis,Marília
355400,3554003,Tatuí,SP,35,São Paulo,Sudeste,Itapetininga,Tatuí,Tatuí,Sorocaba
355410,3554102,Taubaté,SP,35,São Paulo,Sudeste,Vale do Paraíba Paulista,São José dos Campos,Taubaté - Pindamonhangaba,São José dos Campos
355420,3554201,Tejupá,SP,35,São Paulo,Sudeste,Assis,Ourinhos,Piraju,Marília
355430,3554300,Teodoro Sampaio,SP,35,São Paulo,Sudeste,Presidente Prudente,Presidente Prudente,Presidente Prudente,Presidente Prudente
355440,3554409,Terra Roxa,SP,35,São Paulo,Sudeste,Ribeirão Preto,Jaboticabal,Barretos,Ribeirão Preto
355450,3554508,Tietê,SP,35,São Paulo,Sudeste,Piracicaba,Piracicaba,Sorocaba,Sorocaba
355460,3554607,Timburi,SP,35,São Paulo,Sudeste,Assis,Ourinhos,Piraju,Marília
355465,3554656,Torre de Pedra,SP,35,São Paulo,Sudeste,Itapetininga,Tatuí,Tatuí,Sorocaba
355470,3554706,Torrinha,SP,35,São Paulo,Sudeste,Piracicaba,Rio Claro,Jaú,Bauru
355475,3554755,Trabiju,SP,35,São Paulo,Sudeste,Araraquara,Araraquara,Araraquara,Araraquara
355480,3554805,Tremembé,SP,35,São Paulo,Sudeste,Vale do Paraíba Paulista,São José dos Campos,Taubaté - Pindamonhangaba,São José dos Campos
355490,3554904,Três Fronteiras,SP,35,São Paulo,Sudeste,São José do Rio Preto,Jales,Santa Fé do Sul,São José do Rio Preto
355495,3554953,Tuiuti,SP,35,São Paulo,Sudeste,Macro Metropolitana Paulista,Bragança Paulista,Bragança Paulista,Campinas
355500,3555000,Tupã,SP,35,São Paulo,Sudeste,Marília,Tupã,Tupã,Marília
355510,3555109,Tupi Paulista,SP,35,São Paulo,Sudeste,Presidente Prudente,Dracena,Dracena,Presidente Prudente
355520,3555208,Turiúba,SP,35,São Paulo,Sudeste,Araçatuba,Birigui,Birigui - Penápolis,Araçatuba
355530,3555307,Turmalina,SP,35,São Paulo,Sudeste,São José do Rio Preto,Fernandópolis,Jales,São José do Rio Preto
355535,3555356,Ubarana,SP,35,São Paulo,Sudeste,São José do Rio Preto,São José do Rio Preto,São José do Rio Preto,São José do Rio Preto
355540,3555406,Ubatuba,SP,35,São Paulo,Sudeste,Vale do Paraíba Paulista,Caraguatatuba,Caraguatatuba - Ubatuba - São Sebastião,São José dos Campos
355550,3555505,Ubirajara,SP,35,São Paulo,Sudeste,Bauru,Bauru,Bauru,Bauru
355560,3555604,Uchoa,SP,35,São Paulo,Sudeste,São José do Rio Preto,São José do Rio Preto,São José do Rio Preto,São José do Rio Preto
355570,3555703,União Paulista,SP,35,São Paulo,Sudeste,São José do Rio Preto,Nhandeara,São José do Rio Preto,São José do Rio Preto
355580,3555802,Urânia,SP,35,São Paulo,Sudeste,São José do Rio Preto,Jales,Jales,São José do Rio Preto
355590,3555901,Uru,SP,35,São Paulo,Sudeste,Bauru,Bauru,Lins,Bauru
355600,3556008,Urupês,SP,35,São Paulo,Sudeste,São José do Rio Preto,Novo Horizonte,São José do Rio Preto,São José do Rio Preto
355610,3556107,Valentim Gentil,SP,35,São Paulo,Sudeste,São José do Rio Preto,Votuporanga,Votuporanga,São José do Rio Preto
355620,3556206,Valinhos,SP,35,São Paulo,Sudeste,Campinas,Campinas,Campinas,Campinas
355630,3556305,Valparaíso,SP,35,São Paulo,Sudeste,Araçatuba,Araçatuba,Araçatuba,Araçatuba
355635,3556354,Vargem,SP,35,São Paulo,Sudeste,Macro Metropolitana Paulista,Bragança Paulista,Bragança Paulista,Campinas
355640,3556404,Vargem Grande do Sul,SP,35,São Paulo,Sudeste,Campinas,São João da Boa Vista,São João da Boa Vista,Campinas
355645,3556453,Vargem Grande Paulista,SP,35,São Paulo,Sudeste,Metropolitana de São Paulo,Itapecerica da Serra,São Paulo,São Paulo
355650,3556503,Várzea Paulista,SP,35,São Paulo,Sudeste,Macro Metropolitana Paulista,Jundiaí,Jundiaí,Campinas
355660,3556602,Vera Cruz,SP,35,São Paulo,Sudeste,Marília,Marília,Marília,Marília
355670,3556701,Vinhedo,SP,35,São Paulo,Sudeste,Campinas,Campinas,Campinas,Campinas
355680,3556800,Viradouro,SP,35,São Paulo,Sudeste,Ribeirão Preto,Jaboticabal,Barretos,Ribeirão Preto
355690,3556909,Vista Alegre do Alto,SP,35,São Paulo,Sudeste,Ribeirão Preto,Jaboticabal,Catanduva,São José do Rio Preto
355695,3556958,Vitória Brasil,SP,35,São Paulo,Sudeste,São José do Rio Preto,Jales,Jales,São José do Rio Preto
355700,3557006,Votorantim,SP,35,São Paulo,Sudeste,Macro Metropolitana Paulista,Sorocaba,Sorocaba,Sorocaba
355710,3557105,Votuporanga,SP,35,São Paulo,Sudeste,São José do Rio Preto,Votuporanga,Votuporanga,São José do Rio Preto
355715,3557154,Zacarias,SP,35,São Paulo,Sudeste,São José do Rio Preto,São José do Rio Preto,Birigui - Penápolis,Araçatuba
355720,3557204,Chavantes,SP,35,São Paulo,Sudeste,Assis,Ourinhos,Ourinhos,Marília
355730,3557303,Estiva Gerbi,SP,35,São Paulo,Sudeste,Campinas,Mogi Mirim,Mogi Guaçu,Campinas
410010,4100103,Abatiá,PR,41,Paraná,Sul,Norte Pioneiro Paranaense,Cornélio Procópio,Santo Antônio da Platina,Londrina
410020,4100202,Adrianópolis,PR,41,Paraná,Sul,Metropolitana de Curitiba,Cerro Azul,Curitiba,Curitiba
410030,4100301,Agudos do Sul,PR,41,Paraná,Sul,Metropolitana de Curitiba,Rio Negro,Curitiba,Curitiba
410040,4100400,Almirante Tamandaré,PR,41,Paraná,Sul,Metropolitana de Curitiba,Curitiba,Curitiba,Curitiba
410045,4100459,Altamira do Paraná,PR,41,Paraná,Sul,Centro Ocidental Paranaense,Goioerê,Campo Mourão,Maringá
410050,4100509,Altônia,PR,41,Paraná,Sul,Noroeste Paranaense,Umuarama,Umuarama,Maringá
410060,4100608,Alto Paraná,PR,41,Paraná,Sul,Noroeste Paranaense,Paranavaí,Paranavaí,Maringá
410070,4100707,Alto Piquiri,PR,41,Paraná,Sul,Noroeste Paranaense,Umuarama,Umuarama,Maringá
410080,4100806,Alvorada do Sul,PR,41,Paraná,Sul,Norte Central Paranaense,Porecatu,Londrina,Londrina
410090,4100905,Amaporã,PR,41,Paraná,Sul,Noroeste Paranaense,Paranavaí,Paranavaí,Maringá
410100,4101002,Ampére,PR,41,Paraná,Sul,Sudoeste Paranaense,Capanema,Francisco Beltrão,Cascavel
410105,4101051,Anahy,PR,41,Paraná,Sul,Oeste Paranaense,Cascavel,Cascavel,Cascavel
410110,4101101,Andirá,PR,41,Paraná,Sul,Norte Pioneiro Paranaense,Cornélio Procópio,Santo Antônio da Platina,Londrina
410115,4101150,Ângulo,PR,41,Paraná,Sul,Norte Central Paranaense,Astorga,Maringá,Maringá
410120,4101200,Antonina,PR,41,Paraná,Sul,Metropolitana de Curitiba,Paranaguá,Paranaguá,Curitiba
410130,4101309,Antônio Olinto,PR,41,Paraná,Sul,Sudeste Paranaense,São Mateus do Sul,União da Vitória,Curitiba
410140,4101408,Apucarana,PR,41,Paraná,Sul,Norte Central Paranaense,Apucarana,Apucarana,Londrina
410150,4101507,Arapongas,PR,41,Paraná,Sul,Norte Central Paranaense,Apucarana,Londrina,Londrina
410160,4101606,Arapoti,PR,41,Paraná,Sul,Centro Oriental Paranaense,Jaguariaíva,Ponta Grossa,Ponta Grossa
410165,4101655,Arapuã,PR,41,Paraná,Sul,Norte Central Paranaense,Ivaiporã,Ivaiporã,Londrina
410170,4101705,Araruna,PR,41,Paraná,Sul,Centro Ocidental Paranaense,Campo Mourão,Campo Mourão,Maringá
410180,4101804,Araucária,PR,41,Paraná,Sul,Metropolitana de Curitiba,Curitiba,Curitiba,Curitiba
410185,4101853,Ariranha do Ivaí,PR,41,Paraná,Sul,Norte Central Paranaense,Ivaiporã,Ivaiporã,Londrina
410190,4101903,Assaí,PR,41,Paraná,Sul,Norte Pioneiro Paranaense,Assaí,Londrina,Londrina
410200,4102000,Assis Chateaubriand,PR,41,Paraná,Sul,Oeste Paranaense,Toledo,Toledo,Cascavel
410210,4102109,Astorga,PR,41,Paraná,Sul,Norte Central Paranaense,Astorga,Maringá,Maringá
410220,4102208,Atalaia,PR,41,Paraná,Sul,Norte Central Paranaense,Astorga,Maringá,Maringá
410230,4102307,Balsa Nova,PR,41,Paraná,Sul,Metropolitana de Curitiba,Curitiba,Curitiba,Curitiba
410240,4102406,Bandeirantes,PR,41,Paraná,Sul,Norte Pioneiro Paranaense,Cornélio Procópio,Cornélio Procópio ¿ Bandeirantes,Londrina
410250,4102505,Barbosa Ferraz,PR,41,Paraná,Sul,Centro Ocidental Paranaense,Campo Mourão,Campo Mourão,Maringá
410260,4102604,Barracão,PR,41,Paraná,Sul,Sudoeste Paranaense,Francisco Beltrão,Francisco Beltrão,Cascavel
410270,4102703,Barra do Jacaré,PR,41,Paraná,Sul,Norte Pioneiro Paranaense,Jacarezinho,Santo Antônio da Platina,Londrina
410275,4102752,Bela Vista da Caroba,PR,41,Paraná,Sul,Sudoeste Paranaense,Capanema,Francisco Beltrão,Cascavel
410280,4102802,Bela Vista do Paraíso,PR,41,Paraná,Sul,Norte Central Paranaense,Porecatu,Londrina,Londrina
410290,4102901,Bituruna,PR,41,Paraná,Sul,Sudeste Paranaense,União da Vitória,União da Vitória,Curitiba
410300,4103008,Boa Esperança,PR,41,Paraná,Sul,Centro Ocidental Paranaense,Goioerê,Campo Mourão,Maringá
410302,4103024,Boa Esperança do Iguaçu,PR,41,Paraná,Sul,Sudoeste Paranaense,Francisco Beltrão,Dois Vizinhos,Cascavel
410304,4103040,Boa Ventura de São Roque,PR,41,Paraná,Sul,Centro-Sul Paranaense,Pitanga,Pitanga,Guarapuava
410305,4103057,Boa Vista da Aparecida,PR,41,Paraná,Sul,Oeste Paranaense,Cascavel,Cascavel,Cascavel
410310,4103107,Bocaiúva do Sul,PR,41,Paraná,Sul,Metropolitana de Curitiba,Curitiba,Curitiba,Curitiba
410315,4103156,Bom Jesus do Sul,PR,41,Paraná,Sul,Sudoeste Paranaense,Francisco Beltrão,Francisco Beltrão,Cascavel
410320,4103206,Bom Sucesso,PR,41,Paraná,Sul,Norte Central Paranaense,Faxinal,Apucarana,Londrina
410322,4103222,Bom Sucesso do Sul,PR,41,Paraná,Sul,Sudoeste Paranaense,Pato Branco,Pato Branco,Cascavel
410330,4103305,Borrazópolis,PR,41,Paraná,Sul,Norte Central Paranaense,Faxinal,Apucarana,Londrina
410335,4103354,Braganey,PR,41,Paraná,Sul,Oeste Paranaense,Cascavel,Cascavel,Cascavel
410337,4103370,Brasilândia do Sul,PR,41,Paraná,Sul,Noroeste Paranaense,Umuarama,Umuarama,Maringá
410340,4103404,Cafeara,PR,41,Paraná,Sul,Norte Central Paranaense,Astorga,Londrina,Londrina
410345,4103453,Cafelândia,PR,41,Paraná,Sul,Oeste Paranaense,Cascavel,Cascavel,Cascavel
410347,4103479,Cafezal do Sul,PR,41,Paraná,Sul,Noroeste Paranaense,Umuarama,Umuarama,Maringá
410350,4103503,Califórnia,PR,41,Paraná,Sul,Norte Central Paranaense,Apucarana,Apucarana,Londrina
410360,4103602,Cambará,PR,41,Paraná,Sul,Norte Pioneiro Paranaense,Jacarezinho,Santo Antônio da Platina,Londrina
410370,4103701,Cambé,PR,41,Paraná,Sul,Norte Central Paranaense,Londrina,Londrina,Londrina
410380,4103800,Cambira,PR,41,Paraná,Sul,Norte Central Paranaense,Apucarana,Apucarana,Londrina
410390,4103909,Campina da Lagoa,PR,41,Paraná,Sul,Centro Ocidental Paranaense,Goioerê,Campo Mourão,Maringá
410395,4103958,Campina do Simão,PR,41,Paraná,Sul,Centro-Sul Paranaense,Guarapuava,Guarapuava,Guarapuava
410400,4104006,Campina Grande do Sul,PR,41,Paraná,Sul,Metropolitana de Curitiba,Curitiba,Curitiba,Curitiba
410405,4104055,Campo Bonito,PR,41,Paraná,Sul,Oeste Paranaense,Cascavel,Cascavel,Cascavel
410410,4104105,Campo do Tenente,PR,41,Paraná,Sul,Metropolitana de Curitiba,Rio Negro,Curitiba,Curitiba
410420,4104204,Campo Largo,PR,41,Paraná,Sul,Metropolitana de Curitiba,Curitiba,Curitiba,Curitiba
410425,4104253,Campo Magro,PR,41,Paraná,Sul,Metropolitana de Curitiba,Curitiba,Curitiba,Curitiba
410430,4104303,Campo Mourão,PR,41,Paraná,Sul,Centro Ocidental Paranaense,Campo Mourão,Campo Mourão,Maringá
410440,4104402,Cândido de Abreu,PR,41,Paraná,Sul,Norte Central Paranaense,Ivaiporã,Ivaiporã,Londrina
410442,4104428,Candói,PR,41,Paraná,Sul,Centro-Sul Paranaense,Guarapuava,Guarapuava,Guarapuava
410445,4104451,Cantagalo,PR,41,Paraná,Sul,Centro-Sul Paranaense,Guarapuava,Guarapuava,Guarapuava
410450,4104501,Capanema,PR,41,Paraná,Sul,Sudoeste Paranaense,Capanema,Francisco Beltrão,Cascavel
410460,4104600,Capitão Leônidas Marques,PR,41,Paraná,Sul,Oeste Paranaense,Cascavel,Cascavel,Cascavel
410465,4104659,Carambeí,PR,41,Paraná,Sul,Centro Oriental Paranaense,Ponta Grossa,Ponta Grossa,Ponta Grossa
410470,4104709,Carlópolis,PR,41,Paraná,Sul,Norte Pioneiro Paranaense,Wenceslau Braz,Santo Antônio da Platina,Londrina
410480,4104808,Cascavel,PR,41,Paraná,Sul,Oeste Paranaense,Cascavel,Cascavel,Cascavel
410490,4104907,Castro,PR,41,Paraná,Sul,Centro Oriental Paranaense,Ponta Grossa,Ponta Grossa,Ponta Grossa
410500,4105003,Catanduvas,PR,41,Paraná,Sul,Oeste Paranaense,Cascavel,Cascavel,Cascavel
410510,4105102,Centenário do Sul,PR,41,Paraná,Sul,Norte Central Paranaense,Astorga,Londrina,Londrina
410520,4105201,Cerro Azul,PR,41,Paraná,Sul,Metropolitana de Curitiba,Cerro Azul,Curitiba,Curitiba
410530,4105300,Céu Azul,PR,41,Paraná,Sul,Oeste Paranaense,Foz do Iguaçu,Cascavel,Cascavel
410540,4105409,Chopinzinho,PR,41,Paraná,Sul,Sudoeste Paranaense,Pato Branco,Pato Branco,Cascavel
410550,4105508,Cianorte,PR,41,Paraná,Sul,Noroeste Paranaense,Cianorte,Cianorte,Maringá
410560,4105607,Cidade Gaúcha,PR,41,Paraná,Sul,Noroeste Paranaense,Cianorte,Umuarama,Maringá
410570,4105706,Clevelândia,PR,41,Paraná,Sul,Centro-Sul Paranaense,Palmas,Pato Branco,Cascavel
410580,4105805,Colombo,PR,41,Paraná,Sul,Metropolitana de Curitiba,Curitiba,Curitiba,Curitiba
410590,4105904,Colorado,PR,41,Paraná,Sul,Norte Central Paranaense,Astorga,Paranacity - Colorado,Maringá
410600,4106001,Congonhinhas,PR,41,Paraná,Sul,Norte Pioneiro Paranaense,Cornélio Procópio,Cornélio Procópio ¿ Bandeirantes,Londrina
410610,4106100,Conselheiro Mairinck,PR,41,Paraná,Sul,Norte Pioneiro Paranaense,Ibaiti,Ibaiti,Londrina
410620,4106209,Contenda,PR,41,Paraná,Sul,Metropolitana de Curitiba,Curitiba,Curitiba,Curitiba
410630,4106308,Corbélia,PR,41,Paraná,Sul,Oeste Paranaense,Cascavel,Cascavel,Cascavel
410640,4106407,Cornélio Procópio,PR,41,Paraná,Sul,Norte Pioneiro Paranaense,Cornélio Procópio,Cornélio Procópio ¿ Bandeirantes,Londrina
410645,4106456,Coronel Domingos Soares,PR,41,Paraná,Sul,Centro-Sul Paranaense,Palmas,Pato Branco,Cascavel
410650,4106506,Coronel Vivida,PR,41,Paraná,Sul,Sudoeste Paranaense,Pato Branco,Pato Branco,Cascavel
410655,4106555,Corumbataí do Sul,PR,41,Paraná,Sul,Centro Ocidental Paranaense,Campo Mourão,Campo Mourão,Maringá
410657,4106571,Cruzeiro do Iguaçu,PR,41,Paraná,Sul,Sudoeste Paranaense,Francisco Beltrão,Dois Vizinhos,Cascavel
410660,4106605,Cruzeiro do Oeste,PR,41,Paraná,Sul,Noroeste Paranaense,Umuarama,Umuarama,Maringá
410670,4106704,Cruzeiro do Sul,PR,41,Paraná,Sul,Noroeste Paranaense,Paranavaí,Paranacity - Colorado,Maringá
410680,4106803,Cruz Machado,PR,41,Paraná,Sul,Sudeste Paranaense,União da Vitória,União da Vitória,Curitiba
410685,4106852,Cruzmaltina,PR,41,Paraná,Sul,Norte Central Paranaense,Faxinal,Ivaiporã,Londrina
410690,4106902,Curitiba,PR,41,Paraná,Sul,Metropolitana de Curitiba,Curitiba,Curitiba,Curitiba
410700,4107009,Curiúva,PR,41,Paraná,Sul,Norte Pioneiro Paranaense,Ibaiti,Telêmaco Borba,Ponta Grossa
410710,4107108,Diamante do Norte,PR,41,Paraná,Sul,Noroeste Paranaense,Paranavaí,Paranavaí,Maringá
410712,4107124,Diamante do Sul,PR,41,Paraná,Sul,Oeste Paranaense,Cascavel,Cascavel,Cascavel
410715,4107157,Diamante D'Oeste,PR,41,Paraná,Sul,Oeste Paranaense,Toledo,Cascavel,Cascavel
410720,4107207,Dois Vizinhos,PR,41,Paraná,Sul,Sudoeste Paranaense,Francisco Beltrão,Dois Vizinhos,Cascavel
410725,4107256,Douradina,PR,41,Paraná,Sul,Noroeste Paranaense,Umuarama,Umuarama,Maringá
410730,4107306,Doutor Camargo,PR,41,Paraná,Sul,Norte Central Paranaense,Floraí,Maringá,Maringá
410740,4107405,Enéas Marques,PR,41,Paraná,Sul,Sudoeste Paranaense,Francisco Beltrão,Francisco Beltrão,Cascavel
410750,4107504,Engenheiro Beltrão,PR,41,Paraná,Sul,Centro Ocidental Paranaense,Campo Mourão,Campo Mourão,Maringá
410752,4107520,Esperança Nova,PR,41,Paraná,Sul,Noroeste Paranaense,Umuarama,Umuarama,Maringá
410753,4107538,Entre Rios do Oeste,PR,41,Paraná,Sul,Oeste Paranaense,Toledo,Marechal Cândido Rondon,Cascavel
410754,4107546,Espigão Alto do Iguaçu,PR,41,Paraná,Sul,Centro-Sul Paranaense,Guarapuava,Laranjeiras do Sul - Quedas do Iguaçu,Cascavel
410755,4107553,Farol,PR,41,Paraná,Sul,Centro Ocidental Paranaense,Campo Mourão,Campo Mourão,Maringá
410760,4107603,Faxinal,PR,41,Paraná,Sul,Norte Central Paranaense,Faxinal,Ivaiporã,Londrina
410765,4107652,Fazenda Rio Grande,PR,41,Paraná,Sul,Metropolitana de Curitiba,Curitiba,Curitiba,Curitiba
410770,4107702,Fênix,PR,41,Paraná,Sul,Centro Ocidental Paranaense,Campo Mourão,Campo Mourão,Maringá
410773,4107736,Fernandes Pinheiro,PR,41,Paraná,Sul,Sudeste Paranaense,Prudentópolis,Irati,Ponta Grossa
410775,4107751,Figueira,PR,41,Paraná,Sul,Norte Pioneiro Paranaense,Ibaiti,Ibaiti,Londrina
410780,4107801,Floraí,PR,41,Paraná,Sul,Norte Central Paranaense,Floraí,Maringá,Maringá
410785,4107850,Flor da Serra do Sul,PR,41,Paraná,Sul,Sudoeste Paranaense,Francisco Beltrão,Francisco Beltrão,Cascavel
410790,4107900,Floresta,PR,41,Paraná,Sul,Norte Central Paranaense,Floraí,Maringá,Maringá
410800,4108007,Florestópolis,PR,41,Paraná,Sul,Norte Central Paranaense,Porecatu,Londrina,Londrina
410810,4108106,Flórida,PR,41,Paraná,Sul,Norte Central Paranaense,Astorga,Maringá,Maringá
410820,4108205,Formosa do Oeste,PR,41,Paraná,Sul,Oeste Paranaense,Toledo,Toledo,Cascavel
410830,4108304,Foz do Iguaçu,PR,41,Paraná,Sul,Oeste Paranaense,Foz do Iguaçu,Foz do Iguaçu,Cascavel
410832,4108320,Francisco Alves,PR,41,Paraná,Sul,Noroeste Paranaense,Umuarama,Umuarama,Maringá
410840,4108403,Francisco Beltrão,PR,41,Paraná,Sul,Sudoeste Paranaense,Francisco Beltrão,Francisco Beltrão,Cascavel
410845,4108452,Foz do Jordão,PR,41,Paraná,Sul,Centro-Sul Paranaense,Guarapuava,Guarapuava,Guarapuava
410850,4108502,General Carneiro,PR,41,Paraná,Sul,Sudeste Paranaense,União da Vitória,União da Vitória,Curitiba
410855,4108551,Godoy Moreira,PR,41,Paraná,Sul,Norte Central Paranaense,Ivaiporã,Ivaiporã,Londrina
410860,4108601,Goioerê,PR,41,Paraná,Sul,Centro Ocidental Paranaense,Goioerê,Campo Mourão,Maringá
410865,4108650,Goioxim,PR,41,Paraná,Sul,Centro-Sul Paranaense,Guarapuava,Guarapuava,Guarapuava
410870,4108700,Grandes Rios,PR,41,Paraná,Sul,Norte Central Paranaense,Ivaiporã,Ivaiporã,Londrina
410880,4108809,Guaíra,PR,41,Paraná,Sul,Oeste Paranaense,Toledo,Toledo,Cascavel
410890,4108908,Guairaçá,PR,41,Paraná,Sul,Noroeste Paranaense,Paranavaí,Paranavaí,Maringá
410895,4108957,Guamiranga,PR,41,Paraná,Sul,Sudeste Paranaense,Prudentópolis,Guarapuava,Guarapuava
410900,4109005,Guapirama,PR,41,Paraná,Sul,Norte Pioneiro Paranaense,Wenceslau Braz,Santo Antônio da Platina,Londrina
410910,4109104,Guaporema,PR,41,Paraná,Sul,Noroeste Paranaense,Cianorte,Cianorte,Maringá
410920,4109203,Guaraci,PR,41,Paraná,Sul,Norte Central Paranaense,Astorga,Londrina,Londrina
410930,4109302,Guaraniaçu,PR,41,Paraná,Sul,Oeste Paranaense,Cascavel,Cascavel,Cascavel
410940,4109401,Guarapuava,PR,41,Paraná,Sul,Centro-Sul Paranaense,Guarapuava,Guarapuava,Guarapuava
410950,4109500,Guaraqueçaba,PR,41,Paraná,Sul,Metropolitana de Curitiba,Paranaguá,Paranaguá,Curitiba
410960,4109609,Guaratuba,PR,41,Paraná,Sul,Metropolitana de Curitiba,Paranaguá,Paranaguá,Curitiba
410965,4109658,Honório Serpa,PR,41,Paraná,Sul,Centro-Sul Paranaense,Palmas,Pato Branco,Cascavel
410970,4109708,Ibaiti,PR,41,Paraná,Sul,Norte Pioneiro Paranaense,Ibaiti,Ibaiti,Londrina
410975,4109757,Ibema,PR,41,Paraná,Sul,Oeste Paranaense,Cascavel,Cascavel,Cascavel
410980,4109807,Ibiporã,PR,41,Paraná,Sul,Norte Central Paranaense,Londrina,Londrina,Londrina
410990,4109906,Icaraíma,PR,41,Paraná,Sul,Noroeste Paranaense,Umuarama,Umuarama,Maringá
411000,4110003,Iguaraçu,PR,41,Paraná,Sul,Norte Central Paranaense,Astorga,Maringá,Maringá
411005,4110052,Iguatu,PR,41,Paraná,Sul,Oeste Paranaense,Cascavel,Cascavel,Cascavel
411007,4110078,Imbaú,PR,41,Paraná,Sul,Centro Oriental Paranaense,Telêmaco Borba,Telêmaco Borba,Ponta Grossa
411010,4110102,Imbituva,PR,41,Paraná,Sul,Sudeste Paranaense,Prudentópolis,Irati,Ponta Grossa
411020,4110201,Inácio Martins,PR,41,Paraná,Sul,Centro-Sul Paranaense,Guarapuava,Guarapuava,Guarapuava
411030,4110300,Inajá,PR,41,Paraná,Sul,Noroeste Paranaense,Paranavaí,Paranacity - Colorado,Maringá
411040,4110409,Indianópolis,PR,41,Paraná,Sul,Noroeste Paranaense,Cianorte,Cianorte,Maringá
411050,4110508,Ipiranga,PR,41,Paraná,Sul,Sudeste Paranaense,Prudentópolis,Ponta Grossa,Ponta Grossa
411060,4110607,Iporã,PR,41,Paraná,Sul,Noroeste Paranaense,Umuarama,Umuarama,Maringá
411065,4110656,Iracema do Oeste,PR,41,Paraná,Sul,Oeste Paranaense,Toledo,Toledo,Cascavel
411070,4110706,Irati,PR,41,Paraná,Sul,Sudeste Paranaense,Irati,Irati,Ponta Grossa
411080,4110805,Iretama,PR,41,Paraná,Sul,Centro Ocidental Paranaense,Campo Mourão,Campo Mourão,Maringá
411090,4110904,Itaguajé,PR,41,Paraná,Sul,Norte Central Paranaense,Astorga,Paranacity - Colorado,Maringá
411095,4110953,Itaipulândia,PR,41,Paraná,Sul,Oeste Paranaense,Foz do Iguaçu,Foz do Iguaçu,Cascavel
411100,4111001,Itambaracá,PR,41,Paraná,Sul,Norte Pioneiro Paranaense,Cornélio Procópio,Cornélio Procópio ¿ Bandeirantes,Londrina
411110,4111100,Itambé,PR,41,Paraná,Sul,Norte Central Paranaense,Floraí,Maringá,Maringá
411120,4111209,Itapejara d'Oeste,PR,41,Paraná,Sul,Sudoeste Paranaense,Pato Branco,Pato Branco,Cascavel
411125,4111258,Itaperuçu,PR,41,Paraná,Sul,Metropolitana de Curitiba,Curitiba,Curitiba,Curitiba
411130,4111308,Itaúna do Sul,PR,41,Paraná,Sul,Noroeste Paranaense,Paranavaí,Paranavaí,Maringá
411140,4111407,Ivaí,PR,41,Paraná,Sul,Sudeste Paranaense,Prudentópolis,Ponta Grossa,Ponta Grossa
411150,4111506,Ivaiporã,PR,41,Paraná,Sul,Norte Central Paranaense,Ivaiporã,Ivaiporã,Londrina
411155,4111555,Ivaté,PR,41,Paraná,Sul,Noroeste Paranaense,Umuarama,Umuarama,Maringá
411160,4111605,Ivatuba,PR,41,Paraná,Sul,Norte Central Paranaense,Floraí,Maringá,Maringá
411170,4111704,Jaboti,PR,41,Paraná,Sul,Norte Pioneiro Paranaense,Ibaiti,Ibaiti,Londrina
411180,4111803,Jacarezinho,PR,41,Paraná,Sul,Norte Pioneiro Paranaense,Jacarezinho,Santo Antônio da Platina,Londrina
411190,4111902,Jaguapitã,PR,41,Paraná,Sul,Norte Central Paranaense,Astorga,Londrina,Londrina
411200,4112009,Jaguariaíva,PR,41,Paraná,Sul,Centro Oriental Paranaense,Jaguariaíva,Ponta Grossa,Ponta Grossa
411210,4112108,Jandaia do Sul,PR,41,Paraná,Sul,Norte Central Paranaense,Apucarana,Apucarana,Londrina
411220,4112207,Janiópolis,PR,41,Paraná,Sul,Centro Ocidental Paranaense,Goioerê,Campo Mourão,Maringá
411230,4112306,Japira,PR,41,Paraná,Sul,Norte Pioneiro Paranaense,Ibaiti,Ibaiti,Londrina
411240,4112405,Japurá,PR,41,Paraná,Sul,Noroeste Paranaense,Cianorte,Cianorte,Maringá
411250,4112504,Jardim Alegre,PR,41,Paraná,Sul,Norte Central Paranaense,Ivaiporã,Ivaiporã,Londrina
411260,4112603,Jardim Olinda,PR,41,Paraná,Sul,Noroeste Paranaense,Paranavaí,Paranacity - Colorado,Maringá
411270,4112702,Jataizinho,PR,41,Paraná,Sul,Norte Pioneiro Paranaense,Assaí,Londrina,Londrina
411275,4112751,Jesuítas,PR,41,Paraná,Sul,Oeste Paranaense,Toledo,Toledo,Cascavel
411280,4112801,Joaquim Távora,PR,41,Paraná,Sul,Norte Pioneiro Paranaense,Wenceslau Braz,Santo Antônio da Platina,Londrina
411290,4112900,Jundiaí do Sul,PR,41,Paraná,Sul,Norte Pioneiro Paranaense,Jacarezinho,Santo Antônio da Platina,Londrina
411295,4112959,Juranda,PR,41,Paraná,Sul,Centro Ocidental Paranaense,Goioerê,Campo Mourão,Maringá
411300,4113007,Jussara,PR,41,Paraná,Sul,Noroeste Paranaense,Cianorte,Cianorte,Maringá
411310,4113106,Kaloré,PR,41,Paraná,Sul,Norte Central Paranaense,Faxinal,Apucarana,Londrina
411320,4113205,Lapa,PR,41,Paraná,Sul,Metropolitana de Curitiba,Lapa,Curitiba,Curitiba
411325,4113254,Laranjal,PR,41,Paraná,Sul,Centro-Sul Paranaense,Pitanga,Pitanga,Guarapuava
411330,4113304,Laranjeiras do Sul,PR,41,Paraná,Sul,Centro-Sul Paranaense,Guarapuava,Laranjeiras do Sul - Quedas do Iguaçu,Cascavel
411340,4113403,Leópolis,PR,41,Paraná,Sul,Norte Pioneiro Paranaense,Cornélio Procópio,Cornélio Procópio ¿ Bandeirantes,Londrina
411342,4113429,Lidianópolis,PR,41,Paraná,Sul,Norte Central Paranaense,Ivaiporã,Ivaiporã,Londrina
411345,4113452,Lindoeste,PR,41,Paraná,Sul,Oeste Paranaense,Cascavel,Cascavel,Cascavel
411350,4113502,Loanda,PR,41,Paraná,Sul,Noroeste Paranaense,Paranavaí,Loanda,Maringá
411360,4113601,Lobato,PR,41,Paraná,Sul,Norte Central Paranaense,Astorga,Paranacity - Colorado,Maringá
411370,4113700,Londrina,PR,41,Paraná,Sul,Norte Central Paranaense,Londrina,Londrina,Londrina
411373,4113734,Luiziana,PR,41,Paraná,Sul,Centro Ocidental Paranaense,Campo Mourão,Campo Mourão,Maringá
411375,4113759,Lunardelli,PR,41,Paraná,Sul,Norte Central Paranaense,Ivaiporã,Ivaiporã,Londrina
411380,4113809,Lupionópolis,PR,41,Paraná,Sul,Norte Central Paranaense,Astorga,Londrina,Londrina
411390,4113908,Mallet,PR,41,Paraná,Sul,Sudeste Paranaense,Irati,Irati,Ponta Grossa
411400,4114005,Mamborê,PR,41,Paraná,Sul,Centro Ocidental Paranaense,Campo Mourão,Campo Mourão,Maringá
411410,4114104,Mandaguaçu,PR,41,Paraná,Sul,Norte Central Paranaense,Astorga,Maringá,Maringá
411420,4114203,Mandaguari,PR,41,Paraná,Sul,Norte Central Paranaense,Maringá,Maringá,Maringá
411430,4114302,Mandirituba,PR,41,Paraná,Sul,Metropolitana de Curitiba,Curitiba,Curitiba,Curitiba
411435,4114351,Manfrinópolis,PR,41,Paraná,Sul,Sudoeste Paranaense,Francisco Beltrão,Francisco Beltrão,Cascavel
411440,4114401,Mangueirinha,PR,41,Paraná,Sul,Centro-Sul Paranaense,Palmas,Pato Branco,Cascavel
411450,4114500,Manoel Ribas,PR,41,Paraná,Sul,Norte Central Paranaense,Ivaiporã,Ivaiporã,Londrina
411460,4114609,Marechal Cândido Rondon,PR,41,Paraná,Sul,Oeste Paranaense,Toledo,Marechal Cândido Rondon,Cascavel
411470,4114708,Maria Helena,PR,41,Paraná,Sul,Noroeste Paranaense,Umuarama,Umuarama,Maringá
411480,4114807,Marialva,PR,41,Paraná,Sul,Norte Central Paranaense,Maringá,Maringá,Maringá
411490,4114906,Marilândia do Sul,PR,41,Paraná,Sul,Norte Central Paranaense,Apucarana,Apucarana,Londrina
411500,4115002,Marilena,PR,41,Paraná,Sul,Noroeste Paranaense,Paranavaí,Paranavaí,Maringá
411510,4115101,Mariluz,PR,41,Paraná,Sul,Noroeste Paranaense,Umuarama,Umuarama,Maringá
411520,4115200,Maringá,PR,41,Paraná,Sul,Norte Central Paranaense,Maringá,Maringá,Maringá
411530,4115309,Mariópolis,PR,41,Paraná,Sul,Sudoeste Paranaense,Pato Branco,Pato Branco,Cascavel
411535,4115358,Maripá,PR,41,Paraná,Sul,Oeste Paranaense,Toledo,Toledo,Cascavel
411540,4115408,Marmeleiro,PR,41,Paraná,Sul,Sudoeste Paranaense,Francisco Beltrão,Francisco Beltrão,Cascavel
411545,4115457,Marquinho,PR,41,Paraná,Sul,Centro-Sul Paranaense,Guarapuava,Laranjeiras do Sul - Quedas do Iguaçu,Cascavel
411550,4115507,Marumbi,PR,41,Paraná,Sul,Norte Central Paranaense,Faxinal,Apucarana,Londrina
411560,4115606,Matelândia,PR,41,Paraná,Sul,Oeste Paranaense,Foz do Iguaçu,Cascavel,Cascavel
411570,4115705,Matinhos,PR,41,Paraná,Sul,Metropolitana de Curitiba,Paranaguá,Paranaguá,Curitiba
411573,4115739,Mato Rico,PR,41,Paraná,Sul,Centro-Sul Paranaense,Pitanga,Pitanga,Guarapuava
411575,4115754,Mauá da Serra,PR,41,Paraná,Sul,Norte Central Paranaense,Apucarana,Apucarana,Londrina
411580,4115804,Medianeira,PR,41,Paraná,Sul,Oeste Paranaense,Foz do Iguaçu,Foz do Iguaçu,Cascavel
411585,4115853,Mercedes,PR,41,Paraná,Sul,Oeste Paranaense,Toledo,Marechal Cândido Rondon,Cascavel
411590,4115903,Mirador,PR,41,Paraná,Sul,Noroeste Paranaense,Paranavaí,Paranavaí,Maringá
411600,4116000,Miraselva,PR,41,Paraná,Sul,Norte Central Paranaense,Porecatu,Londrina,Londrina
411605,4116059,Missal,PR,41,Paraná,Sul,Oeste Paranaense,Foz do Iguaçu,Foz do Iguaçu,Cascavel
411610,4116109,Moreira Sales,PR,41,Paraná,Sul,Centro Ocidental Paranaense,Goioerê,Campo Mourão,Maringá
411620,4116208,Morretes,PR,41,Paraná,Sul,Metropolitana de Curitiba,Paranaguá,Paranaguá,Curitiba
411630,4116307,Munhoz de Melo,PR,41,Paraná,Sul,Norte Central Paranaense,Astorga,Maringá,Maringá
411640,4116406,Nossa Senhora das Graças,PR,41,Paraná,Sul,Norte Central Paranaense,Astorga,Paranacity - Colorado,Maringá
411650,4116505,Nova Aliança do Ivaí,PR,41,Paraná,Sul,Noroeste Paranaense,Paranavaí,Paranavaí,Maringá
411660,4116604,Nova América da Colina,PR,41,Paraná,Sul,Norte Pioneiro Paranaense,Cornélio Procópio,Cornélio Procópio ¿ Bandeirantes,Londrina
411670,4116703,Nova Aurora,PR,41,Paraná,Sul,Oeste Paranaense,Cascavel,Cascavel,Cascavel
411680,4116802,Nova Cantu,PR,41,Paraná,Sul,Centro Ocidental Paranaense,Goioerê,Campo Mourão,Maringá
411690,4116901,Nova Esperança,PR,41,Paraná,Sul,Norte Central Paranaense,Astorga,Maringá,Maringá
411695,4116950,Nova Esperança do Sudoeste,PR,41,Paraná,Sul,Sudoeste Paranaense,Francisco Beltrão,Francisco Beltrão,Cascavel
411700,4117008,Nova Fátima,PR,41,Paraná,Sul,Norte Pioneiro Paranaense,Cornélio Procópio,Cornélio Procópio ¿ Bandeirantes,Londrina
411705,4117057,Nova Laranjeiras,PR,41,Paraná,Sul,Centro-Sul Paranaense,Guarapuava,Laranjeiras do Sul - Quedas do Iguaçu,Cascavel
411710,4117107,Nova Londrina,PR,41,Paraná,Sul,Noroeste Paranaense,Paranavaí,Paranavaí,Maringá
411720,4117206,Nova Olímpia,PR,41,Paraná,Sul,Noroeste Paranaense,Umuarama,Umuarama,Maringá
411721,4117214,Nova Santa Bárbara,PR,41,Paraná,Sul,Norte Pioneiro Paranaense,Assaí,Cornélio Procópio ¿ Bandeirantes,Londrina
411722,4117222,Nova Santa Rosa,PR,41,Paraná,Sul,Oeste Paranaense,Toledo,Marechal Cândido Rondon,Cascavel
411725,4117255,Nova Prata do Iguaçu,PR,41,Paraná,Sul,Sudoeste Paranaense,Francisco Beltrão,Dois Vizinhos,Cascavel
411727,4117271,Nova Tebas,PR,41,Paraná,Sul,Norte Central Paranaense,Ivaiporã,Pitanga,Guarapuava
411729,4117297,Novo Itacolomi,PR,41,Paraná,Sul,Norte Central Paranaense,Apucarana,Apucarana,Londrina
411730,4117305,Ortigueira,PR,41,Paraná,Sul,Centro Oriental Paranaense,Telêmaco Borba,Telêmaco Borba,Ponta Grossa
411740,4117404,Ourizona,PR,41,Paraná,Sul,Norte Central Paranaense,Floraí,Maringá,Maringá
411745,4117453,Ouro Verde do Oeste,PR,41,Paraná,Sul,Oeste Paranaense,Toledo,Toledo,Cascavel
411750,4117503,Paiçandu,PR,41,Paraná,Sul,Norte Central Paranaense,Maringá,Maringá,Maringá
411760,4117602,Palmas,PR,41,Paraná,Sul,Centro-Sul Paranaense,Palmas,Pato Branco,Cascavel
411770,4117701,Palmeira,PR,41,Paraná,Sul,Centro Oriental Paranaense,Ponta Grossa,Ponta Grossa,Ponta Grossa
411780,4117800,Palmital,PR,41,Paraná,Sul,Centro-Sul Paranaense,Pitanga,Pitanga,Guarapuava
411790,4117909,Palotina,PR,41,Paraná,Sul,Oeste Paranaense,Toledo,Toledo,Cascavel
411800,4118006,Paraíso do Norte,PR,41,Paraná,Sul,Noroeste Paranaense,Paranavaí,Paranavaí,Maringá
411810,4118105,Paranacity,PR,41,Paraná,Sul,Noroeste Paranaense,Paranavaí,Paranacity - Colorado,Maringá
411820,4118204,Paranaguá,PR,41,Paraná,Sul,Metropolitana de Curitiba,Paranaguá,Paranaguá,Curitiba
411830,4118303,Paranapoema,PR,41,Paraná,Sul,Noroeste Paranaense,Paranavaí,Paranacity - Colorado,Maringá
411840,4118402,Paranavaí,PR,41,Paraná,Sul,Noroeste Paranaense,Paranavaí,Paranavaí,Maringá
411845,4118451,Pato Bragado,PR,41,Paraná,Sul,Oeste Paranaense,Toledo,Marechal Cândido Rondon,Cascavel
411850,4118501,Pato Branco,PR,41,Paraná,Sul,Sudoeste Paranaense,Pato Branco,Pato Branco,Cascavel
411860,4118600,Paula Freitas,PR,41,Paraná,Sul,Sudeste Paranaense,União da Vitória,União da Vitória,Curitiba
411870,4118709,Paulo Frontin,PR,41,Paraná,Sul,Sudeste Paranaense,União da Vitória,União da Vitória,Curitiba
411880,4118808,Peabiru,PR,41,Paraná,Sul,Centro Ocidental Paranaense,Campo Mourão,Campo Mourão,Maringá
411885,4118857,Perobal,PR,41,Paraná,Sul,Noroeste Paranaense,Umuarama,Umuarama,Maringá
411890,4118907,Pérola,PR,41,Paraná,Sul,Noroeste Paranaense,Umuarama,Umuarama,Maringá
411900,4119004,Pérola d'Oeste,PR,41,Paraná,Sul,Sudoeste Paranaense,Capanema,Francisco Beltrão,Cascavel
411910,4119103,Piên,PR,41,Paraná,Sul,Metropolitana de Curitiba,Rio Negro,Curitiba,Curitiba
411915,4119152,Pinhais,PR,41,Paraná,Sul,Metropolitana de Curitiba,Curitiba,Curitiba,Curitiba
411920,4119202,Pinhalão,PR,41,Paraná,Sul,Norte Pioneiro Paranaense,Ibaiti,Ibaiti,Londrina
411925,4119251,Pinhal de São Bento,PR,41,Paraná,Sul,Sudoeste Paranaense,Francisco Beltrão,Francisco Beltrão,Cascavel
411930,4119301,Pinhão,PR,41,Paraná,Sul,Centro-Sul Paranaense,Guarapuava,Guarapuava,Guarapuava
411940,4119400,Piraí do Sul,PR,41,Paraná,Sul,Centro Oriental Paranaense,Jaguariaíva,Ponta Grossa,Ponta Grossa
411950,4119509,Piraquara,PR,41,Paraná,Sul,Metropolitana de Curitiba,Curitiba,Curitiba,Curitiba
411960,4119608,Pitanga,PR,41,Paraná,Sul,Centro-Sul Paranaense,Pitanga,Pitanga,Guarapuava
411965,4119657,Pitangueiras,PR,41,Paraná,Sul,Norte Central Paranaense,Londrina,Londrina,Londrina
411970,4119707,Planaltina do Paraná,PR,41,Paraná,Sul,Noroeste Paranaense,Paranavaí,Paranavaí,Maringá
411980,4119806,Planalto,PR,41,Paraná,Sul,Sudoeste Paranaense,Capanema,Francisco Beltrão,Cascavel
411990,4119905,Ponta Grossa,PR,41,Paraná,Sul,Centro Oriental Paranaense,Ponta Grossa,Ponta Grossa,Ponta Grossa
411995,4119954,Pontal do Paraná,PR,41,Paraná,Sul,Metropolitana de Curitiba,Paranaguá,Paranaguá,Curitiba
412000,4120002,Porecatu,PR,41,Paraná,Sul,Norte Central Paranaense,Porecatu,Londrina,Londrina
412010,4120101,Porto Amazonas,PR,41,Paraná,Sul,Metropolitana de Curitiba,Lapa,Ponta Grossa,Ponta Grossa
412015,4120150,Porto Barreiro,PR,41,Paraná,Sul,Centro-Sul Paranaense,Guarapuava,Laranjeiras do Sul - Quedas do Iguaçu,Cascavel
412020,4120200,Porto Rico,PR,41,Paraná,Sul,Noroeste Paranaense,Paranavaí,Loanda,Maringá
412030,4120309,Porto Vitória,PR,41,Paraná,Sul,Sudeste Paranaense,União da Vitória,União da Vitória,Curitiba
412033,4120333,Prado Ferreira,PR,41,Paraná,Sul,Norte Central Paranaense,Porecatu,Londrina,Londrina
412035,4120358,Pranchita,PR,41,Paraná,Sul,Sudoeste Paranaense,Capanema,Francisco Beltrão,Cascavel
412040,4120408,Presidente Castelo Branco,PR,41,Paraná,Sul,Norte Central Paranaense,Astorga,Maringá,Maringá
412050,4120507,Primeiro de Maio,PR,41,Paraná,Sul,Norte Central Paranaense,Porecatu,Londrina,Londrina
412060,4120606,Prudentópolis,PR,41,Paraná,Sul,Sudeste Paranaense,Prudentópolis,Guarapuava,Guarapuava
412065,4120655,Quarto Centenário,PR,41,Paraná,Sul,Centro Ocidental Paranaense,Goioerê,Campo Mourão,Maringá
412070,4120705,Quatiguá,PR,41,Paraná,Sul,Norte Pioneiro Paranaense,Wenceslau Braz,Santo Antônio da Platina,Londrina
412080,4120804,Quatro Barras,PR,41,Paraná,Sul,Metropolitana de Curitiba,Curitiba,Curitiba,Curitiba
412085,4120853,Quatro Pontes,PR,41,Paraná,Sul,Oeste Paranaense,Toledo,Marechal Cândido Rondon,Cascavel
412090,4120903,Quedas do Iguaçu,PR,41,Paraná,Sul,Centro-Sul Paranaense,Guarapuava,Laranjeiras do Sul - Quedas do Iguaçu,Cascavel
412100,4121000,Querência do Norte,PR,41,Paraná,Sul,Noroeste Paranaense,Paranavaí,Loanda,Maringá
412110,4121109,Quinta do Sol,PR,41,Paraná,Sul,Centro Ocidental Paranaense,Campo Mourão,Campo Mourão,Maringá
412120,4121208,Quitandinha,PR,41,Paraná,Sul,Metropolitana de Curitiba,Rio Negro,Curitiba,Curitiba
412125,4121257,Ramilândia,PR,41,Paraná,Sul,Oeste Paranaense,Foz do Iguaçu,Cascavel,Cascavel
412130,4121307,Rancho Alegre,PR,41,Paraná,Sul,Norte Pioneiro Paranaense,Assaí,Cornélio Procópio ¿ Bandeirantes,Londrina
412135,4121356,Rancho Alegre D'Oeste,PR,41,Paraná,Sul,Centro Ocidental Paranaense,Goioerê,Campo Mourão,Maringá
412140,4121406,Realeza,PR,41,Paraná,Sul,Sudoeste Paranaense,Capanema,Francisco Beltrão,Cascavel
412150,4121505,Rebouças,PR,41,Paraná,Sul,Sudeste Paranaense,Irati,Irati,Ponta Grossa
412160,4121604,Renascença,PR,41,Paraná,Sul,Sudoeste Paranaense,Francisco Beltrão,Francisco Beltrão,Cascavel
412170,4121703,Reserva,PR,41,Paraná,Sul,Centro Oriental Paranaense,Telêmaco Borba,Telêmaco Borba,Ponta Grossa
412175,4121752,Reserva do Iguaçu,PR,41,Paraná,Sul,Centro-Sul Paranaense,Guarapuava,Guarapuava,Guarapuava
412180,4121802,Ribeirão Claro,PR,41,Paraná,Sul,Norte Pioneiro Paranaense,Jacarezinho,Santo Antônio da Platina,Londrina
412190,4121901,Ribeirão do Pinhal,PR,41,Paraná,Sul,Norte Pioneiro Paranaense,Cornélio Procópio,Santo Antônio da Platina,Londrina
412200,4122008,Rio Azul,PR,41,Paraná,Sul,Sudeste Paranaense,Irati,Irati,Ponta Grossa
412210,4122107,Rio Bom,PR,41,Paraná,Sul,Norte Central Paranaense,Faxinal,Apucarana,Londrina
412215,4122156,Rio Bonito do Iguaçu,PR,41,Paraná,Sul,Centro-Sul Paranaense,Guarapuava,Laranjeiras do Sul - Quedas do Iguaçu,Cascavel
412217,4122172,Rio Branco do Ivaí,PR,41,Paraná,Sul,Norte Central Paranaense,Ivaiporã,Ivaiporã,Londrina
412220,4122206,Rio Branco do Sul,PR,41,Paraná,Sul,Metropolitana de Curitiba,Curitiba,Curitiba,Curitiba
412230,4122305,Rio Negro,PR,41,Paraná,Sul,Metropolitana de Curitiba,Rio Negro,Curitiba,Curitiba
412240,4122404,Rolândia,PR,41,Paraná,Sul,Norte Central Paranaense,Londrina,Londrina,Londrina
412250,4122503,Roncador,PR,41,Paraná,Sul,Centro Ocidental Paranaense,Campo Mourão,Campo Mourão,Maringá
412260,4122602,Rondon,PR,41,Paraná,Sul,Noroeste Paranaense,Cianorte,Cianorte,Maringá
412265,4122651,Rosário do Ivaí,PR,41,Paraná,Sul,Norte Central Paranaense,Ivaiporã,Ivaiporã,Londrina
412270,4122701,Sabáudia,PR,41,Paraná,Sul,Norte Central Paranaense,Apucarana,Londrina,Londrina
412280,4122800,Salgado Filho,PR,41,Paraná,Sul,Sudoeste Paranaense,Francisco Beltrão,Francisco Beltrão,Cascavel
412290,4122909,Salto do Itararé,PR,41,Paraná,Sul,Norte Pioneiro Paranaense,Wenceslau Braz,Santo Antônio da Platina,Londrina
412300,4123006,Salto do Lontra,PR,41,Paraná,Sul,Sudoeste Paranaense,Francisco Beltrão,Dois Vizinhos,Cascavel
412310,4123105,Santa Amélia,PR,41,Paraná,Sul,Norte Pioneiro Paranaense,Cornélio Procópio,Cornélio Procópio ¿ Bandeirantes,Londrina
412320,4123204,Santa Cecília do Pavão,PR,41,Paraná,Sul,Norte Pioneiro Paranaense,Assaí,Cornélio Procópio ¿ Bandeirantes,Londrina
412330,4123303,Santa Cruz de Monte Castelo,PR,41,Paraná,Sul,Noroeste Paranaense,Paranavaí,Loanda,Maringá
412340,4123402,Santa Fé,PR,41,Paraná,Sul,Norte Central Paranaense,Astorga,Maringá,Maringá
412350,4123501,Santa Helena,PR,41,Paraná,Sul,Oeste Paranaense,Toledo,Toledo,Cascavel
412360,4123600,Santa Inês,PR,41,Paraná,Sul,Norte Central Paranaense,Astorga,Paranacity - Colorado,Maringá
412370,4123709,Santa Isabel do Ivaí,PR,41,Paraná,Sul,Noroeste Paranaense,Paranavaí,Loanda,Maringá
412380,4123808,Santa Izabel do Oeste,PR,41,Paraná,Sul,Sudoeste Paranaense,Capanema,Francisco Beltrão,Cascavel
412382,4123824,Santa Lúcia,PR,41,Paraná,Sul,Oeste Paranaense,Cascavel,Cascavel,Cascavel
412385,4123857,Santa Maria do Oeste,PR,41,Paraná,Sul,Centro-Sul Paranaense,Pitanga,Pitanga,Guarapuava
412390,4123907,Santa Mariana,PR,41,Paraná,Sul,Norte Pioneiro Paranaense,Cornélio Procópio,Cornélio Procópio ¿ Bandeirantes,Londrina
412395,4123956,Santa Mônica,PR,41,Paraná,Sul,Noroeste Paranaense,Paranavaí,Loanda,Maringá
412400,4124004,Santana do Itararé,PR,41,Paraná,Sul,Norte Pioneiro Paranaense,Wenceslau Braz,Santo Antônio da Platina,Londrina
412402,4124020,Santa Tereza do Oeste,PR,41,Paraná,Sul,Oeste Paranaense,Cascavel,Cascavel,Cascavel
412405,4124053,Santa Terezinha de Itaipu,PR,41,Paraná,Sul,Oeste Paranaense,Foz do Iguaçu,Foz do Iguaçu,Cascavel
412410,4124103,Santo Antônio da Platina,PR,41,Paraná,Sul,Norte Pioneiro Paranaense,Jacarezinho,Santo Antônio da Platina,Londrina
412420,4124202,Santo Antônio do Caiuá,PR,41,Paraná,Sul,Noroeste Paranaense,Paranavaí,Paranavaí,Maringá
412430,4124301,Santo Antônio do Paraíso,PR,41,Paraná,Sul,Norte Pioneiro Paranaense,Cornélio Procópio,Cornélio Procópio ¿ Bandeirantes,Londrina
412440,4124400,Santo Antônio do Sudoeste,PR,41,Paraná,Sul,Sudoeste Paranaense,Francisco Beltrão,Francisco Beltrão,Cascavel
412450,4124509,Santo Inácio,PR,41,Paraná,Sul,Norte Central Paranaense,Astorga,Paranacity - Colorado,Maringá
412460,4124608,São Carlos do Ivaí,PR,41,Paraná,Sul,Noroeste Paranaense,Paranavaí,Paranavaí,Maringá
412470,4124707,São Jerônimo da Serra,PR,41,Paraná,Sul,Norte Pioneiro Paranaense,Assaí,Cornélio Procópio ¿ Bandeirantes,Londrina
412480,4124806,São João,PR,41,Paraná,Sul,Sudoeste Paranaense,Pato Branco,Pato Branco,Cascavel
412490,4124905,São João do Caiuá,PR,41,Paraná,Sul,Noroeste Paranaense,Paranavaí,Paranavaí,Maringá
412500,4125001,São João do Ivaí,PR,41,Paraná,Sul,Norte Central Paranaense,Ivaiporã,Ivaiporã,Londrina
412510,4125100,São João do Triunfo,PR,41,Paraná,Sul,Sudeste Paranaense,São Mateus do Sul,Ponta Grossa,Ponta Grossa
412520,4125209,São Jorge d'Oeste,PR,41,Paraná,Sul,Sudoeste Paranaense,Francisco Beltrão,Dois Vizinhos,Cascavel
412530,4125308,São Jorge do Ivaí,PR,41,Paraná,Sul,Norte Central Paranaense,Floraí,Maringá,Maringá
412535,4125357,São Jorge do Patrocínio,PR,41,Paraná,Sul,Noroeste Paranaense,Umuarama,Umuarama,Maringá
412540,4125407,São José da Boa Vista,PR,41,Paraná,Sul,Norte Pioneiro Paranaense,Wenceslau Braz,Santo Antônio da Platina,Londrina
412545,4125456,São José das Palmeiras,PR,41,Paraná,Sul,Oeste Paranaense,Toledo,Toledo,Cascavel
412550,4125506,São José dos Pinhais,PR,41,Paraná,Sul,Metropolitana de Curitiba,Curitiba,Curitiba,Curitiba
412555,4125555,São Manoel do Paraná,PR,41,Paraná,Sul,Noroeste Paranaense,Cianorte,Cianorte,Maringá
412560,4125605,São Mateus do Sul,PR,41,Paraná,Sul,Sudeste Paranaense,São Mateus do Sul,União da Vitória,Curitiba
412570,4125704,São Miguel do Iguaçu,PR,41,Paraná,Sul,Oeste Paranaense,Foz do Iguaçu,Foz do Iguaçu,Cascavel
412575,4125753,São Pedro do Iguaçu,PR,41,Paraná,Sul,Oeste Paranaense,Toledo,Toledo,Cascavel
412580,4125803,São Pedro do Ivaí,PR,41,Paraná,Sul,Norte Central Paranaense,Ivaiporã,Apucarana,Londrina
412590,4125902,São Pedro do Paraná,PR,41,Paraná,Sul,Noroeste Paranaense,Paranavaí,Loanda,Maringá
412600,4126009,São Sebastião da Amoreira,PR,41,Paraná,Sul,Norte Pioneiro Paranaense,Assaí,Cornélio Procópio ¿ Bandeirantes,Londrina
412610,4126108,São Tomé,PR,41,Paraná,Sul,Noroeste Paranaense,Cianorte,Cianorte,Maringá
412620,4126207,Sapopema,PR,41,Paraná,Sul,Norte Pioneiro Paranaense,Ibaiti,Cornélio Procópio ¿ Bandeirantes,Londrina
412625,4126256,Sarandi,PR,41,Paraná,Sul,Norte Central Paranaense,Maringá,Maringá,Maringá
412627,4126272,Saudade do Iguaçu,PR,41,Paraná,Sul,Sudoeste Paranaense,Pato Branco,Pato Branco,Cascavel
412630,4126306,Sengés,PR,41,Paraná,Sul,Centro Oriental Paranaense,Jaguariaíva,Ponta Grossa,Ponta Grossa
412635,4126355,Serranópolis do Iguaçu,PR,41,Paraná,Sul,Oeste Paranaense,Foz do Iguaçu,Foz do Iguaçu,Cascavel
412640,4126405,Sertaneja,PR,41,Paraná,Sul,Norte Pioneiro Paranaense,Cornélio Procópio,Cornélio Procópio ¿ Bandeirantes,Londrina
412650,4126504,Sertanópolis,PR,41,Paraná,Sul,Norte Central Paranaense,Porecatu,Londrina,Londrina
412660,4126603,Siqueira Campos,PR,41,Paraná,Sul,Norte Pioneiro Paranaense,Wenceslau Braz,Santo Antônio da Platina,Londrina
412665,4126652,Sulina,PR,41,Paraná,Sul,Sudoeste Paranaense,Pato Branco,Pato Branco,Cascavel
412667,4126678,Tamarana,PR,41,Paraná,Sul,Norte Central Paranaense,Londrina,Londrina,Londrina
412670,4126702,Tamboara,PR,41,Paraná,Sul,Noroeste Paranaense,Paranavaí,Paranavaí,Maringá
412680,4126801,Tapejara,PR,41,Paraná,Sul,Noroeste Paranaense,Cianorte,Cianorte,Maringá
412690,4126900,Tapira,PR,41,Paraná,Sul,Noroeste Paranaense,Umuarama,Umuarama,Maringá
412700,4127007,Teixeira Soares,PR,41,Paraná,Sul,Sudeste Paranaense,Prudentópolis,Irati,Ponta Grossa
412710,4127106,Telêmaco Borba,PR,41,Paraná,Sul,Centro Oriental Paranaense,Telêmaco Borba,Telêmaco Borba,Ponta Grossa
412720,4127205,Terra Boa,PR,41,Paraná,Sul,Centro Ocidental Paranaense,Campo Mourão,Cianorte,Maringá
412730,4127304,Terra Rica,PR,41,Paraná,Sul,Noroeste Paranaense,Paranavaí,Paranavaí,Maringá
412740,4127403,Terra Roxa,PR,41,Paraná,Sul,Oeste Paranaense,Toledo,Toledo,Cascavel
412750,4127502,Tibagi,PR,41,Paraná,Sul,Centro Oriental Paranaense,Telêmaco Borba,Telêmaco Borba,Ponta Grossa
412760,4127601,Tijucas do Sul,PR,41,Paraná,Sul,Metropolitana de Curitiba,Rio Negro,Curitiba,Curitiba
412770,4127700,Toledo,PR,41,Paraná,Sul,Oeste Paranaense,Toledo,Toledo,Cascavel
412780,4127809,Tomazina,PR,41,Paraná,Sul,Norte Pioneiro Paranaense,Wenceslau Braz,Santo Antônio da Platina,Londrina
412785,4127858,Três Barras do Paraná,PR,41,Paraná,Sul,Oeste Paranaense,Cascavel,Cascavel,Cascavel
412788,4127882,Tunas do Paraná,PR,41,Paraná,Sul,Metropolitana de Curitiba,Curitiba,Curitiba,Curitiba
412790,4127908,Tuneiras do Oeste,PR,41,Paraná,Sul,Noroeste Paranaense,Cianorte,Cianorte,Maringá
412795,4127957,Tupãssi,PR,41,Paraná,Sul,Oeste Paranaense,Toledo,Toledo,Cascavel
412796,4127965,Turvo,PR,41,Paraná,Sul,Centro-Sul Paranaense,Guarapuava,Guarapuava,Guarapuava
412800,4128005,Ubiratã,PR,41,Paraná,Sul,Centro Ocidental Paranaense,Goioerê,Campo Mourão,Maringá
412810,4128104,Umuarama,PR,41,Paraná,Sul,Noroeste Paranaense,Umuarama,Umuarama,Maringá
412820,4128203,União da Vitória,PR,41,Paraná,Sul,Sudeste Paranaense,União da Vitória,União da Vitória,Curitiba
412830,4128302,Uniflor,PR,41,Paraná,Sul,Norte Central Paranaense,Astorga,Maringá,Maringá
412840,4128401,Uraí,PR,41,Paraná,Sul,Norte Pioneiro Paranaense,Assaí,Cornélio Procópio ¿ Bandeirantes,Londrina
412850,4128500,Wenceslau Braz,PR,41,Paraná,Sul,Norte Pioneiro Paranaense,Wenceslau Braz,Santo Antônio da Platina,Londrina
412853,4128534,Ventania,PR,41,Paraná,Sul,Centro Oriental Paranaense,Telêmaco Borba,Telêmaco Borba,Ponta Grossa
412855,4128559,Vera Cruz do Oeste,PR,41,Paraná,Sul,Oeste Paranaense,Foz do Iguaçu,Cascavel,Cascavel
412860,4128609,Verê,PR,41,Paraná,Sul,Sudoeste Paranaense,Francisco Beltrão,Francisco Beltrão,Cascavel
412862,4128625,Alto Paraíso,PR,41,Paraná,Sul,Noroeste Paranaense,Umuarama,Umuarama,Maringá
412863,4128633,Doutor Ulysses,PR,41,Paraná,Sul,Metropolitana de Curitiba,Cerro Azul,Curitiba,Curitiba
412865,4128658,Virmond,PR,41,Paraná,Sul,Centro-Sul Paranaense,Guarapuava,Laranjeiras do Sul - Quedas do Iguaçu,Cascavel
412870,4128708,Vitorino,PR,41,Paraná,Sul,Sudoeste Paranaense,Pato Branco,Pato Branco,Cascavel
412880,4128807,Xambrê,PR,41,Paraná,Sul,Noroeste Paranaense,Umuarama,Umuarama,Maringá
420005,4200051,Abdon Batista,SC,42,Santa Catarina,Sul,Serrana,Curitibanos,Joaçaba - Herval d'Oeste,Chapecó
420010,4200101,Abelardo Luz,SC,42,Santa Catarina,Sul,Oeste Catarinense,Xanxerê,Xanxerê,Chapecó
420020,4200200,Agrolândia,SC,42,Santa Catarina,Sul,Vale do Itajaí,Ituporanga,Rio do Sul,Blumenau
420030,4200309,Agronômica,SC,42,Santa Catarina,Sul,Vale do Itajaí,Rio do Sul,Rio do Sul,Blumenau
420040,4200408,Água Doce,SC,42,Santa Catarina,Sul,Oeste Catarinense,Joaçaba,Joaçaba - Herval d'Oeste,Chapecó
420050,4200507,Águas de Chapecó,SC,42,Santa Catarina,Sul,Oeste Catarinense,Chapecó,Chapecó,Chapecó
420055,4200556,Águas Frias,SC,42,Santa Catarina,Sul,Oeste Catarinense,Chapecó,Chapecó,Chapecó
420060,4200606,Águas Mornas,SC,42,Santa Catarina,Sul,Grande Florianópolis,Tabuleiro,Florianópolis,Florianópolis
420070,4200705,Alfredo Wagner,SC,42,Santa Catarina,Sul,Grande Florianópolis,Tabuleiro,Florianópolis,Florianópolis
420075,4200754,Alto Bela Vista,SC,42,Santa Catarina,Sul,Oeste Catarinense,Concórdia,Concórdia,Chapecó
420080,4200804,Anchieta,SC,42,Santa Catarina,Sul,Oeste Catarinense,São Miguel do Oeste,São Miguel do Oeste,Chapecó
420090,4200903,Angelina,SC,42,Santa Catarina,Sul,Grande Florianópolis,Tijucas,Florianópolis,Florianópolis
420100,4201000,Anita Garibaldi,SC,42,Santa Catarina,Sul,Serrana,Campos de Lages,Lages,Lages
420110,4201109,Anitápolis,SC,42,Santa Catarina,Sul,Grande Florianópolis,Tabuleiro,Florianópolis,Florianópolis
420120,4201208,Antônio Carlos,SC,42,Santa Catarina,Sul,Grande Florianópolis,Florianópolis,Florianópolis,Florianópolis
420125,4201257,Apiúna,SC,42,Santa Catarina,Sul,Vale do Itajaí,Blumenau,Blumenau,Blumenau
420127,4201273,Arabutã,SC,42,Santa Catarina,Sul,Oeste Catarinense,Concórdia,Concórdia,Chapecó
420130,4201307,Araquari,SC,42,Santa Catarina,Sul,Norte Catarinense,Joinville,Joinville,Joinville
420140,4201406,Araranguá,SC,42,Santa Catarina,Sul,Sul Catarinense,Araranguá,Araranguá,Criciúma
420150,4201505,Armazém,SC,42,Santa Catarina,Sul,Sul Catarinense,Tubarão,Tubarão,Criciúma
420160,4201604,Arroio Trinta,SC,42,Santa Catarina,Sul,Oeste Catarinense,Joaçaba,Videira,Caçador
420165,4201653,Arvoredo,SC,42,Santa Catarina,Sul,Oeste Catarinense,Concórdia,Chapecó,Chapecó
420170,4201703,Ascurra,SC,42,Santa Catarina,Sul,Vale do Itajaí,Blumenau,Blumenau,Blumenau
420180,4201802,Atalanta,SC,42,Santa Catarina,Sul,Vale do Itajaí,Ituporanga,Rio do Sul,Blumenau
420190,4201901,Aurora,SC,42,Santa Catarina,Sul,Vale do Itajaí,Rio do Sul,Rio do Sul,Blumenau
420195,4201950,Balneário Arroio do Silva,SC,42,Santa Catarina,Sul,Sul Catarinense,Araranguá,Araranguá,Criciúma
420200,4202008,Balneário Camboriú,SC,42,Santa Catarina,Sul,Vale do Itajaí,Itajaí,Itajaí,Blumenau
420205,4202057,Balneário Barra do Sul,SC,42,Santa Catarina,Sul,Norte Catarinense,Joinville,Joinville,Joinville
420207,4202073,Balneário Gaivota,SC,42,Santa Catarina,Sul,Sul Catarinense,Araranguá,Araranguá,Criciúma
420208,4202081,Bandeirante,SC,42,Santa Catarina,Sul,Oeste Catarinense,São Miguel do Oeste,São Miguel do Oeste,Chapecó
420209,4202099,Barra Bonita,SC,42,Santa Catarina,Sul,Oeste Catarinense,São Miguel do Oeste,São Miguel do Oeste,Chapecó
420210,4202107,Barra Velha,SC,42,Santa Catarina,Sul,Vale do Itajaí,Itajaí,Itajaí,Blumenau
420213,4202131,Bela Vista do Toldo,SC,42,Santa Catarina,Sul,Norte Catarinense,Canoinhas,Mafra,Joinville
420215,4202156,Belmonte,SC,42,Santa Catarina,Sul,Oeste Catarinense,São Miguel do Oeste,São Miguel do Oeste,Chapecó
420220,4202206,Benedito Novo,SC,42,Santa Catarina,Sul,Vale do Itajaí,Blumenau,Blumenau,Blumenau
420230,4202305,Biguaçu,SC,42,Santa Catarina,Sul,Grande Florianópolis,Florianópolis,Florianópolis,Florianópolis
420240,4202404,Blumenau,SC,42,Santa Catarina,Sul,Vale do Itajaí,Blumenau,Blumenau,Blumenau
420243,4202438,Bocaina do Sul,SC,42,Santa Catarina,Sul,Serrana,Campos de Lages,Lages,Lages
420245,4202453,Bombinhas,SC,42,Santa Catarina,Sul,Vale do Itajaí,Itajaí,Itajaí,Blumenau
420250,4202503,Bom Jardim da Serra,SC,42,Santa Catarina,Sul,Serrana,Campos de Lages,Lages,Lages
420253,4202537,Bom Jesus,SC,42,Santa Catarina,Sul,Oeste Catarinense,Xanxerê,Xanxerê,Chapecó
420257,4202578,Bom Jesus do Oeste,SC,42,Santa Catarina,Sul,Oeste Catarinense,Chapecó,Maravilha,Chapecó
420260,4202602,Bom Retiro,SC,42,Santa Catarina,Sul,Serrana,Campos de Lages,Lages,Lages
420270,4202701,Botuverá,SC,42,Santa Catarina,Sul,Vale do Itajaí,Blumenau,Brusque,Blumenau
420280,4202800,Braço do Norte,SC,42,Santa Catarina,Sul,Sul Catarinense,Tubarão,Tubarão,Criciúma
420285,4202859,Braço do Trombudo,SC,42,Santa Catarina,Sul,Vale do Itajaí,Rio do Sul,Rio do Sul,Blumenau
420287,4202875,Brunópolis,SC,42,Santa Catarina,Sul,Serrana,Curitibanos,Curitibanos,Lages
420290,4202909,Brusque,SC,42,Santa Catarina,Sul,Vale do Itajaí,Blumenau,Brusque,Blumenau
420300,4203006,Caçador,SC,42,Santa Catarina,Sul,Oeste Catarinense,Joaçaba,Caçador,Caçador
420310,4203105,Caibi,SC,42,Santa Catarina,Sul,Oeste Catarinense,Chapecó,Chapecó,Chapecó
420315,4203154,Calmon,SC,42,Santa Catarina,Sul,Oeste Catarinense,Joaçaba,Caçador,Caçador
420320,4203204,Camboriú,SC,42,Santa Catarina,Sul,Vale do Itajaí,Itajaí,Itajaí,Blumenau
420325,4203253,Capão Alto,SC,42,Santa Catarina,Sul,Serrana,Campos de Lages,Lages,Lages
420330,4203303,Campo Alegre,SC,42,Santa Catarina,Sul,Norte Catarinense,São Bento do Sul,São Bento do Sul - Rio Negrinho,Joinville
420340,4203402,Campo Belo do Sul,SC,42,Santa Catarina,Sul,Serrana,Campos de Lages,Lages,Lages
420350,4203501,Campo Erê,SC,42,Santa Catarina,Sul,Oeste Catarinense,Chapecó,São Lourenço do Oeste,Chapecó
420360,4203600,Campos Novos,SC,42,Santa Catarina,Sul,Serrana,Curitibanos,Joaçaba - Herval d'Oeste,Chapecó
420370,4203709,Canelinha,SC,42,Santa Catarina,Sul,Grande Florianópolis,Tijucas,Brusque,Blumenau
420380,4203808,Canoinhas,SC,42,Santa Catarina,Sul,Norte Catarinense,Canoinhas,Mafra,Joinville
420390,4203907,Capinzal,SC,42,Santa Catarina,Sul,Oeste Catarinense,Joaçaba,Joaçaba - Herval d'Oeste,Chapecó
420395,4203956,Capivari de Baixo,SC,42,Santa Catarina,Sul,Sul Catarinense,Tubarão,Tubarão,Criciúma
420400,4204004,Catanduvas,SC,42,Santa Catarina,Sul,Oeste Catarinense,Joaçaba,Joaçaba - Herval d'Oeste,Chapecó
420410,4204103,Caxambu do Sul,SC,42,Santa Catarina,Sul,Oeste Catarinense,Chapecó,Chapecó,Chapecó
420415,4204152,Celso Ramos,SC,42,Santa Catarina,Sul,Serrana,Campos de Lages,Joaçaba - Herval d'Oeste,Chapecó
420417,4204178,Cerro Negro,SC,42,Santa Catarina,Sul,Serrana,Campos de Lages,Lages,Lages
420419,4204194,Chapadão do Lageado,SC,42,Santa Catarina,Sul,Vale do Itajaí,Ituporanga,Ituporanga,Blumenau
420420,4204202,Chapecó,SC,42,Santa Catarina,Sul,Oeste Catarinense,Chapecó,Chapecó,Chapecó
420425,4204251,Cocal do Sul,SC,42,Santa Catarina,Sul,Sul Catarinense,Criciúma,Criciúma,Criciúma
420430,4204301,Concórdia,SC,42,Santa Catarina,Sul,Oeste Catarinense,Concórdia,Concórdia,Chapecó
420435,4204350,Cordilheira Alta,SC,42,Santa Catarina,Sul,Oeste Catarinense,Chapecó,Chapecó,Chapecó
420440,4204400,Coronel Freitas,SC,42,Santa Catarina,Sul,Oeste Catarinense,Chapecó,Chapecó,Chapecó
420445,4204459,Coronel Martins,SC,42,Santa Catarina,Sul,Oeste Catarinense,Xanxerê,Xanxerê,Chapecó
420450,4204509,Corupá,SC,42,Santa Catarina,Sul,Norte Catarinense,Joinville,Joinville,Joinville
420455,4204558,Correia Pinto,SC,42,Santa Catarina,Sul,Serrana,Campos de Lages,Lages,Lages
420460,4204608,Criciúma,SC,42,Santa Catarina,Sul,Sul Catarinense,Criciúma,Criciúma,Criciúma
420470,4204707,Cunha Porã,SC,42,Santa Catarina,Sul,Oeste Catarinense,Chapecó,Maravilha,Chapecó
420475,4204756,Cunhataí,SC,42,Santa Catarina,Sul,Oeste Catarinense,Chapecó,Chapecó,Chapecó
420480,4204806,Curitibanos,SC,42,Santa Catarina,Sul,Serrana,Curitibanos,Curitibanos,Lages
420490,4204905,Descanso,SC,42,Santa Catarina,Sul,Oeste Catarinense,São Miguel do Oeste,São Miguel do Oeste,Chapecó
420500,4205001,Dionísio Cerqueira,SC,42,Santa Catarina,Sul,Oeste Catarinense,São Miguel do Oeste,São Miguel do Oeste,Chapecó
420510,4205100,Dona Emma,SC,42,Santa Catarina,Sul,Vale do Itajaí,Rio do Sul,Ibirama - Presidente Getúlio,Blumenau
420515,4205159,Doutor Pedrinho,SC,42,Santa Catarina,Sul,Vale do Itajaí,Blumenau,Blumenau,Blumenau
420517,4205175,Entre Rios,SC,42,Santa Catarina,Sul,Oeste Catarinense,Xanxerê,Xanxerê,Chapecó
420519,4205191,Ermo,SC,42,Santa Catarina,Sul,Sul Catarinense,Araranguá,Araranguá,Criciúma
420520,4205209,Erval Velho,SC,42,Santa Catarina,Sul,Oeste Catarinense,Joaçaba,Joaçaba - Herval d'Oeste,Chapecó
420530,4205308,Faxinal dos Guedes,SC,42,Santa Catarina,Sul,Oeste Catarinense,Xanxerê,Xanxerê,Chapecó
420535,4205357,Flor do Sertão,SC,42,Santa Catarina,Sul,Oeste Catarinense,Chapecó,São Miguel do Oeste,Chapecó
420540,4205407,Florianópolis,SC,42,Santa Catarina,Sul,Grande Florianópolis,Florianópolis,Florianópolis,Florianópolis
420543,4205431,Formosa do Sul,SC,42,Santa Catarina,Sul,Oeste Catarinense,Chapecó,Chapecó,Chapecó
420545,4205456,Forquilhinha,SC,42,Santa Catarina,Sul,Sul Catarinense,Criciúma,Criciúma,Criciúma
420550,4205506,Fraiburgo,SC,42,Santa Catarina,Sul,Oeste Catarinense,Joaçaba,Videira,Caçador
420555,4205555,Frei Rogério,SC,42,Santa Catarina,Sul,Serrana,Curitibanos,Curitibanos,Lages
420560,4205605,Galvão,SC,42,Santa Catarina,Sul,Oeste Catarinense,Xanxerê,São Lourenço do Oeste,Chapecó
420570,4205704,Garopaba,SC,42,Santa Catarina,Sul,Sul Catarinense,Tubarão,Florianópolis,Florianópolis
420580,4205803,Garuva,SC,42,Santa Catarina,Sul,Norte Catarinense,Joinville,Joinville,Joinville
420590,4205902,Gaspar,SC,42,Santa Catarina,Sul,Vale do Itajaí,Blumenau,Blumenau,Blumenau
420600,4206009,Governador Celso Ramos,SC,42,Santa Catarina,Sul,Grande Florianópolis,Florianópolis,Florianópolis,Florianópolis
420610,4206108,Grão-Pará,SC,42,Santa Catarina,Sul,Sul Catarinense,Tubarão,Tubarão,Criciúma
420620,4206207,Gravatal,SC,42,Santa Catarina,Sul,Sul Catarinense,Tubarão,Tubarão,Criciúma
420630,4206306,Guabiruba,SC,42,Santa Catarina,Sul,Vale do Itajaí,Blumenau,Brusque,Blumenau
420640,4206405,Guaraciaba,SC,42,Santa Catarina,Sul,Oeste Catarinense,São Miguel do Oeste,São Miguel do Oeste,Chapecó
420650,4206504,Guaramirim,SC,42,Santa Catarina,Sul,Norte Catarinense,Joinville,Joinville,Joinville
420660,4206603,Guarujá do Sul,SC,42,Santa Catarina,Sul,Oeste Catarinense,São Miguel do Oeste,São Miguel do Oeste,Chapecó
420665,4206652,Guatambú,SC,42,Santa Catarina,Sul,Oeste Catarinense,Chapecó,Chapecó,Chapecó
420670,4206702,Herval d'Oeste,SC,42,Santa Catarina,Sul,Oeste Catarinense,Joaçaba,Joaçaba - Herval d'Oeste,Chapecó
420675,4206751,Ibiam,SC,42,Santa Catarina,Sul,Oeste Catarinense,Joaçaba,Videira,Caçador
420680,4206801,Ibicaré,SC,42,Santa Catarina,Sul,Oeste Catarinense,Joaçaba,Joaçaba - Herval d'Oeste,Chapecó
420690,4206900,Ibirama,SC,42,Santa Catarina,Sul,Vale do Itajaí,Rio do Sul,Ibirama - Presidente Getúlio,Blumenau
420700,4207007,Içara,SC,42,Santa Catarina,Sul,Sul Catarinense,Criciúma,Criciúma,Criciúma
420710,4207106,Ilhota,SC,42,Santa Catarina,Sul,Vale do Itajaí,Itajaí,Blumenau,Blumenau
420720,4207205,Imaruí,SC,42,Santa Catarina,Sul,Sul Catarinense,Tubarão,Tubarão,Criciúma
420730,4207304,Imbituba,SC,42,Santa Catarina,Sul,Sul Catarinense,Tubarão,Florianópolis,Florianópolis
420740,4207403,Imbuia,SC,42,Santa Catarina,Sul,Vale do Itajaí,Ituporanga,Ituporanga,Blumenau
420750,4207502,Indaial,SC,42,Santa Catarina,Sul,Vale do Itajaí,Blumenau,Blumenau,Blumenau
420757,4207577,Iomerê,SC,42,Santa Catarina,Sul,Oeste Catarinense,Joaçaba,Videira,Caçador
420760,4207601,Ipira,SC,42,Santa Catarina,Sul,Oeste Catarinense,Concórdia,Concórdia,Chapecó
420765,4207650,Iporã do Oeste,SC,42,Santa Catarina,Sul,Oeste Catarinense,São Miguel do Oeste,São Miguel do Oeste,Chapecó
420768,4207684,Ipuaçu,SC,42,Santa Catarina,Sul,Oeste Catarinense,Xanxerê,Xanxerê,Chapecó
420770,4207700,Ipumirim,SC,42,Santa Catarina,Sul,Oeste Catarinense,Concórdia,Concórdia,Chapecó
420775,4207759,Iraceminha,SC,42,Santa Catarina,Sul,Oeste Catarinense,Chapecó,Maravilha,Chapecó
420780,4207809,Irani,SC,42,Santa Catarina,Sul,Oeste Catarinense,Concórdia,Concórdia,Chapecó
420785,4207858,Irati,SC,42,Santa Catarina,Sul,Oeste Catarinense,Chapecó,Chapecó,Chapecó
420790,4207908,Irineópolis,SC,42,Santa Catarina,Sul,Norte Catarinense,Canoinhas,Mafra,Joinville
420800,4208005,Itá,SC,42,Santa Catarina,Sul,Oeste Catarinense,Concórdia,Concórdia,Chapecó
420810,4208104,Itaiópolis,SC,42,Santa Catarina,Sul,Norte Catarinense,Canoinhas,Mafra,Joinville
420820,4208203,Itajaí,SC,42,Santa Catarina,Sul,Vale do Itajaí,Itajaí,Itajaí,Blumenau
420830,4208302,Itapema,SC,42,Santa Catarina,Sul,Vale do Itajaí,Itajaí,Itajaí,Blumenau
420840,4208401,Itapiranga,SC,42,Santa Catarina,Sul,Oeste Catarinense,São Miguel do Oeste,São Miguel do Oeste,Chapecó
420845,4208450,Itapoá,SC,42,Santa Catarina,Sul,Norte Catarinense,Joinville,Joinville,Joinville
420850,4208500,Ituporanga,SC,42,Santa Catarina,Sul,Vale do Itajaí,Ituporanga,Ituporanga,Blumenau
420860,4208609,Jaborá,SC,42,Santa Catarina,Sul,Oeste Catarinense,Joaçaba,Joaçaba - Herval d'Oeste,Chapecó
420870,4208708,Jacinto Machado,SC,42,Santa Catarina,Sul,Sul Catarinense,Araranguá,Araranguá,Criciúma
420880,4208807,Jaguaruna,SC,42,Santa Catarina,Sul,Sul Catarinense,Tubarão,Tubarão,Criciúma
420890,4208906,Jaraguá do Sul,SC,42,Santa Catarina,Sul,Norte Catarinense,Joinville,Joinville,Joinville
420895,4208955,Jardinópolis,SC,42,Santa Catarina,Sul,Oeste Catarinense,Chapecó,Chapecó,Chapecó
420900,4209003,Joaçaba,SC,42,Santa Catarina,Sul,Oeste Catarinense,Joaçaba,Joaçaba - Herval d'Oeste,Chapecó
420910,4209102,Joinville,SC,42,Santa Catarina,Sul,Norte Catarinense,Joinville,Joinville,Joinville
420915,4209151,José Boiteux,SC,42,Santa Catarina,Sul,Vale do Itajaí,Rio do Sul,Ibirama - Presidente Getúlio,Blumenau
420917,4209177,Jupiá,SC,42,Santa Catarina,Sul,Oeste Catarinense,Xanxerê,São Lourenço do Oeste,Chapecó
420920,4209201,Lacerdópolis,SC,42,Santa Catarina,Sul,Oeste Catarinense,Joaçaba,Joaçaba - Herval d'Oeste,Chapecó
420930,4209300,Lages,SC,42,Santa Catarina,Sul,Serrana,Campos de Lages,Lages,Lages
420940,4209409,Laguna,SC,42,Santa Catarina,Sul,Sul Catarinense,Tubarão,Tubarão,Criciúma
420945,4209458,Lajeado Grande,SC,42,Santa Catarina,Sul,Oeste Catarinense,Xanxerê,Chapecó,Chapecó
420950,4209508,Laurentino,SC,42,Santa Catarina,Sul,Vale do Itajaí,Rio do Sul,Rio do Sul,Blumenau
420960,4209607,Lauro Müller,SC,42,Santa Catarina,Sul,Sul Catarinense,Criciúma,Criciúma,Criciúma
420970,4209706,Lebon Régis,SC,42,Santa Catarina,Sul,Oeste Catarinense,Joaçaba,Caçador,Caçador
420980,4209805,Leoberto Leal,SC,42,Santa Catarina,Sul,Grande Florianópolis,Tijucas,Ituporanga,Blumenau
420985,4209854,Lindóia do Sul,SC,42,Santa Catarina,Sul,Oeste Catarinense,Concórdia,Concórdia,Chapecó
420990,4209904,Lontras,SC,42,Santa Catarina,Sul,Vale do Itajaí,Rio do Sul,Rio do Sul,Blumenau
421000,4210001,Luiz Alves,SC,42,Santa Catarina,Sul,Vale do Itajaí,Blumenau,Itajaí,Blumenau
421003,4210035,Luzerna,SC,42,Santa Catarina,Sul,Oeste Catarinense,Joaçaba,Joaçaba - Herval d'Oeste,Chapecó
421005,4210050,Macieira,SC,42,Santa Catarina,Sul,Oeste Catarinense,Joaçaba,Caçador,Caçador
421010,4210100,Mafra,SC,42,Santa Catarina,Sul,Norte Catarinense,Canoinhas,Mafra,Joinville
421020,4210209,Major Gercino,SC,42,Santa Catarina,Sul,Grande Florianópolis,Tijucas,Brusque,Blumenau
421030,4210308,Major Vieira,SC,42,Santa Catarina,Sul,Norte Catarinense,Canoinhas,Mafra,Joinville
421040,4210407,Maracajá,SC,42,Santa Catarina,Sul,Sul Catarinense,Araranguá,Araranguá,Criciúma
421050,4210506,Maravilha,SC,42,Santa Catarina,Sul,Oeste Catarinense,Chapecó,Maravilha,Chapecó
421055,4210555,Marema,SC,42,Santa Catarina,Sul,Oeste Catarinense,Xanxerê,Chapecó,Chapecó
421060,4210605,Massaranduba,SC,42,Santa Catarina,Sul,Norte Catarinense,Joinville,Joinville,Joinville
421070,4210704,Matos Costa,SC,42,Santa Catarina,Sul,Oeste Catarinense,Joaçaba,Caçador,Caçador
421080,4210803,Meleiro,SC,42,Santa Catarina,Sul,Sul Catarinense,Araranguá,Araranguá,Criciúma
421085,4210852,Mirim Doce,SC,42,Santa Catarina,Sul,Vale do Itajaí,Rio do Sul,Rio do Sul,Blumenau
421090,4210902,Modelo,SC,42,Santa Catarina,Sul,Oeste Catarinense,Chapecó,Chapecó,Chapecó
421100,4211009,Mondaí,SC,42,Santa Catarina,Sul,Oeste Catarinense,São Miguel do Oeste,Chapecó,Chapecó
421105,4211058,Monte Carlo,SC,42,Santa Catarina,Sul,Serrana,Curitibanos,Videira,Caçador
421110,4211108,Monte Castelo,SC,42,Santa Catarina,Sul,Norte Catarinense,Canoinhas,Mafra,Joinville
421120,4211207,Morro da Fumaça,SC,42,Santa Catarina,Sul,Sul Catarinense,Criciúma,Criciúma,Criciúma
421125,4211256,Morro Grande,SC,42,Santa Catarina,Sul,Sul Catarinense,Araranguá,Criciúma,Criciúma
421130,4211306,Navegantes,SC,42,Santa Catarina,Sul,Vale do Itajaí,Itajaí,Itajaí,Blumenau
421140,4211405,Nova Erechim,SC,42,Santa Catarina,Sul,Oeste Catarinense,Chapecó,Chapecó,Chapecó
421145,4211454,Nova Itaberaba,SC,42,Santa Catarina,Sul,Oeste Catarinense,Chapecó,Chapecó,Chapecó
421150,4211504,Nova Trento,SC,42,Santa Catarina,Sul,Grande Florianópolis,Tijucas,Brusque,Blumenau
421160,4211603,Nova Veneza,SC,42,Santa Catarina,Sul,Sul Catarinense,Criciúma,Criciúma,Criciúma
421165,4211652,Novo Horizonte,SC,42,Santa Catarina,Sul,Oeste Catarinense,Chapecó,São Lourenço do Oeste,Chapecó
421170,4211702,Orleans,SC,42,Santa Catarina,Sul,Sul Catarinense,Tubarão,Criciúma,Criciúma
421175,4211751,Otacílio Costa,SC,42,Santa Catarina,Sul,Serrana,Campos de Lages,Lages,Lages
421180,4211801,Ouro,SC,42,Santa Catarina,Sul,Oeste Catarinense,Joaçaba,Joaçaba - Herval d'Oeste,Chapecó
421185,4211850,Ouro Verde,SC,42,Santa Catarina,Sul,Oeste Catarinense,Xanxerê,Xanxerê,Chapecó
421187,4211876,Paial,SC,42,Santa Catarina,Sul,Oeste Catarinense,Concórdia,Chapecó,Chapecó
421189,4211892,Painel,SC,42,Santa Catarina,Sul,Serrana,Campos de Lages,Lages,Lages
421190,4211900,Palhoça,SC,42,Santa Catarina,Sul,Grande Florianópolis,Florianópolis,Florianópolis,Florianópolis
421200,4212007,Palma Sola,SC,42,Santa Catarina,Sul,Oeste Catarinense,São Miguel do Oeste,São Miguel do Oeste,Chapecó
421205,4212056,Palmeira,SC,42,Santa Catarina,Sul,Serrana,Campos de Lages,Lages,Lages
421210,4212106,Palmitos,SC,42,Santa Catarina,Sul,Oeste Catarinense,Chapecó,Chapecó,Chapecó
421220,4212205,Papanduva,SC,42,Santa Catarina,Sul,Norte Catarinense,Canoinhas,Mafra,Joinville
421223,4212239,Paraíso,SC,42,Santa Catarina,Sul,Oeste Catarinense,São Miguel do Oeste,São Miguel do Oeste,Chapecó
421225,4212254,Passo de Torres,SC,42,Santa Catarina,Sul,Sul Catarinense,Araranguá,Araranguá,Criciúma
421227,4212270,Passos Maia,SC,42,Santa Catarina,Sul,Oeste Catarinense,Xanxerê,Xanxerê,Chapecó
421230,4212304,Paulo Lopes,SC,42,Santa Catarina,Sul,Grande Florianópolis,Florianópolis,Florianópolis,Florianópolis
421240,4212403,Pedras Grandes,SC,42,Santa Catarina,Sul,Sul Catarinense,Tubarão,Tubarão,Criciúma
421250,4212502,Penha,SC,42,Santa Catarina,Sul,Vale do Itajaí,Itajaí,Itajaí,Blumenau
421260,4212601,Peritiba,SC,42,Santa Catarina,Sul,Oeste Catarinense,Concórdia,Concórdia,Chapecó
421265,4212650,Pescaria Brava,SC,42,Santa Catarina,Sul,Sul Catarinense,Tubarão,Tubarão,Criciúma
421270,4212700,Petrolândia,SC,42,Santa Catarina,Sul,Vale do Itajaí,Ituporanga,Ituporanga,Blumenau
421280,4212809,Balneário Piçarras,SC,42,Santa Catarina,Sul,Vale do Itajaí,Itajaí,Itajaí,Blumenau
421290,4212908,Pinhalzinho,SC,42,Santa Catarina,Sul,Oeste Catarinense,Chapecó,Chapecó,Chapecó
421300,4213005,Pinheiro Preto,SC,42,Santa Catarina,Sul,Oeste Catarinense,Joaçaba,Videira,Caçador
421310,4213104,Piratuba,SC,42,Santa Catarina,Sul,Oeste Catarinense,Concórdia,Concórdia,Chapecó
421315,4213153,Planalto Alegre,SC,42,Santa Catarina,Sul,Oeste Catarinense,Chapecó,Chapecó,Chapecó
421320,4213203,Pomerode,SC,42,Santa Catarina,Sul,Vale do Itajaí,Blumenau,Blumenau,Blumenau
421330,4213302,Ponte Alta,SC,42,Santa Catarina,Sul,Serrana,Curitibanos,Lages,Lages
421335,4213351,Ponte Alta do Norte,SC,42,Santa Catarina,Sul,Serrana,Curitibanos,Curitibanos,Lages
421340,4213401,Ponte Serrada,SC,42,Santa Catarina,Sul,Oeste Catarinense,Xanxerê,Xanxerê,Chapecó
421350,4213500,Porto Belo,SC,42,Santa Catarina,Sul,Vale do Itajaí,Itajaí,Itajaí,Blumenau
421360,4213609,Porto União,SC,42,Santa Catarina,Sul,Norte Catarinense,Canoinhas,Mafra,Joinville
421370,4213708,Pouso Redondo,SC,42,Santa Catarina,Sul,Vale do Itajaí,Rio do Sul,Rio do Sul,Blumenau
421380,4213807,Praia Grande,SC,42,Santa Catarina,Sul,Sul Catarinense,Araranguá,Araranguá,Criciúma
421390,4213906,Presidente Castello Branco,SC,42,Santa Catarina,Sul,Oeste Catarinense,Concórdia,Concórdia,Chapecó
421400,4214003,Presidente Getúlio,SC,42,Santa Catarina,Sul,Vale do Itajaí,Rio do Sul,Ibirama - Presidente Getúlio,Blumenau
421410,4214102,Presidente Nereu,SC,42,Santa Catarina,Sul,Vale do Itajaí,Rio do Sul,Rio do Sul,Blumenau
421415,4214151,Princesa,SC,42,Santa Catarina,Sul,Oeste Catarinense,São Miguel do Oeste,São Miguel do Oeste,Chapecó
421420,4214201,Quilombo,SC,42,Santa Catarina,Sul,Oeste Catarinense,Chapecó,Chapecó,Chapecó
421430,4214300,Rancho Queimado,SC,42,Santa Catarina,Sul,Grande Florianópolis,Tabuleiro,Florianópolis,Florianópolis
421440,4214409,Rio das Antas,SC,42,Santa Catarina,Sul,Oeste Catarinense,Joaçaba,Videira,Caçador
421450,4214508,Rio do Campo,SC,42,Santa Catarina,Sul,Vale do Itajaí,Rio do Sul,Rio do Sul,Blumenau
421460,4214607,Rio do Oeste,SC,42,Santa Catarina,Sul,Vale do Itajaí,Rio do Sul,Rio do Sul,Blumenau
421470,4214706,Rio dos Cedros,SC,42,Santa Catarina,Sul,Vale do Itajaí,Blumenau,Blumenau,Blumenau
421480,4214805,Rio do Sul,SC,42,Santa Catarina,Sul,Vale do Itajaí,Rio do Sul,Rio do Sul,Blumenau
421490,4214904,Rio Fortuna,SC,42,Santa Catarina,Sul,Sul Catarinense,Tubarão,Tubarão,Criciúma
421500,4215000,Rio Negrinho,SC,42,Santa Catarina,Sul,Norte Catarinense,São Bento do Sul,São Bento do Sul - Rio Negrinho,Joinville
421505,4215059,Rio Rufino,SC,42,Santa Catarina,Sul,Serrana,Campos de Lages,Lages,Lages
421507,4215075,Riqueza,SC,42,Santa Catarina,Sul,Oeste Catarinense,São Miguel do Oeste,Chapecó,Chapecó
421510,4215109,Rodeio,SC,42,Santa Catarina,Sul,Vale do Itajaí,Blumenau,Blumenau,Blumenau
421520,4215208,Romelândia,SC,42,Santa Catarina,Sul,Oeste Catarinense,São Miguel do Oeste,São Miguel do Oeste,Chapecó
421530,4215307,Salete,SC,42,Santa Catarina,Sul,Vale do Itajaí,Rio do Sul,Rio do Sul,Blumenau
421535,4215356,Saltinho,SC,42,Santa Catarina,Sul,Oeste Catarinense,Chapecó,Maravilha,Chapecó
421540,4215406,Salto Veloso,SC,42,Santa Catarina,Sul,Oeste Catarinense,Joaçaba,Videira,Caçador
421545,4215455,Sangão,SC,42,Santa Catarina,Sul,Sul Catarinense,Tubarão,Tubarão,Criciúma
421550,4215505,Santa Cecília,SC,42,Santa Catarina,Sul,Serrana,Curitibanos,Curitibanos,Lages
421555,4215554,Santa Helena,SC,42,Santa Catarina,Sul,Oeste Catarinense,São Miguel do Oeste,São Miguel do Oeste,Chapecó
421560,4215604,Santa Rosa de Lima,SC,42,Santa Catarina,Sul,Sul Catarinense,Tubarão,Tubarão,Criciúma
421565,4215653,Santa Rosa do Sul,SC,42,Santa Catarina,Sul,Sul Catarinense,Araranguá,Araranguá,Criciúma
421567,4215679,Santa Terezinha,SC,42,Santa Catarina,Sul,Norte Catarinense,Canoinhas,Rio do Sul,Blumenau
421568,4215687,Santa Terezinha do Progresso,SC,42,Santa Catarina,Sul,Oeste Catarinense,Chapecó,Maravilha,Chapecó
421569,4215695,Santiago do Sul,SC,42,Santa Catarina,Sul,Oeste Catarinense,Chapecó,Chapecó,Chapecó
421570,4215703,Santo Amaro da Imperatriz,SC,42,Santa Catarina,Sul,Grande Florianópolis,Florianópolis,Florianópolis,Florianópolis
421575,4215752,São Bernardino,SC,42,Santa Catarina,Sul,Oeste Catarinense,Chapecó,São Lourenço do Oeste,Chapecó
421580,4215802,São Bento do Sul,SC,42,Santa Catarina,Sul,Norte Catarinense,São Bento do Sul,São Bento do Sul - Rio Negrinho,Joinville
421590,4215901,São Bonifácio,SC,42,Santa Catarina,Sul,Grande Florianópolis,Tabuleiro,Florianópolis,Florianópolis
421600,4216008,São Carlos,SC,42,Santa Catarina,Sul,Oeste Catarinense,Chapecó,Chapecó,Chapecó
421605,4216057,São Cristóvão do Sul,SC,42,Santa Catarina,Sul,Serrana,Curitibanos,Curitibanos,Lages
421610,4216107,São Domingos,SC,42,Santa Catarina,Sul,Oeste Catarinense,Xanxerê,Xanxerê,Chapecó
421620,4216206,São Francisco do Sul,SC,42,Santa Catarina,Sul,Norte Catarinense,Joinville,Joinville,Joinville
421625,4216255,São João do Oeste,SC,42,Santa Catarina,Sul,Oeste Catarinense,São Miguel do Oeste,São Miguel do Oeste,Chapecó
421630,4216305,São João Batista,SC,42,Santa Catarina,Sul,Grande Florianópolis,Tijucas,Brusque,Blumenau
421635,4216354,São João do Itaperiú,SC,42,Santa Catarina,Sul,Vale do Itajaí,Itajaí,Joinville,Joinville
421640,4216404,São João do Sul,SC,42,Santa Catarina,Sul,Sul Catarinense,Araranguá,Araranguá,Criciúma
421650,4216503,São Joaquim,SC,42,Santa Catarina,Sul,Serrana,Campos de Lages,Lages,Lages
421660,4216602,São José,SC,42,Santa Catarina,Sul,Grande Florianópolis,Florianópolis,Florianópolis,Florianópolis
421670,4216701,São José do Cedro,SC,42,Santa Catarina,Sul,Oeste Catarinense,São Miguel do Oeste,São Miguel do Oeste,Chapecó
421680,4216800,São José do Cerrito,SC,42,Santa Catarina,Sul,Serrana,Campos de Lages,Lages,Lages
421690,4216909,São Lourenço do Oeste,SC,42,Santa Catarina,Sul,Oeste Catarinense,Chapecó,São Lourenço do Oeste,Chapecó
421700,4217006,São Ludgero,SC,42,Santa Catarina,Sul,Sul Catarinense,Tubarão,Tubarão,Criciúma
421710,4217105,São Martinho,SC,42,Santa Catarina,Sul,Sul Catarinense,Tubarão,Tubarão,Criciúma
421715,4217154,São Miguel da Boa Vista,SC,42,Santa Catarina,Sul,Oeste Catarinense,Chapecó,Maravilha,Chapecó
421720,4217204,São Miguel do Oeste,SC,42,Santa Catarina,Sul,Oeste Catarinense,São Miguel do Oeste,São Miguel do Oeste,Chapecó
421725,4217253,São Pedro de Alcântara,SC,42,Santa Catarina,Sul,Grande Florianópolis,Florianópolis,Florianópolis,Florianópolis
421730,4217303,Saudades,SC,42,Santa Catarina,Sul,Oeste Catarinense,Chapecó,Chapecó,Chapecó
421740,4217402,Schroeder,SC,42,Santa Catarina,Sul,Norte Catarinense,Joinville,Joinville,Joinville
421750,4217501,Seara,SC,42,Santa Catarina,Sul,Oeste Catarinense,Concórdia,Concórdia,Chapecó
421755,4217550,Serra Alta,SC,42,Santa Catarina,Sul,Oeste Catarinense,Chapecó,Chapecó,Chapecó
421760,4217600,Siderópolis,SC,42,Santa Catarina,Sul,Sul Catarinense,Criciúma,Criciúma,Criciúma
421770,4217709,Sombrio,SC,42,Santa Catarina,Sul,Sul Catarinense,Araranguá,Araranguá,Criciúma
421775,4217758,Sul Brasil,SC,42,Santa Catarina,Sul,Oeste Catarinense,Chapecó,Chapecó,Chapecó
421780,4217808,Taió,SC,42,Santa Catarina,Sul,Vale do Itajaí,Rio do Sul,Rio do Sul,Blumenau
421790,4217907,Tangará,SC,42,Santa Catarina,Sul,Oeste Catarinense,Joaçaba,Videira,Caçador
421795,4217956,Tigrinhos,SC,42,Santa Catarina,Sul,Oeste Catarinense,Chapecó,Maravilha,Chapecó
421800,4218004,Tijucas,SC,42,Santa Catarina,Sul,Grande Florianópolis,Tijucas,Itajaí,Blumenau
421810,4218103,Timbé do Sul,SC,42,Santa Catarina,Sul,Sul Catarinense,Araranguá,Araranguá,Criciúma
421820,4218202,Timbó,SC,42,Santa Catarina,Sul,Vale do Itajaí,Blumenau,Blumenau,Blumenau
421825,4218251,Timbó Grande,SC,42,Santa Catarina,Sul,Norte Catarinense,Canoinhas,Caçador,Caçador
421830,4218301,Três Barras,SC,42,Santa Catarina,Sul,Norte Catarinense,Canoinhas,Mafra,Joinville
421835,4218350,Treviso,SC,42,Santa Catarina,Sul,Sul Catarinense,Criciúma,Criciúma,Criciúma
421840,4218400,Treze de Maio,SC,42,Santa Catarina,Sul,Sul Catarinense,Tubarão,Tubarão,Criciúma
421850,4218509,Treze Tílias,SC,42,Santa Catarina,Sul,Oeste Catarinense,Joaçaba,Joaçaba - Herval d'Oeste,Chapecó
421860,4218608,Trombudo Central,SC,42,Santa Catarina,Sul,Vale do Itajaí,Rio do Sul,Rio do Sul,Blumenau
421870,4218707,Tubarão,SC,42,Santa Catarina,Sul,Sul Catarinense,Tubarão,Tubarão,Criciúma
421875,4218756,Tunápolis,SC,42,Santa Catarina,Sul,Oeste Catarinense,São Miguel do Oeste,São Miguel do Oeste,Chapecó
421880,4218806,Turvo,SC,42,Santa Catarina,Sul,Sul Catarinense,Araranguá,Araranguá,Criciúma
421885,4218855,União do Oeste,SC,42,Santa Catarina,Sul,Oeste Catarinense,Chapecó,Chapecó,Chapecó
421890,4218905,Urubici,SC,42,Santa Catarina,Sul,Serrana,Campos de Lages,Lages,Lages
421895,4218954,Urupema,SC,42,Santa Catarina,Sul,Serrana,Campos de Lages,Lages,Lages
421900,4219002,Urussanga,SC,42,Santa Catarina,Sul,Sul Catarinense,Criciúma,Criciúma,Criciúma
421910,4219101,Vargeão,SC,42,Santa Catarina,Sul,Oeste Catarinense,Xanxerê,Xanxerê,Chapecó
421915,4219150,Vargem,SC,42,Santa Catarina,Sul,Serrana,Curitibanos,Joaçaba - Herval d'Oeste,Chapecó
421917,4219176,Vargem Bonita,SC,42,Santa Catarina,Sul,Oeste Catarinense,Joaçaba,Joaçaba - Herval d'Oeste,Chapecó
421920,4219200,Vidal Ramos,SC,42,Santa Catarina,Sul,Vale do Itajaí,Ituporanga,Ituporanga,Blumenau
421930,4219309,Videira,SC,42,Santa Catarina,Sul,Oeste Catarinense,Joaçaba,Videira,Caçador
421935,4219358,Vitor Meireles,SC,42,Santa Catarina,Sul,Vale do Itajaí,Rio do Sul,Ibirama - Presidente Getúlio,Blumenau
421940,4219408,Witmarsum,SC,42,Santa Catarina,Sul,Vale do Itajaí,Rio do Sul,Ibirama - Presidente Getúlio,Blumenau
421950,4219507,Xanxerê,SC,42,Santa Catarina,Sul,Oeste Catarinense,Xanxerê,Xanxerê,Chapecó
421960,4219606,Xavantina,SC,42,Santa Catarina,Sul,Oeste Catarinense,Concórdia,Xanxerê,Chapecó
421970,4219705,Xaxim,SC,42,Santa Catarina,Sul,Oeste Catarinense,Xanxerê,Chapecó,Chapecó
421985,4219853,Zortéa,SC,42,Santa Catarina,Sul,Serrana,Curitibanos,Joaçaba - Herval d'Oeste,Chapecó
422000,4220000,Balneário Rincão,SC,42,Santa Catarina,Sul,Sul Catarinense,Criciúma,Criciúma,Criciúma
430003,4300034,Aceguá,RS,43,Rio Grande do Sul,Sul,Sudoeste Rio-grandense,Campanha Meridional,Bagé,Pelotas
430005,4300059,Água Santa,RS,43,Rio Grande do Sul,Sul,Noroeste Rio-grandense,Passo Fundo,Tapejara - Sananduva,Passo Fundo
430010,4300109,Agudo,RS,43,Rio Grande do Sul,Sul,Centro Ocidental Rio-grandense,Restinga Seca,Santa Maria,Santa Maria
430020,4300208,Ajuricaba,RS,43,Rio Grande do Sul,Sul,Noroeste Rio-grandense,Ijuí,Ijuí,Ijuí
430030,4300307,Alecrim,RS,43,Rio Grande do Sul,Sul,Noroeste Rio-grandense,Santa Rosa,Santa Rosa,Ijuí
430040,4300406,Alegrete,RS,43,Rio Grande do Sul,Sul,Sudoeste Rio-grandense,Campanha Ocidental,Uruguaiana,Uruguaiana
430045,4300455,Alegria,RS,43,Rio Grande do Sul,Sul,Noroeste Rio-grandense,Ijuí,Três de Maio,Ijuí
430047,4300471,Almirante Tamandaré do Sul,RS,43,Rio Grande do Sul,Sul,Noroeste Rio-grandense,Carazinho,Carazinho,Passo Fundo
430050,4300505,Alpestre,RS,43,Rio Grande do Sul,Sul,Noroeste Rio-grandense,Frederico Westphalen,Nonoai,Passo Fundo
430055,4300554,Alto Alegre,RS,43,Rio Grande do Sul,Sul,Noroeste Rio-grandense,Cruz Alta,Passo Fundo,Passo Fundo
430057,4300570,Alto Feliz,RS,43,Rio Grande do Sul,Sul,Metropolitana de Porto Alegre,Montenegro,Caxias do Sul,Caxias do Sul
430060,4300604,Alvorada,RS,43,Rio Grande do Sul,Sul,Metropolitana de Porto Alegre,Porto Alegre,Porto Alegre,Porto Alegre
430063,4300638,Amaral Ferrador,RS,43,Rio Grande do Sul,Sul,Sudeste Rio-grandense,Serras de Sudeste,Camaquã,Porto Alegre
430064,4300646,Ametista do Sul,RS,43,Rio Grande do Sul,Sul,Noroeste Rio-grandense,Frederico Westphalen,Frederico Westphalen,Passo Fundo
430066,4300661,André da Rocha,RS,43,Rio Grande do Sul,Sul,Nordeste Rio-grandense,Guaporé,Nova Prata - Guaporé,Caxias do Sul
430070,4300703,Anta Gorda,RS,43,Rio Grande do Sul,Sul,Nordeste Rio-grandense,Guaporé,Encantado,Santa Cruz do Sul - Lajeado
430080,4300802,Antônio Prado,RS,43,Rio Grande do Sul,Sul,Nordeste Rio-grandense,Caxias do Sul,Caxias do Sul,Caxias do Sul
430085,4300851,Arambaré,RS,43,Rio Grande do Sul,Sul,Metropolitana de Porto Alegre,Camaquã,Camaquã,Porto Alegre
430087,4300877,Araricá,RS,43,Rio Grande do Sul,Sul,Metropolitana de Porto Alegre,Porto Alegre,Novo Hamburgo - São Leopoldo,Porto Alegre
430090,4300901,Aratiba,RS,43,Rio Grande do Sul,Sul,Noroeste Rio-grandense,Erechim,Erechim,Passo Fundo
430100,4301008,Arroio do Meio,RS,43,Rio Grande do Sul,Sul,Centro Oriental Rio-grandense,Lajeado-Estrela,Lajeado,Santa Cruz do Sul - Lajeado
430105,4301057,Arroio do Sal,RS,43,Rio Grande do Sul,Sul,Metropolitana de Porto Alegre,Osório,Torres,Porto Alegre
430107,4301073,Arroio do Padre,RS,43,Rio Grande do Sul,Sul,Sudeste Rio-grandense,Pelotas,Pelotas,Pelotas
430110,4301107,Arroio dos Ratos,RS,43,Rio Grande do Sul,Sul,Metropolitana de Porto Alegre,São Jerônimo,Porto Alegre,Porto Alegre
430120,4301206,Arroio do Tigre,RS,43,Rio Grande do Sul,Sul,Centro Oriental Rio-grandense,Santa Cruz do Sul,Sobradinho,Santa Cruz do Sul - Lajeado
430130,4301305,Arroio Grande,RS,43,Rio Grande do Sul,Sul,Sudeste Rio-grandense,Jaguarão,Pelotas,Pelotas
430140,4301404,Arvorezinha,RS,43,Rio Grande do Sul,Sul,Nordeste Rio-grandense,Guaporé,Soledade,Passo Fundo
430150,4301503,Augusto Pestana,RS,43,Rio Grande do Sul,Sul,Noroeste Rio-grandense,Ijuí,Ijuí,Ijuí
430155,4301552,Áurea,RS,43,Rio Grande do Sul,Sul,Noroeste Rio-grandense,Erechim,Erechim,Passo Fundo
430160,4301602,Bagé,RS,43,Rio Grande do Sul,Sul,Sudoeste Rio-grandense,Campanha Meridional,Bagé,Pelotas
430163,4301636,Balneário Pinhal,RS,43,Rio Grande do Sul,Sul,Metropolitana de Porto Alegre,Osório,Tramandaí - Osório,Porto Alegre
430165,4301651,Barão,RS,43,Rio Grande do Sul,Sul,Metropolitana de Porto Alegre,Montenegro,Bento Gonçalves,Caxias do Sul
430170,4301701,Barão de Cotegipe,RS,43,Rio Grande do Sul,Sul,Noroeste Rio-grandense,Erechim,Erechim,Passo Fundo
430175,4301750,Barão do Triunfo,RS,43,Rio Grande do Sul,Sul,Metropolitana de Porto Alegre,São Jerônimo,Porto Alegre,Porto Alegre
430180,4301800,Barracão,RS,43,Rio Grande do Sul,Sul,Noroeste Rio-grandense,Sananduva,Lagoa Vermelha,Passo Fundo
430185,4301859,Barra do Guarita,RS,43,Rio Grande do Sul,Sul,Noroeste Rio-grandense,Três Passos,Três Passos,Ijuí
430187,4301875,Barra do Quaraí,RS,43,Rio Grande do Sul,Sul,Sudoeste Rio-grandense,Campanha Ocidental,Uruguaiana,Uruguaiana
430190,4301909,Barra do Ribeiro,RS,43,Rio Grande do Sul,Sul,Metropolitana de Porto Alegre,Camaquã,Porto Alegre,Porto Alegre
430192,4301925,Barra do Rio Azul,RS,43,Rio Grande do Sul,Sul,Noroeste Rio-grandense,Erechim,Erechim,Passo Fundo
430195,4301958,Barra Funda,RS,43,Rio Grande do Sul,Sul,Noroeste Rio-grandense,Carazinho,Carazinho,Passo Fundo
430200,4302006,Barros Cassal,RS,43,Rio Grande do Sul,Sul,Noroeste Rio-grandense,Soledade,Soledade,Passo Fundo
430205,4302055,Benjamin Constant do Sul,RS,43,Rio Grande do Sul,Sul,Noroeste Rio-grandense,Erechim,Erechim,Passo Fundo
430210,4302105,Bento Gonçalves,RS,43,Rio Grande do Sul,Sul,Nordeste Rio-grandense,Caxias do Sul,Bento Gonçalves,Caxias do Sul
430215,4302154,Boa Vista das Missões,RS,43,Rio Grande do Sul,Sul,Noroeste Rio-grandense,Carazinho,Frederico Westphalen,Passo Fundo
430220,4302204,Boa Vista do Buricá,RS,43,Rio Grande do Sul,Sul,Noroeste Rio-grandense,Três Passos,Três de Maio,Ijuí
430222,4302220,Boa Vista do Cadeado,RS,43,Rio Grande do Sul,Sul,Noroeste Rio-grandense,Cruz Alta,Cruz Alta,Passo Fundo
430223,4302238,Boa Vista do Incra,RS,43,Rio Grande do Sul,Sul,Noroeste Rio-grandense,Cruz Alta,Cruz Alta,Passo Fundo
430225,4302253,Boa Vista do Sul,RS,43,Rio Grande do Sul,Sul,Nordeste Rio-grandense,Caxias do Sul,Bento Gonçalves,Caxias do Sul
430230,4302303,Bom Jesus,RS,43,Rio Grande do Sul,Sul,Nordeste Rio-grandense,Vacaria,Vacaria,Caxias do Sul
430235,4302352,Bom Princípio,RS,43,Rio Grande do Sul,Sul,Metropolitana de Porto Alegre,Montenegro,Novo Hamburgo - São Leopoldo,Porto Alegre
430237,4302378,Bom Progresso,RS,43,Rio Grande do Sul,Sul,Noroeste Rio-grandense,Três Passos,Três Passos,Ijuí
430240,4302402,Bom Retiro do Sul,RS,43,Rio Grande do Sul,Sul,Centro Oriental Rio-grandense,Lajeado-Estrela,Lajeado,Santa Cruz do Sul - Lajeado
430245,4302451,Boqueirão do Leão,RS,43,Rio Grande do Sul,Sul,Centro Oriental Rio-grandense,Lajeado-Estrela,Lajeado,Santa Cruz do Sul - Lajeado
430250,4302501,Bossoroca,RS,43,Rio Grande do Sul,Sul,Noroeste Rio-grandense,Santo Ângelo,São Luiz Gonzaga,Ijuí
430258,4302584,Bozano,RS,43,Rio Grande do Sul,Sul,Noroeste Rio-grandense,Ijuí,Ijuí,Ijuí
430260,4302600,Braga,RS,43,Rio Grande do Sul,Sul,Noroeste Rio-grandense,Três Passos,Três Passos,Ijuí
430265,4302659,Brochier,RS,43,Rio Grande do Sul,Sul,Metropolitana de Porto Alegre,Montenegro,Montenegro,Porto Alegre
430270,4302709,Butiá,RS,43,Rio Grande do Sul,Sul,Metropolitana de Porto Alegre,São Jerônimo,Charqueadas - Triunfo - São Jerônimo,Porto Alegre
430280,4302808,Caçapava do Sul,RS,43,Rio Grande do Sul,Sul,Sudeste Rio-grandense,Serras de Sudeste,São Gabriel - Caçapava do Sul,Santa Maria
430290,4302907,Cacequi,RS,43,Rio Grande do Sul,Sul,Centro Ocidental Rio-grandense,Santa Maria,Santa Maria,Santa Maria
430300,4303004,Cachoeira do Sul,RS,43,Rio Grande do Sul,Sul,Centro Oriental Rio-grandense,Cachoeira do Sul,Cachoeira do Sul,Santa Maria
430310,4303103,Cachoeirinha,RS,43,Rio Grande do Sul,Sul,Metropolitana de Porto Alegre,Porto Alegre,Porto Alegre,Porto Alegre
430320,4303202,Cacique Doble,RS,43,Rio Grande do Sul,Sul,Noroeste Rio-grandense,Sananduva,Lagoa Vermelha,Passo Fundo
430330,4303301,Caibaté,RS,43,Rio Grande do Sul,Sul,Noroeste Rio-grandense,Cerro Largo,São Luiz Gonzaga,Ijuí
430340,4303400,Caiçara,RS,43,Rio Grande do Sul,Sul,Noroeste Rio-grandense,Frederico Westphalen,Frederico Westphalen,Passo Fundo
430350,4303509,Camaquã,RS,43,Rio Grande do Sul,Sul,Metropolitana de Porto Alegre,Camaquã,Camaquã,Porto Alegre
430355,4303558,Camargo,RS,43,Rio Grande do Sul,Sul,Noroeste Rio-grandense,Passo Fundo,Marau,Passo Fundo
430360,4303608,Cambará do Sul,RS,43,Rio Grande do Sul,Sul,Nordeste Rio-grandense,Vacaria,Caxias do Sul,Caxias do Sul
430367,4303673,Campestre da Serra,RS,43,Rio Grande do Sul,Sul,Nordeste Rio-grandense,Vacaria,Caxias do Sul,Caxias do Sul
430370,4303707,Campina das Missões,RS,43,Rio Grande do Sul,Sul,Noroeste Rio-grandense,Cerro Largo,Santa Rosa,Ijuí
430380,4303806,Campinas do Sul,RS,43,Rio Grande do Sul,Sul,Noroeste Rio-grandense,Erechim,Erechim,Passo Fundo
430390,4303905,Campo Bom,RS,43,Rio Grande do Sul,Sul,Metropolitana de Porto Alegre,Porto Alegre,Novo Hamburgo - São Leopoldo,Porto Alegre
430400,4304002,Campo Novo,RS,43,Rio Grande do Sul,Sul,Noroeste Rio-grandense,Três Passos,Três Passos,Ijuí
430410,4304101,Campos Borges,RS,43,Rio Grande do Sul,Sul,Noroeste Rio-grandense,Cruz Alta,Passo Fundo,Passo Fundo
430420,4304200,Candelária,RS,43,Rio Grande do Sul,Sul,Centro Oriental Rio-grandense,Santa Cruz do Sul,Santa Cruz do Sul,Santa Cruz do Sul - Lajeado
430430,4304309,Cândido Godói,RS,43,Rio Grande do Sul,Sul,Noroeste Rio-grandense,Santa Rosa,Santa Rosa,Ijuí
430435,4304358,Candiota,RS,43,Rio Grande do Sul,Sul,Sudeste Rio-grandense,Serras de Sudeste,Bagé,Pelotas
430440,4304408,Canela,RS,43,Rio Grande do Sul,Sul,Metropolitana de Porto Alegre,Gramado-Canela,Caxias do Sul,Caxias do Sul
430450,4304507,Canguçu,RS,43,Rio Grande do Sul,Sul,Sudeste Rio-grandense,Pelotas,Pelotas,Pelotas
430460,4304606,Canoas,RS,43,Rio Grande do Sul,Sul,Metropolitana de Porto Alegre,Porto Alegre,Porto Alegre,Porto Alegre
430461,4304614,Canudos do Vale,RS,43,Rio Grande do Sul,Sul,Centro Oriental Rio-grandense,Lajeado-Estrela,Lajeado,Santa Cruz do Sul - Lajeado
430462,4304622,Capão Bonito do Sul,RS,43,Rio Grande do Sul,Sul,Nordeste Rio-grandense,Vacaria,Lagoa Vermelha,Passo Fundo
430463,4304630,Capão da Canoa,RS,43,Rio Grande do Sul,Sul,Metropolitana de Porto Alegre,Osório,Tramandaí - Osório,Porto Alegre
430465,4304655,Capão do Cipó,RS,43,Rio Grande do Sul,Sul,Centro Ocidental Rio-grandense,Santiago,Santiago,Santa Maria
430466,4304663,Capão do Leão,RS,43,Rio Grande do Sul,Sul,Sudeste Rio-grandense,Pelotas,Pelotas,Pelotas
430467,4304671,Capivari do Sul,RS,43,Rio Grande do Sul,Sul,Metropolitana de Porto Alegre,Osório,Porto Alegre,Porto Alegre
430468,4304689,Capela de Santana,RS,43,Rio Grande do Sul,Sul,Metropolitana de Porto Alegre,Montenegro,Novo Hamburgo - São Leopoldo,Porto Alegre
430469,4304697,Capitão,RS,43,Rio Grande do Sul,Sul,Centro Oriental Rio-grandense,Lajeado-Estrela,Lajeado,Santa Cruz do Sul - Lajeado
430470,4304705,Carazinho,RS,43,Rio Grande do Sul,Sul,Noroeste Rio-grandense,Carazinho,Carazinho,Passo Fundo
430471,4304713,Caraá,RS,43,Rio Grande do Sul,Sul,Metropolitana de Porto Alegre,Osório,Porto Alegre,Porto Alegre
430480,4304804,Carlos Barbosa,RS,43,Rio Grande do Sul,Sul,Nordeste Rio-grandense,Caxias do Sul,Bento Gonçalves,Caxias do Sul
430485,4304853,Carlos Gomes,RS,43,Rio Grande do Sul,Sul,Noroeste Rio-grandense,Erechim,Erechim,Passo Fundo
430490,4304903,Casca,RS,43,Rio Grande do Sul,Sul,Noroeste Rio-grandense,Passo Fundo,Marau,Passo Fundo
430495,4304952,Caseiros,RS,43,Rio Grande do Sul,Sul,Noroeste Rio-grandense,Passo Fundo,Lagoa Vermelha,Passo Fundo
430500,4305009,Catuípe,RS,43,Rio Grande do Sul,Sul,Noroeste Rio-grandense,Santo Ângelo,Ijuí,Ijuí
430510,4305108,Caxias do Sul,RS,43,Rio Grande do Sul,Sul,Nordeste Rio-grandense,Caxias do Sul,Caxias do Sul,Caxias do Sul
430511,4305116,Centenário,RS,43,Rio Grande do Sul,Sul,Noroeste Rio-grandense,Erechim,Erechim,Passo Fundo
430512,4305124,Cerrito,RS,43,Rio Grande do Sul,Sul,Sudeste Rio-grandense,Pelotas,Pelotas,Pelotas
430513,4305132,Cerro Branco,RS,43,Rio Grande do Sul,Sul,Centro Oriental Rio-grandense,Cachoeira do Sul,Cachoeira do Sul,Santa Maria
430515,4305157,Cerro Grande,RS,43,Rio Grande do Sul,Sul,Noroeste Rio-grandense,Carazinho,Palmeira das Missões,Passo Fundo
430517,4305173,Cerro Grande do Sul,RS,43,Rio Grande do Sul,Sul,Metropolitana de Porto Alegre,Camaquã,Camaquã,Porto Alegre
430520,4305207,Cerro Largo,RS,43,Rio Grande do Sul,Sul,Noroeste Rio-grandense,Cerro Largo,Cerro Largo,Ijuí
430530,4305306,Chapada,RS,43,Rio Grande do Sul,Sul,Noroeste Rio-grandense,Carazinho,Carazinho,Passo Fundo
430535,4305355,Charqueadas,RS,43,Rio Grande do Sul,Sul,Metropolitana de Porto Alegre,São Jerônimo,Charqueadas - Triunfo - São Jerônimo,Porto Alegre
430537,4305371,Charrua,RS,43,Rio Grande do Sul,Sul,Noroeste Rio-grandense,Passo Fundo,Tapejara - Sananduva,Passo Fundo
430540,4305405,Chiapetta,RS,43,Rio Grande do Sul,Sul,Noroeste Rio-grandense,Ijuí,Ijuí,Ijuí
430543,4305439,Chuí,RS,43,Rio Grande do Sul,Sul,Sudeste Rio-grandense,Litoral Lagunar,Pelotas,Pelotas
430544,4305447,Chuvisca,RS,43,Rio Grande do Sul,Sul,Metropolitana de Porto Alegre,Camaquã,Camaquã,Porto Alegre
430545,4305454,Cidreira,RS,43,Rio Grande do Sul,Sul,Metropolitana de Porto Alegre,Osório,Tramandaí - Osório,Porto Alegre
430550,4305504,Ciríaco,RS,43,Rio Grande do Sul,Sul,Noroeste Rio-grandense,Passo Fundo,Marau,Passo Fundo
430558,4305587,Colinas,RS,43,Rio Grande do Sul,Sul,Centro Oriental Rio-grandense,Lajeado-Estrela,Lajeado,Santa Cruz do Sul - Lajeado
430560,4305603,Colorado,RS,43,Rio Grande do Sul,Sul,Noroeste Rio-grandense,Não-Me-Toque,Carazinho,Passo Fundo
430570,4305702,Condor,RS,43,Rio Grande do Sul,Sul,Noroeste Rio-grandense,Ijuí,Ijuí,Ijuí
430580,4305801,Constantina,RS,43,Rio Grande do Sul,Sul,Noroeste Rio-grandense,Frederico Westphalen,Carazinho,Passo Fundo
430583,4305835,Coqueiro Baixo,RS,43,Rio Grande do Sul,Sul,Centro Oriental Rio-grandense,Lajeado-Estrela,Lajeado,Santa Cruz do Sul - Lajeado
430585,4305850,Coqueiros do Sul,RS,43,Rio Grande do Sul,Sul,Noroeste Rio-grandense,Carazinho,Carazinho,Passo Fundo
430587,4305871,Coronel Barros,RS,43,Rio Grande do Sul,Sul,Noroeste Rio-grandense,Ijuí,Ijuí,Ijuí
430590,4305900,Coronel Bicaco,RS,43,Rio Grande do Sul,Sul,Noroeste Rio-grandense,Ijuí,Ijuí,Ijuí
430593,4305934,Coronel Pilar,RS,43,Rio Grande do Sul,Sul,Nordeste Rio-grandense,Caxias do Sul,Bento Gonçalves,Caxias do Sul
430595,4305959,Cotiporã,RS,43,Rio Grande do Sul,Sul,Nordeste Rio-grandense,Caxias do Sul,Bento Gonçalves,Caxias do Sul
430597,4305975,Coxilha,RS,43,Rio Grande do Sul,Sul,Noroeste Rio-grandense,Passo Fundo,Passo Fundo,Passo Fundo
430600,4306007,Crissiumal,RS,43,Rio Grande do Sul,Sul,Noroeste Rio-grandense,Três Passos,Três Passos,Ijuí
430605,4306056,Cristal,RS,43,Rio Grande do Sul,Sul,Sudeste Rio-grandense,Pelotas,Camaquã,Porto Alegre
430607,4306072,Cristal do Sul,RS,43,Rio Grande do Sul,Sul,Noroeste Rio-grandense,Frederico Westphalen,Frederico Westphalen,Passo Fundo
430610,4306106,Cruz Alta,RS,43,Rio Grande do Sul,Sul,Noroeste Rio-grandense,Cruz Alta,Cruz Alta,Passo Fundo
430613,4306130,Cruzaltense,RS,43,Rio Grande do Sul,Sul,Noroeste Rio-grandense,Erechim,Erechim,Passo Fundo
430620,4306205,Cruzeiro do Sul,RS,43,Rio Grande do Sul,Sul,Centro Oriental Rio-grandense,Lajeado-Estrela,Lajeado,Santa Cruz do Sul - Lajeado
430630,4306304,David Canabarro,RS,43,Rio Grande do Sul,Sul,Noroeste Rio-grandense,Passo Fundo,Marau,Passo Fundo
430632,4306320,Derrubadas,RS,43,Rio Grande do Sul,Sul,Noroeste Rio-grandense,Três Passos,Três Passos,Ijuí
430635,4306353,Dezesseis de Novembro,RS,43,Rio Grande do Sul,Sul,Noroeste Rio-grandense,Santo Ângelo,São Luiz Gonzaga,Ijuí
430637,4306379,Dilermando de Aguiar,RS,43,Rio Grande do Sul,Sul,Centro Ocidental Rio-grandense,Santa Maria,Santa Maria,Santa Maria
430640,4306403,Dois Irmãos,RS,43,Rio Grande do Sul,Sul,Metropolitana de Porto Alegre,Gramado-Canela,Novo Hamburgo - São Leopoldo,Porto Alegre
430642,4306429,Dois Irmãos das Missões,RS,43,Rio Grande do Sul,Sul,Noroeste Rio-grandense,Frederico Westphalen,Palmeira das Missões,Passo Fundo
430645,4306452,Dois Lajeados,RS,43,Rio Grande do Sul,Sul,Nordeste Rio-grandense,Guaporé,Nova Prata - Guaporé,Caxias do Sul
430650,4306502,Dom Feliciano,RS,43,Rio Grande do Sul,Sul,Metropolitana de Porto Alegre,Camaquã,Camaquã,Porto Alegre
430655,4306551,Dom Pedro de Alcântara,RS,43,Rio Grande do Sul,Sul,Metropolitana de Porto Alegre,Osório,Torres,Porto Alegre
430660,4306601,Dom Pedrito,RS,43,Rio Grande do Sul,Sul,Sudoeste Rio-grandense,Campanha Meridional,Bagé,Pelotas
430670,4306700,Dona Francisca,RS,43,Rio Grande do Sul,Sul,Centro Ocidental Rio-grandense,Restinga Seca,Santa Maria,Santa Maria
430673,4306734,Doutor Maurício Cardoso,RS,43,Rio Grande do Sul,Sul,Noroeste Rio-grandense,Três Passos,Três de Maio,Ijuí
430675,4306759,Doutor Ricardo,RS,43,Rio Grande do Sul,Sul,Centro Oriental Rio-grandense,Lajeado-Estrela,Encantado,Santa Cruz do Sul - Lajeado
430676,4306767,Eldorado do Sul,RS,43,Rio Grande do Sul,Sul,Metropolitana de Porto Alegre,Porto Alegre,Porto Alegre,Porto Alegre
430680,4306809,Encantado,RS,43,Rio Grande do Sul,Sul,Centro Oriental Rio-grandense,Lajeado-Estrela,Encantado,Santa Cruz do Sul - Lajeado
430690,4306908,Encruzilhada do Sul,RS,43,Rio Grande do Sul,Sul,Sudeste Rio-grandense,Serras de Sudeste,Santa Cruz do Sul,Santa Cruz do Sul - Lajeado
430692,4306924,Engenho Velho,RS,43,Rio Grande do Sul,Sul,Noroeste Rio-grandense,Frederico Westphalen,Carazinho,Passo Fundo
430693,4306932,Entre-Ijuís,RS,43,Rio Grande do Sul,Sul,Noroeste Rio-grandense,Santo Ângelo,Santo Ângelo,Ijuí
430695,4306957,Entre Rios do Sul,RS,43,Rio Grande do Sul,Sul,Noroeste Rio-grandense,Erechim,Erechim,Passo Fundo
430697,4306973,Erebango,RS,43,Rio Grande do Sul,Sul,Noroeste Rio-grandense,Erechim,Erechim,Passo Fundo
430700,4307005,Erechim,RS,43,Rio Grande do Sul,Sul,Noroeste Rio-grandense,Erechim,Erechim,Passo Fundo
430705,4307054,Ernestina,RS,43,Rio Grande do Sul,Sul,Noroeste Rio-grandense,Passo Fundo,Passo Fundo,Passo Fundo
430710,4307104,Herval,RS,43,Rio Grande do Sul,Sul,Sudeste Rio-grandense,Jaguarão,Pelotas,Pelotas
430720,4307203,Erval Grande,RS,43,Rio Grande do Sul,Sul,Noroeste Rio-grandense,Erechim,Erechim,Passo Fundo
430730,4307302,Erval Seco,RS,43,Rio Grande do Sul,Sul,Noroeste Rio-grandense,Frederico Westphalen,Frederico Westphalen,Passo Fundo
430740,4307401,Esmeralda,RS,43,Rio Grande do Sul,Sul,Nordeste Rio-grandense,Vacaria,Vacaria,Caxias do Sul
430745,4307450,Esperança do Sul,RS,43,Rio Grande do Sul,Sul,Noroeste Rio-grandense,Três Passos,Três Passos,Ijuí
430750,4307500,Espumoso,RS,43,Rio Grande do Sul,Sul,Noroeste Rio-grandense,Cruz Alta,Passo Fundo,Passo Fundo
430755,4307559,Estação,RS,43,Rio Grande do Sul,Sul,Noroeste Rio-grandense,Erechim,Erechim,Passo Fundo
430760,4307609,Estância Velha,RS,43,Rio Grande do Sul,Sul,Metropolitana de Porto Alegre,Porto Alegre,Novo Hamburgo - São Leopoldo,Porto Alegre
430770,4307708,Esteio,RS,43,Rio Grande do Sul,Sul,Metropolitana de Porto Alegre,Porto Alegre,Porto Alegre,Porto Alegre
430780,4307807,Estrela,RS,43,Rio Grande do Sul,Sul,Centro Oriental Rio-grandense,Lajeado-Estrela,Lajeado,Santa Cruz do Sul - Lajeado
430781,4307815,Estrela Velha,RS,43,Rio Grande do Sul,Sul,Centro Oriental Rio-grandense,Santa Cruz do Sul,Sobradinho,Santa Cruz do Sul - Lajeado
430783,4307831,Eugênio de Castro,RS,43,Rio Grande do Sul,Sul,Noroeste Rio-grandense,Santo Ângelo,Santo Ângelo,Ijuí
430786,4307864,Fagundes Varela,RS,43,Rio Grande do Sul,Sul,Nordeste Rio-grandense,Caxias do Sul,Bento Gonçalves,Caxias do Sul
430790,4307906,Farroupilha,RS,43,Rio Grande do Sul,Sul,Nordeste Rio-grandense,Caxias do Sul,Caxias do Sul,Caxias do Sul
430800,4308003,Faxinal do Soturno,RS,43,Rio Grande do Sul,Sul,Centro Ocidental Rio-grandense,Restinga Seca,Santa Maria,Santa Maria
430805,4308052,Faxinalzinho,RS,43,Rio Grande do Sul,Sul,Noroeste Rio-grandense,Erechim,Erechim,Passo Fundo
430807,4308078,Fazenda Vilanova,RS,43,Rio Grande do Sul,Sul,Centro Oriental Rio-grandense,Lajeado-Estrela,Lajeado,Santa Cruz do Sul - Lajeado
430810,4308102,Feliz,RS,43,Rio Grande do Sul,Sul,Metropolitana de Porto Alegre,Montenegro,Caxias do Sul,Caxias do Sul
430820,4308201,Flores da Cunha,RS,43,Rio Grande do Sul,Sul,Nordeste Rio-grandense,Caxias do Sul,Caxias do Sul,Caxias do Sul
430825,4308250,Floriano Peixoto,RS,43,Rio Grande do Sul,Sul,Noroeste Rio-grandense,Erechim,Erechim,Passo Fundo
430830,4308300,Fontoura Xavier,RS,43,Rio Grande do Sul,Sul,Noroeste Rio-grandense,Soledade,Soledade,Passo Fundo
430840,4308409,Formigueiro,RS,43,Rio Grande do Sul,Sul,Centro Ocidental Rio-grandense,Restinga Seca,Santa Maria,Santa Maria
430843,4308433,Forquetinha,RS,43,Rio Grande do Sul,Sul,Centro Oriental Rio-grandense,Lajeado-Estrela,Lajeado,Santa Cruz do Sul - Lajeado
430845,4308458,Fortaleza dos Valos,RS,43,Rio Grande do Sul,Sul,Noroeste Rio-grandense,Cruz Alta,Cruz Alta,Passo Fundo
430850,4308508,Frederico Westphalen,RS,43,Rio Grande do Sul,Sul,Noroeste Rio-grandense,Frederico Westphalen,Frederico Westphalen,Passo Fundo
430860,4308607,Garibaldi,RS,43,Rio Grande do Sul,Sul,Nordeste Rio-grandense,Caxias do Sul,Bento Gonçalves,Caxias do Sul
430865,4308656,Garruchos,RS,43,Rio Grande do Sul,Sul,Sudoeste Rio-grandense,Campanha Ocidental,São Luiz Gonzaga,Ijuí
430870,4308706,Gaurama,RS,43,Rio Grande do Sul,Sul,Noroeste Rio-grandense,Erechim,Erechim,Passo Fundo
430880,4308805,General Câmara,RS,43,Rio Grande do Sul,Sul,Metropolitana de Porto Alegre,São Jerônimo,Charqueadas - Triunfo - São Jerônimo,Porto Alegre
430885,4308854,Gentil,RS,43,Rio Grande do Sul,Sul,Noroeste Rio-grandense,Passo Fundo,Marau,Passo Fundo
430890,4308904,Getúlio Vargas,RS,43,Rio Grande do Sul,Sul,Noroeste Rio-grandense,Erechim,Erechim,Passo Fundo
430900,4309001,Giruá,RS,43,Rio Grande do Sul,Sul,Noroeste Rio-grandense,Santo Ângelo,Santo Ângelo,Ijuí
430905,4309050,Glorinha,RS,43,Rio Grande do Sul,Sul,Metropolitana de Porto Alegre,Porto Alegre,Porto Alegre,Porto Alegre
430910,4309100,Gramado,RS,43,Rio Grande do Sul,Sul,Metropolitana de Porto Alegre,Gramado-Canela,Caxias do Sul,Caxias do Sul
430912,4309126,Gramado dos Loureiros,RS,43,Rio Grande do Sul,Sul,Noroeste Rio-grandense,Frederico Westphalen,Nonoai,Passo Fundo
430915,4309159,Gramado Xavier,RS,43,Rio Grande do Sul,Sul,Centro Oriental Rio-grandense,Santa Cruz do Sul,Santa Cruz do Sul,Santa Cruz do Sul - Lajeado
430920,4309209,Gravataí,RS,43,Rio Grande do Sul,Sul,Metropolitana de Porto Alegre,Porto Alegre,Porto Alegre,Porto Alegre
430925,4309258,Guabiju,RS,43,Rio Grande do Sul,Sul,Nordeste Rio-grandense,Guaporé,Nova Prata - Guaporé,Caxias do Sul
430930,4309308,Guaíba,RS,43,Rio Grande do Sul,Sul,Metropolitana de Porto Alegre,Porto Alegre,Porto Alegre,Porto Alegre
430940,4309407,Guaporé,RS,43,Rio Grande do Sul,Sul,Nordeste Rio-grandense,Guaporé,Nova Prata - Guaporé,Caxias do Sul
430950,4309506,Guarani das Missões,RS,43,Rio Grande do Sul,Sul,Noroeste Rio-grandense,Cerro Largo,Santo Ângelo,Ijuí
430955,4309555,Harmonia,RS,43,Rio Grande do Sul,Sul,Metropolitana de Porto Alegre,Montenegro,Novo Hamburgo - São Leopoldo,Porto Alegre
430957,4309571,Herveiras,RS,43,Rio Grande do Sul,Sul,Centro Oriental Rio-grandense,Santa Cruz do Sul,Santa Cruz do Sul,Santa Cruz do Sul - Lajeado
430960,4309605,Horizontina,RS,43,Rio Grande do Sul,Sul,Noroeste Rio-grandense,Três Passos,Três de Maio,Ijuí
430965,4309654,Hulha Negra,RS,43,Rio Grande do Sul,Sul,Sudoeste Rio-grandense,Campanha Meridional,Bagé,Pelotas
430970,4309704,Humaitá,RS,43,Rio Grande do Sul,Sul,Noroeste Rio-grandense,Três Passos,Três Passos,Ijuí
430975,4309753,Ibarama,RS,43,Rio Grande do Sul,Sul,Centro Oriental Rio-grandense,Santa Cruz do Sul,Sobradinho,Santa Cruz do Sul - Lajeado
430980,4309803,Ibiaçá,RS,43,Rio Grande do Sul,Sul,Noroeste Rio-grandense,Sananduva,Tapejara - Sananduva,Passo Fundo
430990,4309902,Ibiraiaras,RS,43,Rio Grande do Sul,Sul,Noroeste Rio-grandense,Passo Fundo,Lagoa Vermelha,Passo Fundo
430995,4309951,Ibirapuitã,RS,43,Rio Grande do Sul,Sul,Noroeste Rio-grandense,Soledade,Soledade,Passo Fundo
431000,4310009,Ibirubá,RS,43,Rio Grande do Sul,Sul,Noroeste Rio-grandense,Cruz Alta,Cruz Alta,Passo Fundo
431010,4310108,Igrejinha,RS,43,Rio Grande do Sul,Sul,Metropolitana de Porto Alegre,Gramado-Canela,Taquara - Parobé - Igrejinha,Porto Alegre
431020,4310207,Ijuí,RS,43,Rio Grande do Sul,Sul,Noroeste Rio-grandense,Ijuí,Ijuí,Ijuí
431030,4310306,Ilópolis,RS,43,Rio Grande do Sul,Sul,Nordeste Rio-grandense,Guaporé,Encantado,Santa Cruz do Sul - Lajeado
431033,4310330,Imbé,RS,43,Rio Grande do Sul,Sul,Metropolitana de Porto Alegre,Osório,Tramandaí - Osório,Porto Alegre
431036,4310363,Imigrante,RS,43,Rio Grande do Sul,Sul,Centro Oriental Rio-grandense,Lajeado-Estrela,Lajeado,Santa Cruz do Sul - Lajeado
431040,4310405,Independência,RS,43,Rio Grande do Sul,Sul,Noroeste Rio-grandense,Santa Rosa,Três de Maio,Ijuí
431041,4310413,Inhacorá,RS,43,Rio Grande do Sul,Sul,Noroeste Rio-grandense,Ijuí,Ijuí,Ijuí
431043,4310439,Ipê,RS,43,Rio Grande do Sul,Sul,Nordeste Rio-grandense,Vacaria,Caxias do Sul,Caxias do Sul
431046,4310462,Ipiranga do Sul,RS,43,Rio Grande do Sul,Sul,Noroeste Rio-grandense,Erechim,Erechim,Passo Fundo
431050,4310504,Iraí,RS,43,Rio Grande do Sul,Sul,Noroeste Rio-grandense,Frederico Westphalen,Frederico Westphalen,Passo Fundo
431053,4310538,Itaara,RS,43,Rio Grande do Sul,Sul,Centro Ocidental Rio-grandense,Santa Maria,Santa Maria,Santa Maria
431055,4310553,Itacurubi,RS,43,Rio Grande do Sul,Sul,Centro Ocidental Rio-grandense,Santiago,Santiago,Santa Maria
431057,4310579,Itapuca,RS,43,Rio Grande do Sul,Sul,Nordeste Rio-grandense,Guaporé,Soledade,Passo Fundo
431060,4310603,Itaqui,RS,43,Rio Grande do Sul,Sul,Sudoeste Rio-grandense,Campanha Ocidental,São Borja,Uruguaiana
431065,4310652,Itati,RS,43,Rio Grande do Sul,Sul,Metropolitana de Porto Alegre,Osório,Tramandaí - Osório,Porto Alegre
431070,4310702,Itatiba do Sul,RS,43,Rio Grande do Sul,Sul,Noroeste Rio-grandense,Erechim,Erechim,Passo Fundo
431075,4310751,Ivorá,RS,43,Rio Grande do Sul,Sul,Centro Ocidental Rio-grandense,Restinga Seca,Santa Maria,Santa Maria
431080,4310801,Ivoti,RS,43,Rio Grande do Sul,Sul,Metropolitana de Porto Alegre,Gramado-Canela,Novo Hamburgo - São Leopoldo,Porto Alegre
431085,4310850,Jaboticaba,RS,43,Rio Grande do Sul,Sul,Noroeste Rio-grandense,Carazinho,Frederico Westphalen,Passo Fundo
431087,4310876,Jacuizinho,RS,43,Rio Grande do Sul,Sul,Noroeste Rio-grandense,Cruz Alta,Cruz Alta,Passo Fundo
431090,4310900,Jacutinga,RS,43,Rio Grande do Sul,Sul,Noroeste Rio-grandense,Erechim,Erechim,Passo Fundo
431100,4311007,Jaguarão,RS,43,Rio Grande do Sul,Sul,Sudeste Rio-grandense,Jaguarão,Pelotas,Pelotas
431110,4311106,Jaguari,RS,43,Rio Grande do Sul,Sul,Centro Ocidental Rio-grandense,Santa Maria,Santa Maria,Santa Maria
431112,4311122,Jaquirana,RS,43,Rio Grande do Sul,Sul,Nordeste Rio-grandense,Vacaria,Vacaria,Caxias do Sul
431113,4311130,Jari,RS,43,Rio Grande do Sul,Sul,Centro Ocidental Rio-grandense,Santiago,Santa Maria,Santa Maria
431115,4311155,Jóia,RS,43,Rio Grande do Sul,Sul,Noroeste Rio-grandense,Cruz Alta,Ijuí,Ijuí
431120,4311205,Júlio de Castilhos,RS,43,Rio Grande do Sul,Sul,Centro Ocidental Rio-grandense,Santiago,Santa Maria,Santa Maria
431123,4311239,Lagoa Bonita do Sul,RS,43,Rio Grande do Sul,Sul,Centro Oriental Rio-grandense,Santa Cruz do Sul,Sobradinho,Santa Cruz do Sul - Lajeado
431125,4311254,Lagoão,RS,43,Rio Grande do Sul,Sul,Noroeste Rio-grandense,Soledade,Sobradinho,Santa Cruz do Sul - Lajeado
431127,4311270,Lagoa dos Três Cantos,RS,43,Rio Grande do Sul,Sul,Noroeste Rio-grandense,Não-Me-Toque,Passo Fundo,Passo Fundo
431130,4311304,Lagoa Vermelha,RS,43,Rio Grande do Sul,Sul,Nordeste Rio-grandense,Vacaria,Lagoa Vermelha,Passo Fundo
431140,4311403,Lajeado,RS,43,Rio Grande do Sul,Sul,Centro Oriental Rio-grandense,Lajeado-Estrela,Lajeado,Santa Cruz do Sul - Lajeado
431142,4311429,Lajeado do Bugre,RS,43,Rio Grande do Sul,Sul,Noroeste Rio-grandense,Carazinho,Palmeira das Missões,Passo Fundo
431150,4311502,Lavras do Sul,RS,43,Rio Grande do Sul,Sul,Sudoeste Rio-grandense,Campanha Meridional,São Gabriel - Caçapava do Sul,Santa Maria
431160,4311601,Liberato Salzano,RS,43,Rio Grande do Sul,Sul,Noroeste Rio-grandense,Frederico Westphalen,Frederico Westphalen,Passo Fundo
431162,4311627,Lindolfo Collor,RS,43,Rio Grande do Sul,Sul,Metropolitana de Porto Alegre,Gramado-Canela,Novo Hamburgo - São Leopoldo,Porto Alegre
431164,4311643,Linha Nova,RS,43,Rio Grande do Sul,Sul,Metropolitana de Porto Alegre,Montenegro,Novo Hamburgo - São Leopoldo,Porto Alegre
431170,4311700,Machadinho,RS,43,Rio Grande do Sul,Sul,Noroeste Rio-grandense,Sananduva,Lagoa Vermelha,Passo Fundo
431171,4311718,Maçambará,RS,43,Rio Grande do Sul,Sul,Sudoeste Rio-grandense,Campanha Ocidental,São Borja,Uruguaiana
431173,4311734,Mampituba,RS,43,Rio Grande do Sul,Sul,Metropolitana de Porto Alegre,Osório,Torres,Porto Alegre
431175,4311759,Manoel Viana,RS,43,Rio Grande do Sul,Sul,Sudoeste Rio-grandense,Campanha Ocidental,Uruguaiana,Uruguaiana
431177,4311775,Maquiné,RS,43,Rio Grande do Sul,Sul,Metropolitana de Porto Alegre,Osório,Tramandaí - Osório,Porto Alegre
431179,4311791,Maratá,RS,43,Rio Grande do Sul,Sul,Metropolitana de Porto Alegre,Montenegro,Montenegro,Porto Alegre
431180,4311809,Marau,RS,43,Rio Grande do Sul,Sul,Noroeste Rio-grandense,Passo Fundo,Marau,Passo Fundo
431190,4311908,Marcelino Ramos,RS,43,Rio Grande do Sul,Sul,Noroeste Rio-grandense,Erechim,Erechim,Passo Fundo
431198,4311981,Mariana Pimentel,RS,43,Rio Grande do Sul,Sul,Metropolitana de Porto Alegre,Porto Alegre,Porto Alegre,Porto Alegre
431200,4312005,Mariano Moro,RS,43,Rio Grande do Sul,Sul,Noroeste Rio-grandense,Erechim,Erechim,Passo Fundo
431205,4312054,Marques de Souza,RS,43,Rio Grande do Sul,Sul,Centro Oriental Rio-grandense,Lajeado-Estrela,Lajeado,Santa Cruz do Sul - Lajeado
431210,4312104,Mata,RS,43,Rio Grande do Sul,Sul,Centro Ocidental Rio-grandense,Santa Maria,Santa Maria,Santa Maria
431213,4312138,Mato Castelhano,RS,43,Rio Grande do Sul,Sul,Noroeste Rio-grandense,Passo Fundo,Passo Fundo,Passo Fundo
431215,4312153,Mato Leitão,RS,43,Rio Grande do Sul,Sul,Centro Oriental Rio-grandense,Santa Cruz do Sul,Santa Cruz do Sul,Santa Cruz do Sul - Lajeado
431217,4312179,Mato Queimado,RS,43,Rio Grande do Sul,Sul,Noroeste Rio-grandense,Cerro Largo,Cerro Largo,Ijuí
431220,4312203,Maximiliano de Almeida,RS,43,Rio Grande do Sul,Sul,Noroeste Rio-grandense,Sananduva,Tapejara - Sananduva,Passo Fundo
431225,4312252,Minas do Leão,RS,43,Rio Grande do Sul,Sul,Metropolitana de Porto Alegre,São Jerônimo,Charqueadas - Triunfo - São Jerônimo,Porto Alegre
431230,4312302,Miraguaí,RS,43,Rio Grande do Sul,Sul,Noroeste Rio-grandense,Três Passos,Três Passos,Ijuí
431235,4312351,Montauri,RS,43,Rio Grande do Sul,Sul,Nordeste Rio-grandense,Guaporé,Nova Prata - Guaporé,Caxias do Sul
431237,4312377,Monte Alegre dos Campos,RS,43,Rio Grande do Sul,Sul,Nordeste Rio-grandense,Vacaria,Vacaria,Caxias do Sul
431238,4312385,Monte Belo do Sul,RS,43,Rio Grande do Sul,Sul,Nordeste Rio-grandense,Caxias do Sul,Bento Gonçalves,Caxias do Sul
431240,4312401,Montenegro,RS,43,Rio Grande do Sul,Sul,Metropolitana de Porto Alegre,Montenegro,Montenegro,Porto Alegre
431242,4312427,Mormaço,RS,43,Rio Grande do Sul,Sul,Noroeste Rio-grandense,Soledade,Soledade,Passo Fundo
431244,4312443,Morrinhos do Sul,RS,43,Rio Grande do Sul,Sul,Metropolitana de Porto Alegre,Osório,Torres,Porto Alegre
431245,4312450,Morro Redondo,RS,43,Rio Grande do Sul,Sul,Sudeste Rio-grandense,Pelotas,Pelotas,Pelotas
431247,4312476,Morro Reuter,RS,43,Rio Grande do Sul,Sul,Metropolitana de Porto Alegre,Gramado-Canela,Novo Hamburgo - São Leopoldo,Porto Alegre
431250,4312500,Mostardas,RS,43,Rio Grande do Sul,Sul,Metropolitana de Porto Alegre,Osório,Porto Alegre,Porto Alegre
431260,4312609,Muçum,RS,43,Rio Grande do Sul,Sul,Centro Oriental Rio-grandense,Lajeado-Estrela,Encantado,Santa Cruz do Sul - Lajeado
431261,4312617,Muitos Capões,RS,43,Rio Grande do Sul,Sul,Nordeste Rio-grandense,Vacaria,Vacaria,Caxias do Sul
431262,4312625,Muliterno,RS,43,Rio Grande do Sul,Sul,Noroeste Rio-grandense,Passo Fundo,Marau,Passo Fundo
431265,4312658,Não-Me-Toque,RS,43,Rio Grande do Sul,Sul,Noroeste Rio-grandense,Não-Me-Toque,Carazinho,Passo Fundo
431267,4312674,Nicolau Vergueiro,RS,43,Rio Grande do Sul,Sul,Noroeste Rio-grandense,Passo Fundo,Passo Fundo,Passo Fundo
431270,4312708,Nonoai,RS,43,Rio Grande do Sul,Sul,Noroeste Rio-grandense,Frederico Westphalen,Nonoai,Passo Fundo
431275,4312757,Nova Alvorada,RS,43,Rio Grande do Sul,Sul,Nordeste Rio-grandense,Guaporé,Marau,Passo Fundo
431280,4312807,Nova Araçá,RS,43,Rio Grande do Sul,Sul,Nordeste Rio-grandense,Guaporé,Nova Prata - Guaporé,Caxias do Sul
431290,4312906,Nova Bassano,RS,43,Rio Grande do Sul,Sul,Nordeste Rio-grandense,Guaporé,Nova Prata - Guaporé,Caxias do Sul
431295,4312955,Nova Boa Vista,RS,43,Rio Grande do Sul,Sul,Noroeste Rio-grandense,Carazinho,Carazinho,Passo Fundo
431300,4313003,Nova Bréscia,RS,43,Rio Grande do Sul,Sul,Centro Oriental Rio-grandense,Lajeado-Estrela,Encantado,Santa Cruz do Sul - Lajeado
431301,4313011,Nova Candelária,RS,43,Rio Grande do Sul,Sul,Noroeste Rio-grandense,Três Passos,Três de Maio,Ijuí
431303,4313037,Nova Esperança do Sul,RS,43,Rio Grande do Sul,Sul,Centro Ocidental Rio-grandense,Santa Maria,Santiago,Santa Maria
431306,4313060,Nova Hartz,RS,43,Rio Grande do Sul,Sul,Metropolitana de Porto Alegre,Porto Alegre,Novo Hamburgo - São Leopoldo,Porto Alegre
431308,4313086,Nova Pádua,RS,43,Rio Grande do Sul,Sul,Nordeste Rio-grandense,Caxias do Sul,Caxias do Sul,Caxias do Sul
431310,4313102,Nova Palma,RS,43,Rio Grande do Sul,Sul,Centro Ocidental Rio-grandense,Restinga Seca,Santa Maria,Santa Maria
431320,4313201,Nova Petrópolis,RS,43,Rio Grande do Sul,Sul,Metropolitana de Porto Alegre,Gramado-Canela,Caxias do Sul,Caxias do Sul
431330,4313300,Nova Prata,RS,43,Rio Grande do Sul,Sul,Nordeste Rio-grandense,Guaporé,Nova Prata - Guaporé,Caxias do Sul
431333,4313334,Nova Ramada,RS,43,Rio Grande do Sul,Sul,Noroeste Rio-grandense,Ijuí,Ijuí,Ijuí
431335,4313359,Nova Roma do Sul,RS,43,Rio Grande do Sul,Sul,Nordeste Rio-grandense,Caxias do Sul,Caxias do Sul,Caxias do Sul
431337,4313375,Nova Santa Rita,RS,43,Rio Grande do Sul,Sul,Metropolitana de Porto Alegre,Porto Alegre,Porto Alegre,Porto Alegre
431339,4313391,Novo Cabrais,RS,43,Rio Grande do Sul,Sul,Centro Oriental Rio-grandense,Cachoeira do Sul,Cachoeira do Sul,Santa Maria
431340,4313409,Novo Hamburgo,RS,43,Rio Grande do Sul,Sul,Metropolitana de Porto Alegre,Porto Alegre,Novo Hamburgo - São Leopoldo,Porto Alegre
431342,4313425,Novo Machado,RS,43,Rio Grande do Sul,Sul,Noroeste Rio-grandense,Santa Rosa,Santa Rosa,Ijuí
431344,4313441,Novo Tiradentes,RS,43,Rio Grande do Sul,Sul,Noroeste Rio-grandense,Frederico Westphalen,Frederico Westphalen,Passo Fundo
431346,4313466,Novo Xingu,RS,43,Rio Grande do Sul,Sul,Noroeste Rio-grandense,Frederico Westphalen,Carazinho,Passo Fundo
431349,4313490,Novo Barreiro,RS,43,Rio Grande do Sul,Sul,Noroeste Rio-grandense,Carazinho,Palmeira das Missões,Passo Fundo
431350,4313508,Osório,RS,43,Rio Grande do Sul,Sul,Metropolitana de Porto Alegre,Osório,Tramandaí - Osório,Porto Alegre
431360,4313607,Paim Filho,RS,43,Rio Grande do Sul,Sul,Noroeste Rio-grandense,Sananduva,Tapejara - Sananduva,Passo Fundo
431365,4313656,Palmares do Sul,RS,43,Rio Grande do Sul,Sul,Metropolitana de Porto Alegre,Osório,Porto Alegre,Porto Alegre
431370,4313706,Palmeira das Missões,RS,43,Rio Grande do Sul,Sul,Noroeste Rio-grandense,Carazinho,Palmeira das Missões,Passo Fundo
431380,4313805,Palmitinho,RS,43,Rio Grande do Sul,Sul,Noroeste Rio-grandense,Frederico Westphalen,Frederico Westphalen,Passo Fundo
431390,4313904,Panambi,RS,43,Rio Grande do Sul,Sul,Noroeste Rio-grandense,Ijuí,Ijuí,Ijuí
431395,4313953,Pantano Grande,RS,43,Rio Grande do Sul,Sul,Centro Oriental Rio-grandense,Cachoeira do Sul,Santa Cruz do Sul,Santa Cruz do Sul - Lajeado
431400,4314001,Paraí,RS,43,Rio Grande do Sul,Sul,Nordeste Rio-grandense,Guaporé,Nova Prata - Guaporé,Caxias do Sul
431402,4314027,Paraíso do Sul,RS,43,Rio Grande do Sul,Sul,Centro Oriental Rio-grandense,Cachoeira do Sul,Cachoeira do Sul,Santa Maria
431403,4314035,Pareci Novo,RS,43,Rio Grande do Sul,Sul,Metropolitana de Porto Alegre,Montenegro,Montenegro,Porto Alegre
431405,4314050,Parobé,RS,43,Rio Grande do Sul,Sul,Metropolitana de Porto Alegre,Porto Alegre,Taquara - Parobé - Igrejinha,Porto Alegre
431406,4314068,Passa Sete,RS,43,Rio Grande do Sul,Sul,Centro Oriental Rio-grandense,Santa Cruz do Sul,Sobradinho,Santa Cruz do Sul - Lajeado
431407,4314076,Passo do Sobrado,RS,43,Rio Grande do Sul,Sul,Centro Oriental Rio-grandense,Cachoeira do Sul,Santa Cruz do Sul,Santa Cruz do Sul - Lajeado
431410,4314100,Passo Fundo,RS,43,Rio Grande do Sul,Sul,Noroeste Rio-grandense,Passo Fundo,Passo Fundo,Passo Fundo
431413,4314134,Paulo Bento,RS,43,Rio Grande do Sul,Sul,Noroeste Rio-grandense,Erechim,Erechim,Passo Fundo
431415,4314159,Paverama,RS,43,Rio Grande do Sul,Sul,Centro Oriental Rio-grandense,Lajeado-Estrela,Lajeado,Santa Cruz do Sul - Lajeado
431417,4314175,Pedras Altas,RS,43,Rio Grande do Sul,Sul,Sudeste Rio-grandense,Serras de Sudeste,Bagé,Pelotas
431420,4314209,Pedro Osório,RS,43,Rio Grande do Sul,Sul,Sudeste Rio-grandense,Pelotas,Pelotas,Pelotas
431430,4314308,Pejuçara,RS,43,Rio Grande do Sul,Sul,Noroeste Rio-grandense,Ijuí,Ijuí,Ijuí
431440,4314407,Pelotas,RS,43,Rio Grande do Sul,Sul,Sudeste Rio-grandense,Pelotas,Pelotas,Pelotas
431442,4314423,Picada Café,RS,43,Rio Grande do Sul,Sul,Metropolitana de Porto Alegre,Gramado-Canela,Caxias do Sul,Caxias do Sul
431445,4314456,Pinhal,RS,43,Rio Grande do Sul,Sul,Noroeste Rio-grandense,Carazinho,Frederico Westphalen,Passo Fundo
431446,4314464,Pinhal da Serra,RS,43,Rio Grande do Sul,Sul,Nordeste Rio-grandense,Vacaria,Vacaria,Caxias do Sul
431447,4314472,Pinhal Grande,RS,43,Rio Grande do Sul,Sul,Centro Ocidental Rio-grandense,Santiago,Santa Maria,Santa Maria
431449,4314498,Pinheirinho do Vale,RS,43,Rio Grande do Sul,Sul,Noroeste Rio-grandense,Frederico Westphalen,Frederico Westphalen,Passo Fundo
431450,4314506,Pinheiro Machado,RS,43,Rio Grande do Sul,Sul,Sudeste Rio-grandense,Serras de Sudeste,Bagé,Pelotas
431454,4314548,Pinto Bandeira,RS,43,Rio Grande do Sul,Sul,Nordeste Rio-grandense,Caxias do Sul,Bento Gonçalves,Caxias do Sul
431455,4314555,Pirapó,RS,43,Rio Grande do Sul,Sul,Noroeste Rio-grandense,Santo Ângelo,São Luiz Gonzaga,Ijuí
431460,4314605,Piratini,RS,43,Rio Grande do Sul,Sul,Sudeste Rio-grandense,Serras de Sudeste,Pelotas,Pelotas
431470,4314704,Planalto,RS,43,Rio Grande do Sul,Sul,Noroeste Rio-grandense,Frederico Westphalen,Nonoai,Passo Fundo
431475,4314753,Poço das Antas,RS,43,Rio Grande do Sul,Sul,Metropolitana de Porto Alegre,Montenegro,Lajeado,Santa Cruz do Sul - Lajeado
431477,4314779,Pontão,RS,43,Rio Grande do Sul,Sul,Noroeste Rio-grandense,Passo Fundo,Passo Fundo,Passo Fundo
431478,4314787,Ponte Preta,RS,43,Rio Grande do Sul,Sul,Noroeste Rio-grandense,Erechim,Erechim,Passo Fundo
431480,4314803,Portão,RS,43,Rio Grande do Sul,Sul,Metropolitana de Porto Alegre,Montenegro,Novo Hamburgo - São Leopoldo,Porto Alegre
431490,4314902,Porto Alegre,RS,43,Rio Grande do Sul,Sul,Metropolitana de Porto Alegre,Porto Alegre,Porto Alegre,Porto Alegre
431500,4315008,Porto Lucena,RS,43,Rio Grande do Sul,Sul,Noroeste Rio-grandense,Santa Rosa,Santa Rosa,Ijuí
431505,4315057,Porto Mauá,RS,43,Rio Grande do Sul,Sul,Noroeste Rio-grandense,Santa Rosa,Santa Rosa,Ijuí
431507,4315073,Porto Vera Cruz,RS,43,Rio Grande do Sul,Sul,Noroeste Rio-grandense,Santa Rosa,Santa Rosa,Ijuí
431510,4315107,Porto Xavier,RS,43,Rio Grande do Sul,Sul,Noroeste Rio-grandense,Cerro Largo,Cerro Largo,Ijuí
431513,4315131,Pouso Novo,RS,43,Rio Grande do Sul,Sul,Centro Oriental Rio-grandense,Lajeado-Estrela,Lajeado,Santa Cruz do Sul - Lajeado
431514,4315149,Presidente Lucena,RS,43,Rio Grande do Sul,Sul,Metropolitana de Porto Alegre,Gramado-Canela,Novo Hamburgo - São Leopoldo,Porto Alegre
431515,4315156,Progresso,RS,43,Rio Grande do Sul,Sul,Centro Oriental Rio-grandense,Lajeado-Estrela,Lajeado,Santa Cruz do Sul - Lajeado
431517,4315172,Protásio Alves,RS,43,Rio Grande do Sul,Sul,Nordeste Rio-grandense,Guaporé,Nova Prata - Guaporé,Caxias do Sul
431520,4315206,Putinga,RS,43,Rio Grande do Sul,Sul,Nordeste Rio-grandense,Guaporé,Encantado,Santa Cruz do Sul - Lajeado
431530,4315305,Quaraí,RS,43,Rio Grande do Sul,Sul,Sudoeste Rio-grandense,Campanha Ocidental,Santana do Livramento,Uruguaiana
431531,4315313,Quatro Irmãos,RS,43,Rio Grande do Sul,Sul,Noroeste Rio-grandense,Erechim,Erechim,Passo Fundo
431532,4315321,Quevedos,RS,43,Rio Grande do Sul,Sul,Centro Ocidental Rio-grandense,Santiago,Santa Maria,Santa Maria
431535,4315354,Quinze de Novembro,RS,43,Rio Grande do Sul,Sul,Noroeste Rio-grandense,Cruz Alta,Cruz Alta,Passo Fundo
431540,4315404,Redentora,RS,43,Rio Grande do Sul,Sul,Noroeste Rio-grandense,Três Passos,Três Passos,Ijuí
431545,4315453,Relvado,RS,43,Rio Grande do Sul,Sul,Centro Oriental Rio-grandense,Lajeado-Estrela,Encantado,Santa Cruz do Sul - Lajeado
431550,4315503,Restinga Sêca,RS,43,Rio Grande do Sul,Sul,Centro Ocidental Rio-grandense,Restinga Seca,Santa Maria,Santa Maria
431555,4315552,Rio dos Índios,RS,43,Rio Grande do Sul,Sul,Noroeste Rio-grandense,Frederico Westphalen,Nonoai,Passo Fundo
431560,4315602,Rio Grande,RS,43,Rio Grande do Sul,Sul,Sudeste Rio-grandense,Litoral Lagunar,Pelotas,Pelotas
431570,4315701,Rio Pardo,RS,43,Rio Grande do Sul,Sul,Centro Oriental Rio-grandense,Cachoeira do Sul,Santa Cruz do Sul,Santa Cruz do Sul - Lajeado
431575,4315750,Riozinho,RS,43,Rio Grande do Sul,Sul,Metropolitana de Porto Alegre,Gramado-Canela,Taquara - Parobé - Igrejinha,Porto Alegre
431580,4315800,Roca Sales,RS,43,Rio Grande do Sul,Sul,Centro Oriental Rio-grandense,Lajeado-Estrela,Encantado,Santa Cruz do Sul - Lajeado
431590,4315909,Rodeio Bonito,RS,43,Rio Grande do Sul,Sul,Noroeste Rio-grandense,Frederico Westphalen,Frederico Westphalen,Passo Fundo
431595,4315958,Rolador,RS,43,Rio Grande do Sul,Sul,Noroeste Rio-grandense,Santo Ângelo,São Luiz Gonzaga,Ijuí
431600,4316006,Rolante,RS,43,Rio Grande do Sul,Sul,Metropolitana de Porto Alegre,Gramado-Canela,Taquara - Parobé - Igrejinha,Porto Alegre
431610,4316105,Ronda Alta,RS,43,Rio Grande do Sul,Sul,Noroeste Rio-grandense,Passo Fundo,Passo Fundo,Passo Fundo
431620,4316204,Rondinha,RS,43,Rio Grande do Sul,Sul,Noroeste Rio-grandense,Frederico Westphalen,Carazinho,Passo Fundo
431630,4316303,Roque Gonzales,RS,43,Rio Grande do Sul,Sul,Noroeste Rio-grandense,Cerro Largo,Cerro Largo,Ijuí
431640,4316402,Rosário do Sul,RS,43,Rio Grande do Sul,Sul,Sudoeste Rio-grandense,Campanha Central,Santana do Livramento,Uruguaiana
431642,4316428,Sagrada Família,RS,43,Rio Grande do Sul,Sul,Noroeste Rio-grandense,Carazinho,Palmeira das Missões,Passo Fundo
431643,4316436,Saldanha Marinho,RS,43,Rio Grande do Sul,Sul,Noroeste Rio-grandense,Cruz Alta,Carazinho,Passo Fundo
431645,4316451,Salto do Jacuí,RS,43,Rio Grande do Sul,Sul,Noroeste Rio-grandense,Cruz Alta,Cruz Alta,Passo Fundo
431647,4316477,Salvador das Missões,RS,43,Rio Grande do Sul,Sul,Noroeste Rio-grandense,Cerro Largo,Cerro Largo,Ijuí
431650,4316501,Salvador do Sul,RS,43,Rio Grande do Sul,Sul,Metropolitana de Porto Alegre,Montenegro,Montenegro,Porto Alegre
431660,4316600,Sananduva,RS,43,Rio Grande do Sul,Sul,Noroeste Rio-grandense,Sananduva,Tapejara - Sananduva,Passo Fundo
431670,4316709,Santa Bárbara do Sul,RS,43,Rio Grande do Sul,Sul,Noroeste Rio-grandense,Cruz Alta,Cruz Alta,Passo Fundo
431673,4316733,Santa Cecília do Sul,RS,43,Rio Grande do Sul,Sul,Noroeste Rio-grandense,Passo Fundo,Tapejara - Sananduva,Passo Fundo
431675,4316758,Santa Clara do Sul,RS,43,Rio Grande do Sul,Sul,Centro Oriental Rio-grandense,Lajeado-Estrela,Lajeado,Santa Cruz do Sul - Lajeado
431680,4316808,Santa Cruz do Sul,RS,43,Rio Grande do Sul,Sul,Centro Oriental Rio-grandense,Santa Cruz do Sul,Santa Cruz do Sul,Santa Cruz do Sul - Lajeado
431690,4316907,Santa Maria,RS,43,Rio Grande do Sul,Sul,Centro Ocidental Rio-grandense,Santa Maria,Santa Maria,Santa Maria
431695,4316956,Santa Maria do Herval,RS,43,Rio Grande do Sul,Sul,Metropolitana de Porto Alegre,Gramado-Canela,Novo Hamburgo - São Leopoldo,Porto Alegre
431697,4316972,Santa Margarida do Sul,RS,43,Rio Grande do Sul,Sul,Sudoeste Rio-grandense,Campanha Central,São Gabriel - Caçapava do Sul,Santa Maria
431700,4317004,Santana da Boa Vista,RS,43,Rio Grande do Sul,Sul,Sudeste Rio-grandense,Serras de Sudeste,São Gabriel - Caçapava do Sul,Santa Maria
431710,4317103,Sant'Ana do Livramento,RS,43,Rio Grande do Sul,Sul,Sudoeste Rio-grandense,Campanha Central,Santana do Livramento,Uruguaiana
431720,4317202,Santa Rosa,RS,43,Rio Grande do Sul,Sul,Noroeste Rio-grandense,Santa Rosa,Santa Rosa,Ijuí
431725,4317251,Santa Tereza,RS,43,Rio Grande do Sul,Sul,Nordeste Rio-grandense,Caxias do Sul,Bento Gonçalves,Caxias do Sul
431730,4317301,Santa Vitória do Palmar,RS,43,Rio Grande do Sul,Sul,Sudeste Rio-grandense,Litoral Lagunar,Pelotas,Pelotas
431740,4317400,Santiago,RS,43,Rio Grande do Sul,Sul,Centro Ocidental Rio-grandense,Santiago,Santiago,Santa Maria
431750,4317509,Santo Ângelo,RS,43,Rio Grande do Sul,Sul,Noroeste Rio-grandense,Santo Ângelo,Santo Ângelo,Ijuí
431755,4317558,Santo Antônio do Palma,RS,43,Rio Grande do Sul,Sul,Noroeste Rio-grandense,Passo Fundo,Marau,Passo Fundo
431760,4317608,Santo Antônio da Patrulha,RS,43,Rio Grande do Sul,Sul,Metropolitana de Porto Alegre,Osório,Porto Alegre,Porto Alegre
431770,4317707,Santo Antônio das Missões,RS,43,Rio Grande do Sul,Sul,Noroeste Rio-grandense,Santo Ângelo,São Luiz Gonzaga,Ijuí
431775,4317756,Santo Antônio do Planalto,RS,43,Rio Grande do Sul,Sul,Noroeste Rio-grandense,Carazinho,Carazinho,Passo Fundo
431780,4317806,Santo Augusto,RS,43,Rio Grande do Sul,Sul,Noroeste Rio-grandense,Ijuí,Ijuí,Ijuí
431790,4317905,Santo Cristo,RS,43,Rio Grande do Sul,Sul,Noroeste Rio-grandense,Santa Rosa,Santa Rosa,Ijuí
431795,4317954,Santo Expedito do Sul,RS,43,Rio Grande do Sul,Sul,Noroeste Rio-grandense,Sananduva,Tapejara - Sananduva,Passo Fundo
431800,4318002,São Borja,RS,43,Rio Grande do Sul,Sul,Sudoeste Rio-grandense,Campanha Ocidental,São Borja,Uruguaiana
431805,4318051,São Domingos do Sul,RS,43,Rio Grande do Sul,Sul,Noroeste Rio-grandense,Passo Fundo,Marau,Passo Fundo
431810,4318101,São Francisco de Assis,RS,43,Rio Grande do Sul,Sul,Sudoeste Rio-grandense,Campanha Ocidental,Santa Maria,Santa Maria
431820,4318200,São Francisco de Paula,RS,43,Rio Grande do Sul,Sul,Nordeste Rio-grandense,Vacaria,Caxias do Sul,Caxias do Sul
431830,4318309,São Gabriel,RS,43,Rio Grande do Sul,Sul,Sudoeste Rio-grandense,Campanha Central,São Gabriel - Caçapava do Sul,Santa Maria
431840,4318408,São Jerônimo,RS,43,Rio Grande do Sul,Sul,Metropolitana de Porto Alegre,São Jerônimo,Charqueadas - Triunfo - São Jerônimo,Porto Alegre
431842,4318424,São João da Urtiga,RS,43,Rio Grande do Sul,Sul,Noroeste Rio-grandense,Sananduva,Tapejara - Sananduva,Passo Fundo
431843,4318432,São João do Polêsine,RS,43,Rio Grande do Sul,Sul,Centro Ocidental Rio-grandense,Restinga Seca,Santa Maria,Santa Maria
431844,4318440,São Jorge,RS,43,Rio Grande do Sul,Sul,Nordeste Rio-grandense,Guaporé,Nova Prata - Guaporé,Caxias do Sul
431845,4318457,São José das Missões,RS,43,Rio Grande do Sul,Sul,Noroeste Rio-grandense,Carazinho,Palmeira das Missões,Passo Fundo
431846,4318465,São José do Herval,RS,43,Rio Grande do Sul,Sul,Noroeste Rio-grandense,Soledade,Soledade,Passo Fundo
431848,4318481,São José do Hortêncio,RS,43,Rio Grande do Sul,Sul,Metropolitana de Porto Alegre,Montenegro,Novo Hamburgo - São Leopoldo,Porto Alegre
431849,4318499,São José do Inhacorá,RS,43,Rio Grande do Sul,Sul,Noroeste Rio-grandense,Santa Rosa,Três de Maio,Ijuí
431850,4318507,São José do Norte,RS,43,Rio Grande do Sul,Sul,Sudeste Rio-grandense,Litoral Lagunar,Pelotas,Pelotas
431860,4318606,São José do Ouro,RS,43,Rio Grande do Sul,Sul,Noroeste Rio-grandense,Sananduva,Lagoa Vermelha,Passo Fundo
431861,4318614,São José do Sul,RS,43,Rio Grande do Sul,Sul,Metropolitana de Porto Alegre,Montenegro,Montenegro,Porto Alegre
431862,4318622,São José dos Ausentes,RS,43,Rio Grande do Sul,Sul,Nordeste Rio-grandense,Vacaria,Vacaria,Caxias do Sul
431870,4318705,São Leopoldo,RS,43,Rio Grande do Sul,Sul,Metropolitana de Porto Alegre,Porto Alegre,Novo Hamburgo - São Leopoldo,Porto Alegre
431880,4318804,São Lourenço do Sul,RS,43,Rio Grande do Sul,Sul,Sudeste Rio-grandense,Pelotas,Pelotas,Pelotas
431890,4318903,São Luiz Gonzaga,RS,43,Rio Grande do Sul,Sul,Noroeste Rio-grandense,Santo Ângelo,São Luiz Gonzaga,Ijuí
431900,4319000,São Marcos,RS,43,Rio Grande do Sul,Sul,Nordeste Rio-grandense,Caxias do Sul,Caxias do Sul,Caxias do Sul
431910,4319109,São Martinho,RS,43,Rio Grande do Sul,Sul,Noroeste Rio-grandense,Três Passos,Três Passos,Ijuí
431912,4319125,São Martinho da Serra,RS,43,Rio Grande do Sul,Sul,Centro Ocidental Rio-grandense,Santa Maria,Santa Maria,Santa Maria
431915,4319158,São Miguel das Missões,RS,43,Rio Grande do Sul,Sul,Noroeste Rio-grandense,Santo Ângelo,Santo Ângelo,Ijuí
431920,4319208,São Nicolau,RS,43,Rio Grande do Sul,Sul,Noroeste Rio-grandense,Santo Ângelo,São Luiz Gonzaga,Ijuí
431930,4319307,São Paulo das Missões,RS,43,Rio Grande do Sul,Sul,Noroeste Rio-grandense,Cerro Largo,Cerro Largo,Ijuí
431935,4319356,São Pedro da Serra,RS,43,Rio Grande do Sul,Sul,Metropolitana de Porto Alegre,Montenegro,Montenegro,Porto Alegre
431936,4319364,São Pedro das Missões,RS,43,Rio Grande do Sul,Sul,Noroeste Rio-grandense,Carazinho,Palmeira das Missões,Passo Fundo
431937,4319372,São Pedro do Butiá,RS,43,Rio Grande do Sul,Sul,Noroeste Rio-grandense,Cerro Largo,Cerro Largo,Ijuí
431940,4319406,São Pedro do Sul,RS,43,Rio Grande do Sul,Sul,Centro Ocidental Rio-grandense,Santa Maria,Santa Maria,Santa Maria
431950,4319505,São Sebastião do Caí,RS,43,Rio Grande do Sul,Sul,Metropolitana de Porto Alegre,Montenegro,Novo Hamburgo - São Leopoldo,Porto Alegre
431960,4319604,São Sepé,RS,43,Rio Grande do Sul,Sul,Centro Ocidental Rio-grandense,Santa Maria,Santa Maria,Santa Maria
431970,4319703,São Valentim,RS,43,Rio Grande do Sul,Sul,Noroeste Rio-grandense,Erechim,Erechim,Passo Fundo
431971,4319711,São Valentim do Sul,RS,43,Rio Grande do Sul,Sul,Nordeste Rio-grandense,Guaporé,Bento Gonçalves,Caxias do Sul
431973,4319737,São Valério do Sul,RS,43,Rio Grande do Sul,Sul,Noroeste Rio-grandense,Ijuí,Ijuí,Ijuí
431975,4319752,São Vendelino,RS,43,Rio Grande do Sul,Sul,Metropolitana de Porto Alegre,Montenegro,Novo Hamburgo - São Leopoldo,Porto Alegre
431980,4319802,São Vicente do Sul,RS,43,Rio Grande do Sul,Sul,Centro Ocidental Rio-grandense,Santa Maria,Santa Maria,Santa Maria
431990,4319901,Sapiranga,RS,43,Rio Grande do Sul,Sul,Metropolitana de Porto Alegre,Porto Alegre,Novo Hamburgo - São Leopoldo,Porto Alegre
432000,4320008,Sapucaia do Sul,RS,43,Rio Grande do Sul,Sul,Metropolitana de Porto Alegre,Porto Alegre,Porto Alegre,Porto Alegre
432010,4320107,Sarandi,RS,43,Rio Grande do Sul,Sul,Noroeste Rio-grandense,Carazinho,Carazinho,Passo Fundo
432020,4320206,Seberi,RS,43,Rio Grande do Sul,Sul,Noroeste Rio-grandense,Frederico Westphalen,Frederico Westphalen,Passo Fundo
432023,4320230,Sede Nova,RS,43,Rio Grande do Sul,Sul,Noroeste Rio-grandense,Três Passos,Três Passos,Ijuí
432026,4320263,Segredo,RS,43,Rio Grande do Sul,Sul,Centro Oriental Rio-grandense,Santa Cruz do Sul,Sobradinho,Santa Cruz do Sul - Lajeado
432030,4320305,Selbach,RS,43,Rio Grande do Sul,Sul,Noroeste Rio-grandense,Não-Me-Toque,Cruz Alta,Passo Fundo
432032,4320321,Senador Salgado Filho,RS,43,Rio Grande do Sul,Sul,Noroeste Rio-grandense,Santo Ângelo,Santa Rosa,Ijuí
432035,4320354,Sentinela do Sul,RS,43,Rio Grande do Sul,Sul,Metropolitana de Porto Alegre,Camaquã,Camaquã,Porto Alegre
432040,4320404,Serafina Corrêa,RS,43,Rio Grande do Sul,Sul,Nordeste Rio-grandense,Guaporé,Nova Prata - Guaporé,Caxias do Sul
432045,4320453,Sério,RS,43,Rio Grande do Sul,Sul,Centro Oriental Rio-grandense,Lajeado-Estrela,Lajeado,Santa Cruz do Sul - Lajeado
432050,4320503,Sertão,RS,43,Rio Grande do Sul,Sul,Noroeste Rio-grandense,Passo Fundo,Passo Fundo,Passo Fundo
432055,4320552,Sertão Santana,RS,43,Rio Grande do Sul,Sul,Metropolitana de Porto Alegre,Porto Alegre,Porto Alegre,Porto Alegre
432057,4320578,Sete de Setembro,RS,43,Rio Grande do Sul,Sul,Noroeste Rio-grandense,Cerro Largo,Santo Ângelo,Ijuí
432060,4320602,Severiano de Almeida,RS,43,Rio Grande do Sul,Sul,Noroeste Rio-grandense,Erechim,Erechim,Passo Fundo
432065,4320651,Silveira Martins,RS,43,Rio Grande do Sul,Sul,Centro Ocidental Rio-grandense,Restinga Seca,Santa Maria,Santa Maria
432067,4320677,Sinimbu,RS,43,Rio Grande do Sul,Sul,Centro Oriental Rio-grandense,Santa Cruz do Sul,Santa Cruz do Sul,Santa Cruz do Sul - Lajeado
432070,4320701,Sobradinho,RS,43,Rio Grande do Sul,Sul,Centro Oriental Rio-grandense,Santa Cruz do Sul,Sobradinho,Santa Cruz do Sul - Lajeado
432080,4320800,Soledade,RS,43,Rio Grande do Sul,Sul,Noroeste Rio-grandense,Soledade,Soledade,Passo Fundo
432085,4320859,Tabaí,RS,43,Rio Grande do Sul,Sul,Centro Oriental Rio-grandense,Lajeado-Estrela,Lajeado,Santa Cruz do Sul - Lajeado
432090,4320909,Tapejara,RS,43,Rio Grande do Sul,Sul,Noroeste Rio-grandense,Passo Fundo,Tapejara - Sananduva,Passo Fundo
432100,4321006,Tapera,RS,43,Rio Grande do Sul,Sul,Noroeste Rio-grandense,Não-Me-Toque,Passo Fundo,Passo Fundo
432110,4321105,Tapes,RS,43,Rio Grande do Sul,Sul,Metropolitana de Porto Alegre,Camaquã,Camaquã,Porto Alegre
432120,4321204,Taquara,RS,43,Rio Grande do Sul,Sul,Metropolitana de Porto Alegre,Gramado-Canela,Taquara - Parobé - Igrejinha,Porto Alegre
432130,4321303,Taquari,RS,43,Rio Grande do Sul,Sul,Centro Oriental Rio-grandense,Lajeado-Estrela,Lajeado,Santa Cruz do Sul - Lajeado
432132,4321329,Taquaruçu do Sul,RS,43,Rio Grande do Sul,Sul,Noroeste Rio-grandense,Frederico Westphalen,Frederico Westphalen,Passo Fundo
432135,4321352,Tavares,RS,43,Rio Grande do Sul,Sul,Metropolitana de Porto Alegre,Osório,Porto Alegre,Porto Alegre
432140,4321402,Tenente Portela,RS,43,Rio Grande do Sul,Sul,Noroeste Rio-grandense,Três Passos,Três Passos,Ijuí
432143,4321436,Terra de Areia,RS,43,Rio Grande do Sul,Sul,Metropolitana de Porto Alegre,Osório,Tramandaí - Osório,Porto Alegre
432145,4321451,Teutônia,RS,43,Rio Grande do Sul,Sul,Centro Oriental Rio-grandense,Lajeado-Estrela,Lajeado,Santa Cruz do Sul - Lajeado
432146,4321469,Tio Hugo,RS,43,Rio Grande do Sul,Sul,Noroeste Rio-grandense,Não-Me-Toque,Passo Fundo,Passo Fundo
432147,4321477,Tiradentes do Sul,RS,43,Rio Grande do Sul,Sul,Noroeste Rio-grandense,Três Passos,Três Passos,Ijuí
432149,4321493,Toropi,RS,43,Rio Grande do Sul,Sul,Centro Ocidental Rio-grandense,Santa Maria,Santa Maria,Santa Maria
432150,4321501,Torres,RS,43,Rio Grande do Sul,Sul,Metropolitana de Porto Alegre,Osório,Torres,Porto Alegre
432160,4321600,Tramandaí,RS,43,Rio Grande do Sul,Sul,Metropolitana de Porto Alegre,Osório,Tramandaí - Osório,Porto Alegre
432162,4321626,Travesseiro,RS,43,Rio Grande do Sul,Sul,Centro Oriental Rio-grandense,Lajeado-Estrela,Lajeado,Santa Cruz do Sul - Lajeado
432163,4321634,Três Arroios,RS,43,Rio Grande do Sul,Sul,Noroeste Rio-grandense,Erechim,Erechim,Passo Fundo
432166,4321667,Três Cachoeiras,RS,43,Rio Grande do Sul,Sul,Metropolitana de Porto Alegre,Osório,Torres,Porto Alegre
432170,4321709,Três Coroas,RS,43,Rio Grande do Sul,Sul,Metropolitana de Porto Alegre,Gramado-Canela,Taquara - Parobé - Igrejinha,Porto Alegre
432180,4321808,Três de Maio,RS,43,Rio Grande do Sul,Sul,Noroeste Rio-grandense,Santa Rosa,Três de Maio,Ijuí
432183,4321832,Três Forquilhas,RS,43,Rio Grande do Sul,Sul,Metropolitana de Porto Alegre,Osório,Torres,Porto Alegre
432185,4321857,Três Palmeiras,RS,43,Rio Grande do Sul,Sul,Noroeste Rio-grandense,Frederico Westphalen,Passo Fundo,Passo Fundo
432190,4321907,Três Passos,RS,43,Rio Grande do Sul,Sul,Noroeste Rio-grandense,Três Passos,Três Passos,Ijuí
432195,4321956,Trindade do Sul,RS,43,Rio Grande do Sul,Sul,Noroeste Rio-grandense,Frederico Westphalen,Nonoai,Passo Fundo
432200,4322004,Triunfo,RS,43,Rio Grande do Sul,Sul,Metropolitana de Porto Alegre,São Jerônimo,Charqueadas - Triunfo - São Jerônimo,Porto Alegre
432210,4322103,Tucunduva,RS,43,Rio Grande do Sul,Sul,Noroeste Rio-grandense,Santa Rosa,Santa Rosa,Ijuí
432215,4322152,Tunas,RS,43,Rio Grande do Sul,Sul,Noroeste Rio-grandense,Soledade,Sobradinho,Santa Cruz do Sul - Lajeado
432218,4322186,Tupanci do Sul,RS,43,Rio Grande do Sul,Sul,Noroeste Rio-grandense,Sananduva,Lagoa Vermelha,Passo Fundo
432220,4322202,Tupanciretã,RS,43,Rio Grande do Sul,Sul,Centro Ocidental Rio-grandense,Santiago,Cruz Alta,Passo Fundo
432225,4322251,Tupandi,RS,43,Rio Grande do Sul,Sul,Metropolitana de Porto Alegre,Montenegro,Novo Hamburgo - São Leopoldo,Porto Alegre
432230,4322301,Tuparendi,RS,43,Rio Grande do Sul,Sul,Noroeste Rio-grandense,Santa Rosa,Santa Rosa,Ijuí
432232,4322327,Turuçu,RS,43,Rio Grande do Sul,Sul,Sudeste Rio-grandense,Pelotas,Pelotas,Pelotas
432234,4322343,Ubiretama,RS,43,Rio Grande do Sul,Sul,Noroeste Rio-grandense,Santo Ângelo,Cerro Largo,Ijuí
432235,4322350,União da Serra,RS,43,Rio Grande do Sul,Sul,Nordeste Rio-grandense,Guaporé,Nova Prata - Guaporé,Caxias do Sul
432237,4322376,Unistalda,RS,43,Rio Grande do Sul,Sul,Centro Ocidental Rio-grandense,Santiago,Santiago,Santa Maria
432240,4322400,Uruguaiana,RS,43,Rio Grande do Sul,Sul,Sudoeste Rio-grandense,Campanha Ocidental,Uruguaiana,Uruguaiana
432250,4322509,Vacaria,RS,43,Rio Grande do Sul,Sul,Nordeste Rio-grandense,Vacaria,Vacaria,Caxias do Sul
432252,4322525,Vale Verde,RS,43,Rio Grande do Sul,Sul,Metropolitana de Porto Alegre,São Jerônimo,Santa Cruz do Sul,Santa Cruz do Sul - Lajeado
432253,4322533,Vale do Sol,RS,43,Rio Grande do Sul,Sul,Centro Oriental Rio-grandense,Santa Cruz do Sul,Santa Cruz do Sul,Santa Cruz do Sul - Lajeado
432254,4322541,Vale Real,RS,43,Rio Grande do Sul,Sul,Metropolitana de Porto Alegre,Montenegro,Caxias do Sul,Caxias do Sul
432255,4322558,Vanini,RS,43,Rio Grande do Sul,Sul,Noroeste Rio-grandense,Passo Fundo,Marau,Passo Fundo
432260,4322608,Venâncio Aires,RS,43,Rio Grande do Sul,Sul,Centro Oriental Rio-grandense,Santa Cruz do Sul,Santa Cruz do Sul,Santa Cruz do Sul - Lajeado
432270,4322707,Vera Cruz,RS,43,Rio Grande do Sul,Sul,Centro Oriental Rio-grandense,Santa Cruz do Sul,Santa Cruz do Sul,Santa Cruz do Sul - Lajeado
432280,4322806,Veranópolis,RS,43,Rio Grande do Sul,Sul,Nordeste Rio-grandense,Caxias do Sul,Bento Gonçalves,Caxias do Sul
432285,4322855,Vespasiano Corrêa,RS,43,Rio Grande do Sul,Sul,Centro Oriental Rio-grandense,Lajeado-Estrela,Encantado,Santa Cruz do Sul - Lajeado
432290,4322905,Viadutos,RS,43,Rio Grande do Sul,Sul,Noroeste Rio-grandense,Erechim,Erechim,Passo Fundo
432300,4323002,Viamão,RS,43,Rio Grande do Sul,Sul,Metropolitana de Porto Alegre,Porto Alegre,Porto Alegre,Porto Alegre
432310,4323101,Vicente Dutra,RS,43,Rio Grande do Sul,Sul,Noroeste Rio-grandense,Frederico Westphalen,Frederico Westphalen,Passo Fundo
432320,4323200,Victor Graeff,RS,43,Rio Grande do Sul,Sul,Noroeste Rio-grandense,Não-Me-Toque,Passo Fundo,Passo Fundo
432330,4323309,Vila Flores,RS,43,Rio Grande do Sul,Sul,Nordeste Rio-grandense,Caxias do Sul,Bento Gonçalves,Caxias do Sul
432335,4323358,Vila Lângaro,RS,43,Rio Grande do Sul,Sul,Noroeste Rio-grandense,Passo Fundo,Tapejara - Sananduva,Passo Fundo
432340,4323408,Vila Maria,RS,43,Rio Grande do Sul,Sul,Noroeste Rio-grandense,Passo Fundo,Marau,Passo Fundo
432345,4323457,Vila Nova do Sul,RS,43,Rio Grande do Sul,Sul,Centro Ocidental Rio-grandense,Santa Maria,São Gabriel - Caçapava do Sul,Santa Maria
432350,4323507,Vista Alegre,RS,43,Rio Grande do Sul,Sul,Noroeste Rio-grandense,Frederico Westphalen,Frederico Westphalen,Passo Fundo
432360,4323606,Vista Alegre do Prata,RS,43,Rio Grande do Sul,Sul,Nordeste Rio-grandense,Guaporé,Nova Prata - Guaporé,Caxias do Sul
432370,4323705,Vista Gaúcha,RS,43,Rio Grande do Sul,Sul,Noroeste Rio-grandense,Três Passos,Três Passos,Ijuí
432375,4323754,Vitória das Missões,RS,43,Rio Grande do Sul,Sul,Noroeste Rio-grandense,Santo Ângelo,Santo Ângelo,Ijuí
432377,4323770,Westfália,RS,43,Rio Grande do Sul,Sul,Centro Oriental Rio-grandense,Lajeado-Estrela,Lajeado,Santa Cruz do Sul - Lajeado
432380,4323804,Xangri-lá,RS,43,Rio Grande do Sul,Sul,Metropolitana de Porto Alegre,Osório,Tramandaí - Osório,Porto Alegre
500020,5000203,Água Clara,MS,50,Mato Grosso do Sul,Centro-Oeste,Leste de Mato Grosso do Sul,Três Lagoas,Três Lagoas,Campo Grande
500025,5000252,Alcinópolis,MS,50,Mato Grosso do Sul,Centro-Oeste,Centro Norte de Mato Grosso do Sul,Alto Taquari,Coxim,Campo Grande
500060,5000609,Amambai,MS,50,Mato Grosso do Sul,Centro-Oeste,Sudoeste de Mato Grosso do Sul,Dourados,Amambai,Dourados
500070,5000708,Anastácio,MS,50,Mato Grosso do Sul,Centro-Oeste,Pantanais Sul Mato-grossense,Aquidauana,Aquidauana - Anastácio,Corumbá
500080,5000807,Anaurilândia,MS,50,Mato Grosso do Sul,Centro-Oeste,Leste de Mato Grosso do Sul,Nova Andradina,Nova Andradina,Dourados
500085,5000856,Angélica,MS,50,Mato Grosso do Sul,Centro-Oeste,Sudoeste de Mato Grosso do Sul,Iguatemi,Nova Andradina,Dourados
500090,5000906,Antônio João,MS,50,Mato Grosso do Sul,Centro-Oeste,Sudoeste de Mato Grosso do Sul,Dourados,Ponta Porã,Dourados
500100,5001003,Aparecida do Taboado,MS,50,Mato Grosso do Sul,Centro-Oeste,Leste de Mato Grosso do Sul,Paranaíba,Paranaíba - Chapadão do Sul - Cassilândia,Campo Grande
500110,5001102,Aquidauana,MS,50,Mato Grosso do Sul,Centro-Oeste,Pantanais Sul Mato-grossense,Aquidauana,Aquidauana - Anastácio,Corumbá
500124,5001243,Aral Moreira,MS,50,Mato Grosso do Sul,Centro-Oeste,Sudoeste de Mato Grosso do Sul,Dourados,Ponta Porã,Dourados
500150,5001508,Bandeirantes,MS,50,Mato Grosso do Sul,Centro-Oeste,Centro Norte de Mato Grosso do Sul,Campo Grande,Campo Grande,Campo Grande
500190,5001904,Bataguassu,MS,50,Mato Grosso do Sul,Centro-Oeste,Leste de Mato Grosso do Sul,Nova Andradina,Três Lagoas,Campo Grande
500200,5002001,Batayporã,MS,50,Mato Grosso do Sul,Centro-Oeste,Leste de Mato Grosso do Sul,Nova Andradina,Nova Andradina,Dourados
500210,5002100,Bela Vista,MS,50,Mato Grosso do Sul,Centro-Oeste,Sudoeste de Mato Grosso do Sul,Bodoquena,Jardim,Corumbá
500215,5002159,Bodoquena,MS,50,Mato Grosso do Sul,Centro-Oeste,Sudoeste de Mato Grosso do Sul,Bodoquena,Aquidauana - Anastácio,Corumbá
500220,5002209,Bonito,MS,50,Mato Grosso do Sul,Centro-Oeste,Sudoeste de Mato Grosso do Sul,Bodoquena,Jardim,Corumbá
500230,5002308,Brasilândia,MS,50,Mato Grosso do Sul,Centro-Oeste,Leste de Mato Grosso do Sul,Três Lagoas,Três Lagoas,Campo Grande
500240,5002407,Caarapó,MS,50,Mato Grosso do Sul,Centro-Oeste,Sudoeste de Mato Grosso do Sul,Dourados,Dourados,Dourados
500260,5002605,Camapuã,MS,50,Mato Grosso do Sul,Centro-Oeste,Centro Norte de Mato Grosso do Sul,Alto Taquari,Campo Grande,Campo Grande
500270,5002704,Campo Grande,MS,50,Mato Grosso do Sul,Centro-Oeste,Centro Norte de Mato Grosso do Sul,Campo Grande,Campo Grande,Campo Grande
500280,5002803,Caracol,MS,50,Mato Grosso do Sul,Centro-Oeste,Sudoeste de Mato Grosso do Sul,Bodoquena,Jardim,Corumbá
500290,5002902,Cassilândia,MS,50,Mato Grosso do Sul,Centro-Oeste,Leste de Mato Grosso do Sul,Cassilândia,Paranaíba - Chapadão do Sul - Cassilândia,Campo Grande
500295,5002951,Chapadão do Sul,MS,50,Mato Grosso do Sul,Centro-Oeste,Leste de Mato Grosso do Sul,Cassilândia,Paranaíba - Chapadão do Sul - Cassilândia,Campo Grande
500310,5003108,Corguinho,MS,50,Mato Grosso do Sul,Centro-Oeste,Centro Norte de Mato Grosso do Sul,Campo Grande,Campo Grande,Campo Grande
500315,5003157,Coronel Sapucaia,MS,50,Mato Grosso do Sul,Centro-Oeste,Sudoeste de Mato Grosso do Sul,Iguatemi,Amambai,Dourados
500320,5003207,Corumbá,MS,50,Mato Grosso do Sul,Centro-Oeste,Pantanais Sul Mato-grossense,Baixo Pantanal,Corumbá,Corumbá
500325,5003256,Costa Rica,MS,50,Mato Grosso do Sul,Centro-Oeste,Leste de Mato Grosso do Sul,Cassilândia,Coxim,Campo Grande
500330,5003306,Coxim,MS,50,Mato Grosso do Sul,Centro-Oeste,Centro Norte de Mato Grosso do Sul,Alto Taquari,Coxim,Campo Grande
500345,5003454,Deodápolis,MS,50,Mato Grosso do Sul,Centro-Oeste,Sudoeste de Mato Grosso do Sul,Iguatemi,Dourados,Dourados
500348,5003488,Dois Irmãos do Buriti,MS,50,Mato Grosso do Sul,Centro-Oeste,Pantanais Sul Mato-grossense,Aquidauana,Campo Grande,Campo Grande
500350,5003504,Douradina,MS,50,Mato Grosso do Sul,Centro-Oeste,Sudoeste de Mato Grosso do Sul,Dourados,Dourados,Dourados
500370,5003702,Dourados,MS,50,Mato Grosso do Sul,Centro-Oeste,Sudoeste de Mato Grosso do Sul,Dourados,Dourados,Dourados
500375,5003751,Eldorado,MS,50,Mato Grosso do Sul,Centro-Oeste,Sudoeste de Mato Grosso do Sul,Iguatemi,Naviraí - Mundo Novo,Dourados
500380,5003801,Fátima do Sul,MS,50,Mato Grosso do Sul,Centro-Oeste,Sudoeste de Mato Grosso do Sul,Dourados,Dourados,Dourados
500390,5003900,Figueirão,MS,50,Mato Grosso do Sul,Centro-Oeste,Centro Norte de Mato Grosso do Sul,Alto Taquari,Coxim,Campo Grande
500400,5004007,Glória de Dourados,MS,50,Mato Grosso do Sul,Centro-Oeste,Sudoeste de Mato Grosso do Sul,Iguatemi,Dourados,Dourados
500410,5004106,Guia Lopes da Laguna,MS,50,Mato Grosso do Sul,Centro-Oeste,Sudoeste de Mato Grosso do Sul,Bodoquena,Jardim,Corumbá
500430,5004304,Iguatemi,MS,50,Mato Grosso do Sul,Centro-Oeste,Sudoeste de Mato Grosso do Sul,Iguatemi,Naviraí - Mundo Novo,Dourados
500440,5004403,Inocência,MS,50,Mato Grosso do Sul,Centro-Oeste,Leste de Mato Grosso do Sul,Paranaíba,Paranaíba - Chapadão do Sul - Cassilândia,Campo Grande
500450,5004502,Itaporã,MS,50,Mato Grosso do Sul,Centro-Oeste,Sudoeste de Mato Grosso do Sul,Dourados,Dourados,Dourados
500460,5004601,Itaquiraí,MS,50,Mato Grosso do Sul,Centro-Oeste,Sudoeste de Mato Grosso do Sul,Iguatemi,Naviraí - Mundo Novo,Dourados
500470,5004700,Ivinhema,MS,50,Mato Grosso do Sul,Centro-Oeste,Sudoeste de Mato Grosso do Sul,Iguatemi,Nova Andradina,Dourados
500480,5004809,Japorã,MS,50,Mato Grosso do Sul,Centro-Oeste,Sudoeste de Mato Grosso do Sul,Iguatemi,Naviraí - Mundo Novo,Dourados
500490,5004908,Jaraguari,MS,50,Mato Grosso do Sul,Centro-Oeste,Centro Norte de Mato Grosso do Sul,Campo Grande,Campo Grande,Campo Grande
500500,5005004,Jardim,MS,50,Mato Grosso do Sul,Centro-Oeste,Sudoeste de Mato Grosso do Sul,Bodoquena,Jardim,Corumbá
500510,5005103,Jateí,MS,50,Mato Grosso do Sul,Centro-Oeste,Sudoeste de Mato Grosso do Sul,Iguatemi,Dourados,Dourados
500515,5005152,Juti,MS,50,Mato Grosso do Sul,Centro-Oeste,Sudoeste de Mato Grosso do Sul,Dourados,Dourados,Dourados
500520,5005202,Ladário,MS,50,Mato Grosso do Sul,Centro-Oeste,Pantanais Sul Mato-grossense,Baixo Pantanal,Corumbá,Corumbá
500525,5005251,Laguna Carapã,MS,50,Mato Grosso do Sul,Centro-Oeste,Sudoeste de Mato Grosso do Sul,Dourados,Dourados,Dourados
500540,5005400,Maracaju,MS,50,Mato Grosso do Sul,Centro-Oeste,Sudoeste de Mato Grosso do Sul,Dourados,Dourados,Dourados
500560,5005608,Miranda,MS,50,Mato Grosso do Sul,Centro-Oeste,Pantanais Sul Mato-grossense,Aquidauana,Aquidauana - Anastácio,Corumbá
500568,5005681,Mundo Novo,MS,50,Mato Grosso do Sul,Centro-Oeste,Sudoeste de Mato Grosso do Sul,Iguatemi,Naviraí - Mundo Novo,Dourados
500570,5005707,Naviraí,MS,50,Mato Grosso do Sul,Centro-Oeste,Sudoeste de Mato Grosso do Sul,Iguatemi,Naviraí - Mundo Novo,Dourados
500580,5005806,Nioaque,MS,50,Mato Grosso do Sul,Centro-Oeste,Sudoeste de Mato Grosso do Sul,Bodoquena,Jardim,Corumbá
500600,5006002,Nova Alvorada do Sul,MS,50,Mato Grosso do Sul,Centro-Oeste,Sudoeste de Mato Grosso do Sul,Dourados,Campo Grande,Campo Grande
500620,5006200,Nova Andradina,MS,50,Mato Grosso do Sul,Centro-Oeste,Leste de Mato Grosso do Sul,Nova Andradina,Nova Andradina,Dourados
500625,5006259,Novo Horizonte do Sul,MS,50,Mato Grosso do Sul,Centro-Oeste,Sudoeste de Mato Grosso do Sul,Iguatemi,Nova Andradina,Dourados
500627,5006275,Paraíso das Águas,MS,50,Mato Grosso do Sul,Centro-Oeste,Leste de Mato Grosso do Sul,Cassilândia,Paranaíba - Chapadão do Sul - Cassilândia,Campo Grande
500630,5006309,Paranaíba,MS,50,Mato Grosso do Sul,Centro-Oeste,Leste de Mato Grosso do Sul,Paranaíba,Paranaíba - Chapadão do Sul - Cassilândia,Campo Grande
500635,5006358,Paranhos,MS,50,Mato Grosso do Sul,Centro-Oeste,Sudoeste de Mato Grosso do Sul,Iguatemi,Amambai,Dourados
500640,5006408,Pedro Gomes,MS,50,Mato Grosso do Sul,Centro-Oeste,Centro Norte de Mato Grosso do Sul,Alto Taquari,Coxim,Campo Grande
500660,5006606,Ponta Porã,MS,50,Mato Grosso do Sul,Centro-Oeste,Sudoeste de Mato Grosso do Sul,Dourados,Ponta Porã,Dourados
500690,5006903,Porto Murtinho,MS,50,Mato Grosso do Sul,Centro-Oeste,Pantanais Sul Mato-grossense,Baixo Pantanal,Jardim,Corumbá
500710,5007109,Ribas do Rio Pardo,MS,50,Mato Grosso do Sul,Centro-Oeste,Leste de Mato Grosso do Sul,Três Lagoas,Campo Grande,Campo Grande
500720,5007208,Rio Brilhante,MS,50,Mato Grosso do Sul,Centro-Oeste,Sudoeste de Mato Grosso do Sul,Dourados,Dourados,Dourados
500730,5007307,Rio Negro,MS,50,Mato Grosso do Sul,Centro-Oeste,Centro Norte de Mato Grosso do Sul,Campo Grande,Campo Grande,Campo Grande
500740,5007406,Rio Verde de Mato Grosso,MS,50,Mato Grosso do Sul,Centro-Oeste,Centro Norte de Mato Grosso do Sul,Alto Taquari,Coxim,Campo Grande
500750,5007505,Rochedo,MS,50,Mato Grosso do Sul,Centro-Oeste,Centro Norte de Mato Grosso do Sul,Campo Grande,Campo Grande,Campo Grande
500755,5007554,Santa Rita do Pardo,MS,50,Mato Grosso do Sul,Centro-Oeste,Leste de Mato Grosso do Sul,Três Lagoas,Três Lagoas,Campo Grande
500769,5007695,São Gabriel do Oeste,MS,50,Mato Grosso do Sul,Centro-Oeste,Centro Norte de Mato Grosso do Sul,Alto Taquari,Campo Grande,Campo Grande
500770,5007703,Sete Quedas,MS,50,Mato Grosso do Sul,Centro-Oeste,Sudoeste de Mato Grosso do Sul,Iguatemi,Amambai,Dourados
500780,5007802,Selvíria,MS,50,Mato Grosso do Sul,Centro-Oeste,Leste de Mato Grosso do Sul,Paranaíba,Três Lagoas,Campo Grande
500790,5007901,Sidrolândia,MS,50,Mato Grosso do Sul,Centro-Oeste,Centro Norte de Mato Grosso do Sul,Campo Grande,Campo Grande,Campo Grande
500793,5007935,Sonora,MS,50,Mato Grosso do Sul,Centro-Oeste,Centro Norte de Mato Grosso do Sul,Alto Taquari,Coxim,Campo Grande
500795,5007950,Tacuru,MS,50,Mato Grosso do Sul,Centro-Oeste,Sudoeste de Mato Grosso do Sul,Iguatemi,Amambai,Dourados
500797,5007976,Taquarussu,MS,50,Mato Grosso do Sul,Centro-Oeste,Leste de Mato Grosso do Sul,Nova Andradina,Nova Andradina,Dourados
500800,5008008,Terenos,MS,50,Mato Grosso do Sul,Centro-Oeste,Centro Norte de Mato Grosso do Sul,Campo Grande,Campo Grande,Campo Grande
500830,5008305,Três Lagoas,MS,50,Mato Grosso do Sul,Centro-Oeste,Leste de Mato Grosso do Sul,Três Lagoas,Três Lagoas,Campo Grande
500840,5008404,Vicentina,MS,50,Mato Grosso do Sul,Centro-Oeste,Sudoeste de Mato Grosso do Sul,Dourados,Dourados,Dourados
510010,5100102,Acorizal,MT,51,Mato Grosso,Centro-Oeste,Centro-Sul Mato-grossense,Rosário Oeste,Cuiabá,Cuiabá
510020,5100201,Água Boa,MT,51,Mato Grosso,Centro-Oeste,Nordeste Mato-grossense,Canarana,Água Boa,Barra do Garças
510025,5100250,Alta Floresta,MT,51,Mato Grosso,Centro-Oeste,Norte Mato-grossense,Alta Floresta,Alta Floresta,Sinop
510030,5100300,Alto Araguaia,MT,51,Mato Grosso,Centro-Oeste,Sudeste Mato-grossense,Alto Araguaia,Rondonópolis,Rondonópolis
510035,5100359,Alto Boa Vista,MT,51,Mato Grosso,Centro-Oeste,Nordeste Mato-grossense,Norte Araguaia,Confresa - Vila Rica,Barra do Garças
510040,5100409,Alto Garças,MT,51,Mato Grosso,Centro-Oeste,Sudeste Mato-grossense,Alto Araguaia,Rondonópolis,Rondonópolis
510050,5100508,Alto Paraguai,MT,51,Mato Grosso,Centro-Oeste,Centro-Sul Mato-grossense,Alto Paraguai,Diamantino,Cuiabá
510060,5100607,Alto Taquari,MT,51,Mato Grosso,Centro-Oeste,Sudeste Mato-grossense,Alto Araguaia,Rondonópolis,Rondonópolis
510080,5100805,Apiacás,MT,51,Mato Grosso,Centro-Oeste,Norte Mato-grossense,Alta Floresta,Alta Floresta,Sinop
510100,5101001,Araguaiana,MT,51,Mato Grosso,Centro-Oeste,Nordeste Mato-grossense,Médio Araguaia,Barra do Garças,Barra do Garças
510120,5101209,Araguainha,MT,51,Mato Grosso,Centro-Oeste,Sudeste Mato-grossense,Tesouro,Rondonópolis,Rondonópolis
510125,5101258,Araputanga,MT,51,Mato Grosso,Centro-Oeste,Sudoeste Mato-grossense,Jauru,Mirassol D'oeste,Cáceres
510130,5101308,Arenápolis,MT,51,Mato Grosso,Centro-Oeste,Centro-Sul Mato-grossense,Alto Paraguai,Diamantino,Cuiabá
510140,5101407,Aripuanã,MT,51,Mato Grosso,Centro-Oeste,Norte Mato-grossense,Aripuanã,Juína,Sinop
510160,5101605,Barão de Melgaço,MT,51,Mato Grosso,Centro-Oeste,Centro-Sul Mato-grossense,Alto Pantanal,Cuiabá,Cuiabá
510170,5101704,Barra do Bugres,MT,51,Mato Grosso,Centro-Oeste,Sudoeste Mato-grossense,Tangará da Serra,Tangará da Serra,Cuiabá
510180,5101803,Barra do Garças,MT,51,Mato Grosso,Centro-Oeste,Nordeste Mato-grossense,Médio Araguaia,Barra do Garças,Barra do Garças
510183,5101837,Boa Esperança do Norte,MT,51,Mato Grosso,Centro-Oeste,,,Sorriso,Sinop
510185,5101852,Bom Jesus do Araguaia,MT,51,Mato Grosso,Centro-Oeste,Nordeste Mato-grossense,Norte Araguaia,Confresa - Vila Rica,Barra do Garças
510190,5101902,Brasnorte,MT,51,Mato Grosso,Centro-Oeste,Norte Mato-grossense,Aripuanã,Tangará da Serra,Cuiabá
510250,5102504,Cáceres,MT,51,Mato Grosso,Centro-Oeste,Centro-Sul Mato-grossense,Alto Pantanal,Cáceres,Cáceres
510260,5102603,Campinápolis,MT,51,Mato Grosso,Centro-Oeste,Nordeste Mato-grossense,Canarana,Água Boa,Barra do Garças
510263,5102637,Campo Novo do Parecis,MT,51,Mato Grosso,Centro-Oeste,Norte Mato-grossense,Parecis,Tangará da Serra,Cuiabá
510267,5102678,Campo Verde,MT,51,Mato Grosso,Centro-Oeste,Sudeste Mato-grossense,Primavera do Leste,Cuiabá,Cuiabá
510268,5102686,Campos de Júlio,MT,51,Mato Grosso,Centro-Oeste,Norte Mato-grossense,Parecis,Pontes e Lacerda - Comodoro,Cáceres
510269,5102694,Canabrava do Norte,MT,51,Mato Grosso,Centro-Oeste,Nordeste Mato-grossense,Norte Araguaia,Confresa - Vila Rica,Barra do Garças
510270,5102702,Canarana,MT,51,Mato Grosso,Centro-Oeste,Nordeste Mato-grossense,Canarana,Água Boa,Barra do Garças
510279,5102793,Carlinda,MT,51,Mato Grosso,Centro-Oeste,Norte Mato-grossense,Alta Floresta,Alta Floresta,Sinop
510285,5102850,Castanheira,MT,51,Mato Grosso,Centro-Oeste,Norte Mato-grossense,Aripuanã,Juína,Sinop
510300,5103007,Chapada dos Guimarães,MT,51,Mato Grosso,Centro-Oeste,Centro-Sul Mato-grossense,Cuiabá,Cuiabá,Cuiabá
510305,5103056,Cláudia,MT,51,Mato Grosso,Centro-Oeste,Norte Mato-grossense,Sinop,Sinop,Sinop
510310,5103106,Cocalinho,MT,51,Mato Grosso,Centro-Oeste,Nordeste Mato-grossense,Médio Araguaia,Água Boa,Barra do Garças
510320,5103205,Colíder,MT,51,Mato Grosso,Centro-Oeste,Norte Mato-grossense,Colíder,Sinop,Sinop
510325,5103254,Colniza,MT,51,Mato Grosso,Centro-Oeste,Norte Mato-grossense,Aripuanã,Juína,Sinop
510330,5103304,Comodoro,MT,51,Mato Grosso,Centro-Oeste,Norte Mato-grossense,Parecis,Pontes e Lacerda - Comodoro,Cáceres
510335,5103353,Confresa,MT,51,Mato Grosso,Centro-Oeste,Nordeste Mato-grossense,Norte Araguaia,Confresa - Vila Rica,Barra do Garças
510336,5103361,Conquista D'Oeste,MT,51,Mato Grosso,Centro-Oeste,Sudoeste Mato-grossense,Alto Guaporé,Pontes e Lacerda - Comodoro,Cáceres
510337,5103379,Cotriguaçu,MT,51,Mato Grosso,Centro-Oeste,Norte Mato-grossense,Aripuanã,Juína,Sinop
510340,5103403,Cuiabá,MT,51,Mato Grosso,Centro-Oeste,Centro-Sul Mato-grossense,Cuiabá,Cuiabá,Cuiabá
510343,5103437,Curvelândia,MT,51,Mato Grosso,Centro-Oeste,Centro-Sul Mato-grossense,Alto Pantanal,Cáceres,Cáceres
510345,5103452,Denise,MT,51,Mato Grosso,Centro-Oeste,Sudoeste Mato-grossense,Tangará da Serra,Tangará da Serra,Cuiabá
510350,5103502,Diamantino,MT,51,Mato Grosso,Centro-Oeste,Norte Mato-grossense,Parecis,Diamantino,Cuiabá
510360,5103601,Dom Aquino,MT,51,Mato Grosso,Centro-Oeste,Sudeste Mato-grossense,Rondonópolis,Jaciara,Rondonópolis
510370,5103700,Feliz Natal,MT,51,Mato Grosso,Centro-Oeste,Norte Mato-grossense,Sinop,Sinop,Sinop
510380,5103809,Figueirópolis D'Oeste,MT,51,Mato Grosso,Centro-Oeste,Sudoeste Mato-grossense,Jauru,Mirassol D'oeste,Cáceres
510385,5103858,Gaúcha do Norte,MT,51,Mato Grosso,Centro-Oeste,Norte Mato-grossense,Paranatinga,Água Boa,Barra do Garças
510390,5103908,General Carneiro,MT,51,Mato Grosso,Centro-Oeste,Sudeste Mato-grossense,Tesouro,Barra do Garças,Barra do Garças
510395,5103957,Glória D'Oeste,MT,51,Mato Grosso,Centro-Oeste,Sudoeste Mato-grossense,Jauru,Mirassol D'oeste,Cáceres
510410,5104104,Guarantã do Norte,MT,51,Mato Grosso,Centro-Oeste,Norte Mato-grossense,Colíder,Peixoto de Azevedo - Guarantã do Norte,Sinop
510420,5104203,Guiratinga,MT,51,Mato Grosso,Centro-Oeste,Sudeste Mato-grossense,Tesouro,Rondonópolis,Rondonópolis
510450,5104500,Indiavaí,MT,51,Mato Grosso,Centro-Oeste,Sudoeste Mato-grossense,Jauru,Mirassol D'oeste,Cáceres
510452,5104526,Ipiranga do Norte,MT,51,Mato Grosso,Centro-Oeste,Norte Mato-grossense,Alto Teles Pires,Sorriso,Sinop
510454,5104542,Itanhangá,MT,51,Mato Grosso,Centro-Oeste,Norte Mato-grossense,Alto Teles Pires,Sorriso,Sinop
510455,5104559,Itaúba,MT,51,Mato Grosso,Centro-Oeste,Norte Mato-grossense,Sinop,Sinop,Sinop
510460,5104609,Itiquira,MT,51,Mato Grosso,Centro-Oeste,Sudeste Mato-grossense,Rondonópolis,Rondonópolis,Rondonópolis
510480,5104807,Jaciara,MT,51,Mato Grosso,Centro-Oeste,Sudeste Mato-grossense,Rondonópolis,Jaciara,Rondonópolis
510490,5104906,Jangada,MT,51,Mato Grosso,Centro-Oeste,Centro-Sul Mato-grossense,Rosário Oeste,Cuiabá,Cuiabá
510500,5105002,Jauru,MT,51,Mato Grosso,Centro-Oeste,Sudoeste Mato-grossense,Jauru,Mirassol D'oeste,Cáceres
510510,5105101,Juara,MT,51,Mato Grosso,Centro-Oeste,Norte Mato-grossense,Arinos,Juara,Sinop
510515,5105150,Juína,MT,51,Mato Grosso,Centro-Oeste,Norte Mato-grossense,Aripuanã,Juína,Sinop
510517,5105176,Juruena,MT,51,Mato Grosso,Centro-Oeste,Norte Mato-grossense,Aripuanã,Juína,Sinop
510520,5105200,Juscimeira,MT,51,Mato Grosso,Centro-Oeste,Sudeste Mato-grossense,Rondonópolis,Jaciara,Rondonópolis
510523,5105234,Lambari D'Oeste,MT,51,Mato Grosso,Centro-Oeste,Sudoeste Mato-grossense,Jauru,Cáceres,Cáceres
510525,5105259,Lucas do Rio Verde,MT,51,Mato Grosso,Centro-Oeste,Norte Mato-grossense,Alto Teles Pires,Sorriso,Sinop
510530,5105309,Luciara,MT,51,Mato Grosso,Centro-Oeste,Nordeste Mato-grossense,Norte Araguaia,Confresa - Vila Rica,Barra do Garças
510550,5105507,Vila Bela da Santíssima Trindade,MT,51,Mato Grosso,Centro-Oeste,Sudoeste Mato-grossense,Alto Guaporé,Pontes e Lacerda - Comodoro,Cáceres
510558,5105580,Marcelândia,MT,51,Mato Grosso,Centro-Oeste,Norte Mato-grossense,Sinop,Sinop,Sinop
510560,5105606,Matupá,MT,51,Mato Grosso,Centro-Oeste,Norte Mato-grossense,Colíder,Peixoto de Azevedo - Guarantã do Norte,Sinop
510562,5105622,Mirassol d'Oeste,MT,51,Mato Grosso,Centro-Oeste,Sudoeste Mato-grossense,Jauru,Mirassol D'oeste,Cáceres
510590,5105903,Nobres,MT,51,Mato Grosso,Centro-Oeste,Norte Mato-grossense,Alto Teles Pires,Cuiabá,Cuiabá
510600,5106000,Nortelândia,MT,51,Mato Grosso,Centro-Oeste,Centro-Sul Mato-grossense,Alto Paraguai,Diamantino,Cuiabá
510610,5106109,Nossa Senhora do Livramento,MT,51,Mato Grosso,Centro-Oeste,Centro-Sul Mato-grossense,Cuiabá,Cuiabá,Cuiabá
510615,5106158,Nova Bandeirantes,MT,51,Mato Grosso,Centro-Oeste,Norte Mato-grossense,Alta Floresta,Alta Floresta,Sinop
510617,5106174,Nova Nazaré,MT,51,Mato Grosso,Centro-Oeste,Nordeste Mato-grossense,Canarana,Água Boa,Barra do Garças
510618,5106182,Nova Lacerda,MT,51,Mato Grosso,Centro-Oeste,Sudoeste Mato-grossense,Alto Guaporé,Pontes e Lacerda - Comodoro,Cáceres
510619,5106190,Nova Santa Helena,MT,51,Mato Grosso,Centro-Oeste,Norte Mato-grossense,Sinop,Sinop,Sinop
510620,5106208,Nova Brasilândia,MT,51,Mato Grosso,Centro-Oeste,Norte Mato-grossense,Paranatinga,Cuiabá,Cuiabá
510621,5106216,Nova Canaã do Norte,MT,51,Mato Grosso,Centro-Oeste,Norte Mato-grossense,Colíder,Sinop,Sinop
510622,5106224,Nova Mutum,MT,51,Mato Grosso,Centro-Oeste,Norte Mato-grossense,Alto Teles Pires,Sorriso,Sinop
510623,5106232,Nova Olímpia,MT,51,Mato Grosso,Centro-Oeste,Sudoeste Mato-grossense,Tangará da Serra,Tangará da Serra,Cuiabá
510624,5106240,Nova Ubiratã,MT,51,Mato Grosso,Centro-Oeste,Norte Mato-grossense,Alto Teles Pires,Sorriso,Sinop
510625,5106257,Nova Xavantina,MT,51,Mato Grosso,Centro-Oeste,Nordeste Mato-grossense,Canarana,Barra do Garças,Barra do Garças
510626,5106265,Novo Mundo,MT,51,Mato Grosso,Centro-Oeste,Norte Mato-grossense,Colíder,Peixoto de Azevedo - Guarantã do Norte,Sinop
510627,5106273,Novo Horizonte do Norte,MT,51,Mato Grosso,Centro-Oeste,Norte Mato-grossense,Arinos,Juara,Sinop
510628,5106281,Novo São Joaquim,MT,51,Mato Grosso,Centro-Oeste,Nordeste Mato-grossense,Canarana,Barra do Garças,Barra do Garças
510629,5106299,Paranaíta,MT,51,Mato Grosso,Centro-Oeste,Norte Mato-grossense,Alta Floresta,Alta Floresta,Sinop
510630,5106307,Paranatinga,MT,51,Mato Grosso,Centro-Oeste,Norte Mato-grossense,Paranatinga,Primavera do Leste,Rondonópolis
510631,5106315,Novo Santo Antônio,MT,51,Mato Grosso,Centro-Oeste,Nordeste Mato-grossense,Norte Araguaia,Confresa - Vila Rica,Barra do Garças
510637,5106372,Pedra Preta,MT,51,Mato Grosso,Centro-Oeste,Sudeste Mato-grossense,Rondonópolis,Rondonópolis,Rondonópolis
510642,5106422,Peixoto de Azevedo,MT,51,Mato Grosso,Centro-Oeste,Norte Mato-grossense,Colíder,Peixoto de Azevedo - Guarantã do Norte,Sinop
510645,5106455,Planalto da Serra,MT,51,Mato Grosso,Centro-Oeste,Norte Mato-grossense,Paranatinga,Cuiabá,Cuiabá
510650,5106505,Poconé,MT,51,Mato Grosso,Centro-Oeste,Centro-Sul Mato-grossense,Alto Pantanal,Cuiabá,Cuiabá
510665,5106653,Pontal do Araguaia,MT,51,Mato Grosso,Centro-Oeste,Sudeste Mato-grossense,Tesouro,Barra do Garças,Barra do Garças
510670,5106703,Ponte Branca,MT,51,Mato Grosso,Centro-Oeste,Sudeste Mato-grossense,Tesouro,Barra do Garças,Barra do Garças
510675,5106752,Pontes e Lacerda,MT,51,Mato Grosso,Centro-Oeste,Sudoeste Mato-grossense,Alto Guaporé,Pontes e Lacerda - Comodoro,Cáceres
510677,5106778,Porto Alegre do Norte,MT,51,Mato Grosso,Centro-Oeste,Nordeste Mato-grossense,Norte Araguaia,Confresa - Vila Rica,Barra do Garças
510680,5106802,Porto dos Gaúchos,MT,51,Mato Grosso,Centro-Oeste,Norte Mato-grossense,Arinos,Juara,Sinop
510682,5106828,Porto Esperidião,MT,51,Mato Grosso,Centro-Oeste,Sudoeste Mato-grossense,Jauru,Mirassol D'oeste,Cáceres
510685,5106851,Porto Estrela,MT,51,Mato Grosso,Centro-Oeste,Sudoeste Mato-grossense,Tangará da Serra,Tangará da Serra,Cuiabá
510700,5107008,Poxoréu,MT,51,Mato Grosso,Centro-Oeste,Sudeste Mato-grossense,Tesouro,Primavera do Leste,Rondonópolis
510704,5107040,Primavera do Leste,MT,51,Mato Grosso,Centro-Oeste,Sudeste Mato-grossense,Primavera do Leste,Primavera do Leste,Rondonópolis
510706,5107065,Querência,MT,51,Mato Grosso,Centro-Oeste,Nordeste Mato-grossense,Canarana,Água Boa,Barra do Garças
510710,5107107,São José dos Quatro Marcos,MT,51,Mato Grosso,Centro-Oeste,Sudoeste Mato-grossense,Jauru,Mirassol D'oeste,Cáceres
510715,5107156,Reserva do Cabaçal,MT,51,Mato Grosso,Centro-Oeste,Sudoeste Mato-grossense,Jauru,Mirassol D'oeste,Cáceres
510718,5107180,Ribeirão Cascalheira,MT,51,Mato Grosso,Centro-Oeste,Nordeste Mato-grossense,Norte Araguaia,Água Boa,Barra do Garças
510719,5107198,Ribeirãozinho,MT,51,Mato Grosso,Centro-Oeste,Sudeste Mato-grossense,Tesouro,Barra do Garças,Barra do Garças
510720,5107206,Rio Branco,MT,51,Mato Grosso,Centro-Oeste,Sudoeste Mato-grossense,Jauru,Cáceres,Cáceres
510724,5107248,Santa Carmem,MT,51,Mato Grosso,Centro-Oeste,Norte Mato-grossense,Sinop,Sinop,Sinop
510726,5107263,Santo Afonso,MT,51,Mato Grosso,Centro-Oeste,Centro-Sul Mato-grossense,Alto Paraguai,Diamantino,Cuiabá
510729,5107297,São José do Povo,MT,51,Mato Grosso,Centro-Oeste,Sudeste Mato-grossense,Rondonópolis,Rondonópolis,Rondonópolis
510730,5107305,São José do Rio Claro,MT,51,Mato Grosso,Centro-Oeste,Norte Mato-grossense,Arinos,Diamantino,Cuiabá
510735,5107354,São José do Xingu,MT,51,Mato Grosso,Centro-Oeste,Nordeste Mato-grossense,Norte Araguaia,Confresa - Vila Rica,Barra do Garças
510740,5107404,São Pedro da Cipa,MT,51,Mato Grosso,Centro-Oeste,Sudeste Mato-grossense,Rondonópolis,Jaciara,Rondonópolis
510757,5107578,Rondolândia,MT,51,Mato Grosso,Centro-Oeste,Norte Mato-grossense,Aripuanã,Juína,Sinop
510760,5107602,Rondonópolis,MT,51,Mato Grosso,Centro-Oeste,Sudeste Mato-grossense,Rondonópolis,Rondonópolis,Rondonópolis
510770,5107701,Rosário Oeste,MT,51,Mato Grosso,Centro-Oeste,Centro-Sul Mato-grossense,Rosário Oeste,Cuiabá,Cuiabá
510774,5107743,Santa Cruz do Xingu,MT,51,Mato Grosso,Centro-Oeste,Nordeste Mato-grossense,Norte Araguaia,Confresa - Vila Rica,Barra do Garças
510775,5107750,Salto do Céu,MT,51,Mato Grosso,Centro-Oeste,Sudoeste Mato-grossense,Jauru,Cáceres,Cáceres
510776,5107768,Santa Rita do Trivelato,MT,51,Mato Grosso,Centro-Oeste,Norte Mato-grossense,Alto Teles Pires,Sorriso,Sinop
510777,5107776,Santa Terezinha,MT,51,Mato Grosso,Centro-Oeste,Nordeste Mato-grossense,Norte Araguaia,Confresa - Vila Rica,Barra do Garças
510779,5107792,Santo Antônio do Leste,MT,51,Mato Grosso,Centro-Oeste,Nordeste Mato-grossense,Canarana,Primavera do Leste,Rondonópolis
510780,5107800,Santo Antônio de Leverger,MT,51,Mato Grosso,Centro-Oeste,Centro-Sul Mato-grossense,Cuiabá,Cuiabá,Cuiabá
510785,5107859,São Félix do Araguaia,MT,51,Mato Grosso,Centro-Oeste,Nordeste Mato-grossense,Norte Araguaia,Confresa - Vila Rica,Barra do Garças
510787,5107875,Sapezal,MT,51,Mato Grosso,Centro-Oeste,Norte Mato-grossense,Parecis,Tangará da Serra,Cuiabá
510788,5107883,Serra Nova Dourada,MT,51,Mato Grosso,Centro-Oeste,Nordeste Mato-grossense,Norte Araguaia,Confresa - Vila Rica,Barra do Garças
510790,5107909,Sinop,MT,51,Mato Grosso,Centro-Oeste,Norte Mato-grossense,Sinop,Sinop,Sinop
510792,5107925,Sorriso,MT,51,Mato Grosso,Centro-Oeste,Norte Mato-grossense,Alto Teles Pires,Sorriso,Sinop
510794,5107941,Tabaporã,MT,51,Mato Grosso,Centro-Oeste,Norte Mato-grossense,Arinos,Juara,Sinop
510795,5107958,Tangará da Serra,MT,51,Mato Grosso,Centro-Oeste,Sudoeste Mato-grossense,Tangará da Serra,Tangará da Serra,Cuiabá
510800,5108006,Tapurah,MT,51,Mato Grosso,Centro-Oeste,Norte Mato-grossense,Alto Teles Pires,Sorriso,Sinop
510805,5108055,Terra Nova do Norte,MT,51,Mato Grosso,Centro-Oeste,Norte Mato-grossense,Colíder,Sinop,Sinop
510810,5108105,Tesouro,MT,51,Mato Grosso,Centro-Oeste,Sudeste Mato-grossense,Tesouro,Rondonópolis,Rondonópolis
510820,5108204,Torixoréu,MT,51,Mato Grosso,Centro-Oeste,Sudeste Mato-grossense,Tesouro,Barra do Garças,Barra do Garças
510830,5108303,União do Sul,MT,51,Mato Grosso,Centro-Oeste,Norte Mato-grossense,Sinop,Sinop,Sinop
510835,5108352,Vale de São Domingos,MT,51,Mato Grosso,Centro-Oeste,Sudoeste Mato-grossense,Alto Guaporé,Pontes e Lacerda - Comodoro,Cáceres
510840,5108402,Várzea Grande,MT,51,Mato Grosso,Centro-Oeste,Centro-Sul Mato-grossense,Cuiabá,Cuiabá,Cuiabá
510850,5108501,Vera,MT,51,Mato Grosso,Centro-Oeste,Norte Mato-grossense,Sinop,Sorriso,Sinop
510860,5108600,Vila Rica,MT,51,Mato Grosso,Centro-Oeste,Nordeste Mato-grossense,Norte Araguaia,Confresa - Vila Rica,Barra do Garças
510880,5108808,Nova Guarita,MT,51,Mato Grosso,Centro-Oeste,Norte Mato-grossense,Colíder,Sinop,Sinop
510885,5108857,Nova Marilândia,MT,51,Mato Grosso,Centro-Oeste,Centro-Sul Mato-grossense,Alto Paraguai,Diamantino,Cuiabá
510890,5108907,Nova Maringá,MT,51,Mato Grosso,Centro-Oeste,Norte Mato-grossense,Arinos,Diamantino,Cuiabá
510895,5108956,Nova Monte Verde,MT,51,Mato Grosso,Centro-Oeste,Norte Mato-grossense,Alta Floresta,Alta Floresta,Sinop
520005,5200050,Abadia de Goiás,GO,52,Goiás,Centro-Oeste,Centro Goiano,Goiânia,Goiânia,Goiânia
520010,5200100,Abadiânia,GO,52,Goiás,Centro-Oeste,Leste Goiano,Entorno de Brasília,Anápolis,Goiânia
520013,5200134,Acreúna,GO,52,Goiás,Centro-Oeste,Sul Goiano,Vale do Rio dos Bois,Palmeiras de Goiás,São Luís de Montes Belos - Iporá
520015,5200159,Adelândia,GO,52,Goiás,Centro-Oeste,Centro Goiano,Anicuns,Inhumas - Itaberaí - Anicuns,Goiânia
520017,5200175,Água Fria de Goiás,GO,52,Goiás,Centro-Oeste,Leste Goiano,Entorno de Brasília,Flores de Goiás,Luziânia - Águas Lindas de Goiás
520020,5200209,Água Limpa,GO,52,Goiás,Centro-Oeste,Sul Goiano,Meia Ponte,Caldas Novas-Morrinhos,Itumbiara
520025,5200258,Águas Lindas de Goiás,GO,52,Goiás,Centro-Oeste,Leste Goiano,Entorno de Brasília,Águas Lindas de Goiás,Luziânia - Águas Lindas de Goiás
520030,5200308,Alexânia,GO,52,Goiás,Centro-Oeste,Leste Goiano,Entorno de Brasília,Anápolis,Goiânia
520050,5200506,Aloândia,GO,52,Goiás,Centro-Oeste,Sul Goiano,Meia Ponte,Itumbiara,Itumbiara
520055,5200555,Alto Horizonte,GO,52,Goiás,Centro-Oeste,Norte Goiano,Porangatu,Uruaçu - Niquelândia,Porangatu - Uruaçu
520060,5200605,Alto Paraíso de Goiás,GO,52,Goiás,Centro-Oeste,Norte Goiano,Chapada dos Veadeiros,Flores de Goiás,Luziânia - Águas Lindas de Goiás
520080,5200803,Alvorada do Norte,GO,52,Goiás,Centro-Oeste,Leste Goiano,Vão do Paranã,Posse-Campos Belos,Luziânia - Águas Lindas de Goiás
520082,5200829,Amaralina,GO,52,Goiás,Centro-Oeste,Norte Goiano,Porangatu,Uruaçu - Niquelândia,Porangatu - Uruaçu
520085,5200852,Americano do Brasil,GO,52,Goiás,Centro-Oeste,Centro Goiano,Anicuns,Inhumas - Itaberaí - Anicuns,Goiânia
520090,5200902,Amorinópolis,GO,52,Goiás,Centro-Oeste,Centro Goiano,Iporá,Iporá,São Luís de Montes Belos - Iporá
520110,5201108,Anápolis,GO,52,Goiás,Centro-Oeste,Centro Goiano,Anápolis,Anápolis,Goiânia
520120,5201207,Anhanguera,GO,52,Goiás,Centro-Oeste,Sul Goiano,Catalão,Catalão,Goiânia
520130,5201306,Anicuns,GO,52,Goiás,Centro-Oeste,Centro Goiano,Anicuns,Inhumas - Itaberaí - Anicuns,Goiânia
520140,5201405,Aparecida de Goiânia,GO,52,Goiás,Centro-Oeste,Centro Goiano,Goiânia,Goiânia,Goiânia
520145,5201454,Aparecida do Rio Doce,GO,52,Goiás,Centro-Oeste,Sul Goiano,Sudoeste de Goiás,Rio Verde,Rio Verde
520150,5201504,Aporé,GO,52,Goiás,Centro-Oeste,Sul Goiano,Sudoeste de Goiás,Jataí-Mineiros,Rio Verde
520160,5201603,Araçu,GO,52,Goiás,Centro-Oeste,Centro Goiano,Anápolis,Inhumas - Itaberaí - Anicuns,Goiânia
520170,5201702,Aragarças,GO,52,Goiás,Centro-Oeste,Noroeste Goiano,Aragarças,Iporá,São Luís de Montes Belos - Iporá
520180,5201801,Aragoiânia,GO,52,Goiás,Centro-Oeste,Centro Goiano,Goiânia,Goiânia,Goiânia
520215,5202155,Araguapaz,GO,52,Goiás,Centro-Oeste,Noroeste Goiano,Rio Vermelho,Goiás - Itapuranga,Goiânia
520235,5202353,Arenópolis,GO,52,Goiás,Centro-Oeste,Noroeste Goiano,Aragarças,Iporá,São Luís de Montes Belos - Iporá
520250,5202502,Aruanã,GO,52,Goiás,Centro-Oeste,Noroeste Goiano,Rio Vermelho,Goiás - Itapuranga,Goiânia
520260,5202601,Aurilândia,GO,52,Goiás,Centro-Oeste,Centro Goiano,Anicuns,São Luís de Montes Belos,São Luís de Montes Belos - Iporá
520280,5202809,Avelinópolis,GO,52,Goiás,Centro-Oeste,Centro Goiano,Anicuns,Inhumas - Itaberaí - Anicuns,Goiânia
520310,5203104,Baliza,GO,52,Goiás,Centro-Oeste,Noroeste Goiano,Aragarças,Iporá,São Luís de Montes Belos - Iporá
520320,5203203,Barro Alto,GO,52,Goiás,Centro-Oeste,Centro Goiano,Ceres,Ceres - Rialma - Goianésia,Porangatu - Uruaçu
520330,5203302,Bela Vista de Goiás,GO,52,Goiás,Centro-Oeste,Centro Goiano,Goiânia,Goiânia,Goiânia
520340,5203401,Bom Jardim de Goiás,GO,52,Goiás,Centro-Oeste,Noroeste Goiano,Aragarças,Iporá,São Luís de Montes Belos - Iporá
520350,5203500,Bom Jesus de Goiás,GO,52,Goiás,Centro-Oeste,Sul Goiano,Meia Ponte,Itumbiara,Itumbiara
520355,5203559,Bonfinópolis,GO,52,Goiás,Centro-Oeste,Centro Goiano,Goiânia,Goiânia,Goiânia
520357,5203575,Bonópolis,GO,52,Goiás,Centro-Oeste,Norte Goiano,Porangatu,Porangatu,Porangatu - Uruaçu
520360,5203609,Brazabrantes,GO,52,Goiás,Centro-Oeste,Centro Goiano,Anápolis,Goiânia,Goiânia
520380,5203807,Britânia,GO,52,Goiás,Centro-Oeste,Noroeste Goiano,Rio Vermelho,Goiás - Itapuranga,Goiânia
520390,5203906,Buriti Alegre,GO,52,Goiás,Centro-Oeste,Sul Goiano,Meia Ponte,Itumbiara,Itumbiara
520393,5203939,Buriti de Goiás,GO,52,Goiás,Centro-Oeste,Centro Goiano,Anicuns,São Luís de Montes Belos,São Luís de Montes Belos - Iporá
520396,5203962,Buritinópolis,GO,52,Goiás,Centro-Oeste,Leste Goiano,Vão do Paranã,Posse-Campos Belos,Luziânia - Águas Lindas de Goiás
520400,5204003,Cabeceiras,GO,52,Goiás,Centro-Oeste,Leste Goiano,Entorno de Brasília,Águas Lindas de Goiás,Luziânia - Águas Lindas de Goiás
520410,5204102,Cachoeira Alta,GO,52,Goiás,Centro-Oeste,Sul Goiano,Quirinópolis,Rio Verde,Rio Verde
520420,5204201,Cachoeira de Goiás,GO,52,Goiás,Centro-Oeste,Centro Goiano,Iporá,São Luís de Montes Belos,São Luís de Montes Belos - Iporá
520425,5204250,Cachoeira Dourada,GO,52,Goiás,Centro-Oeste,Sul Goiano,Meia Ponte,Itumbiara,Itumbiara
520430,5204300,Caçu,GO,52,Goiás,Centro-Oeste,Sul Goiano,Quirinópolis,Rio Verde,Rio Verde
520440,5204409,Caiapônia,GO,52,Goiás,Centro-Oeste,Sul Goiano,Sudoeste de Goiás,Jataí-Mineiros,Rio Verde
520450,5204508,Caldas Novas,GO,52,Goiás,Centro-Oeste,Sul Goiano,Meia Ponte,Caldas Novas-Morrinhos,Itumbiara
520455,5204557,Caldazinha,GO,52,Goiás,Centro-Oeste,Centro Goiano,Goiânia,Goiânia,Goiânia
520460,5204607,Campestre de Goiás,GO,52,Goiás,Centro-Oeste,Sul Goiano,Vale do Rio dos Bois,Palmeiras de Goiás,São Luís de Montes Belos - Iporá
520465,5204656,Campinaçu,GO,52,Goiás,Centro-Oeste,Norte Goiano,Porangatu,Porangatu,Porangatu - Uruaçu
520470,5204706,Campinorte,GO,52,Goiás,Centro-Oeste,Norte Goiano,Porangatu,Uruaçu - Niquelândia,Porangatu - Uruaçu
520480,5204805,Campo Alegre de Goiás,GO,52,Goiás,Centro-Oeste,Sul Goiano,Catalão,Catalão,Goiânia
520485,5204854,Campo Limpo de Goiás,GO,52,Goiás,Centro-Oeste,Centro Goiano,Anápolis,Anápolis,Goiânia
520490,5204904,Campos Belos,GO,52,Goiás,Centro-Oeste,Norte Goiano,Chapada dos Veadeiros,Posse-Campos Belos,Luziânia - Águas Lindas de Goiás
520495,5204953,Campos Verdes,GO,52,Goiás,Centro-Oeste,Norte Goiano,Porangatu,Ceres - Rialma - Goianésia,Porangatu - Uruaçu
520500,5205000,Carmo do Rio Verde,GO,52,Goiás,Centro-Oeste,Centro Goiano,Ceres,Ceres - Rialma - Goianésia,Porangatu - Uruaçu
520505,5205059,Castelândia,GO,52,Goiás,Centro-Oeste,Sul Goiano,Sudoeste de Goiás,Rio Verde,Rio Verde
520510,5205109,Catalão,GO,52,Goiás,Centro-Oeste,Sul Goiano,Catalão,Catalão,Goiânia
520520,5205208,Caturaí,GO,52,Goiás,Centro-Oeste,Centro Goiano,Anápolis,Goiânia,Goiânia
520530,5205307,Cavalcante,GO,52,Goiás,Centro-Oeste,Norte Goiano,Chapada dos Veadeiros,Flores de Goiás,Luziânia - Águas Lindas de Goiás
520540,5205406,Ceres,GO,52,Goiás,Centro-Oeste,Centro Goiano,Ceres,Ceres - Rialma - Goianésia,Porangatu - Uruaçu
520545,5205455,Cezarina,GO,52,Goiás,Centro-Oeste,Sul Goiano,Vale do Rio dos Bois,Palmeiras de Goiás,São Luís de Montes Belos - Iporá
520547,5205471,Chapadão do Céu,GO,52,Goiás,Centro-Oeste,Sul Goiano,Sudoeste de Goiás,Jataí-Mineiros,Rio Verde
520549,5205497,Cidade Ocidental,GO,52,Goiás,Centro-Oeste,Leste Goiano,Entorno de Brasília,Luziânia,Luziânia - Águas Lindas de Goiás
520551,5205513,Cocalzinho de Goiás,GO,52,Goiás,Centro-Oeste,Leste Goiano,Entorno de Brasília,Águas Lindas de Goiás,Luziânia - Águas Lindas de Goiás
520552,5205521,Colinas do Sul,GO,52,Goiás,Centro-Oeste,Norte Goiano,Chapada dos Veadeiros,Uruaçu - Niquelândia,Porangatu - Uruaçu
520570,5205703,Córrego do Ouro,GO,52,Goiás,Centro-Oeste,Centro Goiano,Iporá,São Luís de Montes Belos,São Luís de Montes Belos - Iporá
520580,5205802,Corumbá de Goiás,GO,52,Goiás,Centro-Oeste,Leste Goiano,Entorno de Brasília,Anápolis,Goiânia
520590,5205901,Corumbaíba,GO,52,Goiás,Centro-Oeste,Sul Goiano,Catalão,Caldas Novas-Morrinhos,Itumbiara
520620,5206206,Cristalina,GO,52,Goiás,Centro-Oeste,Leste Goiano,Entorno de Brasília,Luziânia,Luziânia - Águas Lindas de Goiás
520630,5206305,Cristianópolis,GO,52,Goiás,Centro-Oeste,Sul Goiano,Pires do Rio,Piracanjuba,Itumbiara
520640,5206404,Crixás,GO,52,Goiás,Centro-Oeste,Noroeste Goiano,São Miguel do Araguaia,Ceres - Rialma - Goianésia,Porangatu - Uruaçu
520650,5206503,Cromínia,GO,52,Goiás,Centro-Oeste,Sul Goiano,Meia Ponte,Piracanjuba,Itumbiara
520660,5206602,Cumari,GO,52,Goiás,Centro-Oeste,Sul Goiano,Catalão,Catalão,Goiânia
520670,5206701,Damianópolis,GO,52,Goiás,Centro-Oeste,Leste Goiano,Vão do Paranã,Posse-Campos Belos,Luziânia - Águas Lindas de Goiás
520680,5206800,Damolândia,GO,52,Goiás,Centro-Oeste,Centro Goiano,Anápolis,Inhumas - Itaberaí - Anicuns,Goiânia
520690,5206909,Davinópolis,GO,52,Goiás,Centro-Oeste,Sul Goiano,Catalão,Catalão,Goiânia
520710,5207105,Diorama,GO,52,Goiás,Centro-Oeste,Noroeste Goiano,Aragarças,Iporá,São Luís de Montes Belos - Iporá
520725,5207253,Doverlândia,GO,52,Goiás,Centro-Oeste,Sul Goiano,Sudoeste de Goiás,Jataí-Mineiros,Rio Verde
520735,5207352,Edealina,GO,52,Goiás,Centro-Oeste,Sul Goiano,Vale do Rio dos Bois,Piracanjuba,Itumbiara
520740,5207402,Edéia,GO,52,Goiás,Centro-Oeste,Sul Goiano,Vale do Rio dos Bois,Palmeiras de Goiás,São Luís de Montes Belos - Iporá
520750,5207501,Estrela do Norte,GO,52,Goiás,Centro-Oeste,Norte Goiano,Porangatu,Porangatu,Porangatu - Uruaçu
520753,5207535,Faina,GO,52,Goiás,Centro-Oeste,Noroeste Goiano,Rio Vermelho,Goiás - Itapuranga,Goiânia
520760,5207600,Fazenda Nova,GO,52,Goiás,Centro-Oeste,Centro Goiano,Iporá,São Luís de Montes Belos,São Luís de Montes Belos - Iporá
520780,5207808,Firminópolis,GO,52,Goiás,Centro-Oeste,Centro Goiano,Anicuns,Palmeiras de Goiás,São Luís de Montes Belos - Iporá
520790,5207907,Flores de Goiás,GO,52,Goiás,Centro-Oeste,Leste Goiano,Vão do Paranã,Flores de Goiás,Luziânia - Águas Lindas de Goiás
520800,5208004,Formosa,GO,52,Goiás,Centro-Oeste,Leste Goiano,Entorno de Brasília,Águas Lindas de Goiás,Luziânia - Águas Lindas de Goiás
520810,5208103,Formoso,GO,52,Goiás,Centro-Oeste,Norte Goiano,Porangatu,Porangatu,Porangatu - Uruaçu
520815,5208152,Gameleira de Goiás,GO,52,Goiás,Centro-Oeste,Sul Goiano,Pires do Rio,Anápolis,Goiânia
520830,5208301,Divinópolis de Goiás,GO,52,Goiás,Centro-Oeste,Leste Goiano,Vão do Paranã,Posse-Campos Belos,Luziânia - Águas Lindas de Goiás
520840,5208400,Goianápolis,GO,52,Goiás,Centro-Oeste,Centro Goiano,Goiânia,Anápolis,Goiânia
520850,5208509,Goiandira,GO,52,Goiás,Centro-Oeste,Sul Goiano,Catalão,Catalão,Goiânia
520860,5208608,Goianésia,GO,52,Goiás,Centro-Oeste,Centro Goiano,Ceres,Ceres - Rialma - Goianésia,Porangatu - Uruaçu
520870,5208707,Goiânia,GO,52,Goiás,Centro-Oeste,Centro Goiano,Goiânia,Goiânia,Goiânia
520880,5208806,Goianira,GO,52,Goiás,Centro-Oeste,Centro Goiano,Goiânia,Goiânia,Goiânia
520890,5208905,Goiás,GO,52,Goiás,Centro-Oeste,Noroeste Goiano,Rio Vermelho,Goiás - Itapuranga,Goiânia
520910,5209101,Goiatuba,GO,52,Goiás,Centro-Oeste,Sul Goiano,Meia Ponte,Itumbiara,Itumbiara
520915,5209150,Gouvelândia,GO,52,Goiás,Centro-Oeste,Sul Goiano,Quirinópolis,Quirinópolis,Rio Verde
520920,5209200,Guapó,GO,52,Goiás,Centro-Oeste,Centro Goiano,Goiânia,Goiânia,Goiânia
520929,5209291,Guaraíta,GO,52,Goiás,Centro-Oeste,Centro Goiano,Ceres,Goiás - Itapuranga,Goiânia
520940,5209408,Guarani de Goiás,GO,52,Goiás,Centro-Oeste,Leste Goiano,Vão do Paranã,Posse-Campos Belos,Luziânia - Águas Lindas de Goiás
520945,5209457,Guarinos,GO,52,Goiás,Centro-Oeste,Centro Goiano,Ceres,Ceres - Rialma - Goianésia,Porangatu - Uruaçu
520960,5209606,Heitoraí,GO,52,Goiás,Centro-Oeste,Centro Goiano,Anápolis,Inhumas - Itaberaí - Anicuns,Goiânia
520970,5209705,Hidrolândia,GO,52,Goiás,Centro-Oeste,Centro Goiano,Goiânia,Goiânia,Goiânia
520980,5209804,Hidrolina,GO,52,Goiás,Centro-Oeste,Centro Goiano,Ceres,Uruaçu - Niquelândia,Porangatu - Uruaçu
520990,5209903,Iaciara,GO,52,Goiás,Centro-Oeste,Leste Goiano,Vão do Paranã,Posse-Campos Belos,Luziânia - Águas Lindas de Goiás
520993,5209937,Inaciolândia,GO,52,Goiás,Centro-Oeste,Sul Goiano,Meia Ponte,Quirinópolis,Rio Verde
520995,5209952,Indiara,GO,52,Goiás,Centro-Oeste,Sul Goiano,Vale do Rio dos Bois,Palmeiras de Goiás,São Luís de Montes Belos - Iporá
521000,5210000,Inhumas,GO,52,Goiás,Centro-Oeste,Centro Goiano,Anápolis,Inhumas - Itaberaí - Anicuns,Goiânia
521010,5210109,Ipameri,GO,52,Goiás,Centro-Oeste,Sul Goiano,Catalão,Catalão,Goiânia
521015,5210158,Ipiranga de Goiás,GO,52,Goiás,Centro-Oeste,Centro Goiano,Ceres,Ceres - Rialma - Goianésia,Porangatu - Uruaçu
521020,5210208,Iporá,GO,52,Goiás,Centro-Oeste,Centro Goiano,Iporá,Iporá,São Luís de Montes Belos - Iporá
521030,5210307,Israelândia,GO,52,Goiás,Centro-Oeste,Centro Goiano,Iporá,Iporá,São Luís de Montes Belos - Iporá
521040,5210406,Itaberaí,GO,52,Goiás,Centro-Oeste,Centro Goiano,Anápolis,Inhumas - Itaberaí - Anicuns,Goiânia
521056,5210562,Itaguari,GO,52,Goiás,Centro-Oeste,Centro Goiano,Anápolis,Inhumas - Itaberaí - Anicuns,Goiânia
521060,5210604,Itaguaru,GO,52,Goiás,Centro-Oeste,Centro Goiano,Anápolis,Inhumas - Itaberaí - Anicuns,Goiânia
521080,5210802,Itajá,GO,52,Goiás,Centro-Oeste,Sul Goiano,Quirinópolis,Rio Verde,Rio Verde
521090,5210901,Itapaci,GO,52,Goiás,Centro-Oeste,Centro Goiano,Ceres,Ceres - Rialma - Goianésia,Porangatu - Uruaçu
521100,5211008,Itapirapuã,GO,52,Goiás,Centro-Oeste,Noroeste Goiano,Rio Vermelho,Goiás - Itapuranga,Goiânia
521120,5211206,Itapuranga,GO,52,Goiás,Centro-Oeste,Centro Goiano,Ceres,Goiás - Itapuranga,Goiânia
521130,5211305,Itarumã,GO,52,Goiás,Centro-Oeste,Sul Goiano,Quirinópolis,Rio Verde,Rio Verde
521140,5211404,Itauçu,GO,52,Goiás,Centro-Oeste,Centro Goiano,Anápolis,Inhumas - Itaberaí - Anicuns,Goiânia
521150,5211503,Itumbiara,GO,52,Goiás,Centro-Oeste,Sul Goiano,Meia Ponte,Itumbiara,Itumbiara
521160,5211602,Ivolândia,GO,52,Goiás,Centro-Oeste,Centro Goiano,Iporá,São Luís de Montes Belos,São Luís de Montes Belos - Iporá
521170,5211701,Jandaia,GO,52,Goiás,Centro-Oeste,Sul Goiano,Vale do Rio dos Bois,Palmeiras de Goiás,São Luís de Montes Belos - Iporá
521180,5211800,Jaraguá,GO,52,Goiás,Centro-Oeste,Centro Goiano,Anápolis,Anápolis,Goiânia
521190,5211909,Jataí,GO,52,Goiás,Centro-Oeste,Sul Goiano,Sudoeste de Goiás,Jataí-Mineiros,Rio Verde
521200,5212006,Jaupaci,GO,52,Goiás,Centro-Oeste,Centro Goiano,Iporá,Iporá,São Luís de Montes Belos - Iporá
521205,5212055,Jesúpolis,GO,52,Goiás,Centro-Oeste,Centro Goiano,Anápolis,Anápolis,Goiânia
521210,5212105,Joviânia,GO,52,Goiás,Centro-Oeste,Sul Goiano,Meia Ponte,Itumbiara,Itumbiara
521220,5212204,Jussara,GO,52,Goiás,Centro-Oeste,Noroeste Goiano,Rio Vermelho,Goiás - Itapuranga,Goiânia
521225,5212253,Lagoa Santa,GO,52,Goiás,Centro-Oeste,Sul Goiano,Quirinópolis,Rio Verde,Rio Verde
521230,5212303,Leopoldo de Bulhões,GO,52,Goiás,Centro-Oeste,Centro Goiano,Goiânia,Anápolis,Goiânia
521250,5212501,Luziânia,GO,52,Goiás,Centro-Oeste,Leste Goiano,Entorno de Brasília,Luziânia,Luziânia - Águas Lindas de Goiás
521260,5212600,Mairipotaba,GO,52,Goiás,Centro-Oeste,Sul Goiano,Meia Ponte,Piracanjuba,Itumbiara
521270,5212709,Mambaí,GO,52,Goiás,Centro-Oeste,Leste Goiano,Vão do Paranã,Posse-Campos Belos,Luziânia - Águas Lindas de Goiás
521280,5212808,Mara Rosa,GO,52,Goiás,Centro-Oeste,Norte Goiano,Porangatu,Uruaçu - Niquelândia,Porangatu - Uruaçu
521290,5212907,Marzagão,GO,52,Goiás,Centro-Oeste,Sul Goiano,Meia Ponte,Caldas Novas-Morrinhos,Itumbiara
521295,5212956,Matrinchã,GO,52,Goiás,Centro-Oeste,Noroeste Goiano,Rio Vermelho,Goiás - Itapuranga,Goiânia
521300,5213004,Maurilândia,GO,52,Goiás,Centro-Oeste,Sul Goiano,Sudoeste de Goiás,Rio Verde,Rio Verde
521305,5213053,Mimoso de Goiás,GO,52,Goiás,Centro-Oeste,Leste Goiano,Entorno de Brasília,Águas Lindas de Goiás,Luziânia - Águas Lindas de Goiás
521308,5213087,Minaçu,GO,52,Goiás,Centro-Oeste,Norte Goiano,Porangatu,Porangatu,Porangatu - Uruaçu
521310,5213103,Mineiros,GO,52,Goiás,Centro-Oeste,Sul Goiano,Sudoeste de Goiás,Jataí-Mineiros,Rio Verde
521340,5213400,Moiporá,GO,52,Goiás,Centro-Oeste,Centro Goiano,Iporá,São Luís de Montes Belos,São Luís de Montes Belos - Iporá
521350,5213509,Monte Alegre de Goiás,GO,52,Goiás,Centro-Oeste,Norte Goiano,Chapada dos Veadeiros,Posse-Campos Belos,Luziânia - Águas Lindas de Goiás
521370,5213707,Montes Claros de Goiás,GO,52,Goiás,Centro-Oeste,Noroeste Goiano,Aragarças,Iporá,São Luís de Montes Belos - Iporá
521375,5213756,Montividiu,GO,52,Goiás,Centro-Oeste,Sul Goiano,Sudoeste de Goiás,Rio Verde,Rio Verde
521377,5213772,Montividiu do Norte,GO,52,Goiás,Centro-Oeste,Norte Goiano,Porangatu,Porangatu,Porangatu - Uruaçu
521380,5213806,Morrinhos,GO,52,Goiás,Centro-Oeste,Sul Goiano,Meia Ponte,Caldas Novas-Morrinhos,Itumbiara
521385,5213855,Morro Agudo de Goiás,GO,52,Goiás,Centro-Oeste,Centro Goiano,Ceres,Ceres - Rialma - Goianésia,Porangatu - Uruaçu
521390,5213905,Mossâmedes,GO,52,Goiás,Centro-Oeste,Centro Goiano,Anicuns,Goiás - Itapuranga,Goiânia
521400,5214002,Mozarlândia,GO,52,Goiás,Centro-Oeste,Noroeste Goiano,São Miguel do Araguaia,Goiás - Itapuranga,Goiânia
521405,5214051,Mundo Novo,GO,52,Goiás,Centro-Oeste,Noroeste Goiano,São Miguel do Araguaia,Porangatu,Porangatu - Uruaçu
521410,5214101,Mutunópolis,GO,52,Goiás,Centro-Oeste,Norte Goiano,Porangatu,Porangatu,Porangatu - Uruaçu
521440,5214408,Nazário,GO,52,Goiás,Centro-Oeste,Centro Goiano,Anicuns,Palmeiras de Goiás,São Luís de Montes Belos - Iporá
521450,5214507,Nerópolis,GO,52,Goiás,Centro-Oeste,Centro Goiano,Goiânia,Goiânia,Goiânia
521460,5214606,Niquelândia,GO,52,Goiás,Centro-Oeste,Norte Goiano,Porangatu,Uruaçu - Niquelândia,Porangatu - Uruaçu
521470,5214705,Nova América,GO,52,Goiás,Centro-Oeste,Centro Goiano,Ceres,Ceres - Rialma - Goianésia,Porangatu - Uruaçu
521480,5214804,Nova Aurora,GO,52,Goiás,Centro-Oeste,Sul Goiano,Catalão,Catalão,Goiânia
521483,5214838,Nova Crixás,GO,52,Goiás,Centro-Oeste,Noroeste Goiano,São Miguel do Araguaia,Goiás - Itapuranga,Goiânia
521486,5214861,Nova Glória,GO,52,Goiás,Centro-Oeste,Centro Goiano,Ceres,Ceres - Rialma - Goianésia,Porangatu - Uruaçu
521487,5214879,Nova Iguaçu de Goiás,GO,52,Goiás,Centro-Oeste,Norte Goiano,Porangatu,Uruaçu - Niquelândia,Porangatu - Uruaçu
521490,5214903,Nova Roma,GO,52,Goiás,Centro-Oeste,Norte Goiano,Chapada dos Veadeiros,Posse-Campos Belos,Luziânia - Águas Lindas de Goiás
521500,5215009,Nova Veneza,GO,52,Goiás,Centro-Oeste,Centro Goiano,Anápolis,Goiânia,Goiânia
521520,5215207,Novo Brasil,GO,52,Goiás,Centro-Oeste,Centro Goiano,Iporá,Goiás - Itapuranga,Goiânia
521523,5215231,Novo Gama,GO,52,Goiás,Centro-Oeste,Leste Goiano,Entorno de Brasília,Luziânia,Luziânia - Águas Lindas de Goiás
521525,5215256,Novo Planalto,GO,52,Goiás,Centro-Oeste,Noroeste Goiano,São Miguel do Araguaia,Porangatu,Porangatu - Uruaçu
521530,5215306,Orizona,GO,52,Goiás,Centro-Oeste,Sul Goiano,Pires do Rio,Pires do Rio,Goiânia
521540,5215405,Ouro Verde de Goiás,GO,52,Goiás,Centro-Oeste,Centro Goiano,Anápolis,Anápolis,Goiânia
521550,5215504,Ouvidor,GO,52,Goiás,Centro-Oeste,Sul Goiano,Catalão,Catalão,Goiânia
521560,5215603,Padre Bernardo,GO,52,Goiás,Centro-Oeste,Leste Goiano,Entorno de Brasília,Águas Lindas de Goiás,Luziânia - Águas Lindas de Goiás
521565,5215652,Palestina de Goiás,GO,52,Goiás,Centro-Oeste,Sul Goiano,Sudoeste de Goiás,Iporá,São Luís de Montes Belos - Iporá
521570,5215702,Palmeiras de Goiás,GO,52,Goiás,Centro-Oeste,Sul Goiano,Vale do Rio dos Bois,Palmeiras de Goiás,São Luís de Montes Belos - Iporá
521580,5215801,Palmelo,GO,52,Goiás,Centro-Oeste,Sul Goiano,Pires do Rio,Pires do Rio,Goiânia
521590,5215900,Palminópolis,GO,52,Goiás,Centro-Oeste,Sul Goiano,Vale do Rio dos Bois,Palmeiras de Goiás,São Luís de Montes Belos - Iporá
521600,5216007,Panamá,GO,52,Goiás,Centro-Oeste,Sul Goiano,Meia Ponte,Itumbiara,Itumbiara
521630,5216304,Paranaiguara,GO,52,Goiás,Centro-Oeste,Sul Goiano,Quirinópolis,Quirinópolis,Rio Verde
521640,5216403,Paraúna,GO,52,Goiás,Centro-Oeste,Sul Goiano,Vale do Rio dos Bois,Palmeiras de Goiás,São Luís de Montes Belos - Iporá
521645,5216452,Perolândia,GO,52,Goiás,Centro-Oeste,Sul Goiano,Sudoeste de Goiás,Jataí-Mineiros,Rio Verde
521680,5216809,Petrolina de Goiás,GO,52,Goiás,Centro-Oeste,Centro Goiano,Anápolis,Anápolis,Goiânia
521690,5216908,Pilar de Goiás,GO,52,Goiás,Centro-Oeste,Centro Goiano,Ceres,Ceres - Rialma - Goianésia,Porangatu - Uruaçu
521710,5217104,Piracanjuba,GO,52,Goiás,Centro-Oeste,Sul Goiano,Meia Ponte,Piracanjuba,Itumbiara
521720,5217203,Piranhas,GO,52,Goiás,Centro-Oeste,Noroeste Goiano,Aragarças,Iporá,São Luís de Montes Belos - Iporá
521730,5217302,Pirenópolis,GO,52,Goiás,Centro-Oeste,Leste Goiano,Entorno de Brasília,Anápolis,Goiânia
521740,5217401,Pires do Rio,GO,52,Goiás,Centro-Oeste,Sul Goiano,Pires do Rio,Pires do Rio,Goiânia
521760,5217609,Planaltina,GO,52,Goiás,Centro-Oeste,Leste Goiano,Entorno de Brasília,Águas Lindas de Goiás,Luziânia - Águas Lindas de Goiás
521770,5217708,Pontalina,GO,52,Goiás,Centro-Oeste,Sul Goiano,Meia Ponte,Piracanjuba,Itumbiara
521800,5218003,Porangatu,GO,52,Goiás,Centro-Oeste,Norte Goiano,Porangatu,Porangatu,Porangatu - Uruaçu
521805,5218052,Porteirão,GO,52,Goiás,Centro-Oeste,Sul Goiano,Meia Ponte,Rio Verde,Rio Verde
521810,5218102,Portelândia,GO,52,Goiás,Centro-Oeste,Sul Goiano,Sudoeste de Goiás,Jataí-Mineiros,Rio Verde
521830,5218300,Posse,GO,52,Goiás,Centro-Oeste,Leste Goiano,Vão do Paranã,Posse-Campos Belos,Luziânia - Águas Lindas de Goiás
521839,5218391,Professor Jamil,GO,52,Goiás,Centro-Oeste,Sul Goiano,Meia Ponte,Piracanjuba,Itumbiara
521850,5218508,Quirinópolis,GO,52,Goiás,Centro-Oeste,Sul Goiano,Quirinópolis,Quirinópolis,Rio Verde
521860,5218607,Rialma,GO,52,Goiás,Centro-Oeste,Centro Goiano,Ceres,Ceres - Rialma - Goianésia,Porangatu - Uruaçu
521870,5218706,Rianápolis,GO,52,Goiás,Centro-Oeste,Centro Goiano,Ceres,Ceres - Rialma - Goianésia,Porangatu - Uruaçu
521878,5218789,Rio Quente,GO,52,Goiás,Centro-Oeste,Sul Goiano,Meia Ponte,Caldas Novas-Morrinhos,Itumbiara
521880,5218805,Rio Verde,GO,52,Goiás,Centro-Oeste,Sul Goiano,Sudoeste de Goiás,Rio Verde,Rio Verde
521890,5218904,Rubiataba,GO,52,Goiás,Centro-Oeste,Centro Goiano,Ceres,Ceres - Rialma - Goianésia,Porangatu - Uruaçu
521900,5219001,Sanclerlândia,GO,52,Goiás,Centro-Oeste,Centro Goiano,Anicuns,São Luís de Montes Belos,São Luís de Montes Belos - Iporá
521910,5219100,Santa Bárbara de Goiás,GO,52,Goiás,Centro-Oeste,Centro Goiano,Anicuns,Palmeiras de Goiás,São Luís de Montes Belos - Iporá
521920,5219209,Santa Cruz de Goiás,GO,52,Goiás,Centro-Oeste,Sul Goiano,Pires do Rio,Pires do Rio,Goiânia
521925,5219258,Santa Fé de Goiás,GO,52,Goiás,Centro-Oeste,Noroeste Goiano,Rio Vermelho,Goiás - Itapuranga,Goiânia
521930,5219308,Santa Helena de Goiás,GO,52,Goiás,Centro-Oeste,Sul Goiano,Sudoeste de Goiás,Rio Verde,Rio Verde
521935,5219357,Santa Isabel,GO,52,Goiás,Centro-Oeste,Centro Goiano,Ceres,Ceres - Rialma - Goianésia,Porangatu - Uruaçu
521940,5219407,Santa Rita do Araguaia,GO,52,Goiás,Centro-Oeste,Sul Goiano,Sudoeste de Goiás,Jataí-Mineiros,Rio Verde
521945,5219456,Santa Rita do Novo Destino,GO,52,Goiás,Centro-Oeste,Centro Goiano,Ceres,Ceres - Rialma - Goianésia,Porangatu - Uruaçu
521950,5219506,Santa Rosa de Goiás,GO,52,Goiás,Centro-Oeste,Centro Goiano,Anápolis,Anápolis,Goiânia
521960,5219605,Santa Tereza de Goiás,GO,52,Goiás,Centro-Oeste,Norte Goiano,Porangatu,Porangatu,Porangatu - Uruaçu
521970,5219704,Santa Terezinha de Goiás,GO,52,Goiás,Centro-Oeste,Norte Goiano,Porangatu,Ceres - Rialma - Goianésia,Porangatu - Uruaçu
521971,5219712,Santo Antônio da Barra,GO,52,Goiás,Centro-Oeste,Sul Goiano,Sudoeste de Goiás,Rio Verde,Rio Verde
521973,5219738,Santo Antônio de Goiás,GO,52,Goiás,Centro-Oeste,Centro Goiano,Goiânia,Goiânia,Goiânia
521975,5219753,Santo Antônio do Descoberto,GO,52,Goiás,Centro-Oeste,Leste Goiano,Entorno de Brasília,Luziânia,Luziânia - Águas Lindas de Goiás
521980,5219803,São Domingos,GO,52,Goiás,Centro-Oeste,Leste Goiano,Vão do Paranã,Posse-Campos Belos,Luziânia - Águas Lindas de Goiás
521990,5219902,São Francisco de Goiás,GO,52,Goiás,Centro-Oeste,Centro Goiano,Anápolis,Anápolis,Goiânia
522000,5220009,São João d'Aliança,GO,52,Goiás,Centro-Oeste,Norte Goiano,Chapada dos Veadeiros,Flores de Goiás,Luziânia - Águas Lindas de Goiás
522005,5220058,São João da Paraúna,GO,52,Goiás,Centro-Oeste,Sul Goiano,Vale do Rio dos Bois,Palmeiras de Goiás,São Luís de Montes Belos - Iporá
522010,5220108,São Luís de Montes Belos,GO,52,Goiás,Centro-Oeste,Centro Goiano,Anicuns,São Luís de Montes Belos,São Luís de Montes Belos - Iporá
522015,5220157,São Luiz do Norte,GO,52,Goiás,Centro-Oeste,Centro Goiano,Ceres,Uruaçu - Niquelândia,Porangatu - Uruaçu
522020,5220207,São Miguel do Araguaia,GO,52,Goiás,Centro-Oeste,Noroeste Goiano,São Miguel do Araguaia,Porangatu,Porangatu - Uruaçu
522026,5220264,São Miguel do Passa Quatro,GO,52,Goiás,Centro-Oeste,Sul Goiano,Pires do Rio,Anápolis,Goiânia
522028,5220280,São Patrício,GO,52,Goiás,Centro-Oeste,Centro Goiano,Ceres,Ceres - Rialma - Goianésia,Porangatu - Uruaçu
522040,5220405,São Simão,GO,52,Goiás,Centro-Oeste,Sul Goiano,Quirinópolis,Quirinópolis,Rio Verde
522045,5220454,Senador Canedo,GO,52,Goiás,Centro-Oeste,Centro Goiano,Goiânia,Goiânia,Goiânia
522050,5220504,Serranópolis,GO,52,Goiás,Centro-Oeste,Sul Goiano,Sudoeste de Goiás,Jataí-Mineiros,Rio Verde
522060,5220603,Silvânia,GO,52,Goiás,Centro-Oeste,Sul Goiano,Pires do Rio,Anápolis,Goiânia
522068,5220686,Simolândia,GO,52,Goiás,Centro-Oeste,Leste Goiano,Vão do Paranã,Posse-Campos Belos,Luziânia - Águas Lindas de Goiás
522070,5220702,Sítio d'Abadia,GO,52,Goiás,Centro-Oeste,Leste Goiano,Vão do Paranã,Posse-Campos Belos,Luziânia - Águas Lindas de Goiás
522100,5221007,Taquaral de Goiás,GO,52,Goiás,Centro-Oeste,Centro Goiano,Anápolis,Inhumas - Itaberaí - Anicuns,Goiânia
522108,5221080,Teresina de Goiás,GO,52,Goiás,Centro-Oeste,Norte Goiano,Chapada dos Veadeiros,Flores de Goiás,Luziânia - Águas Lindas de Goiás
522119,5221197,Terezópolis de Goiás,GO,52,Goiás,Centro-Oeste,Centro Goiano,Goiânia,Goiânia,Goiânia
522130,5221304,Três Ranchos,GO,52,Goiás,Centro-Oeste,Sul Goiano,Catalão,Catalão,Goiânia
522140,5221403,Trindade,GO,52,Goiás,Centro-Oeste,Centro Goiano,Goiânia,Goiânia,Goiânia
522145,5221452,Trombas,GO,52,Goiás,Centro-Oeste,Norte Goiano,Porangatu,Porangatu,Porangatu - Uruaçu
522150,5221502,Turvânia,GO,52,Goiás,Centro-Oeste,Centro Goiano,Anicuns,Palmeiras de Goiás,São Luís de Montes Belos - Iporá
522155,5221551,Turvelândia,GO,52,Goiás,Centro-Oeste,Sul Goiano,Vale do Rio dos Bois,Rio Verde,Rio Verde
522157,5221577,Uirapuru,GO,52,Goiás,Centro-Oeste,Noroeste Goiano,São Miguel do Araguaia,Ceres - Rialma - Goianésia,Porangatu - Uruaçu
522160,5221601,Uruaçu,GO,52,Goiás,Centro-Oeste,Norte Goiano,Porangatu,Uruaçu - Niquelândia,Porangatu - Uruaçu
522170,5221700,Uruana,GO,52,Goiás,Centro-Oeste,Centro Goiano,Ceres,Ceres - Rialma - Goianésia,Porangatu - Uruaçu
522180,5221809,Urutaí,GO,52,Goiás,Centro-Oeste,Sul Goiano,Pires do Rio,Pires do Rio,Goiânia
522185,5221858,Valparaíso de Goiás,GO,52,Goiás,Centro-Oeste,Leste Goiano,Entorno de Brasília,Luziânia,Luziânia - Águas Lindas de Goiás
522190,5221908,Varjão,GO,52,Goiás,Centro-Oeste,Sul Goiano,Vale do Rio dos Bois,Goiânia,Goiânia
522200,5222005,Vianópolis,GO,52,Goiás,Centro-Oeste,Sul Goiano,Pires do Rio,Anápolis,Goiânia
522205,5222054,Vicentinópolis,GO,52,Goiás,Centro-Oeste,Sul Goiano,Meia Ponte,Piracanjuba,Itumbiara
522220,5222203,Vila Boa,GO,52,Goiás,Centro-Oeste,Leste Goiano,Entorno de Brasília,Flores de Goiás,Luziânia - Águas Lindas de Goiás
522230,5222302,Vila Propício,GO,52,Goiás,Centro-Oeste,Leste Goiano,Entorno de Brasília,Ceres - Rialma - Goianésia,Porangatu - Uruaçu
530010,5300108,Brasília,DF,53,Distrito Federal,Centro-Oeste,Distrito Federal,Brasília,Distrito Federal,Distrito Federal
