arquivo,arquivo_interno,bytes_internos,base,ano,recorte,encoding,separador,decimal_virgula,n_colunas,esquema_casado,veredito,divergencias,colunas,amostra_1a_linha
E:\pdet\00_raw\pdet\microdados\RAIS\2010\AC2010.7z,AC2010.txt,53996022,RAIS_VINCULOS,2010,AC,cp1252,';',sim,45,RAIS_VINCULOS 2006-2014,OK (nº de colunas) / 1 rótulo(s) diferentes,pos 43: dicionário='Tipo Estab (2a ocorrencia)' arquivo='Tipo Estab',Bairros SP;Bairros Fortaleza;Bairros RJ;Causa Afastamento 1;Causa Afastamento 2;Causa Afastamento 3;Motivo Desligamento;CBO Ocupação 2002;CNAE 2.0 Classe;CNAE 95 Classe;Distritos SP;Vínculo Ativo 31/12;Faixa Etária;Faixa Hora Contrat;Faixa Remun Dezem (SM);Faixa Remun Média (SM);Faixa Tempo Emprego;Escolaridade após 2005;Qtd Hora Contr;Idade;Ind CEI Vinculado;Ind Simples;Mês Admissão;Mês Desligamento;Mun Trab;Município;Nacionalidade;Natureza Jurídica;Ind Portador Defic;Qtd Dias Afastamento;Raça Cor;Regiões Adm DF;Vl Remun Dezembro Nom;Vl Remun Dezembro (SM);Vl Remun Média Nom;Vl Remun Média (SM);CNAE 2.0 Subclasse;Sexo Trabalhador;Tamanho Estabelecimento;Tempo Emprego;Tipo Admissão;Tipo Estab;Tipo Estab;Tipo Defic;Tipo Vínculo,"           {ñ class};           {ñ class};           {ñ class};99;99;99;11;632120;16102;20109;           {ñ class};0;05;06;00;02;03;                  01;  44;  36;0;0;06;12;120040;120017;10;2062;0;   0;08;0000;0000000765,00;000001,50;0000000765,00;000001,50;1610201;                  01;06;     6,5;02;01;CNPJ                ;00;10"
E:\pdet\00_raw\pdet\microdados\RAIS\2010\AL2010.7z,AL2010.txt,211345182,RAIS_VINCULOS,2010,AL,cp1252,';',sim,45,RAIS_VINCULOS 2006-2014,OK (nº de colunas) / 1 rótulo(s) diferentes,pos 43: dicionário='Tipo Estab (2a ocorrencia)' arquivo='Tipo Estab',Bairros SP;Bairros Fortaleza;Bairros RJ;Causa Afastamento 1;Causa Afastamento 2;Causa Afastamento 3;Motivo Desligamento;CBO Ocupação 2002;CNAE 2.0 Classe;CNAE 95 Classe;Distritos SP;Vínculo Ativo 31/12;Faixa Etária;Faixa Hora Contrat;Faixa Remun Dezem (SM);Faixa Remun Média (SM);Faixa Tempo Emprego;Escolaridade após 2005;Qtd Hora Contr;Idade;Ind CEI Vinculado;Ind Simples;Mês Admissão;Mês Desligamento;Mun Trab;Município;Nacionalidade;Natureza Jurídica;Ind Portador Defic;Qtd Dias Afastamento;Raça Cor;Regiões Adm DF;Vl Remun Dezembro Nom;Vl Remun Dezembro (SM);Vl Remun Média Nom;Vl Remun Média (SM);CNAE 2.0 Subclasse;Sexo Trabalhador;Tamanho Estabelecimento;Tempo Emprego;Tipo Admissão;Tipo Estab;Tipo Estab;Tipo Defic;Tipo Vínculo,"           {ñ class};           {ñ class};           {ñ class};99;99;99;11;513425;47890;52493;           {ñ class};0;04;06;00;02;05;                  01;  44;  27;0;0;00;12;000000;270430;10;2062;0;   0;02;0000;0000000576,83;000001,13;0000000570,35;000001,11;4789002;                  01;04;    35,9;00;01;CNPJ                ;00;10"
E:\pdet\00_raw\pdet\microdados\RAIS\2010\AM2010.7z,AM2010.txt,275849946,RAIS_VINCULOS,2010,AM,cp1252,';',sim,45,RAIS_VINCULOS 2006-2014,OK (nº de colunas) / 1 rótulo(s) diferentes,pos 43: dicionário='Tipo Estab (2a ocorrencia)' arquivo='Tipo Estab',Bairros SP;Bairros Fortaleza;Bairros RJ;Causa Afastamento 1;Causa Afastamento 2;Causa Afastamento 3;Motivo Desligamento;CBO Ocupação 2002;CNAE 2.0 Classe;CNAE 95 Classe;Distritos SP;Vínculo Ativo 31/12;Faixa Etária;Faixa Hora Contrat;Faixa Remun Dezem (SM);Faixa Remun Média (SM);Faixa Tempo Emprego;Escolaridade após 2005;Qtd Hora Contr;Idade;Ind CEI Vinculado;Ind Simples;Mês Admissão;Mês Desligamento;Mun Trab;Município;Nacionalidade;Natureza Jurídica;Ind Portador Defic;Qtd Dias Afastamento;Raça Cor;Regiões Adm DF;Vl Remun Dezembro Nom;Vl Remun Dezembro (SM);Vl Remun Média Nom;Vl Remun Média (SM);CNAE 2.0 Subclasse;Sexo Trabalhador;Tamanho Estabelecimento;Tempo Emprego;Tipo Admissão;Tipo Estab;Tipo Estab;Tipo Defic;Tipo Vínculo,"           {ñ class};           {ñ class};           {ñ class};99;99;99;11;717020;41204;45217;           {ñ class};0;06;06;00;02;05;                  01;  44;  41;0;0;00;03;000000;130260;10;2062;0;   5;08;0000;0000000000,00;000000,00;0000000537,94;000001,05;4120400;                  01;06;    24,4;00;01;CNPJ                ;00;10"
E:\pdet\00_raw\pdet\microdados\RAIS\2010\AP2010.7z,AP2010.txt,48557133,RAIS_VINCULOS,2010,AP,cp1252,';',sim,45,RAIS_VINCULOS 2006-2014,OK (nº de colunas) / 1 rótulo(s) diferentes,pos 43: dicionário='Tipo Estab (2a ocorrencia)' arquivo='Tipo Estab',Bairros SP;Bairros Fortaleza;Bairros RJ;Causa Afastamento 1;Causa Afastamento 2;Causa Afastamento 3;Motivo Desligamento;CBO Ocupação 2002;CNAE 2.0 Classe;CNAE 95 Classe;Distritos SP;Vínculo Ativo 31/12;Faixa Etária;Faixa Hora Contrat;Faixa Remun Dezem (SM);Faixa Remun Média (SM);Faixa Tempo Emprego;Escolaridade após 2005;Qtd Hora Contr;Idade;Ind CEI Vinculado;Ind Simples;Mês Admissão;Mês Desligamento;Mun Trab;Município;Nacionalidade;Natureza Jurídica;Ind Portador Defic;Qtd Dias Afastamento;Raça Cor;Regiões Adm DF;Vl Remun Dezembro Nom;Vl Remun Dezembro (SM);Vl Remun Média Nom;Vl Remun Média (SM);CNAE 2.0 Subclasse;Sexo Trabalhador;Tamanho Estabelecimento;Tempo Emprego;Tipo Admissão;Tipo Estab;Tipo Estab;Tipo Defic;Tipo Vínculo,"           {ñ class};           {ñ class};           {ñ class};99;99;99;11;717020;47539;52426;           {ñ class};0;05;06;00;03;04;                  01;  44;  35;0;0;00;05;000000;160030;10;2062;0;   0;08;0000;0000000000,00;000000,00;0000000903,35;000001,76;4753900;                  01;08;    18,2;00;01;CNPJ                ;00;10"
E:\pdet\00_raw\pdet\microdados\RAIS\2010\BA2010.7z,BA2010.txt,1019794923,RAIS_VINCULOS,2010,BA,cp1252,';',sim,45,RAIS_VINCULOS 2006-2014,OK (nº de colunas) / 1 rótulo(s) diferentes,pos 43: dicionário='Tipo Estab (2a ocorrencia)' arquivo='Tipo Estab',Bairros SP;Bairros Fortaleza;Bairros RJ;Causa Afastamento 1;Causa Afastamento 2;Causa Afastamento 3;Motivo Desligamento;CBO Ocupação 2002;CNAE 2.0 Classe;CNAE 95 Classe;Distritos SP;Vínculo Ativo 31/12;Faixa Etária;Faixa Hora Contrat;Faixa Remun Dezem (SM);Faixa Remun Média (SM);Faixa Tempo Emprego;Escolaridade após 2005;Qtd Hora Contr;Idade;Ind CEI Vinculado;Ind Simples;Mês Admissão;Mês Desligamento;Mun Trab;Município;Nacionalidade;Natureza Jurídica;Ind Portador Defic;Qtd Dias Afastamento;Raça Cor;Regiões Adm DF;Vl Remun Dezembro Nom;Vl Remun Dezembro (SM);Vl Remun Média Nom;Vl Remun Média (SM);CNAE 2.0 Subclasse;Sexo Trabalhador;Tamanho Estabelecimento;Tempo Emprego;Tipo Admissão;Tipo Estab;Tipo Estab;Tipo Defic;Tipo Vínculo,"           {ñ class};           {ñ class};           {ñ class};99;99;99;11;717020;43916;45128;           {ñ class};0;07;06;00;99;06;                  01;  44;  63;0;0;00;02;291900;292740;10;2062;0;   0;08;0000;0000000000,00;000000,00;0000000000,00;000000,00;4391600;                  01;04;    48,8;00;01;CNPJ                ;00;10"
E:\pdet\00_raw\pdet\microdados\RAIS\2010\CE2010.7z,CE2010.txt,622988793,RAIS_VINCULOS,2010,CE,cp1252,';',sim,45,RAIS_VINCULOS 2006-2014,OK (nº de colunas) / 1 rótulo(s) diferentes,pos 43: dicionário='Tipo Estab (2a ocorrencia)' arquivo='Tipo Estab',Bairros SP;Bairros Fortaleza;Bairros RJ;Causa Afastamento 1;Causa Afastamento 2;Causa Afastamento 3;Motivo Desligamento;CBO Ocupação 2002;CNAE 2.0 Classe;CNAE 95 Classe;Distritos SP;Vínculo Ativo 31/12;Faixa Etária;Faixa Hora Contrat;Faixa Remun Dezem (SM);Faixa Remun Média (SM);Faixa Tempo Emprego;Escolaridade após 2005;Qtd Hora Contr;Idade;Ind CEI Vinculado;Ind Simples;Mês Admissão;Mês Desligamento;Mun Trab;Município;Nacionalidade;Natureza Jurídica;Ind Portador Defic;Qtd Dias Afastamento;Raça Cor;Regiões Adm DF;Vl Remun Dezembro Nom;Vl Remun Dezembro (SM);Vl Remun Média Nom;Vl Remun Média (SM);CNAE 2.0 Subclasse;Sexo Trabalhador;Tamanho Estabelecimento;Tempo Emprego;Tipo Admissão;Tipo Estab;Tipo Estab;Tipo Defic;Tipo Vínculo,"           {ñ class};                0022;           {ñ class};99;99;99;11;715505;42995;45292;           {ñ class};0;05;06;00;02;01;                  01;  44;  36;1;0;01;03;230440;230440;10;2062;0;   0;08;0000;0000000000,00;000000,00;0000000628,61;000001,22;4299599;                  01;01;     2,3;04;01;CNPJ                ;00;10"
E:\pdet\00_raw\pdet\microdados\RAIS\2010\DF2010.7z,DF2010.txt,509777784,RAIS_VINCULOS,2010,DF,cp1252,';',sim,45,RAIS_VINCULOS 2006-2014,OK (nº de colunas) / 1 rótulo(s) diferentes,pos 43: dicionário='Tipo Estab (2a ocorrencia)' arquivo='Tipo Estab',Bairros SP;Bairros Fortaleza;Bairros RJ;Causa Afastamento 1;Causa Afastamento 2;Causa Afastamento 3;Motivo Desligamento;CBO Ocupação 2002;CNAE 2.0 Classe;CNAE 95 Classe;Distritos SP;Vínculo Ativo 31/12;Faixa Etária;Faixa Hora Contrat;Faixa Remun Dezem (SM);Faixa Remun Média (SM);Faixa Tempo Emprego;Escolaridade após 2005;Qtd Hora Contr;Idade;Ind CEI Vinculado;Ind Simples;Mês Admissão;Mês Desligamento;Mun Trab;Município;Nacionalidade;Natureza Jurídica;Ind Portador Defic;Qtd Dias Afastamento;Raça Cor;Regiões Adm DF;Vl Remun Dezembro Nom;Vl Remun Dezembro (SM);Vl Remun Média Nom;Vl Remun Média (SM);CNAE 2.0 Subclasse;Sexo Trabalhador;Tamanho Estabelecimento;Tempo Emprego;Tipo Admissão;Tipo Estab;Tipo Estab;Tipo Defic;Tipo Vínculo,"           {ñ class};           {ñ class};           {ñ class};99;99;99;11;717020;47318;50504;           {ñ class};0;05;06;00;03;05;                  01;  44;  39;0;0;00;09;000000;530010;10;2062;0;   0;02;0001;0000000000,00;000000,00;0000000888,96;000001,73;4731800;                  01;06;    29,4;00;01;CNPJ                ;00;10"
E:\pdet\00_raw\pdet\microdados\RAIS\2010\ES2010.7z,ES2010.txt,455958990,RAIS_VINCULOS,2010,ES,cp1252,';',sim,45,RAIS_VINCULOS 2006-2014,OK (nº de colunas) / 1 rótulo(s) diferentes,pos 43: dicionário='Tipo Estab (2a ocorrencia)' arquivo='Tipo Estab',Bairros SP;Bairros Fortaleza;Bairros RJ;Causa Afastamento 1;Causa Afastamento 2;Causa Afastamento 3;Motivo Desligamento;CBO Ocupação 2002;CNAE 2.0 Classe;CNAE 95 Classe;Distritos SP;Vínculo Ativo 31/12;Faixa Etária;Faixa Hora Contrat;Faixa Remun Dezem (SM);Faixa Remun Média (SM);Faixa Tempo Emprego;Escolaridade após 2005;Qtd Hora Contr;Idade;Ind CEI Vinculado;Ind Simples;Mês Admissão;Mês Desligamento;Mun Trab;Município;Nacionalidade;Natureza Jurídica;Ind Portador Defic;Qtd Dias Afastamento;Raça Cor;Regiões Adm DF;Vl Remun Dezembro Nom;Vl Remun Dezembro (SM);Vl Remun Média Nom;Vl Remun Média (SM);CNAE 2.0 Subclasse;Sexo Trabalhador;Tamanho Estabelecimento;Tempo Emprego;Tipo Admissão;Tipo Estab;Tipo Estab;Tipo Defic;Tipo Vínculo,"           {ñ class};           {ñ class};           {ñ class};99;99;99;21;715210;41204;45217;           {ñ class};0;06;06;00;02;01;                  01;  44;  42;0;0;02;05;320120;320120;10;1015;0;   0;02;0000;0000000000,00;000000,00;0000000683,28;000001,33;4120400;                  01;06;     2,6;02;01;CNPJ                ;00;10"
E:\pdet\00_raw\pdet\microdados\RAIS\2010\ESTB2010.7z,ESTB2010.txt,1858596414,RAIS_ESTAB,2010,,cp1252,';',?,21,RAIS_ESTAB 2014-2017,DIVERGE,"esperava 24 colunas, li 21",Bairros SP;Bairros Fortaleza;Bairros RJ;CNAE 2.0 Classe;CNAE 95 Classe;Distritos SP;Qtd Vínculos CLT;Qtd Vínculos Ativos;Qtd Vínculos Estatutários;Ind Atividade Ano;Ind CEI Vinculado;Ind Estab Participa PAT;Ind Rais Negativa;Ind Simples;Município;Natureza Jurídica;Regiões Adm DF;CNAE 2.0 Subclasse;Tamanho Estabelecimento;Tipo Estab;Tipo Estab,           {ñ class};           {ñ class};           {ñ class};94995;91995;{ñ clas;00000000000000000000;00000000000000000000;00000000000000000000;1;0;0;                   1;0;530010;3999;                0004;9499500;01;01;Cnpj                
E:\pdet\00_raw\pdet\microdados\RAIS\2010\GO2010.7z,GO2010.txt,689292423,RAIS_VINCULOS,2010,GO,cp1252,';',sim,45,RAIS_VINCULOS 2006-2014,OK (nº de colunas) / 1 rótulo(s) diferentes,pos 43: dicionário='Tipo Estab (2a ocorrencia)' arquivo='Tipo Estab',Bairros SP;Bairros Fortaleza;Bairros RJ;Causa Afastamento 1;Causa Afastamento 2;Causa Afastamento 3;Motivo Desligamento;CBO Ocupação 2002;CNAE 2.0 Classe;CNAE 95 Classe;Distritos SP;Vínculo Ativo 31/12;Faixa Etária;Faixa Hora Contrat;Faixa Remun Dezem (SM);Faixa Remun Média (SM);Faixa Tempo Emprego;Escolaridade após 2005;Qtd Hora Contr;Idade;Ind CEI Vinculado;Ind Simples;Mês Admissão;Mês Desligamento;Mun Trab;Município;Nacionalidade;Natureza Jurídica;Ind Portador Defic;Qtd Dias Afastamento;Raça Cor;Regiões Adm DF;Vl Remun Dezembro Nom;Vl Remun Dezembro (SM);Vl Remun Média Nom;Vl Remun Média (SM);CNAE 2.0 Subclasse;Sexo Trabalhador;Tamanho Estabelecimento;Tempo Emprego;Tipo Admissão;Tipo Estab;Tipo Estab;Tipo Defic;Tipo Vínculo,"           {ñ class};           {ñ class};           {ñ class};99;99;99;21;784205;22293;25291;           {ñ class};0;05;06;00;02;01;                  01;  44;  30;0;0;10;10;000000;520110;10;2062;0;   0;02;0000;0000000000,00;000000,00;0000000676,60;000001,32;2229399;                  01;07;     0,4;02;01;CNPJ                ;00;10"
E:\pdet\00_raw\pdet\microdados\RAIS\2010\MA2010.7z,MA2010.txt,288343773,RAIS_VINCULOS,2010,MA,cp1252,';',sim,45,RAIS_VINCULOS 2006-2014,OK (nº de colunas) / 1 rótulo(s) diferentes,pos 43: dicionário='Tipo Estab (2a ocorrencia)' arquivo='Tipo Estab',Bairros SP;Bairros Fortaleza;Bairros RJ;Causa Afastamento 1;Causa Afastamento 2;Causa Afastamento 3;Motivo Desligamento;CBO Ocupação 2002;CNAE 2.0 Classe;CNAE 95 Classe;Distritos SP;Vínculo Ativo 31/12;Faixa Etária;Faixa Hora Contrat;Faixa Remun Dezem (SM);Faixa Remun Média (SM);Faixa Tempo Emprego;Escolaridade após 2005;Qtd Hora Contr;Idade;Ind CEI Vinculado;Ind Simples;Mês Admissão;Mês Desligamento;Mun Trab;Município;Nacionalidade;Natureza Jurídica;Ind Portador Defic;Qtd Dias Afastamento;Raça Cor;Regiões Adm DF;Vl Remun Dezembro Nom;Vl Remun Dezembro (SM);Vl Remun Média Nom;Vl Remun Média (SM);CNAE 2.0 Subclasse;Sexo Trabalhador;Tamanho Estabelecimento;Tempo Emprego;Tipo Admissão;Tipo Estab;Tipo Estab;Tipo Defic;Tipo Vínculo,"           {ñ class};           {ñ class};           {ñ class};99;99;99;11;517420;47440;52442;           {ñ class};0;06;06;00;02;05;                  01;  44;  48;0;1;00;12;000000;210120;10;2062;0;   0;02;0000;0000000681,25;000001,33;0000000680,92;000001,33;4744099;                  01;02;    29,9;00;01;CNPJ                ;00;10"
E:\pdet\00_raw\pdet\microdados\RAIS\2010\MG2010.7z,MG2010.txt,2444334291,RAIS_VINCULOS,2010,MG,cp1252,';',sim,45,RAIS_VINCULOS 2006-2014,OK (nº de colunas) / 1 rótulo(s) diferentes,pos 43: dicionário='Tipo Estab (2a ocorrencia)' arquivo='Tipo Estab',Bairros SP;Bairros Fortaleza;Bairros RJ;Causa Afastamento 1;Causa Afastamento 2;Causa Afastamento 3;Motivo Desligamento;CBO Ocupação 2002;CNAE 2.0 Classe;CNAE 95 Classe;Distritos SP;Vínculo Ativo 31/12;Faixa Etária;Faixa Hora Contrat;Faixa Remun Dezem (SM);Faixa Remun Média (SM);Faixa Tempo Emprego;Escolaridade após 2005;Qtd Hora Contr;Idade;Ind CEI Vinculado;Ind Simples;Mês Admissão;Mês Desligamento;Mun Trab;Município;Nacionalidade;Natureza Jurídica;Ind Portador Defic;Qtd Dias Afastamento;Raça Cor;Regiões Adm DF;Vl Remun Dezembro Nom;Vl Remun Dezembro (SM);Vl Remun Média Nom;Vl Remun Média (SM);CNAE 2.0 Subclasse;Sexo Trabalhador;Tamanho Estabelecimento;Tempo Emprego;Tipo Admissão;Tipo Estab;Tipo Estab;Tipo Defic;Tipo Vínculo,"           {ñ class};           {ñ class};           {ñ class};99;99;99;11;848510;45412;50415;           {ñ class};0;03;06;00;02;03;                  01;  44;  19;0;1;04;10;314110;314110;10;2135;0;   0;08;0000;0000000000,00;000000,00;0000000637,61;000001,24;4541205;                  01;02;     6,1;02;01;CNPJ                ;00;10"
E:\pdet\00_raw\pdet\microdados\RAIS\2010\MS2010.7z,MS2010.txt,294945831,RAIS_VINCULOS,2010,MS,cp1252,';',sim,45,RAIS_VINCULOS 2006-2014,OK (nº de colunas) / 1 rótulo(s) diferentes,pos 43: dicionário='Tipo Estab (2a ocorrencia)' arquivo='Tipo Estab',Bairros SP;Bairros Fortaleza;Bairros RJ;Causa Afastamento 1;Causa Afastamento 2;Causa Afastamento 3;Motivo Desligamento;CBO Ocupação 2002;CNAE 2.0 Classe;CNAE 95 Classe;Distritos SP;Vínculo Ativo 31/12;Faixa Etária;Faixa Hora Contrat;Faixa Remun Dezem (SM);Faixa Remun Média (SM);Faixa Tempo Emprego;Escolaridade após 2005;Qtd Hora Contr;Idade;Ind CEI Vinculado;Ind Simples;Mês Admissão;Mês Desligamento;Mun Trab;Município;Nacionalidade;Natureza Jurídica;Ind Portador Defic;Qtd Dias Afastamento;Raça Cor;Regiões Adm DF;Vl Remun Dezembro Nom;Vl Remun Dezembro (SM);Vl Remun Média Nom;Vl Remun Média (SM);CNAE 2.0 Subclasse;Sexo Trabalhador;Tamanho Estabelecimento;Tempo Emprego;Tipo Admissão;Tipo Estab;Tipo Estab;Tipo Defic;Tipo Vínculo,"           {ñ class};           {ñ class};           {ñ class};99;99;99;12;764115;15335;19330;           {ñ class};0;05;06;00;02;01;                  01;  44;  33;0;0;10;12;000000;500830;10;2062;0;   0;08;0000;0000000540,00;000001,05;0000000540,00;000001,05;1533500;                  01;07;     2,0;02;01;CNPJ                ;00;10"
E:\pdet\00_raw\pdet\microdados\RAIS\2010\MT2010.7z,MT2010.txt,372888810,RAIS_VINCULOS,2010,MT,cp1252,';',sim,45,RAIS_VINCULOS 2006-2014,OK (nº de colunas) / 1 rótulo(s) diferentes,pos 43: dicionário='Tipo Estab (2a ocorrencia)' arquivo='Tipo Estab',Bairros SP;Bairros Fortaleza;Bairros RJ;Causa Afastamento 1;Causa Afastamento 2;Causa Afastamento 3;Motivo Desligamento;CBO Ocupação 2002;CNAE 2.0 Classe;CNAE 95 Classe;Distritos SP;Vínculo Ativo 31/12;Faixa Etária;Faixa Hora Contrat;Faixa Remun Dezem (SM);Faixa Remun Média (SM);Faixa Tempo Emprego;Escolaridade após 2005;Qtd Hora Contr;Idade;Ind CEI Vinculado;Ind Simples;Mês Admissão;Mês Desligamento;Mun Trab;Município;Nacionalidade;Natureza Jurídica;Ind Portador Defic;Qtd Dias Afastamento;Raça Cor;Regiões Adm DF;Vl Remun Dezembro Nom;Vl Remun Dezembro (SM);Vl Remun Média Nom;Vl Remun Média (SM);CNAE 2.0 Subclasse;Sexo Trabalhador;Tamanho Estabelecimento;Tempo Emprego;Tipo Admissão;Tipo Estab;Tipo Estab;Tipo Defic;Tipo Vínculo,"           {ñ class};           {ñ class};           {ñ class};99;99;99;21;783210;52117;63126;           {ñ class};0;07;06;00;02;01;                  01;  44;  56;0;0;06;07;510525;510525;10;2062;0;   0;08;0000;0000000000,00;000000,00;0000000600,00;000001,17;5211701;                  01;02;     1,3;02;01;CNPJ                ;00;10"
E:\pdet\00_raw\pdet\microdados\RAIS\2010\PA2010.7z,PA2010.txt,440982981,RAIS_VINCULOS,2010,PA,cp1252,';',sim,45,RAIS_VINCULOS 2006-2014,OK (nº de colunas) / 1 rótulo(s) diferentes,pos 43: dicionário='Tipo Estab (2a ocorrencia)' arquivo='Tipo Estab',Bairros SP;Bairros Fortaleza;Bairros RJ;Causa Afastamento 1;Causa Afastamento 2;Causa Afastamento 3;Motivo Desligamento;CBO Ocupação 2002;CNAE 2.0 Classe;CNAE 95 Classe;Distritos SP;Vínculo Ativo 31/12;Faixa Etária;Faixa Hora Contrat;Faixa Remun Dezem (SM);Faixa Remun Média (SM);Faixa Tempo Emprego;Escolaridade após 2005;Qtd Hora Contr;Idade;Ind CEI Vinculado;Ind Simples;Mês Admissão;Mês Desligamento;Mun Trab;Município;Nacionalidade;Natureza Jurídica;Ind Portador Defic;Qtd Dias Afastamento;Raça Cor;Regiões Adm DF;Vl Remun Dezembro Nom;Vl Remun Dezembro (SM);Vl Remun Média Nom;Vl Remun Média (SM);CNAE 2.0 Subclasse;Sexo Trabalhador;Tamanho Estabelecimento;Tempo Emprego;Tipo Admissão;Tipo Estab;Tipo Estab;Tipo Defic;Tipo Vínculo,"           {ñ class};           {ñ class};           {ñ class};99;99;99;31;762205;15106;19100;           {ñ class};0;05;06;00;04;03;                  01;  44;  32;0;0;00;10;150840;150840;10;2062;0;   0;09;0000;0000000000,00;000000,00;0000001263,28;000002,47;1510600;                  01;07;    10,2;00;01;CNPJ                ;00;10"
E:\pdet\00_raw\pdet\microdados\RAIS\2010\PB2010.7z,PB2010.txt,243437391,RAIS_VINCULOS,2010,PB,cp1252,';',sim,45,RAIS_VINCULOS 2006-2014,OK (nº de colunas) / 1 rótulo(s) diferentes,pos 43: dicionário='Tipo Estab (2a ocorrencia)' arquivo='Tipo Estab',Bairros SP;Bairros Fortaleza;Bairros RJ;Causa Afastamento 1;Causa Afastamento 2;Causa Afastamento 3;Motivo Desligamento;CBO Ocupação 2002;CNAE 2.0 Classe;CNAE 95 Classe;Distritos SP;Vínculo Ativo 31/12;Faixa Etária;Faixa Hora Contrat;Faixa Remun Dezem (SM);Faixa Remun Média (SM);Faixa Tempo Emprego;Escolaridade após 2005;Qtd Hora Contr;Idade;Ind CEI Vinculado;Ind Simples;Mês Admissão;Mês Desligamento;Mun Trab;Município;Nacionalidade;Natureza Jurídica;Ind Portador Defic;Qtd Dias Afastamento;Raça Cor;Regiões Adm DF;Vl Remun Dezembro Nom;Vl Remun Dezembro (SM);Vl Remun Média Nom;Vl Remun Média (SM);CNAE 2.0 Subclasse;Sexo Trabalhador;Tamanho Estabelecimento;Tempo Emprego;Tipo Admissão;Tipo Estab;Tipo Estab;Tipo Defic;Tipo Vínculo,"           {ñ class};           {ñ class};           {ñ class};99;99;99;31;717020;41204;45217;           {ñ class};0;05;06;00;02;01;                  01;  44;  38;1;0;00;01;250750;250320;10;2062;0;   0;08;0000;0000000000,00;000000,00;0000000532,94;000001,04;4120400;                  01;01;     1,9;00;01;CNPJ                ;00;10"
E:\pdet\00_raw\pdet\microdados\RAIS\2010\PE2010.7z,PE2010.txt,717247773,RAIS_VINCULOS,2010,PE,cp1252,';',sim,45,RAIS_VINCULOS 2006-2014,OK (nº de colunas) / 1 rótulo(s) diferentes,pos 43: dicionário='Tipo Estab (2a ocorrencia)' arquivo='Tipo Estab',Bairros SP;Bairros Fortaleza;Bairros RJ;Causa Afastamento 1;Causa Afastamento 2;Causa Afastamento 3;Motivo Desligamento;CBO Ocupação 2002;CNAE 2.0 Classe;CNAE 95 Classe;Distritos SP;Vínculo Ativo 31/12;Faixa Etária;Faixa Hora Contrat;Faixa Remun Dezem (SM);Faixa Remun Média (SM);Faixa Tempo Emprego;Escolaridade após 2005;Qtd Hora Contr;Idade;Ind CEI Vinculado;Ind Simples;Mês Admissão;Mês Desligamento;Mun Trab;Município;Nacionalidade;Natureza Jurídica;Ind Portador Defic;Qtd Dias Afastamento;Raça Cor;Regiões Adm DF;Vl Remun Dezembro Nom;Vl Remun Dezembro (SM);Vl Remun Média Nom;Vl Remun Média (SM);CNAE 2.0 Subclasse;Sexo Trabalhador;Tamanho Estabelecimento;Tempo Emprego;Tipo Admissão;Tipo Estab;Tipo Estab;Tipo Defic;Tipo Vínculo,"           {ñ class};           {ñ class};           {ñ class};99;99;99;11;717020;42995;45292;           {ñ class};0;05;06;00;02;03;                  01;  44;  39;0;0;04;12;260110;260110;10;2062;0;   0;08;0000;0000000607,99;000001,19;0000000558,66;000001,09;4299599;                  01;03;     8,3;02;01;CNPJ                ;00;10"
E:\pdet\00_raw\pdet\microdados\RAIS\2010\PI2010.7z,PI2010.txt,169357545,RAIS_VINCULOS,2010,PI,cp1252,';',sim,45,RAIS_VINCULOS 2006-2014,OK (nº de colunas) / 1 rótulo(s) diferentes,pos 43: dicionário='Tipo Estab (2a ocorrencia)' arquivo='Tipo Estab',Bairros SP;Bairros Fortaleza;Bairros RJ;Causa Afastamento 1;Causa Afastamento 2;Causa Afastamento 3;Motivo Desligamento;CBO Ocupação 2002;CNAE 2.0 Classe;CNAE 95 Classe;Distritos SP;Vínculo Ativo 31/12;Faixa Etária;Faixa Hora Contrat;Faixa Remun Dezem (SM);Faixa Remun Média (SM);Faixa Tempo Emprego;Escolaridade após 2005;Qtd Hora Contr;Idade;Ind CEI Vinculado;Ind Simples;Mês Admissão;Mês Desligamento;Mun Trab;Município;Nacionalidade;Natureza Jurídica;Ind Portador Defic;Qtd Dias Afastamento;Raça Cor;Regiões Adm DF;Vl Remun Dezembro Nom;Vl Remun Dezembro (SM);Vl Remun Média Nom;Vl Remun Média (SM);CNAE 2.0 Subclasse;Sexo Trabalhador;Tamanho Estabelecimento;Tempo Emprego;Tipo Admissão;Tipo Estab;Tipo Estab;Tipo Defic;Tipo Vínculo,"           {ñ class};           {ñ class};           {ñ class};99;99;99;11;517410;81125;70408;           {ñ class};0;05;06;00;02;07;                  01;  44;  31;0;0;00;07;221100;221100;10;3085;0;  38;08;0000;0000000000,00;000000,00;0000000620,53;000001,21;8112500;                  01;02;    73,2;00;01;CNPJ                ;00;10"
E:\pdet\00_raw\pdet\microdados\RAIS\2010\PR2010.7z,PR2010.txt,1457671941,RAIS_VINCULOS,2010,PR,cp1252,';',sim,45,RAIS_VINCULOS 2006-2014,OK (nº de colunas) / 1 rótulo(s) diferentes,pos 43: dicionário='Tipo Estab (2a ocorrencia)' arquivo='Tipo Estab',Bairros SP;Bairros Fortaleza;Bairros RJ;Causa Afastamento 1;Causa Afastamento 2;Causa Afastamento 3;Motivo Desligamento;CBO Ocupação 2002;CNAE 2.0 Classe;CNAE 95 Classe;Distritos SP;Vínculo Ativo 31/12;Faixa Etária;Faixa Hora Contrat;Faixa Remun Dezem (SM);Faixa Remun Média (SM);Faixa Tempo Emprego;Escolaridade após 2005;Qtd Hora Contr;Idade;Ind CEI Vinculado;Ind Simples;Mês Admissão;Mês Desligamento;Mun Trab;Município;Nacionalidade;Natureza Jurídica;Ind Portador Defic;Qtd Dias Afastamento;Raça Cor;Regiões Adm DF;Vl Remun Dezembro Nom;Vl Remun Dezembro (SM);Vl Remun Média Nom;Vl Remun Média (SM);CNAE 2.0 Subclasse;Sexo Trabalhador;Tamanho Estabelecimento;Tempo Emprego;Tipo Admissão;Tipo Estab;Tipo Estab;Tipo Defic;Tipo Vínculo,"           {ñ class};           {ñ class};           {ñ class};99;99;99;11;772105;16102;20109;           {ñ class};0;07;06;00;02;08;                  01;  44;  61;0;1;00;07;411200;411200;10;2135;0; 172;02;0000;0000000000,00;000000,00;0000000770,00;000001,50;1610201;                  01;04;   130,6;00;01;CNPJ                ;00;10"
E:\pdet\00_raw\pdet\microdados\RAIS\2010\RJ2010.7z,RJ2010.txt,2035013022,RAIS_VINCULOS,2010,RJ,cp1252,';',sim,45,RAIS_VINCULOS 2006-2014,OK (nº de colunas) / 1 rótulo(s) diferentes,pos 43: dicionário='Tipo Estab (2a ocorrencia)' arquivo='Tipo Estab',Bairros SP;Bairros Fortaleza;Bairros RJ;Causa Afastamento 1;Causa Afastamento 2;Causa Afastamento 3;Motivo Desligamento;CBO Ocupação 2002;CNAE 2.0 Classe;CNAE 95 Classe;Distritos SP;Vínculo Ativo 31/12;Faixa Etária;Faixa Hora Contrat;Faixa Remun Dezem (SM);Faixa Remun Média (SM);Faixa Tempo Emprego;Escolaridade após 2005;Qtd Hora Contr;Idade;Ind CEI Vinculado;Ind Simples;Mês Admissão;Mês Desligamento;Mun Trab;Município;Nacionalidade;Natureza Jurídica;Ind Portador Defic;Qtd Dias Afastamento;Raça Cor;Regiões Adm DF;Vl Remun Dezembro Nom;Vl Remun Dezembro (SM);Vl Remun Média Nom;Vl Remun Média (SM);CNAE 2.0 Subclasse;Sexo Trabalhador;Tamanho Estabelecimento;Tempo Emprego;Tipo Admissão;Tipo Estab;Tipo Estab;Tipo Defic;Tipo Vínculo,"           {ñ class};           {ñ class};                0900;99;99;99;11;517420;81125;70408;           {ñ class};0;08;06;00;05;08;                  01;  44;  73;0;0;00;12;330455;330455;10;3085;0;   0;08;0000;0000001690,91;000003,31;0000001702,77;000003,33;8112500;                  01;02;   275,9;00;01;CNPJ                ;00;10"
E:\pdet\00_raw\pdet\microdados\RAIS\2010\RN2010.7z,RN2010.txt,260374770,RAIS_VINCULOS,2010,RN,cp1252,';',sim,45,RAIS_VINCULOS 2006-2014,OK (nº de colunas) / 1 rótulo(s) diferentes,pos 43: dicionário='Tipo Estab (2a ocorrencia)' arquivo='Tipo Estab',Bairros SP;Bairros Fortaleza;Bairros RJ;Causa Afastamento 1;Causa Afastamento 2;Causa Afastamento 3;Motivo Desligamento;CBO Ocupação 2002;CNAE 2.0 Classe;CNAE 95 Classe;Distritos SP;Vínculo Ativo 31/12;Faixa Etária;Faixa Hora Contrat;Faixa Remun Dezem (SM);Faixa Remun Média (SM);Faixa Tempo Emprego;Escolaridade após 2005;Qtd Hora Contr;Idade;Ind CEI Vinculado;Ind Simples;Mês Admissão;Mês Desligamento;Mun Trab;Município;Nacionalidade;Natureza Jurídica;Ind Portador Defic;Qtd Dias Afastamento;Raça Cor;Regiões Adm DF;Vl Remun Dezembro Nom;Vl Remun Dezembro (SM);Vl Remun Média Nom;Vl Remun Média (SM);CNAE 2.0 Subclasse;Sexo Trabalhador;Tamanho Estabelecimento;Tempo Emprego;Tipo Admissão;Tipo Estab;Tipo Estab;Tipo Defic;Tipo Vínculo,"           {ñ class};           {ñ class};           {ñ class};99;99;99;21;715210;41107;70106;           {ñ class};0;06;06;00;02;02;                  01;  44;  47;1;0;04;10;000000;240800;10;2062;0;   0;08;0000;0000000000,00;000000,00;0000000591,99;000001,15;4110700;                  01;08;     5,6;06;01;CNPJ                ;00;10"
E:\pdet\00_raw\pdet\microdados\RAIS\2010\RO2010.7z,RO2010.txt,170408826,RAIS_VINCULOS,2010,RO,cp1252,';',sim,45,RAIS_VINCULOS 2006-2014,OK (nº de colunas) / 1 rótulo(s) diferentes,pos 43: dicionário='Tipo Estab (2a ocorrencia)' arquivo='Tipo Estab',Bairros SP;Bairros Fortaleza;Bairros RJ;Causa Afastamento 1;Causa Afastamento 2;Causa Afastamento 3;Motivo Desligamento;CBO Ocupação 2002;CNAE 2.0 Classe;CNAE 95 Classe;Distritos SP;Vínculo Ativo 31/12;Faixa Etária;Faixa Hora Contrat;Faixa Remun Dezem (SM);Faixa Remun Média (SM);Faixa Tempo Emprego;Escolaridade após 2005;Qtd Hora Contr;Idade;Ind CEI Vinculado;Ind Simples;Mês Admissão;Mês Desligamento;Mun Trab;Município;Nacionalidade;Natureza Jurídica;Ind Portador Defic;Qtd Dias Afastamento;Raça Cor;Regiões Adm DF;Vl Remun Dezembro Nom;Vl Remun Dezembro (SM);Vl Remun Média Nom;Vl Remun Média (SM);CNAE 2.0 Subclasse;Sexo Trabalhador;Tamanho Estabelecimento;Tempo Emprego;Tipo Admissão;Tipo Estab;Tipo Estab;Tipo Defic;Tipo Vínculo,"           {ñ class};           {ñ class};           {ñ class};99;99;99;21;715210;47512;52450;           {ñ class};0;03;06;00;02;02;                  01;  44;  24;0;1;00;04;000000;110020;10;2062;0;   0;08;0000;0000000000,00;000000,00;0000000538,89;000001,05;4751201;                  01;03;     5,9;00;01;CNPJ                ;00;10"
E:\pdet\00_raw\pdet\microdados\RAIS\2010\RR2010.7z,RR2010.txt,34882488,RAIS_VINCULOS,2010,RR,cp1252,';',sim,45,RAIS_VINCULOS 2006-2014,OK (nº de colunas) / 1 rótulo(s) diferentes,pos 43: dicionário='Tipo Estab (2a ocorrencia)' arquivo='Tipo Estab',Bairros SP;Bairros Fortaleza;Bairros RJ;Causa Afastamento 1;Causa Afastamento 2;Causa Afastamento 3;Motivo Desligamento;CBO Ocupação 2002;CNAE 2.0 Classe;CNAE 95 Classe;Distritos SP;Vínculo Ativo 31/12;Faixa Etária;Faixa Hora Contrat;Faixa Remun Dezem (SM);Faixa Remun Média (SM);Faixa Tempo Emprego;Escolaridade após 2005;Qtd Hora Contr;Idade;Ind CEI Vinculado;Ind Simples;Mês Admissão;Mês Desligamento;Mun Trab;Município;Nacionalidade;Natureza Jurídica;Ind Portador Defic;Qtd Dias Afastamento;Raça Cor;Regiões Adm DF;Vl Remun Dezembro Nom;Vl Remun Dezembro (SM);Vl Remun Média Nom;Vl Remun Média (SM);CNAE 2.0 Subclasse;Sexo Trabalhador;Tamanho Estabelecimento;Tempo Emprego;Tipo Admissão;Tipo Estab;Tipo Estab;Tipo Defic;Tipo Vínculo,"           {ñ class};           {ñ class};           {ñ class};99;99;99;11;717020;41204;45217;           {ñ class};0;05;06;00;02;01;                  01;  44;  39;0;0;10;11;000000;140010;10;2062;0;   0;08;0000;0000000000,00;000000,00;0000000727,94;000001,42;4120400;                  01;06;     1,2;02;01;CNPJ                ;00;10"
E:\pdet\00_raw\pdet\microdados\RAIS\2010\RS2010.7z,RS2010.txt,1417997322,RAIS_VINCULOS,2010,RS,cp1252,';',sim,45,RAIS_VINCULOS 2006-2014,OK (nº de colunas) / 1 rótulo(s) diferentes,pos 43: dicionário='Tipo Estab (2a ocorrencia)' arquivo='Tipo Estab',Bairros SP;Bairros Fortaleza;Bairros RJ;Causa Afastamento 1;Causa Afastamento 2;Causa Afastamento 3;Motivo Desligamento;CBO Ocupação 2002;CNAE 2.0 Classe;CNAE 95 Classe;Distritos SP;Vínculo Ativo 31/12;Faixa Etária;Faixa Hora Contrat;Faixa Remun Dezem (SM);Faixa Remun Média (SM);Faixa Tempo Emprego;Escolaridade após 2005;Qtd Hora Contr;Idade;Ind CEI Vinculado;Ind Simples;Mês Admissão;Mês Desligamento;Mun Trab;Município;Nacionalidade;Natureza Jurídica;Ind Portador Defic;Qtd Dias Afastamento;Raça Cor;Regiões Adm DF;Vl Remun Dezembro Nom;Vl Remun Dezembro (SM);Vl Remun Média Nom;Vl Remun Média (SM);CNAE 2.0 Subclasse;Sexo Trabalhador;Tamanho Estabelecimento;Tempo Emprego;Tipo Admissão;Tipo Estab;Tipo Estab;Tipo Defic;Tipo Vínculo,"           {ñ class};           {ñ class};           {ñ class};99;99;99;12;761205;46231;51225;           {ñ class};0;06;06;00;02;01;                  01;  44;  40;0;0;12;12;431830;431830;10;2143;0;   0;02;0000;0000000608,37;000001,19;0000000608,37;000001,19;4623102;                  01;04;     0,9;02;01;CNPJ                ;00;60"
E:\pdet\00_raw\pdet\microdados\RAIS\2010\SC2010.7z,SC2010.txt,1054970379,RAIS_VINCULOS,2010,SC,cp1252,';',sim,45,RAIS_VINCULOS 2006-2014,OK (nº de colunas) / 1 rótulo(s) diferentes,pos 43: dicionário='Tipo Estab (2a ocorrencia)' arquivo='Tipo Estab',Bairros SP;Bairros Fortaleza;Bairros RJ;Causa Afastamento 1;Causa Afastamento 2;Causa Afastamento 3;Motivo Desligamento;CBO Ocupação 2002;CNAE 2.0 Classe;CNAE 95 Classe;Distritos SP;Vínculo Ativo 31/12;Faixa Etária;Faixa Hora Contrat;Faixa Remun Dezem (SM);Faixa Remun Média (SM);Faixa Tempo Emprego;Escolaridade após 2005;Qtd Hora Contr;Idade;Ind CEI Vinculado;Ind Simples;Mês Admissão;Mês Desligamento;Mun Trab;Município;Nacionalidade;Natureza Jurídica;Ind Portador Defic;Qtd Dias Afastamento;Raça Cor;Regiões Adm DF;Vl Remun Dezembro Nom;Vl Remun Dezembro (SM);Vl Remun Média Nom;Vl Remun Média (SM);CNAE 2.0 Subclasse;Sexo Trabalhador;Tamanho Estabelecimento;Tempo Emprego;Tipo Admissão;Tipo Estab;Tipo Estab;Tipo Defic;Tipo Vínculo,"           {ñ class};           {ñ class};           {ñ class};99;99;99;11;514225;84116;75116;           {ñ class};0;07;06;00;03;08;                  01;  44;  57;0;0;00;09;000000;420127;10;1031;0;   0;99;0000;0000000000,00;000000,00;0000000867,03;000001,69;8411600;                  01;07;   239,0;00;01;CNPJ                ;00;30"
E:\pdet\00_raw\pdet\microdados\RAIS\2010\SE2010.7z,SE2010.txt,167733837,RAIS_VINCULOS,2010,SE,cp1252,';',sim,45,RAIS_VINCULOS 2006-2014,OK (nº de colunas) / 1 rótulo(s) diferentes,pos 43: dicionário='Tipo Estab (2a ocorrencia)' arquivo='Tipo Estab',Bairros SP;Bairros Fortaleza;Bairros RJ;Causa Afastamento 1;Causa Afastamento 2;Causa Afastamento 3;Motivo Desligamento;CBO Ocupação 2002;CNAE 2.0 Classe;CNAE 95 Classe;Distritos SP;Vínculo Ativo 31/12;Faixa Etária;Faixa Hora Contrat;Faixa Remun Dezem (SM);Faixa Remun Média (SM);Faixa Tempo Emprego;Escolaridade após 2005;Qtd Hora Contr;Idade;Ind CEI Vinculado;Ind Simples;Mês Admissão;Mês Desligamento;Mun Trab;Município;Nacionalidade;Natureza Jurídica;Ind Portador Defic;Qtd Dias Afastamento;Raça Cor;Regiões Adm DF;Vl Remun Dezembro Nom;Vl Remun Dezembro (SM);Vl Remun Média Nom;Vl Remun Média (SM);CNAE 2.0 Subclasse;Sexo Trabalhador;Tamanho Estabelecimento;Tempo Emprego;Tipo Admissão;Tipo Estab;Tipo Estab;Tipo Defic;Tipo Vínculo,"           {ñ class};           {ñ class};           {ñ class};99;99;99;11;717020;41204;45217;           {ñ class};0;07;06;00;01;02;                  01;  44;  50;0;0;03;06;000000;280030;10;2062;0;   0;02;0000;0000000000,00;000000,00;0000000423,21;000000,82;4120400;                  01;06;     3,2;02;01;CNPJ                ;00;10"
E:\pdet\00_raw\pdet\microdados\RAIS\2010\SP2010.7z,SP2010.txt,6656226183,RAIS_VINCULOS,2010,SP,cp1252,';',sim,45,RAIS_VINCULOS 2006-2014,OK (nº de colunas) / 1 rótulo(s) diferentes,pos 43: dicionário='Tipo Estab (2a ocorrencia)' arquivo='Tipo Estab',Bairros SP;Bairros Fortaleza;Bairros RJ;Causa Afastamento 1;Causa Afastamento 2;Causa Afastamento 3;Motivo Desligamento;CBO Ocupação 2002;CNAE 2.0 Classe;CNAE 95 Classe;Distritos SP;Vínculo Ativo 31/12;Faixa Etária;Faixa Hora Contrat;Faixa Remun Dezem (SM);Faixa Remun Média (SM);Faixa Tempo Emprego;Escolaridade após 2005;Qtd Hora Contr;Idade;Ind CEI Vinculado;Ind Simples;Mês Admissão;Mês Desligamento;Mun Trab;Município;Nacionalidade;Natureza Jurídica;Ind Portador Defic;Qtd Dias Afastamento;Raça Cor;Regiões Adm DF;Vl Remun Dezembro Nom;Vl Remun Dezembro (SM);Vl Remun Média Nom;Vl Remun Média (SM);CNAE 2.0 Subclasse;Sexo Trabalhador;Tamanho Estabelecimento;Tempo Emprego;Tipo Admissão;Tipo Estab;Tipo Estab;Tipo Defic;Tipo Vínculo,"                0789;           {ñ class};           {ñ class};99;99;99;21;724315;42995;45292;                0033;0;04;06;00;03;05;                  01;  44;  25;0;0;00;06;000000;355030;10;2062;0;   0;02;0000;0000000000,00;000000,00;0000000840,05;000001,64;4299599;                  01;05;    29,1;00;01;CNPJ                ;00;10"
E:\pdet\00_raw\pdet\microdados\RAIS\2010\TO2010.7z,TO2010.txt,112493133,RAIS_VINCULOS,2010,TO,cp1252,';',sim,45,RAIS_VINCULOS 2006-2014,OK (nº de colunas) / 1 rótulo(s) diferentes,pos 43: dicionário='Tipo Estab (2a ocorrencia)' arquivo='Tipo Estab',Bairros SP;Bairros Fortaleza;Bairros RJ;Causa Afastamento 1;Causa Afastamento 2;Causa Afastamento 3;Motivo Desligamento;CBO Ocupação 2002;CNAE 2.0 Classe;CNAE 95 Classe;Distritos SP;Vínculo Ativo 31/12;Faixa Etária;Faixa Hora Contrat;Faixa Remun Dezem (SM);Faixa Remun Média (SM);Faixa Tempo Emprego;Escolaridade após 2005;Qtd Hora Contr;Idade;Ind CEI Vinculado;Ind Simples;Mês Admissão;Mês Desligamento;Mun Trab;Município;Nacionalidade;Natureza Jurídica;Ind Portador Defic;Qtd Dias Afastamento;Raça Cor;Regiões Adm DF;Vl Remun Dezembro Nom;Vl Remun Dezembro (SM);Vl Remun Média Nom;Vl Remun Média (SM);CNAE 2.0 Subclasse;Sexo Trabalhador;Tamanho Estabelecimento;Tempo Emprego;Tipo Admissão;Tipo Estab;Tipo Estab;Tipo Defic;Tipo Vínculo,"           {ñ class};           {ñ class};           {ñ class};99;99;99;12;717020;41204;45217;           {ñ class};0;06;06;00;02;01;                  01;  44;  41;0;0;08;10;171610;171610;10;2062;0;   0;08;0000;0000000000,00;000000,00;0000000538,45;000001,05;4120400;                  01;05;     2,9;01;01;CNPJ                ;00;10"
E:\pdet\00_raw\pdet\microdados\RAIS\2011\AC2011.7z,AC2011.txt,57390624,RAIS_VINCULOS,2011,AC,cp1252,';',sim,45,RAIS_VINCULOS 2006-2014,OK (nº de colunas) / 1 rótulo(s) diferentes,pos 43: dicionário='Tipo Estab (2a ocorrencia)' arquivo='Tipo Estab',Bairros SP;Bairros Fortaleza;Bairros RJ;Causa Afastamento 1;Causa Afastamento 2;Causa Afastamento 3;Motivo Desligamento;CBO Ocupação 2002;CNAE 2.0 Classe;CNAE 95 Classe;Distritos SP;Vínculo Ativo 31/12;Faixa Etária;Faixa Hora Contrat;Faixa Remun Dezem (SM);Faixa Remun Média (SM);Faixa Tempo Emprego;Escolaridade após 2005;Qtd Hora Contr;Idade;Ind CEI Vinculado;Ind Simples;Mês Admissão;Mês Desligamento;Mun Trab;Município;Nacionalidade;Natureza Jurídica;Ind Portador Defic;Qtd Dias Afastamento;Raça Cor;Regiões Adm DF;Vl Remun Dezembro Nom;Vl Remun Dezembro (SM);Vl Remun Média Nom;Vl Remun Média (SM);CNAE 2.0 Subclasse;Sexo Trabalhador;Tamanho Estabelecimento;Tempo Emprego;Tipo Admissão;Tipo Estab;Tipo Estab;Tipo Defic;Tipo Vínculo,"           {ñ class};           {ñ class};           {ñ class};99;99;99;11;641015;95118;72508;           {ñ class};0;04;06;00;03;02;                  01;  44;  26;0;0;04;08;000000;120040;10;2062;0;   0;09;0000;0000000000,00;000000,00;0000000924,00;000001,69;9511800;                  01;06;     4,9;02;01;CNPJ                ;00;10"
E:\pdet\00_raw\pdet\microdados\RAIS\2011\AL2011.7z,AL2011.txt,227271240,RAIS_VINCULOS,2011,AL,cp1252,';',sim,45,RAIS_VINCULOS 2006-2014,OK (nº de colunas) / 1 rótulo(s) diferentes,pos 43: dicionário='Tipo Estab (2a ocorrencia)' arquivo='Tipo Estab',Bairros SP;Bairros Fortaleza;Bairros RJ;Causa Afastamento 1;Causa Afastamento 2;Causa Afastamento 3;Motivo Desligamento;CBO Ocupação 2002;CNAE 2.0 Classe;CNAE 95 Classe;Distritos SP;Vínculo Ativo 31/12;Faixa Etária;Faixa Hora Contrat;Faixa Remun Dezem (SM);Faixa Remun Média (SM);Faixa Tempo Emprego;Escolaridade após 2005;Qtd Hora Contr;Idade;Ind CEI Vinculado;Ind Simples;Mês Admissão;Mês Desligamento;Mun Trab;Município;Nacionalidade;Natureza Jurídica;Ind Portador Defic;Qtd Dias Afastamento;Raça Cor;Regiões Adm DF;Vl Remun Dezembro Nom;Vl Remun Dezembro (SM);Vl Remun Média Nom;Vl Remun Média (SM);CNAE 2.0 Subclasse;Sexo Trabalhador;Tamanho Estabelecimento;Tempo Emprego;Tipo Admissão;Tipo Estab;Tipo Estab;Tipo Defic;Tipo Vínculo,"           {ñ class};           {ñ class};           {ñ class};99;99;99;12;622110;10716;15610;           {ñ class};0;04;06;00;08;03;                  01;  44;  28;0;0;00;04;000000;270230;10;2054;0;   0;08;0000;0000000000,00;000000,00;0000004472,79;000008,23;1071600;                  01;10;     6,4;00;01;CNPJ                ;00;70"
E:\pdet\00_raw\pdet\microdados\RAIS\2011\AM2011.7z,AM2011.txt,297868572,RAIS_VINCULOS,2011,AM,cp1252,';',sim,45,RAIS_VINCULOS 2006-2014,OK (nº de colunas) / 1 rótulo(s) diferentes,pos 43: dicionário='Tipo Estab (2a ocorrencia)' arquivo='Tipo Estab',Bairros SP;Bairros Fortaleza;Bairros RJ;Causa Afastamento 1;Causa Afastamento 2;Causa Afastamento 3;Motivo Desligamento;CBO Ocupação 2002;CNAE 2.0 Classe;CNAE 95 Classe;Distritos SP;Vínculo Ativo 31/12;Faixa Etária;Faixa Hora Contrat;Faixa Remun Dezem (SM);Faixa Remun Média (SM);Faixa Tempo Emprego;Escolaridade após 2005;Qtd Hora Contr;Idade;Ind CEI Vinculado;Ind Simples;Mês Admissão;Mês Desligamento;Mun Trab;Município;Nacionalidade;Natureza Jurídica;Ind Portador Defic;Qtd Dias Afastamento;Raça Cor;Regiões Adm DF;Vl Remun Dezembro Nom;Vl Remun Dezembro (SM);Vl Remun Média Nom;Vl Remun Média (SM);CNAE 2.0 Subclasse;Sexo Trabalhador;Tamanho Estabelecimento;Tempo Emprego;Tipo Admissão;Tipo Estab;Tipo Estab;Tipo Defic;Tipo Vínculo,"           {ñ class};           {ñ class};           {ñ class};99;99;99;11;632410;10317;15210;           {ñ class};0;05;06;00;01;02;                  01;  44;  35;0;0;04;09;130170;130170;10;2062;0;   0;09;0000;0000000000,00;000000,00;0000000544,99;000000,99;1031700;                  01;03;     4,7;01;01;CNPJ                ;00;10"
E:\pdet\00_raw\pdet\microdados\RAIS\2011\AP2011.7z,AP2011.txt,53259426,RAIS_VINCULOS,2011,AP,cp1252,';',sim,45,RAIS_VINCULOS 2006-2014,OK (nº de colunas) / 1 rótulo(s) diferentes,pos 43: dicionário='Tipo Estab (2a ocorrencia)' arquivo='Tipo Estab',Bairros SP;Bairros Fortaleza;Bairros RJ;Causa Afastamento 1;Causa Afastamento 2;Causa Afastamento 3;Motivo Desligamento;CBO Ocupação 2002;CNAE 2.0 Classe;CNAE 95 Classe;Distritos SP;Vínculo Ativo 31/12;Faixa Etária;Faixa Hora Contrat;Faixa Remun Dezem (SM);Faixa Remun Média (SM);Faixa Tempo Emprego;Escolaridade após 2005;Qtd Hora Contr;Idade;Ind CEI Vinculado;Ind Simples;Mês Admissão;Mês Desligamento;Mun Trab;Município;Nacionalidade;Natureza Jurídica;Ind Portador Defic;Qtd Dias Afastamento;Raça Cor;Regiões Adm DF;Vl Remun Dezembro Nom;Vl Remun Dezembro (SM);Vl Remun Média Nom;Vl Remun Média (SM);CNAE 2.0 Subclasse;Sexo Trabalhador;Tamanho Estabelecimento;Tempo Emprego;Tipo Admissão;Tipo Estab;Tipo Estab;Tipo Defic;Tipo Vínculo,"           {ñ class};           {ñ class};           {ñ class};99;99;99;10;828110;23427;26417;           {ñ class};0;04;06;00;02;02;                  01;  44;  25;0;1;00;02;160050;160050;10;2011;0;   0;09;0000;0000000000,00;000000,00;0000000550,00;000001,01;2342702;                  01;04;     3,6;00;01;CNPJ                ;00;10"
E:\pdet\00_raw\pdet\microdados\RAIS\2011\BA2011.7z,BA2011.txt,1094296347,RAIS_VINCULOS,2011,BA,cp1252,';',sim,45,RAIS_VINCULOS 2006-2014,OK (nº de colunas) / 1 rótulo(s) diferentes,pos 43: dicionário='Tipo Estab (2a ocorrencia)' arquivo='Tipo Estab',Bairros SP;Bairros Fortaleza;Bairros RJ;Causa Afastamento 1;Causa Afastamento 2;Causa Afastamento 3;Motivo Desligamento;CBO Ocupação 2002;CNAE 2.0 Classe;CNAE 95 Classe;Distritos SP;Vínculo Ativo 31/12;Faixa Etária;Faixa Hora Contrat;Faixa Remun Dezem (SM);Faixa Remun Média (SM);Faixa Tempo Emprego;Escolaridade após 2005;Qtd Hora Contr;Idade;Ind CEI Vinculado;Ind Simples;Mês Admissão;Mês Desligamento;Mun Trab;Município;Nacionalidade;Natureza Jurídica;Ind Portador Defic;Qtd Dias Afastamento;Raça Cor;Regiões Adm DF;Vl Remun Dezembro Nom;Vl Remun Dezembro (SM);Vl Remun Média Nom;Vl Remun Média (SM);CNAE 2.0 Subclasse;Sexo Trabalhador;Tamanho Estabelecimento;Tempo Emprego;Tipo Admissão;Tipo Estab;Tipo Estab;Tipo Defic;Tipo Vínculo,"           {ñ class};           {ñ class};           {ñ class};99;99;99;11;992225;01113;01112;           {ñ class};0;04;06;00;02;02;                  01;  44;  25;0;1;05;11;000000;291920;10;2062;0;   0;02;0000;0000000000,00;000000,00;0000000622,16;000001,14;0111301;                  01;01;     5,9;02;01;CNPJ                ;00;10"
E:\pdet\00_raw\pdet\microdados\RAIS\2011\CE2011.7z,CE2011.txt,670430637,RAIS_VINCULOS,2011,CE,cp1252,';',sim,45,RAIS_VINCULOS 2006-2014,OK (nº de colunas) / 1 rótulo(s) diferentes,pos 43: dicionário='Tipo Estab (2a ocorrencia)' arquivo='Tipo Estab',Bairros SP;Bairros Fortaleza;Bairros RJ;Causa Afastamento 1;Causa Afastamento 2;Causa Afastamento 3;Motivo Desligamento;CBO Ocupação 2002;CNAE 2.0 Classe;CNAE 95 Classe;Distritos SP;Vínculo Ativo 31/12;Faixa Etária;Faixa Hora Contrat;Faixa Remun Dezem (SM);Faixa Remun Média (SM);Faixa Tempo Emprego;Escolaridade após 2005;Qtd Hora Contr;Idade;Ind CEI Vinculado;Ind Simples;Mês Admissão;Mês Desligamento;Mun Trab;Município;Nacionalidade;Natureza Jurídica;Ind Portador Defic;Qtd Dias Afastamento;Raça Cor;Regiões Adm DF;Vl Remun Dezembro Nom;Vl Remun Dezembro (SM);Vl Remun Média Nom;Vl Remun Média (SM);CNAE 2.0 Subclasse;Sexo Trabalhador;Tamanho Estabelecimento;Tempo Emprego;Tipo Admissão;Tipo Estab;Tipo Estab;Tipo Defic;Tipo Vínculo,"           {ñ class};                9999;           {ñ class};99;99;99;11;517420;41204;45217;           {ñ class};0;07;06;00;02;02;                  01;  44;  53;0;0;00;01;230370;230370;10;2062;0;   0;08;0000;0000000000,00;000000,00;0000000714,00;000001,32;4120400;                  01;03;     3,9;00;01;CNPJ                ;00;10"
E:\pdet\00_raw\pdet\microdados\RAIS\2011\DF2011.7z,DF2011.txt,542920608,RAIS_VINCULOS,2011,DF,cp1252,';',sim,45,RAIS_VINCULOS 2006-2014,OK (nº de colunas) / 1 rótulo(s) diferentes,pos 43: dicionário='Tipo Estab (2a ocorrencia)' arquivo='Tipo Estab',Bairros SP;Bairros Fortaleza;Bairros RJ;Causa Afastamento 1;Causa Afastamento 2;Causa Afastamento 3;Motivo Desligamento;CBO Ocupação 2002;CNAE 2.0 Classe;CNAE 95 Classe;Distritos SP;Vínculo Ativo 31/12;Faixa Etária;Faixa Hora Contrat;Faixa Remun Dezem (SM);Faixa Remun Média (SM);Faixa Tempo Emprego;Escolaridade após 2005;Qtd Hora Contr;Idade;Ind CEI Vinculado;Ind Simples;Mês Admissão;Mês Desligamento;Mun Trab;Município;Nacionalidade;Natureza Jurídica;Ind Portador Defic;Qtd Dias Afastamento;Raça Cor;Regiões Adm DF;Vl Remun Dezembro Nom;Vl Remun Dezembro (SM);Vl Remun Média Nom;Vl Remun Média (SM);CNAE 2.0 Subclasse;Sexo Trabalhador;Tamanho Estabelecimento;Tempo Emprego;Tipo Admissão;Tipo Estab;Tipo Estab;Tipo Defic;Tipo Vínculo,"           {ñ class};           {ñ class};           {ñ class};99;99;99;12;519205;46877;51551;           {ñ class};0;05;06;00;02;01;                  01;  44;  34;0;0;10;12;530010;530010;10;2062;0;   0;02;0003;0000000422,85;000000,77;0000000581,37;000001,06;4687701;                  01;07;     2,8;02;01;CNPJ                ;00;10"
E:\pdet\00_raw\pdet\microdados\RAIS\2011\ES2011.7z,ES2011.txt,479360232,RAIS_VINCULOS,2011,ES,cp1252,';',sim,45,RAIS_VINCULOS 2006-2014,OK (nº de colunas) / 1 rótulo(s) diferentes,pos 43: dicionário='Tipo Estab (2a ocorrencia)' arquivo='Tipo Estab',Bairros SP;Bairros Fortaleza;Bairros RJ;Causa Afastamento 1;Causa Afastamento 2;Causa Afastamento 3;Motivo Desligamento;CBO Ocupação 2002;CNAE 2.0 Classe;CNAE 95 Classe;Distritos SP;Vínculo Ativo 31/12;Faixa Etária;Faixa Hora Contrat;Faixa Remun Dezem (SM);Faixa Remun Média (SM);Faixa Tempo Emprego;Escolaridade após 2005;Qtd Hora Contr;Idade;Ind CEI Vinculado;Ind Simples;Mês Admissão;Mês Desligamento;Mun Trab;Município;Nacionalidade;Natureza Jurídica;Ind Portador Defic;Qtd Dias Afastamento;Raça Cor;Regiões Adm DF;Vl Remun Dezembro Nom;Vl Remun Dezembro (SM);Vl Remun Média Nom;Vl Remun Média (SM);CNAE 2.0 Subclasse;Sexo Trabalhador;Tamanho Estabelecimento;Tempo Emprego;Tipo Admissão;Tipo Estab;Tipo Estab;Tipo Defic;Tipo Vínculo,"           {ñ class};           {ñ class};           {ñ class};99;99;99;21;783210;94201;91200;           {ñ class};0;05;06;00;99;08;                  01;  44;  31;0;0;00;02;320530;320530;10;3131;0;   0;08;0000;0000000000,00;000000,00;0000000000,00;000000,00;9420100;                  01;09;   139,1;00;01;CNPJ                ;00;40"
E:\pdet\00_raw\pdet\microdados\RAIS\2011\ESTB2011.7z,ESTB2011.txt,1924046730,RAIS_ESTAB,2011,,cp1252,';',?,21,RAIS_ESTAB 2014-2017,DIVERGE,"esperava 24 colunas, li 21",Bairros SP;Bairros Fortaleza;Bairros RJ;CNAE 2.0 Classe;CNAE 95 Classe;Distritos SP;Qtd Vínculos CLT;Qtd Vínculos Ativos;Qtd Vínculos Estatutários;Ind Atividade Ano;Ind CEI Vinculado;Ind Estab Participa PAT;Ind Rais Negativa;Ind Simples;Município;Natureza Jurídica;Regiões Adm DF;CNAE 2.0 Subclasse;Tamanho Estabelecimento;Tipo Estab;Tipo Estab,           {ñ class};           {ñ class};           {ñ class};64221;65226;{ñ clas;00000000000000000000;00000000000000000000;00000000000000000000;1;0;0;                   1;0;530010;2038;                0001;6422100;01;01;Cnpj                
E:\pdet\00_raw\pdet\microdados\RAIS\2011\GO2011.7z,GO2011.txt,751222764,RAIS_VINCULOS,2011,GO,cp1252,';',sim,45,RAIS_VINCULOS 2006-2014,OK (nº de colunas) / 1 rótulo(s) diferentes,pos 43: dicionário='Tipo Estab (2a ocorrencia)' arquivo='Tipo Estab',Bairros SP;Bairros Fortaleza;Bairros RJ;Causa Afastamento 1;Causa Afastamento 2;Causa Afastamento 3;Motivo Desligamento;CBO Ocupação 2002;CNAE 2.0 Classe;CNAE 95 Classe;Distritos SP;Vínculo Ativo 31/12;Faixa Etária;Faixa Hora Contrat;Faixa Remun Dezem (SM);Faixa Remun Média (SM);Faixa Tempo Emprego;Escolaridade após 2005;Qtd Hora Contr;Idade;Ind CEI Vinculado;Ind Simples;Mês Admissão;Mês Desligamento;Mun Trab;Município;Nacionalidade;Natureza Jurídica;Ind Portador Defic;Qtd Dias Afastamento;Raça Cor;Regiões Adm DF;Vl Remun Dezembro Nom;Vl Remun Dezembro (SM);Vl Remun Média Nom;Vl Remun Média (SM);CNAE 2.0 Subclasse;Sexo Trabalhador;Tamanho Estabelecimento;Tempo Emprego;Tipo Admissão;Tipo Estab;Tipo Estab;Tipo Defic;Tipo Vínculo,"           {ñ class};           {ñ class};           {ñ class};99;99;99;11;715405;41204;45217;           {ñ class};0;05;06;00;03;04;                  01;  44;  32;1;0;00;05;000000;520450;10;2062;0;   0;02;0000;0000000000,00;000000,00;0000000832,42;000001,52;4120400;                  01;02;    18,2;00;01;CNPJ                ;00;10"
E:\pdet\00_raw\pdet\microdados\RAIS\2011\MA2011.7z,MA2011.txt,309896865,RAIS_VINCULOS,2011,MA,cp1252,';',sim,45,RAIS_VINCULOS 2006-2014,OK (nº de colunas) / 1 rótulo(s) diferentes,pos 43: dicionário='Tipo Estab (2a ocorrencia)' arquivo='Tipo Estab',Bairros SP;Bairros Fortaleza;Bairros RJ;Causa Afastamento 1;Causa Afastamento 2;Causa Afastamento 3;Motivo Desligamento;CBO Ocupação 2002;CNAE 2.0 Classe;CNAE 95 Classe;Distritos SP;Vínculo Ativo 31/12;Faixa Etária;Faixa Hora Contrat;Faixa Remun Dezem (SM);Faixa Remun Média (SM);Faixa Tempo Emprego;Escolaridade após 2005;Qtd Hora Contr;Idade;Ind CEI Vinculado;Ind Simples;Mês Admissão;Mês Desligamento;Mun Trab;Município;Nacionalidade;Natureza Jurídica;Ind Portador Defic;Qtd Dias Afastamento;Raça Cor;Regiões Adm DF;Vl Remun Dezembro Nom;Vl Remun Dezembro (SM);Vl Remun Média Nom;Vl Remun Média (SM);CNAE 2.0 Subclasse;Sexo Trabalhador;Tamanho Estabelecimento;Tempo Emprego;Tipo Admissão;Tipo Estab;Tipo Estab;Tipo Defic;Tipo Vínculo,"           {ñ class};           {ñ class};           {ñ class};99;99;99;31;632125;02306;02135;           {ñ class};0;04;06;00;02;01;                  01;  44;  26;0;0;05;06;000000;210530;10;2062;0;   0;08;0000;0000000000,00;000000,00;0000000555,00;000001,01;0230600;                  01;10;     0,1;01;01;CNPJ                ;00;20"
E:\pdet\00_raw\pdet\microdados\RAIS\2011\MG2011.7z,MG2011.txt,2579933223,RAIS_VINCULOS,2011,MG,cp1252,';',sim,45,RAIS_VINCULOS 2006-2014,OK (nº de colunas) / 1 rótulo(s) diferentes,pos 43: dicionário='Tipo Estab (2a ocorrencia)' arquivo='Tipo Estab',Bairros SP;Bairros Fortaleza;Bairros RJ;Causa Afastamento 1;Causa Afastamento 2;Causa Afastamento 3;Motivo Desligamento;CBO Ocupação 2002;CNAE 2.0 Classe;CNAE 95 Classe;Distritos SP;Vínculo Ativo 31/12;Faixa Etária;Faixa Hora Contrat;Faixa Remun Dezem (SM);Faixa Remun Média (SM);Faixa Tempo Emprego;Escolaridade após 2005;Qtd Hora Contr;Idade;Ind CEI Vinculado;Ind Simples;Mês Admissão;Mês Desligamento;Mun Trab;Município;Nacionalidade;Natureza Jurídica;Ind Portador Defic;Qtd Dias Afastamento;Raça Cor;Regiões Adm DF;Vl Remun Dezembro Nom;Vl Remun Dezembro (SM);Vl Remun Média Nom;Vl Remun Média (SM);CNAE 2.0 Subclasse;Sexo Trabalhador;Tamanho Estabelecimento;Tempo Emprego;Tipo Admissão;Tipo Estab;Tipo Estab;Tipo Defic;Tipo Vínculo,"           {ñ class};           {ñ class};           {ñ class};99;99;99;21;717020;43916;45128;           {ñ class};0;05;06;00;01;01;                  01;  44;  31;0;1;00;01;314390;314390;10;2062;0;   0;04;0000;0000000000,00;000000,00;0000000389,28;000000,72;4391600;                  01;02;     2,5;00;01;CNPJ                ;00;10"
E:\pdet\00_raw\pdet\microdados\RAIS\2011\MS2011.7z,MS2011.txt,317718702,RAIS_VINCULOS,2011,MS,cp1252,';',sim,45,RAIS_VINCULOS 2006-2014,OK (nº de colunas) / 1 rótulo(s) diferentes,pos 43: dicionário='Tipo Estab (2a ocorrencia)' arquivo='Tipo Estab',Bairros SP;Bairros Fortaleza;Bairros RJ;Causa Afastamento 1;Causa Afastamento 2;Causa Afastamento 3;Motivo Desligamento;CBO Ocupação 2002;CNAE 2.0 Classe;CNAE 95 Classe;Distritos SP;Vínculo Ativo 31/12;Faixa Etária;Faixa Hora Contrat;Faixa Remun Dezem (SM);Faixa Remun Média (SM);Faixa Tempo Emprego;Escolaridade após 2005;Qtd Hora Contr;Idade;Ind CEI Vinculado;Ind Simples;Mês Admissão;Mês Desligamento;Mun Trab;Município;Nacionalidade;Natureza Jurídica;Ind Portador Defic;Qtd Dias Afastamento;Raça Cor;Regiões Adm DF;Vl Remun Dezembro Nom;Vl Remun Dezembro (SM);Vl Remun Média Nom;Vl Remun Média (SM);CNAE 2.0 Subclasse;Sexo Trabalhador;Tamanho Estabelecimento;Tempo Emprego;Tipo Admissão;Tipo Estab;Tipo Estab;Tipo Defic;Tipo Vínculo,"           {ñ class};           {ñ class};           {ñ class};99;99;99;11;622015;02101;02119;           {ñ class};0;08;06;00;02;06;                  01;  44;  78;0;0;00;09;500710;500710;10;2062;0;   0;08;0000;0000000000,00;000000,00;0000000661,77;000001,21;0210106;                  01;03;    36,9;00;01;CNPJ                ;00;10"
E:\pdet\00_raw\pdet\microdados\RAIS\2011\MT2011.7z,MT2011.txt,414780543,RAIS_VINCULOS,2011,MT,cp1252,';',sim,45,RAIS_VINCULOS 2006-2014,OK (nº de colunas) / 1 rótulo(s) diferentes,pos 43: dicionário='Tipo Estab (2a ocorrencia)' arquivo='Tipo Estab',Bairros SP;Bairros Fortaleza;Bairros RJ;Causa Afastamento 1;Causa Afastamento 2;Causa Afastamento 3;Motivo Desligamento;CBO Ocupação 2002;CNAE 2.0 Classe;CNAE 95 Classe;Distritos SP;Vínculo Ativo 31/12;Faixa Etária;Faixa Hora Contrat;Faixa Remun Dezem (SM);Faixa Remun Média (SM);Faixa Tempo Emprego;Escolaridade após 2005;Qtd Hora Contr;Idade;Ind CEI Vinculado;Ind Simples;Mês Admissão;Mês Desligamento;Mun Trab;Município;Nacionalidade;Natureza Jurídica;Ind Portador Defic;Qtd Dias Afastamento;Raça Cor;Regiões Adm DF;Vl Remun Dezembro Nom;Vl Remun Dezembro (SM);Vl Remun Média Nom;Vl Remun Média (SM);CNAE 2.0 Subclasse;Sexo Trabalhador;Tamanho Estabelecimento;Tempo Emprego;Tipo Admissão;Tipo Estab;Tipo Estab;Tipo Defic;Tipo Vínculo,"           {ñ class};           {ñ class};           {ñ class};99;99;99;12;622020;01156;01155;           {ñ class};0;04;06;00;04;02;                  01;  44;  28;0;0;08;11;000000;510787;10;4081;0;  30;08;0000;0000000000,00;000000,00;0000001223,72;000002,24;0115600;                  01;09;     3,9;02;03;CEI                 ;00;15"
E:\pdet\00_raw\pdet\microdados\RAIS\2011\PA2011.7z,PA2011.txt,481674582,RAIS_VINCULOS,2011,PA,cp1252,';',sim,45,RAIS_VINCULOS 2006-2014,OK (nº de colunas) / 1 rótulo(s) diferentes,pos 43: dicionário='Tipo Estab (2a ocorrencia)' arquivo='Tipo Estab',Bairros SP;Bairros Fortaleza;Bairros RJ;Causa Afastamento 1;Causa Afastamento 2;Causa Afastamento 3;Motivo Desligamento;CBO Ocupação 2002;CNAE 2.0 Classe;CNAE 95 Classe;Distritos SP;Vínculo Ativo 31/12;Faixa Etária;Faixa Hora Contrat;Faixa Remun Dezem (SM);Faixa Remun Média (SM);Faixa Tempo Emprego;Escolaridade após 2005;Qtd Hora Contr;Idade;Ind CEI Vinculado;Ind Simples;Mês Admissão;Mês Desligamento;Mun Trab;Município;Nacionalidade;Natureza Jurídica;Ind Portador Defic;Qtd Dias Afastamento;Raça Cor;Regiões Adm DF;Vl Remun Dezembro Nom;Vl Remun Dezembro (SM);Vl Remun Média Nom;Vl Remun Média (SM);CNAE 2.0 Subclasse;Sexo Trabalhador;Tamanho Estabelecimento;Tempo Emprego;Tipo Admissão;Tipo Estab;Tipo Estab;Tipo Defic;Tipo Vínculo,"           {ñ class};           {ñ class};           {ñ class};99;99;99;11;621005;01512;01414;           {ñ class};0;07;06;00;99;99;                  01;  44;  61;0;0;00;10;000000;150420;10;2135;0;   0;08;0000;0000000000,00;000000,00;0000000000,00;000000,00;0151201;                  01;04;     0,0;00;03;CEI                 ;00;25"
E:\pdet\00_raw\pdet\microdados\RAIS\2011\PB2011.7z,PB2011.txt,263822985,RAIS_VINCULOS,2011,PB,cp1252,';',sim,45,RAIS_VINCULOS 2006-2014,OK (nº de colunas) / 1 rótulo(s) diferentes,pos 43: dicionário='Tipo Estab (2a ocorrencia)' arquivo='Tipo Estab',Bairros SP;Bairros Fortaleza;Bairros RJ;Causa Afastamento 1;Causa Afastamento 2;Causa Afastamento 3;Motivo Desligamento;CBO Ocupação 2002;CNAE 2.0 Classe;CNAE 95 Classe;Distritos SP;Vínculo Ativo 31/12;Faixa Etária;Faixa Hora Contrat;Faixa Remun Dezem (SM);Faixa Remun Média (SM);Faixa Tempo Emprego;Escolaridade após 2005;Qtd Hora Contr;Idade;Ind CEI Vinculado;Ind Simples;Mês Admissão;Mês Desligamento;Mun Trab;Município;Nacionalidade;Natureza Jurídica;Ind Portador Defic;Qtd Dias Afastamento;Raça Cor;Regiões Adm DF;Vl Remun Dezembro Nom;Vl Remun Dezembro (SM);Vl Remun Média Nom;Vl Remun Média (SM);CNAE 2.0 Subclasse;Sexo Trabalhador;Tamanho Estabelecimento;Tempo Emprego;Tipo Admissão;Tipo Estab;Tipo Estab;Tipo Defic;Tipo Vínculo,"           {ñ class};           {ñ class};           {ñ class};99;99;99;31;715210;41204;45217;           {ñ class};0;05;06;00;99;99;                  01;  44;  36;1;0;00;08;000000;250400;10;2062;0;   0;08;0000;0000000000,00;000000,00;0000000000,00;000000,00;4120400;                  01;02;     0,0;00;01;CNPJ                ;00;10"
E:\pdet\00_raw\pdet\microdados\RAIS\2011\PE2011.7z,PE2011.txt,785591028,RAIS_VINCULOS,2011,PE,cp1252,';',sim,45,RAIS_VINCULOS 2006-2014,OK (nº de colunas) / 1 rótulo(s) diferentes,pos 43: dicionário='Tipo Estab (2a ocorrencia)' arquivo='Tipo Estab',Bairros SP;Bairros Fortaleza;Bairros RJ;Causa Afastamento 1;Causa Afastamento 2;Causa Afastamento 3;Motivo Desligamento;CBO Ocupação 2002;CNAE 2.0 Classe;CNAE 95 Classe;Distritos SP;Vínculo Ativo 31/12;Faixa Etária;Faixa Hora Contrat;Faixa Remun Dezem (SM);Faixa Remun Média (SM);Faixa Tempo Emprego;Escolaridade após 2005;Qtd Hora Contr;Idade;Ind CEI Vinculado;Ind Simples;Mês Admissão;Mês Desligamento;Mun Trab;Município;Nacionalidade;Natureza Jurídica;Ind Portador Defic;Qtd Dias Afastamento;Raça Cor;Regiões Adm DF;Vl Remun Dezembro Nom;Vl Remun Dezembro (SM);Vl Remun Média Nom;Vl Remun Média (SM);CNAE 2.0 Subclasse;Sexo Trabalhador;Tamanho Estabelecimento;Tempo Emprego;Tipo Admissão;Tipo Estab;Tipo Estab;Tipo Defic;Tipo Vínculo,"           {ñ class};           {ñ class};           {ñ class};99;99;99;10;622110;11119;15911;           {ñ class};0;07;06;00;01;03;                  01;  44;  56;0;0;00;04;000000;260520;10;2038;0;   0;08;0000;0000000000,00;000000,00;0000000360,04;000000,66;1111901;                  01;10;     6,7;00;01;CNPJ                ;00;10"
E:\pdet\00_raw\pdet\microdados\RAIS\2011\PI2011.7z,PI2011.txt,176449779,RAIS_VINCULOS,2011,PI,cp1252,';',sim,45,RAIS_VINCULOS 2006-2014,OK (nº de colunas) / 1 rótulo(s) diferentes,pos 43: dicionário='Tipo Estab (2a ocorrencia)' arquivo='Tipo Estab',Bairros SP;Bairros Fortaleza;Bairros RJ;Causa Afastamento 1;Causa Afastamento 2;Causa Afastamento 3;Motivo Desligamento;CBO Ocupação 2002;CNAE 2.0 Classe;CNAE 95 Classe;Distritos SP;Vínculo Ativo 31/12;Faixa Etária;Faixa Hora Contrat;Faixa Remun Dezem (SM);Faixa Remun Média (SM);Faixa Tempo Emprego;Escolaridade após 2005;Qtd Hora Contr;Idade;Ind CEI Vinculado;Ind Simples;Mês Admissão;Mês Desligamento;Mun Trab;Município;Nacionalidade;Natureza Jurídica;Ind Portador Defic;Qtd Dias Afastamento;Raça Cor;Regiões Adm DF;Vl Remun Dezembro Nom;Vl Remun Dezembro (SM);Vl Remun Média Nom;Vl Remun Média (SM);CNAE 2.0 Subclasse;Sexo Trabalhador;Tamanho Estabelecimento;Tempo Emprego;Tipo Admissão;Tipo Estab;Tipo Estab;Tipo Defic;Tipo Vínculo,"           {ñ class};           {ñ class};           {ñ class};99;99;99;11;717020;42111;45225;           {ñ class};0;06;06;00;05;01;                  01;  44;  43;0;0;06;09;000000;221100;10;2062;0;   0;08;0000;0000000000,00;000000,00;0000001672,24;000003,06;4211101;                  01;09;     2,7;02;01;CNPJ                ;00;10"
E:\pdet\00_raw\pdet\microdados\RAIS\2011\PR2011.7z,PR2011.txt,1539827370,RAIS_VINCULOS,2011,PR,cp1252,';',sim,45,RAIS_VINCULOS 2006-2014,OK (nº de colunas) / 1 rótulo(s) diferentes,pos 43: dicionário='Tipo Estab (2a ocorrencia)' arquivo='Tipo Estab',Bairros SP;Bairros Fortaleza;Bairros RJ;Causa Afastamento 1;Causa Afastamento 2;Causa Afastamento 3;Motivo Desligamento;CBO Ocupação 2002;CNAE 2.0 Classe;CNAE 95 Classe;Distritos SP;Vínculo Ativo 31/12;Faixa Etária;Faixa Hora Contrat;Faixa Remun Dezem (SM);Faixa Remun Média (SM);Faixa Tempo Emprego;Escolaridade após 2005;Qtd Hora Contr;Idade;Ind CEI Vinculado;Ind Simples;Mês Admissão;Mês Desligamento;Mun Trab;Município;Nacionalidade;Natureza Jurídica;Ind Portador Defic;Qtd Dias Afastamento;Raça Cor;Regiões Adm DF;Vl Remun Dezembro Nom;Vl Remun Dezembro (SM);Vl Remun Média Nom;Vl Remun Média (SM);CNAE 2.0 Subclasse;Sexo Trabalhador;Tamanho Estabelecimento;Tempo Emprego;Tipo Admissão;Tipo Estab;Tipo Estab;Tipo Defic;Tipo Vínculo,"           {ñ class};           {ñ class};           {ñ class};99;99;99;11;715525;42995;45292;           {ñ class};0;07;06;00;04;01;                  01;  44;  52;0;0;08;10;000000;410580;10;2062;0;   0;02;0000;0000000000,00;000000,00;0000001466,25;000002,68;4299599;                  01;07;     1,5;02;01;CNPJ                ;00;10"
E:\pdet\00_raw\pdet\microdados\RAIS\2011\RJ2011.7z,RJ2011.txt,2122252362,RAIS_VINCULOS,2011,RJ,cp1252,';',sim,45,RAIS_VINCULOS 2006-2014,OK (nº de colunas) / 1 rótulo(s) diferentes,pos 43: dicionário='Tipo Estab (2a ocorrencia)' arquivo='Tipo Estab',Bairros SP;Bairros Fortaleza;Bairros RJ;Causa Afastamento 1;Causa Afastamento 2;Causa Afastamento 3;Motivo Desligamento;CBO Ocupação 2002;CNAE 2.0 Classe;CNAE 95 Classe;Distritos SP;Vínculo Ativo 31/12;Faixa Etária;Faixa Hora Contrat;Faixa Remun Dezem (SM);Faixa Remun Média (SM);Faixa Tempo Emprego;Escolaridade após 2005;Qtd Hora Contr;Idade;Ind CEI Vinculado;Ind Simples;Mês Admissão;Mês Desligamento;Mun Trab;Município;Nacionalidade;Natureza Jurídica;Ind Portador Defic;Qtd Dias Afastamento;Raça Cor;Regiões Adm DF;Vl Remun Dezembro Nom;Vl Remun Dezembro (SM);Vl Remun Média Nom;Vl Remun Média (SM);CNAE 2.0 Subclasse;Sexo Trabalhador;Tamanho Estabelecimento;Tempo Emprego;Tipo Admissão;Tipo Estab;Tipo Estab;Tipo Defic;Tipo Vínculo,"           {ñ class};           {ñ class};                9999;99;99;99;70;621005;01512;01414;           {ñ class};0;08;06;00;02;08;                  01;  44;  66;0;0;00;08;000000;330300;10;4081;0;   0;04;0000;0000000000,00;000000,00;0000000749,45;000001,37;0151201;                  01;01;   147,5;00;03;CEI                 ;00;25"
E:\pdet\00_raw\pdet\microdados\RAIS\2011\RN2011.7z,RN2011.txt,274247217,RAIS_VINCULOS,2011,RN,cp1252,';',sim,45,RAIS_VINCULOS 2006-2014,OK (nº de colunas) / 1 rótulo(s) diferentes,pos 43: dicionário='Tipo Estab (2a ocorrencia)' arquivo='Tipo Estab',Bairros SP;Bairros Fortaleza;Bairros RJ;Causa Afastamento 1;Causa Afastamento 2;Causa Afastamento 3;Motivo Desligamento;CBO Ocupação 2002;CNAE 2.0 Classe;CNAE 95 Classe;Distritos SP;Vínculo Ativo 31/12;Faixa Etária;Faixa Hora Contrat;Faixa Remun Dezem (SM);Faixa Remun Média (SM);Faixa Tempo Emprego;Escolaridade após 2005;Qtd Hora Contr;Idade;Ind CEI Vinculado;Ind Simples;Mês Admissão;Mês Desligamento;Mun Trab;Município;Nacionalidade;Natureza Jurídica;Ind Portador Defic;Qtd Dias Afastamento;Raça Cor;Regiões Adm DF;Vl Remun Dezembro Nom;Vl Remun Dezembro (SM);Vl Remun Média Nom;Vl Remun Média (SM);CNAE 2.0 Subclasse;Sexo Trabalhador;Tamanho Estabelecimento;Tempo Emprego;Tipo Admissão;Tipo Estab;Tipo Estab;Tipo Defic;Tipo Vínculo,"           {ñ class};           {ñ class};           {ñ class};99;99;99;12;715505;71120;74209;           {ñ class};0;06;06;00;02;01;                  01;  44;  48;0;1;03;04;240810;240810;10;2135;0;   0;08;0000;0000000000,00;000000,00;0000000729,91;000001,33;7112000;                  01;01;     1,4;02;01;CNPJ                ;00;10"
E:\pdet\00_raw\pdet\microdados\RAIS\2011\RO2011.7z,RO2011.txt,183141414,RAIS_VINCULOS,2011,RO,cp1252,';',sim,45,RAIS_VINCULOS 2006-2014,OK (nº de colunas) / 1 rótulo(s) diferentes,pos 43: dicionário='Tipo Estab (2a ocorrencia)' arquivo='Tipo Estab',Bairros SP;Bairros Fortaleza;Bairros RJ;Causa Afastamento 1;Causa Afastamento 2;Causa Afastamento 3;Motivo Desligamento;CBO Ocupação 2002;CNAE 2.0 Classe;CNAE 95 Classe;Distritos SP;Vínculo Ativo 31/12;Faixa Etária;Faixa Hora Contrat;Faixa Remun Dezem (SM);Faixa Remun Média (SM);Faixa Tempo Emprego;Escolaridade após 2005;Qtd Hora Contr;Idade;Ind CEI Vinculado;Ind Simples;Mês Admissão;Mês Desligamento;Mun Trab;Município;Nacionalidade;Natureza Jurídica;Ind Portador Defic;Qtd Dias Afastamento;Raça Cor;Regiões Adm DF;Vl Remun Dezembro Nom;Vl Remun Dezembro (SM);Vl Remun Média Nom;Vl Remun Média (SM);CNAE 2.0 Subclasse;Sexo Trabalhador;Tamanho Estabelecimento;Tempo Emprego;Tipo Admissão;Tipo Estab;Tipo Estab;Tipo Defic;Tipo Vínculo,"           {ñ class};           {ñ class};           {ñ class};99;99;99;10;623110;01512;01414;           {ñ class};0;04;06;00;02;04;                  01;  44;  28;0;0;00;10;110150;110150;10;4022;0;   0;06;0000;0000000000,00;000000,00;0000000586,10;000001,06;0151201;                  01;01;    17,0;00;03;CEI                 ;00;25"
E:\pdet\00_raw\pdet\microdados\RAIS\2011\RR2011.7z,RR2011.txt,41276088,RAIS_VINCULOS,2011,RR,cp1252,';',sim,45,RAIS_VINCULOS 2006-2014,OK (nº de colunas) / 1 rótulo(s) diferentes,pos 43: dicionário='Tipo Estab (2a ocorrencia)' arquivo='Tipo Estab',Bairros SP;Bairros Fortaleza;Bairros RJ;Causa Afastamento 1;Causa Afastamento 2;Causa Afastamento 3;Motivo Desligamento;CBO Ocupação 2002;CNAE 2.0 Classe;CNAE 95 Classe;Distritos SP;Vínculo Ativo 31/12;Faixa Etária;Faixa Hora Contrat;Faixa Remun Dezem (SM);Faixa Remun Média (SM);Faixa Tempo Emprego;Escolaridade após 2005;Qtd Hora Contr;Idade;Ind CEI Vinculado;Ind Simples;Mês Admissão;Mês Desligamento;Mun Trab;Município;Nacionalidade;Natureza Jurídica;Ind Portador Defic;Qtd Dias Afastamento;Raça Cor;Regiões Adm DF;Vl Remun Dezembro Nom;Vl Remun Dezembro (SM);Vl Remun Média Nom;Vl Remun Média (SM);CNAE 2.0 Subclasse;Sexo Trabalhador;Tamanho Estabelecimento;Tempo Emprego;Tipo Admissão;Tipo Estab;Tipo Estab;Tipo Defic;Tipo Vínculo,"           {ñ class};           {ñ class};           {ñ class};99;99;99;11;717020;41204;45217;           {ñ class};0;04;06;00;02;03;                  01;  44;  25;0;0;00;06;000000;140010;10;2062;0;   0;08;0000;0000000000,00;000000,00;0000000700,00;000001,28;4120400;                  01;06;    11,0;00;01;CNPJ                ;00;10"
E:\pdet\00_raw\pdet\microdados\RAIS\2011\RS2011.7z,RS2011.txt,1509290937,RAIS_VINCULOS,2011,RS,cp1252,';',sim,45,RAIS_VINCULOS 2006-2014,OK (nº de colunas) / 1 rótulo(s) diferentes,pos 43: dicionário='Tipo Estab (2a ocorrencia)' arquivo='Tipo Estab',Bairros SP;Bairros Fortaleza;Bairros RJ;Causa Afastamento 1;Causa Afastamento 2;Causa Afastamento 3;Motivo Desligamento;CBO Ocupação 2002;CNAE 2.0 Classe;CNAE 95 Classe;Distritos SP;Vínculo Ativo 31/12;Faixa Etária;Faixa Hora Contrat;Faixa Remun Dezem (SM);Faixa Remun Média (SM);Faixa Tempo Emprego;Escolaridade após 2005;Qtd Hora Contr;Idade;Ind CEI Vinculado;Ind Simples;Mês Admissão;Mês Desligamento;Mun Trab;Município;Nacionalidade;Natureza Jurídica;Ind Portador Defic;Qtd Dias Afastamento;Raça Cor;Regiões Adm DF;Vl Remun Dezembro Nom;Vl Remun Dezembro (SM);Vl Remun Média Nom;Vl Remun Média (SM);CNAE 2.0 Subclasse;Sexo Trabalhador;Tamanho Estabelecimento;Tempo Emprego;Tipo Admissão;Tipo Estab;Tipo Estab;Tipo Defic;Tipo Vínculo,"           {ñ class};           {ñ class};           {ñ class};99;99;99;11;724315;25993;28991;           {ñ class};0;06;06;00;04;02;                  01;  44;  48;0;0;07;11;000000;431340;10;2062;0;   0;02;0000;0000000000,00;000000,00;0000001261,35;000002,31;2599399;                  01;05;     3,4;02;01;CNPJ                ;00;10"
E:\pdet\00_raw\pdet\microdados\RAIS\2011\SC2011.7z,SC2011.txt,1122141141,RAIS_VINCULOS,2011,SC,cp1252,';',sim,45,RAIS_VINCULOS 2006-2014,OK (nº de colunas) / 1 rótulo(s) diferentes,pos 43: dicionário='Tipo Estab (2a ocorrencia)' arquivo='Tipo Estab',Bairros SP;Bairros Fortaleza;Bairros RJ;Causa Afastamento 1;Causa Afastamento 2;Causa Afastamento 3;Motivo Desligamento;CBO Ocupação 2002;CNAE 2.0 Classe;CNAE 95 Classe;Distritos SP;Vínculo Ativo 31/12;Faixa Etária;Faixa Hora Contrat;Faixa Remun Dezem (SM);Faixa Remun Média (SM);Faixa Tempo Emprego;Escolaridade após 2005;Qtd Hora Contr;Idade;Ind CEI Vinculado;Ind Simples;Mês Admissão;Mês Desligamento;Mun Trab;Município;Nacionalidade;Natureza Jurídica;Ind Portador Defic;Qtd Dias Afastamento;Raça Cor;Regiões Adm DF;Vl Remun Dezembro Nom;Vl Remun Dezembro (SM);Vl Remun Média Nom;Vl Remun Média (SM);CNAE 2.0 Subclasse;Sexo Trabalhador;Tamanho Estabelecimento;Tempo Emprego;Tipo Admissão;Tipo Estab;Tipo Estab;Tipo Defic;Tipo Vínculo,"           {ñ class};           {ñ class};           {ñ class};99;99;99;21;631210;03116;05118;           {ñ class};0;07;06;00;04;03;                  01;  44;  62;0;0;05;11;000000;420600;10;3077;0;   0;02;0000;0000000000,00;000000,00;0000001198,97;000002,19;0311601;                  01;03;     6,0;02;03;CEI                 ;00;15"
E:\pdet\00_raw\pdet\microdados\RAIS\2011\SE2011.7z,SE2011.txt,175796766,RAIS_VINCULOS,2011,SE,cp1252,';',sim,45,RAIS_VINCULOS 2006-2014,OK (nº de colunas) / 1 rótulo(s) diferentes,pos 43: dicionário='Tipo Estab (2a ocorrencia)' arquivo='Tipo Estab',Bairros SP;Bairros Fortaleza;Bairros RJ;Causa Afastamento 1;Causa Afastamento 2;Causa Afastamento 3;Motivo Desligamento;CBO Ocupação 2002;CNAE 2.0 Classe;CNAE 95 Classe;Distritos SP;Vínculo Ativo 31/12;Faixa Etária;Faixa Hora Contrat;Faixa Remun Dezem (SM);Faixa Remun Média (SM);Faixa Tempo Emprego;Escolaridade após 2005;Qtd Hora Contr;Idade;Ind CEI Vinculado;Ind Simples;Mês Admissão;Mês Desligamento;Mun Trab;Município;Nacionalidade;Natureza Jurídica;Ind Portador Defic;Qtd Dias Afastamento;Raça Cor;Regiões Adm DF;Vl Remun Dezembro Nom;Vl Remun Dezembro (SM);Vl Remun Média Nom;Vl Remun Média (SM);CNAE 2.0 Subclasse;Sexo Trabalhador;Tamanho Estabelecimento;Tempo Emprego;Tipo Admissão;Tipo Estab;Tipo Estab;Tipo Defic;Tipo Vínculo,"           {ñ class};           {ñ class};           {ñ class};99;99;99;11;715210;41204;45217;           {ñ class};0;07;06;00;02;03;                  01;  44;  56;0;1;00;08;280030;280480;10;2062;0;   0;08;0000;0000000000,00;000000,00;0000000774,90;000001,42;4120400;                  01;03;    11,0;00;01;CNPJ                ;00;10"
E:\pdet\00_raw\pdet\microdados\RAIS\2011\SP2011.7z,SP2011.txt,7044724296,RAIS_VINCULOS,2011,SP,cp1252,';',sim,45,RAIS_VINCULOS 2006-2014,OK (nº de colunas) / 1 rótulo(s) diferentes,pos 43: dicionário='Tipo Estab (2a ocorrencia)' arquivo='Tipo Estab',Bairros SP;Bairros Fortaleza;Bairros RJ;Causa Afastamento 1;Causa Afastamento 2;Causa Afastamento 3;Motivo Desligamento;CBO Ocupação 2002;CNAE 2.0 Classe;CNAE 95 Classe;Distritos SP;Vínculo Ativo 31/12;Faixa Etária;Faixa Hora Contrat;Faixa Remun Dezem (SM);Faixa Remun Média (SM);Faixa Tempo Emprego;Escolaridade após 2005;Qtd Hora Contr;Idade;Ind CEI Vinculado;Ind Simples;Mês Admissão;Mês Desligamento;Mun Trab;Município;Nacionalidade;Natureza Jurídica;Ind Portador Defic;Qtd Dias Afastamento;Raça Cor;Regiões Adm DF;Vl Remun Dezembro Nom;Vl Remun Dezembro (SM);Vl Remun Média Nom;Vl Remun Média (SM);CNAE 2.0 Subclasse;Sexo Trabalhador;Tamanho Estabelecimento;Tempo Emprego;Tipo Admissão;Tipo Estab;Tipo Estab;Tipo Defic;Tipo Vínculo,"                9999;           {ñ class};           {ñ class};99;99;99;11;622505;01318;01317;                9999;0;05;06;00;06;03;                  01;  44;  34;0;0;00;01;350610;350610;10;2240;0;   0;02;0000;0000000000,00;000000,00;0000002186,77;000004,04;0131800;                  01;10;     6,6;00;01;CNPJ                ;00;20"
E:\pdet\00_raw\pdet\microdados\RAIS\2011\TO2011.7z,TO2011.txt,116818803,RAIS_VINCULOS,2011,TO,cp1252,';',sim,45,RAIS_VINCULOS 2006-2014,OK (nº de colunas) / 1 rótulo(s) diferentes,pos 43: dicionário='Tipo Estab (2a ocorrencia)' arquivo='Tipo Estab',Bairros SP;Bairros Fortaleza;Bairros RJ;Causa Afastamento 1;Causa Afastamento 2;Causa Afastamento 3;Motivo Desligamento;CBO Ocupação 2002;CNAE 2.0 Classe;CNAE 95 Classe;Distritos SP;Vínculo Ativo 31/12;Faixa Etária;Faixa Hora Contrat;Faixa Remun Dezem (SM);Faixa Remun Média (SM);Faixa Tempo Emprego;Escolaridade após 2005;Qtd Hora Contr;Idade;Ind CEI Vinculado;Ind Simples;Mês Admissão;Mês Desligamento;Mun Trab;Município;Nacionalidade;Natureza Jurídica;Ind Portador Defic;Qtd Dias Afastamento;Raça Cor;Regiões Adm DF;Vl Remun Dezembro Nom;Vl Remun Dezembro (SM);Vl Remun Média Nom;Vl Remun Média (SM);CNAE 2.0 Subclasse;Sexo Trabalhador;Tamanho Estabelecimento;Tempo Emprego;Tipo Admissão;Tipo Estab;Tipo Estab;Tipo Defic;Tipo Vínculo,"           {ñ class};           {ñ class};           {ñ class};99;99;99;21;621005;01113;01112;           {ñ class};0;07;06;00;02;02;                  01;  44;  53;0;0;00;03;171190;171190;10;2135;0;   0;09;0000;0000000000,00;000000,00;0000000812,96;000001,49;0111301;                  01;02;     4,9;00;03;CEI                 ;00;25"
E:\pdet\00_raw\pdet\microdados\RAIS\2012\AC2012.7z,AC2012.txt,59991354,RAIS_VINCULOS,2012,AC,cp1252,';',sim,45,RAIS_VINCULOS 2006-2014,OK (nº de colunas) / 1 rótulo(s) diferentes,pos 43: dicionário='Tipo Estab (2a ocorrencia)' arquivo='Tipo Estab',Bairros SP;Bairros Fortaleza;Bairros RJ;Causa Afastamento 1;Causa Afastamento 2;Causa Afastamento 3;Motivo Desligamento;CBO Ocupação 2002;CNAE 2.0 Classe;CNAE 95 Classe;Distritos SP;Vínculo Ativo 31/12;Faixa Etária;Faixa Hora Contrat;Faixa Remun Dezem (SM);Faixa Remun Média (SM);Faixa Tempo Emprego;Escolaridade após 2005;Qtd Hora Contr;Idade;Ind CEI Vinculado;Ind Simples;Mês Admissão;Mês Desligamento;Mun Trab;Município;Nacionalidade;Natureza Jurídica;Ind Portador Defic;Qtd Dias Afastamento;Raça Cor;Regiões Adm DF;Vl Remun Dezembro Nom;Vl Remun Dezembro (SM);Vl Remun Média Nom;Vl Remun Média (SM);CNAE 2.0 Subclasse;Sexo Trabalhador;Tamanho Estabelecimento;Tempo Emprego;Tipo Admissão;Tipo Estab;Tipo Estab;Tipo Defic;Tipo Vínculo,"           {ñ class};           {ñ class};           {ñ class};99;99;99;11;773125;16102;20109;           {ñ class};0;07;06;00;02;07;                  01;  44;  52;0;1;00;06;120040;120040;10;2062;1;   0;08;0000;0000000000,00;000000,00;0000000749,50;000001,20;1610201;                  01;05;    97,4;00;01;CNPJ                ;02;10"
E:\pdet\00_raw\pdet\microdados\RAIS\2012\AL2012.7z,AL2012.txt,235172331,RAIS_VINCULOS,2012,AL,cp1252,';',sim,45,RAIS_VINCULOS 2006-2014,OK (nº de colunas) / 1 rótulo(s) diferentes,pos 43: dicionário='Tipo Estab (2a ocorrencia)' arquivo='Tipo Estab',Bairros SP;Bairros Fortaleza;Bairros RJ;Causa Afastamento 1;Causa Afastamento 2;Causa Afastamento 3;Motivo Desligamento;CBO Ocupação 2002;CNAE 2.0 Classe;CNAE 95 Classe;Distritos SP;Vínculo Ativo 31/12;Faixa Etária;Faixa Hora Contrat;Faixa Remun Dezem (SM);Faixa Remun Média (SM);Faixa Tempo Emprego;Escolaridade após 2005;Qtd Hora Contr;Idade;Ind CEI Vinculado;Ind Simples;Mês Admissão;Mês Desligamento;Mun Trab;Município;Nacionalidade;Natureza Jurídica;Ind Portador Defic;Qtd Dias Afastamento;Raça Cor;Regiões Adm DF;Vl Remun Dezembro Nom;Vl Remun Dezembro (SM);Vl Remun Média Nom;Vl Remun Média (SM);CNAE 2.0 Subclasse;Sexo Trabalhador;Tamanho Estabelecimento;Tempo Emprego;Tipo Admissão;Tipo Estab;Tipo Estab;Tipo Defic;Tipo Vínculo,"           {ñ class};           {ñ class};           {ñ class};99;99;99;21;717020;41204;45217;           {ñ class};0;05;06;00;01;01;                  01;  44;  32;0;0;02;03;270430;270430;10;2062;0;   0;09;0000;0000000000,00;000000,00;0000000621,99;000000,99;4120400;                  01;04;     1,3;02;01;CNPJ                ;00;10"
E:\pdet\00_raw\pdet\microdados\RAIS\2012\AM2012.7z,AM2012.txt,308874222,RAIS_VINCULOS,2012,AM,cp1252,';',sim,45,RAIS_VINCULOS 2006-2014,OK (nº de colunas) / 1 rótulo(s) diferentes,pos 43: dicionário='Tipo Estab (2a ocorrencia)' arquivo='Tipo Estab',Bairros SP;Bairros Fortaleza;Bairros RJ;Causa Afastamento 1;Causa Afastamento 2;Causa Afastamento 3;Motivo Desligamento;CBO Ocupação 2002;CNAE 2.0 Classe;CNAE 95 Classe;Distritos SP;Vínculo Ativo 31/12;Faixa Etária;Faixa Hora Contrat;Faixa Remun Dezem (SM);Faixa Remun Média (SM);Faixa Tempo Emprego;Escolaridade após 2005;Qtd Hora Contr;Idade;Ind CEI Vinculado;Ind Simples;Mês Admissão;Mês Desligamento;Mun Trab;Município;Nacionalidade;Natureza Jurídica;Ind Portador Defic;Qtd Dias Afastamento;Raça Cor;Regiões Adm DF;Vl Remun Dezembro Nom;Vl Remun Dezembro (SM);Vl Remun Média Nom;Vl Remun Média (SM);CNAE 2.0 Subclasse;Sexo Trabalhador;Tamanho Estabelecimento;Tempo Emprego;Tipo Admissão;Tipo Estab;Tipo Estab;Tipo Defic;Tipo Vínculo,"           {ñ class};           {ñ class};           {ñ class};99;99;99;11;717020;81214;74705;           {ñ class};0;03;06;00;02;03;                  01;  44;  24;0;0;00;01;130260;130260;10;2062;0;   0;08;0000;0000000000,00;000000,00;0000000762,00;000001,22;8121400;                  01;10;     8,3;00;01;CNPJ                ;00;10"
E:\pdet\00_raw\pdet\microdados\RAIS\2012\AP2012.7z,AP2012.txt,56006010,RAIS_VINCULOS,2012,AP,cp1252,';',sim,45,RAIS_VINCULOS 2006-2014,OK (nº de colunas) / 1 rótulo(s) diferentes,pos 43: dicionário='Tipo Estab (2a ocorrencia)' arquivo='Tipo Estab',Bairros SP;Bairros Fortaleza;Bairros RJ;Causa Afastamento 1;Causa Afastamento 2;Causa Afastamento 3;Motivo Desligamento;CBO Ocupação 2002;CNAE 2.0 Classe;CNAE 95 Classe;Distritos SP;Vínculo Ativo 31/12;Faixa Etária;Faixa Hora Contrat;Faixa Remun Dezem (SM);Faixa Remun Média (SM);Faixa Tempo Emprego;Escolaridade após 2005;Qtd Hora Contr;Idade;Ind CEI Vinculado;Ind Simples;Mês Admissão;Mês Desligamento;Mun Trab;Município;Nacionalidade;Natureza Jurídica;Ind Portador Defic;Qtd Dias Afastamento;Raça Cor;Regiões Adm DF;Vl Remun Dezembro Nom;Vl Remun Dezembro (SM);Vl Remun Média Nom;Vl Remun Média (SM);CNAE 2.0 Subclasse;Sexo Trabalhador;Tamanho Estabelecimento;Tempo Emprego;Tipo Admissão;Tipo Estab;Tipo Estab;Tipo Defic;Tipo Vínculo,"           {ñ class};           {ñ class};           {ñ class};99;99;99;12;715505;41204;45217;           {ñ class};0;07;01;00;02;01;                  01;   8;  52;0;0;06;08;160030;160030;10;2062;0;   0;04;0000;0000000000,00;000000,00;0000000811,66;000001,30;4120400;                  01;05;     2,1;01;01;CNPJ                ;00;10"
E:\pdet\00_raw\pdet\microdados\RAIS\2012\BA2012.7z,BA2012.txt,1118530089,RAIS_VINCULOS,2012,BA,cp1252,';',sim,45,RAIS_VINCULOS 2006-2014,OK (nº de colunas) / 1 rótulo(s) diferentes,pos 43: dicionário='Tipo Estab (2a ocorrencia)' arquivo='Tipo Estab',Bairros SP;Bairros Fortaleza;Bairros RJ;Causa Afastamento 1;Causa Afastamento 2;Causa Afastamento 3;Motivo Desligamento;CBO Ocupação 2002;CNAE 2.0 Classe;CNAE 95 Classe;Distritos SP;Vínculo Ativo 31/12;Faixa Etária;Faixa Hora Contrat;Faixa Remun Dezem (SM);Faixa Remun Média (SM);Faixa Tempo Emprego;Escolaridade após 2005;Qtd Hora Contr;Idade;Ind CEI Vinculado;Ind Simples;Mês Admissão;Mês Desligamento;Mun Trab;Município;Nacionalidade;Natureza Jurídica;Ind Portador Defic;Qtd Dias Afastamento;Raça Cor;Regiões Adm DF;Vl Remun Dezembro Nom;Vl Remun Dezembro (SM);Vl Remun Média Nom;Vl Remun Média (SM);CNAE 2.0 Subclasse;Sexo Trabalhador;Tamanho Estabelecimento;Tempo Emprego;Tipo Admissão;Tipo Estab;Tipo Estab;Tipo Defic;Tipo Vínculo,"           {ñ class};           {ñ class};           {ñ class};99;99;99;11;717020;41204;45217;           {ñ class};0;06;06;00;04;02;                  01;  44;  46;0;1;00;02;290570;290570;10;2062;0;   0;08;0000;0000000000,00;000000,00;0000001521,89;000002,44;4120400;                  01;03;     4,4;00;01;CNPJ                ;00;10"
E:\pdet\00_raw\pdet\microdados\RAIS\2012\CE2012.7z,CE2012.txt,692852526,RAIS_VINCULOS,2012,CE,cp1252,';',sim,45,RAIS_VINCULOS 2006-2014,OK (nº de colunas) / 1 rótulo(s) diferentes,pos 43: dicionário='Tipo Estab (2a ocorrencia)' arquivo='Tipo Estab',Bairros SP;Bairros Fortaleza;Bairros RJ;Causa Afastamento 1;Causa Afastamento 2;Causa Afastamento 3;Motivo Desligamento;CBO Ocupação 2002;CNAE 2.0 Classe;CNAE 95 Classe;Distritos SP;Vínculo Ativo 31/12;Faixa Etária;Faixa Hora Contrat;Faixa Remun Dezem (SM);Faixa Remun Média (SM);Faixa Tempo Emprego;Escolaridade após 2005;Qtd Hora Contr;Idade;Ind CEI Vinculado;Ind Simples;Mês Admissão;Mês Desligamento;Mun Trab;Município;Nacionalidade;Natureza Jurídica;Ind Portador Defic;Qtd Dias Afastamento;Raça Cor;Regiões Adm DF;Vl Remun Dezembro Nom;Vl Remun Dezembro (SM);Vl Remun Média Nom;Vl Remun Média (SM);CNAE 2.0 Subclasse;Sexo Trabalhador;Tamanho Estabelecimento;Tempo Emprego;Tipo Admissão;Tipo Estab;Tipo Estab;Tipo Defic;Tipo Vínculo,"           {ñ class};           {ñ class};           {ñ class};99;99;99;11;517410;49213;60232;           {ñ class};0;08;06;00;02;08;                  01;  44;  69;0;0;00;06;230440;230440;10;2062;1;   0;02;0000;0000000000,00;000000,00;0000000784,29;000001,25;4921301;                  01;02;   183,9;00;01;CNPJ                ;01;10"
E:\pdet\00_raw\pdet\microdados\RAIS\2012\DF2012.7z,DF2012.txt,553334517,RAIS_VINCULOS,2012,DF,cp1252,';',sim,45,RAIS_VINCULOS 2006-2014,OK (nº de colunas) / 1 rótulo(s) diferentes,pos 43: dicionário='Tipo Estab (2a ocorrencia)' arquivo='Tipo Estab',Bairros SP;Bairros Fortaleza;Bairros RJ;Causa Afastamento 1;Causa Afastamento 2;Causa Afastamento 3;Motivo Desligamento;CBO Ocupação 2002;CNAE 2.0 Classe;CNAE 95 Classe;Distritos SP;Vínculo Ativo 31/12;Faixa Etária;Faixa Hora Contrat;Faixa Remun Dezem (SM);Faixa Remun Média (SM);Faixa Tempo Emprego;Escolaridade após 2005;Qtd Hora Contr;Idade;Ind CEI Vinculado;Ind Simples;Mês Admissão;Mês Desligamento;Mun Trab;Município;Nacionalidade;Natureza Jurídica;Ind Portador Defic;Qtd Dias Afastamento;Raça Cor;Regiões Adm DF;Vl Remun Dezembro Nom;Vl Remun Dezembro (SM);Vl Remun Média Nom;Vl Remun Média (SM);CNAE 2.0 Subclasse;Sexo Trabalhador;Tamanho Estabelecimento;Tempo Emprego;Tipo Admissão;Tipo Estab;Tipo Estab;Tipo Defic;Tipo Vínculo,"           {ñ class};           {ñ class};           {ñ class};99;99;99;11;717020;41204;45217;           {ñ class};0;03;06;00;03;04;                  01;  44;  21;1;0;00;11;530010;530010;10;2054;0;   0;02;0001;0000000000,00;000000,00;0000001066,13;000001,70;4120400;                  01;08;    16,5;00;01;CNPJ                ;00;10"
E:\pdet\00_raw\pdet\microdados\RAIS\2012\ES2012.7z,ES2012.txt,498017889,RAIS_VINCULOS,2012,ES,cp1252,';',sim,45,RAIS_VINCULOS 2006-2014,OK (nº de colunas) / 1 rótulo(s) diferentes,pos 43: dicionário='Tipo Estab (2a ocorrencia)' arquivo='Tipo Estab',Bairros SP;Bairros Fortaleza;Bairros RJ;Causa Afastamento 1;Causa Afastamento 2;Causa Afastamento 3;Motivo Desligamento;CBO Ocupação 2002;CNAE 2.0 Classe;CNAE 95 Classe;Distritos SP;Vínculo Ativo 31/12;Faixa Etária;Faixa Hora Contrat;Faixa Remun Dezem (SM);Faixa Remun Média (SM);Faixa Tempo Emprego;Escolaridade após 2005;Qtd Hora Contr;Idade;Ind CEI Vinculado;Ind Simples;Mês Admissão;Mês Desligamento;Mun Trab;Município;Nacionalidade;Natureza Jurídica;Ind Portador Defic;Qtd Dias Afastamento;Raça Cor;Regiões Adm DF;Vl Remun Dezembro Nom;Vl Remun Dezembro (SM);Vl Remun Média Nom;Vl Remun Média (SM);CNAE 2.0 Subclasse;Sexo Trabalhador;Tamanho Estabelecimento;Tempo Emprego;Tipo Admissão;Tipo Estab;Tipo Estab;Tipo Defic;Tipo Vínculo,"           {ñ class};           {ñ class};           {ñ class};99;99;99;11;622020;01334;01392;           {ñ class};0;05;06;00;02;03;                  01;  44;  36;0;0;00;09;320320;320320;10;2062;0;   0;08;0000;0000000000,00;000000,00;0000000652,40;000001,04;0133408;                  01;07;    11,3;00;01;CNPJ                ;00;20"
E:\pdet\00_raw\pdet\microdados\RAIS\2012\Estb2012.7z,Estb2012.txt,1927735278,RAIS_ESTAB,2012,,cp1252,';',?,21,RAIS_ESTAB 2014-2017,DIVERGE,"esperava 24 colunas, li 21",Bairros SP;Bairros Fortaleza;Bairros RJ;CNAE 2.0 Classe;CNAE 95 Classe;Distritos SP;Qtd Vínculos CLT;Qtd Vínculos Ativos;Qtd Vínculos Estatutários;Ind Atividade Ano;Ind CEI Vinculado;Ind Estab Participa PAT;Ind Rais Negativa;Ind Simples;Município;Natureza Jurídica;Regiões Adm DF;CNAE 2.0 Subclasse;Tamanho Estabelecimento;Tipo Estab;Tipo Estab,           {ñ class};           {ñ class};           {ñ class};23303;26301;{ñ clas;00000000000000000001;00000000000000000001;00000000000000000000;1;0;0;                   0;1;110004;2062;                0000;2330302;02;01;Cnpj                
E:\pdet\00_raw\pdet\microdados\RAIS\2012\GO2012.7z,GO2012.txt,782388234,RAIS_VINCULOS,2012,GO,cp1252,';',sim,45,RAIS_VINCULOS 2006-2014,OK (nº de colunas) / 1 rótulo(s) diferentes,pos 43: dicionário='Tipo Estab (2a ocorrencia)' arquivo='Tipo Estab',Bairros SP;Bairros Fortaleza;Bairros RJ;Causa Afastamento 1;Causa Afastamento 2;Causa Afastamento 3;Motivo Desligamento;CBO Ocupação 2002;CNAE 2.0 Classe;CNAE 95 Classe;Distritos SP;Vínculo Ativo 31/12;Faixa Etária;Faixa Hora Contrat;Faixa Remun Dezem (SM);Faixa Remun Média (SM);Faixa Tempo Emprego;Escolaridade após 2005;Qtd Hora Contr;Idade;Ind CEI Vinculado;Ind Simples;Mês Admissão;Mês Desligamento;Mun Trab;Município;Nacionalidade;Natureza Jurídica;Ind Portador Defic;Qtd Dias Afastamento;Raça Cor;Regiões Adm DF;Vl Remun Dezembro Nom;Vl Remun Dezembro (SM);Vl Remun Média Nom;Vl Remun Média (SM);CNAE 2.0 Subclasse;Sexo Trabalhador;Tamanho Estabelecimento;Tempo Emprego;Tipo Admissão;Tipo Estab;Tipo Estab;Tipo Defic;Tipo Vínculo,"           {ñ class};           {ñ class};           {ñ class};99;99;99;21;632125;47121;52132;           {ñ class};0;04;06;00;01;02;                  01;  44;  25;0;1;06;10;520620;520620;10;2135;0;   0;09;0000;0000000000,00;000000,00;0000000622,00;000001,00;4712100;                  01;05;     4,0;02;01;CNPJ                ;00;10"
E:\pdet\00_raw\pdet\microdados\RAIS\2012\MA2012.7z,MA2012.txt,326940804,RAIS_VINCULOS,2012,MA,cp1252,';',sim,45,RAIS_VINCULOS 2006-2014,OK (nº de colunas) / 1 rótulo(s) diferentes,pos 43: dicionário='Tipo Estab (2a ocorrencia)' arquivo='Tipo Estab',Bairros SP;Bairros Fortaleza;Bairros RJ;Causa Afastamento 1;Causa Afastamento 2;Causa Afastamento 3;Motivo Desligamento;CBO Ocupação 2002;CNAE 2.0 Classe;CNAE 95 Classe;Distritos SP;Vínculo Ativo 31/12;Faixa Etária;Faixa Hora Contrat;Faixa Remun Dezem (SM);Faixa Remun Média (SM);Faixa Tempo Emprego;Escolaridade após 2005;Qtd Hora Contr;Idade;Ind CEI Vinculado;Ind Simples;Mês Admissão;Mês Desligamento;Mun Trab;Município;Nacionalidade;Natureza Jurídica;Ind Portador Defic;Qtd Dias Afastamento;Raça Cor;Regiões Adm DF;Vl Remun Dezembro Nom;Vl Remun Dezembro (SM);Vl Remun Média Nom;Vl Remun Média (SM);CNAE 2.0 Subclasse;Sexo Trabalhador;Tamanho Estabelecimento;Tempo Emprego;Tipo Admissão;Tipo Estab;Tipo Estab;Tipo Defic;Tipo Vínculo,"           {ñ class};           {ñ class};           {ñ class};99;99;99;11;717020;45111;50105;           {ñ class};0;04;06;00;03;01;                  01;  44;  25;0;0;02;03;210530;210530;10;2062;0;   0;08;0000;0000000000,00;000000,00;0000001038,67;000001,66;4511101;                  01;06;     1,3;01;01;CNPJ                ;00;10"
E:\pdet\00_raw\pdet\microdados\RAIS\2012\MG2012.7z,MG2012.txt,2660673069,RAIS_VINCULOS,2012,MG,cp1252,';',sim,45,RAIS_VINCULOS 2006-2014,OK (nº de colunas) / 1 rótulo(s) diferentes,pos 43: dicionário='Tipo Estab (2a ocorrencia)' arquivo='Tipo Estab',Bairros SP;Bairros Fortaleza;Bairros RJ;Causa Afastamento 1;Causa Afastamento 2;Causa Afastamento 3;Motivo Desligamento;CBO Ocupação 2002;CNAE 2.0 Classe;CNAE 95 Classe;Distritos SP;Vínculo Ativo 31/12;Faixa Etária;Faixa Hora Contrat;Faixa Remun Dezem (SM);Faixa Remun Média (SM);Faixa Tempo Emprego;Escolaridade após 2005;Qtd Hora Contr;Idade;Ind CEI Vinculado;Ind Simples;Mês Admissão;Mês Desligamento;Mun Trab;Município;Nacionalidade;Natureza Jurídica;Ind Portador Defic;Qtd Dias Afastamento;Raça Cor;Regiões Adm DF;Vl Remun Dezembro Nom;Vl Remun Dezembro (SM);Vl Remun Média Nom;Vl Remun Média (SM);CNAE 2.0 Subclasse;Sexo Trabalhador;Tamanho Estabelecimento;Tempo Emprego;Tipo Admissão;Tipo Estab;Tipo Estab;Tipo Defic;Tipo Vínculo,"           {ñ class};           {ñ class};           {ñ class};99;99;99;11;622020;10716;15610;           {ñ class};0;06;06;00;06;03;                  01;  44;  49;0;0;02;12;313340;313340;10;2062;0;   0;02;0000;0000009829,50;000015,80;0000002694,97;000004,32;1071600;                  01;10;     9,9;01;01;CNPJ                ;00;20"
E:\pdet\00_raw\pdet\microdados\RAIS\2012\MS2012.7z,MS2012.txt,334963107,RAIS_VINCULOS,2012,MS,cp1252,';',sim,45,RAIS_VINCULOS 2006-2014,OK (nº de colunas) / 1 rótulo(s) diferentes,pos 43: dicionário='Tipo Estab (2a ocorrencia)' arquivo='Tipo Estab',Bairros SP;Bairros Fortaleza;Bairros RJ;Causa Afastamento 1;Causa Afastamento 2;Causa Afastamento 3;Motivo Desligamento;CBO Ocupação 2002;CNAE 2.0 Classe;CNAE 95 Classe;Distritos SP;Vínculo Ativo 31/12;Faixa Etária;Faixa Hora Contrat;Faixa Remun Dezem (SM);Faixa Remun Média (SM);Faixa Tempo Emprego;Escolaridade após 2005;Qtd Hora Contr;Idade;Ind CEI Vinculado;Ind Simples;Mês Admissão;Mês Desligamento;Mun Trab;Município;Nacionalidade;Natureza Jurídica;Ind Portador Defic;Qtd Dias Afastamento;Raça Cor;Regiões Adm DF;Vl Remun Dezembro Nom;Vl Remun Dezembro (SM);Vl Remun Média Nom;Vl Remun Média (SM);CNAE 2.0 Subclasse;Sexo Trabalhador;Tamanho Estabelecimento;Tempo Emprego;Tipo Admissão;Tipo Estab;Tipo Estab;Tipo Defic;Tipo Vínculo,"           {ñ class};           {ñ class};           {ñ class};99;99;99;21;623015;01512;01414;           {ñ class};0;06;06;00;03;03;                  01;  44;  47;0;0;00;04;500740;500740;10;2062;0;   0;08;0000;0000000000,00;000000,00;0000001243,99;000001,99;0151201;                  01;02;     8,3;00;01;CNPJ                ;00;20"
E:\pdet\00_raw\pdet\microdados\RAIS\2012\MT2012.7z,MT2012.txt,445839453,RAIS_VINCULOS,2012,MT,cp1252,';',sim,45,RAIS_VINCULOS 2006-2014,OK (nº de colunas) / 1 rótulo(s) diferentes,pos 43: dicionário='Tipo Estab (2a ocorrencia)' arquivo='Tipo Estab',Bairros SP;Bairros Fortaleza;Bairros RJ;Causa Afastamento 1;Causa Afastamento 2;Causa Afastamento 3;Motivo Desligamento;CBO Ocupação 2002;CNAE 2.0 Classe;CNAE 95 Classe;Distritos SP;Vínculo Ativo 31/12;Faixa Etária;Faixa Hora Contrat;Faixa Remun Dezem (SM);Faixa Remun Média (SM);Faixa Tempo Emprego;Escolaridade após 2005;Qtd Hora Contr;Idade;Ind CEI Vinculado;Ind Simples;Mês Admissão;Mês Desligamento;Mun Trab;Município;Nacionalidade;Natureza Jurídica;Ind Portador Defic;Qtd Dias Afastamento;Raça Cor;Regiões Adm DF;Vl Remun Dezembro Nom;Vl Remun Dezembro (SM);Vl Remun Média Nom;Vl Remun Média (SM);CNAE 2.0 Subclasse;Sexo Trabalhador;Tamanho Estabelecimento;Tempo Emprego;Tipo Admissão;Tipo Estab;Tipo Estab;Tipo Defic;Tipo Vínculo,"           {ñ class};           {ñ class};           {ñ class};99;99;99;11;773325;02209;02127;           {ñ class};0;06;06;00;04;03;                  01;  44;  49;0;0;04;11;510325;510325;10;2054;0;   0;08;0000;0000000000,00;000000,00;0000001735,35;000002,78;0220901;                  01;05;     7,1;02;01;CNPJ                ;00;20"
E:\pdet\00_raw\pdet\microdados\RAIS\2012\PA2012.7z,PA2012.txt,505146087,RAIS_VINCULOS,2012,PA,cp1252,';',sim,45,RAIS_VINCULOS 2006-2014,OK (nº de colunas) / 1 rótulo(s) diferentes,pos 43: dicionário='Tipo Estab (2a ocorrencia)' arquivo='Tipo Estab',Bairros SP;Bairros Fortaleza;Bairros RJ;Causa Afastamento 1;Causa Afastamento 2;Causa Afastamento 3;Motivo Desligamento;CBO Ocupação 2002;CNAE 2.0 Classe;CNAE 95 Classe;Distritos SP;Vínculo Ativo 31/12;Faixa Etária;Faixa Hora Contrat;Faixa Remun Dezem (SM);Faixa Remun Média (SM);Faixa Tempo Emprego;Escolaridade após 2005;Qtd Hora Contr;Idade;Ind CEI Vinculado;Ind Simples;Mês Admissão;Mês Desligamento;Mun Trab;Município;Nacionalidade;Natureza Jurídica;Ind Portador Defic;Qtd Dias Afastamento;Raça Cor;Regiões Adm DF;Vl Remun Dezembro Nom;Vl Remun Dezembro (SM);Vl Remun Média Nom;Vl Remun Média (SM);CNAE 2.0 Subclasse;Sexo Trabalhador;Tamanho Estabelecimento;Tempo Emprego;Tipo Admissão;Tipo Estab;Tipo Estab;Tipo Defic;Tipo Vínculo,"           {ñ class};           {ñ class};           {ñ class};99;99;99;11;717020;41204;45217;           {ñ class};0;05;06;00;02;04;                  01;  44;  37;0;0;00;11;150140;150140;10;2062;0;   0;08;0000;0000000000,00;000000,00;0000000695,76;000001,11;4120400;                  01;05;    20,4;00;01;CNPJ                ;00;10"
E:\pdet\00_raw\pdet\microdados\RAIS\2012\PB2012.7z,PB2012.txt,276385077,RAIS_VINCULOS,2012,PB,cp1252,';',sim,45,RAIS_VINCULOS 2006-2014,OK (nº de colunas) / 1 rótulo(s) diferentes,pos 43: dicionário='Tipo Estab (2a ocorrencia)' arquivo='Tipo Estab',Bairros SP;Bairros Fortaleza;Bairros RJ;Causa Afastamento 1;Causa Afastamento 2;Causa Afastamento 3;Motivo Desligamento;CBO Ocupação 2002;CNAE 2.0 Classe;CNAE 95 Classe;Distritos SP;Vínculo Ativo 31/12;Faixa Etária;Faixa Hora Contrat;Faixa Remun Dezem (SM);Faixa Remun Média (SM);Faixa Tempo Emprego;Escolaridade após 2005;Qtd Hora Contr;Idade;Ind CEI Vinculado;Ind Simples;Mês Admissão;Mês Desligamento;Mun Trab;Município;Nacionalidade;Natureza Jurídica;Ind Portador Defic;Qtd Dias Afastamento;Raça Cor;Regiões Adm DF;Vl Remun Dezembro Nom;Vl Remun Dezembro (SM);Vl Remun Média Nom;Vl Remun Média (SM);CNAE 2.0 Subclasse;Sexo Trabalhador;Tamanho Estabelecimento;Tempo Emprego;Tipo Admissão;Tipo Estab;Tipo Estab;Tipo Defic;Tipo Vínculo,"           {ñ class};           {ñ class};           {ñ class};99;99;99;11;717020;41204;45217;           {ñ class};0;03;06;00;02;02;                  01;  44;  24;1;0;08;11;250750;250750;10;2062;0;   0;08;0000;0000000000,00;000000,00;0000000680,00;000001,09;4120400;                  01;01;     3,6;02;01;CNPJ                ;00;10"
E:\pdet\00_raw\pdet\microdados\RAIS\2012\PE2012.7z,PE2012.txt,832433139,RAIS_VINCULOS,2012,PE,cp1252,';',sim,45,RAIS_VINCULOS 2006-2014,OK (nº de colunas) / 1 rótulo(s) diferentes,pos 43: dicionário='Tipo Estab (2a ocorrencia)' arquivo='Tipo Estab',Bairros SP;Bairros Fortaleza;Bairros RJ;Causa Afastamento 1;Causa Afastamento 2;Causa Afastamento 3;Motivo Desligamento;CBO Ocupação 2002;CNAE 2.0 Classe;CNAE 95 Classe;Distritos SP;Vínculo Ativo 31/12;Faixa Etária;Faixa Hora Contrat;Faixa Remun Dezem (SM);Faixa Remun Média (SM);Faixa Tempo Emprego;Escolaridade após 2005;Qtd Hora Contr;Idade;Ind CEI Vinculado;Ind Simples;Mês Admissão;Mês Desligamento;Mun Trab;Município;Nacionalidade;Natureza Jurídica;Ind Portador Defic;Qtd Dias Afastamento;Raça Cor;Regiões Adm DF;Vl Remun Dezembro Nom;Vl Remun Dezembro (SM);Vl Remun Média Nom;Vl Remun Média (SM);CNAE 2.0 Subclasse;Sexo Trabalhador;Tamanho Estabelecimento;Tempo Emprego;Tipo Admissão;Tipo Estab;Tipo Estab;Tipo Defic;Tipo Vínculo,"           {ñ class};           {ñ class};           {ñ class};99;99;99;11;622505;46338;51330;           {ñ class};0;05;06;00;02;02;                  01;  44;  37;0;0;03;08;261110;261110;10;2062;0;   0;02;0000;0000000000,00;000000,00;0000000890,50;000001,42;4633801;                  01;04;     5,5;02;01;CNPJ                ;00;20"
E:\pdet\00_raw\pdet\microdados\RAIS\2012\PI2012.7z,PI2012.txt,184891329,RAIS_VINCULOS,2012,PI,cp1252,';',sim,45,RAIS_VINCULOS 2006-2014,OK (nº de colunas) / 1 rótulo(s) diferentes,pos 43: dicionário='Tipo Estab (2a ocorrencia)' arquivo='Tipo Estab',Bairros SP;Bairros Fortaleza;Bairros RJ;Causa Afastamento 1;Causa Afastamento 2;Causa Afastamento 3;Motivo Desligamento;CBO Ocupação 2002;CNAE 2.0 Classe;CNAE 95 Classe;Distritos SP;Vínculo Ativo 31/12;Faixa Etária;Faixa Hora Contrat;Faixa Remun Dezem (SM);Faixa Remun Média (SM);Faixa Tempo Emprego;Escolaridade após 2005;Qtd Hora Contr;Idade;Ind CEI Vinculado;Ind Simples;Mês Admissão;Mês Desligamento;Mun Trab;Município;Nacionalidade;Natureza Jurídica;Ind Portador Defic;Qtd Dias Afastamento;Raça Cor;Regiões Adm DF;Vl Remun Dezembro Nom;Vl Remun Dezembro (SM);Vl Remun Média Nom;Vl Remun Média (SM);CNAE 2.0 Subclasse;Sexo Trabalhador;Tamanho Estabelecimento;Tempo Emprego;Tipo Admissão;Tipo Estab;Tipo Estab;Tipo Defic;Tipo Vínculo,"           {ñ class};           {ñ class};           {ñ class};99;99;99;11;717020;71120;74209;           {ñ class};0;05;06;00;02;02;                  01;  44;  34;0;0;07;12;221100;221100;10;2062;0;   0;08;0000;0000000660,00;000001,06;0000000664,07;000001,06;7112000;                  01;07;     5,2;02;01;CNPJ                ;00;10"
E:\pdet\00_raw\pdet\microdados\RAIS\2012\PR2012.7z,PR2012.txt,1613364426,RAIS_VINCULOS,2012,PR,cp1252,';',sim,45,RAIS_VINCULOS 2006-2014,OK (nº de colunas) / 1 rótulo(s) diferentes,pos 43: dicionário='Tipo Estab (2a ocorrencia)' arquivo='Tipo Estab',Bairros SP;Bairros Fortaleza;Bairros RJ;Causa Afastamento 1;Causa Afastamento 2;Causa Afastamento 3;Motivo Desligamento;CBO Ocupação 2002;CNAE 2.0 Classe;CNAE 95 Classe;Distritos SP;Vínculo Ativo 31/12;Faixa Etária;Faixa Hora Contrat;Faixa Remun Dezem (SM);Faixa Remun Média (SM);Faixa Tempo Emprego;Escolaridade após 2005;Qtd Hora Contr;Idade;Ind CEI Vinculado;Ind Simples;Mês Admissão;Mês Desligamento;Mun Trab;Município;Nacionalidade;Natureza Jurídica;Ind Portador Defic;Qtd Dias Afastamento;Raça Cor;Regiões Adm DF;Vl Remun Dezembro Nom;Vl Remun Dezembro (SM);Vl Remun Média Nom;Vl Remun Média (SM);CNAE 2.0 Subclasse;Sexo Trabalhador;Tamanho Estabelecimento;Tempo Emprego;Tipo Admissão;Tipo Estab;Tipo Estab;Tipo Defic;Tipo Vínculo,"           {ñ class};           {ñ class};           {ñ class};99;99;99;21;715210;41204;45217;           {ñ class};0;07;06;00;02;01;                  01;  44;  57;0;0;10;12;412820;412820;10;2062;0;   0;02;0000;0000000878,57;000001,41;0000000873,96;000001,40;4120400;                  01;03;     1,9;02;01;CNPJ                ;00;10"
E:\pdet\00_raw\pdet\microdados\RAIS\2012\RJ2012.7z,RJ2012.txt,2210791068,RAIS_VINCULOS,2012,RJ,cp1252,';',sim,45,RAIS_VINCULOS 2006-2014,OK (nº de colunas) / 1 rótulo(s) diferentes,pos 43: dicionário='Tipo Estab (2a ocorrencia)' arquivo='Tipo Estab',Bairros SP;Bairros Fortaleza;Bairros RJ;Causa Afastamento 1;Causa Afastamento 2;Causa Afastamento 3;Motivo Desligamento;CBO Ocupação 2002;CNAE 2.0 Classe;CNAE 95 Classe;Distritos SP;Vínculo Ativo 31/12;Faixa Etária;Faixa Hora Contrat;Faixa Remun Dezem (SM);Faixa Remun Média (SM);Faixa Tempo Emprego;Escolaridade após 2005;Qtd Hora Contr;Idade;Ind CEI Vinculado;Ind Simples;Mês Admissão;Mês Desligamento;Mun Trab;Município;Nacionalidade;Natureza Jurídica;Ind Portador Defic;Qtd Dias Afastamento;Raça Cor;Regiões Adm DF;Vl Remun Dezembro Nom;Vl Remun Dezembro (SM);Vl Remun Média Nom;Vl Remun Média (SM);CNAE 2.0 Subclasse;Sexo Trabalhador;Tamanho Estabelecimento;Tempo Emprego;Tipo Admissão;Tipo Estab;Tipo Estab;Tipo Defic;Tipo Vínculo,"           {ñ class};           {ñ class};                0140;99;99;99;11;715210;42995;45292;           {ñ class};0;07;06;00;03;03;                  01;  44;  62;0;0;05;12;330455;330455;10;2062;0;   0;09;0000;0000001102,20;000001,77;0000001173,91;000001,88;4299599;                  01;06;     7,6;02;01;CNPJ                ;00;10"
E:\pdet\00_raw\pdet\microdados\RAIS\2012\RN2012.7z,RN2012.txt,283232889,RAIS_VINCULOS,2012,RN,cp1252,';',sim,45,RAIS_VINCULOS 2006-2014,OK (nº de colunas) / 1 rótulo(s) diferentes,pos 43: dicionário='Tipo Estab (2a ocorrencia)' arquivo='Tipo Estab',Bairros SP;Bairros Fortaleza;Bairros RJ;Causa Afastamento 1;Causa Afastamento 2;Causa Afastamento 3;Motivo Desligamento;CBO Ocupação 2002;CNAE 2.0 Classe;CNAE 95 Classe;Distritos SP;Vínculo Ativo 31/12;Faixa Etária;Faixa Hora Contrat;Faixa Remun Dezem (SM);Faixa Remun Média (SM);Faixa Tempo Emprego;Escolaridade após 2005;Qtd Hora Contr;Idade;Ind CEI Vinculado;Ind Simples;Mês Admissão;Mês Desligamento;Mun Trab;Município;Nacionalidade;Natureza Jurídica;Ind Portador Defic;Qtd Dias Afastamento;Raça Cor;Regiões Adm DF;Vl Remun Dezembro Nom;Vl Remun Dezembro (SM);Vl Remun Média Nom;Vl Remun Média (SM);CNAE 2.0 Subclasse;Sexo Trabalhador;Tamanho Estabelecimento;Tempo Emprego;Tipo Admissão;Tipo Estab;Tipo Estab;Tipo Defic;Tipo Vínculo,"           {ñ class};           {ñ class};           {ñ class};99;99;99;11;715230;41204;45217;           {ñ class};0;06;06;00;04;04;                  01;  44;  45;1;0;00;05;240810;240810;10;2054;0;   0;08;0000;0000000000,00;000000,00;0000001311,66;000002,10;4120400;                  01;04;    15,2;00;01;CNPJ                ;00;10"
E:\pdet\00_raw\pdet\microdados\RAIS\2012\RO2012.7z,RO2012.txt,188455761,RAIS_VINCULOS,2012,RO,cp1252,';',sim,45,RAIS_VINCULOS 2006-2014,OK (nº de colunas) / 1 rótulo(s) diferentes,pos 43: dicionário='Tipo Estab (2a ocorrencia)' arquivo='Tipo Estab',Bairros SP;Bairros Fortaleza;Bairros RJ;Causa Afastamento 1;Causa Afastamento 2;Causa Afastamento 3;Motivo Desligamento;CBO Ocupação 2002;CNAE 2.0 Classe;CNAE 95 Classe;Distritos SP;Vínculo Ativo 31/12;Faixa Etária;Faixa Hora Contrat;Faixa Remun Dezem (SM);Faixa Remun Média (SM);Faixa Tempo Emprego;Escolaridade após 2005;Qtd Hora Contr;Idade;Ind CEI Vinculado;Ind Simples;Mês Admissão;Mês Desligamento;Mun Trab;Município;Nacionalidade;Natureza Jurídica;Ind Portador Defic;Qtd Dias Afastamento;Raça Cor;Regiões Adm DF;Vl Remun Dezembro Nom;Vl Remun Dezembro (SM);Vl Remun Média Nom;Vl Remun Média (SM);CNAE 2.0 Subclasse;Sexo Trabalhador;Tamanho Estabelecimento;Tempo Emprego;Tipo Admissão;Tipo Estab;Tipo Estab;Tipo Defic;Tipo Vínculo,"           {ñ class};           {ñ class};           {ñ class};99;99;99;12;715210;41204;45217;           {ñ class};0;06;06;00;03;01;                  01;  44;  47;1;0;08;08;110011;110011;10;2062;0;   0;08;0000;0000000000,00;000000,00;0000001036,36;000001,66;4120400;                  01;05;     0,7;02;01;CNPJ                ;00;10"
E:\pdet\00_raw\pdet\microdados\RAIS\2012\RR2012.7z,RR2012.txt,42391638,RAIS_VINCULOS,2012,RR,cp1252,';',sim,45,RAIS_VINCULOS 2006-2014,OK (nº de colunas) / 1 rótulo(s) diferentes,pos 43: dicionário='Tipo Estab (2a ocorrencia)' arquivo='Tipo Estab',Bairros SP;Bairros Fortaleza;Bairros RJ;Causa Afastamento 1;Causa Afastamento 2;Causa Afastamento 3;Motivo Desligamento;CBO Ocupação 2002;CNAE 2.0 Classe;CNAE 95 Classe;Distritos SP;Vínculo Ativo 31/12;Faixa Etária;Faixa Hora Contrat;Faixa Remun Dezem (SM);Faixa Remun Média (SM);Faixa Tempo Emprego;Escolaridade após 2005;Qtd Hora Contr;Idade;Ind CEI Vinculado;Ind Simples;Mês Admissão;Mês Desligamento;Mun Trab;Município;Nacionalidade;Natureza Jurídica;Ind Portador Defic;Qtd Dias Afastamento;Raça Cor;Regiões Adm DF;Vl Remun Dezembro Nom;Vl Remun Dezembro (SM);Vl Remun Média Nom;Vl Remun Média (SM);CNAE 2.0 Subclasse;Sexo Trabalhador;Tamanho Estabelecimento;Tempo Emprego;Tipo Admissão;Tipo Estab;Tipo Estab;Tipo Defic;Tipo Vínculo,"           {ñ class};           {ñ class};           {ñ class};99;99;99;11;632115;16102;20109;           {ñ class};0;06;06;00;03;04;                  01;  44;  44;0;0;00;02;140020;140020;10;2062;0;   0;08;0000;0000000000,00;000000,00;0000001099,55;000001,76;1610201;                  01;03;    12,7;00;01;CNPJ                ;00;10"
E:\pdet\00_raw\pdet\microdados\RAIS\2012\RS2012.7z,RS2012.txt,1562857650,RAIS_VINCULOS,2012,RS,cp1252,';',sim,45,RAIS_VINCULOS 2006-2014,OK (nº de colunas) / 1 rótulo(s) diferentes,pos 43: dicionário='Tipo Estab (2a ocorrencia)' arquivo='Tipo Estab',Bairros SP;Bairros Fortaleza;Bairros RJ;Causa Afastamento 1;Causa Afastamento 2;Causa Afastamento 3;Motivo Desligamento;CBO Ocupação 2002;CNAE 2.0 Classe;CNAE 95 Classe;Distritos SP;Vínculo Ativo 31/12;Faixa Etária;Faixa Hora Contrat;Faixa Remun Dezem (SM);Faixa Remun Média (SM);Faixa Tempo Emprego;Escolaridade após 2005;Qtd Hora Contr;Idade;Ind CEI Vinculado;Ind Simples;Mês Admissão;Mês Desligamento;Mun Trab;Município;Nacionalidade;Natureza Jurídica;Ind Portador Defic;Qtd Dias Afastamento;Raça Cor;Regiões Adm DF;Vl Remun Dezembro Nom;Vl Remun Dezembro (SM);Vl Remun Média Nom;Vl Remun Média (SM);CNAE 2.0 Subclasse;Sexo Trabalhador;Tamanho Estabelecimento;Tempo Emprego;Tipo Admissão;Tipo Estab;Tipo Estab;Tipo Defic;Tipo Vínculo,"           {ñ class};           {ñ class};           {ñ class};40;99;99;12;519935;49302;60267;           {ñ class};0;06;06;00;03;01;                  01;  44;  49;0;0;02;05;430920;430920;10;2062;0; 273;02;0000;0000000000,00;000000,00;0000001025,90;000001,64;4930202;                  01;06;     2,9;01;01;CNPJ                ;00;10"
E:\pdet\00_raw\pdet\microdados\RAIS\2012\SC2012.7z,SC2012.txt,1156152429,RAIS_VINCULOS,2012,SC,cp1252,';',sim,45,RAIS_VINCULOS 2006-2014,OK (nº de colunas) / 1 rótulo(s) diferentes,pos 43: dicionário='Tipo Estab (2a ocorrencia)' arquivo='Tipo Estab',Bairros SP;Bairros Fortaleza;Bairros RJ;Causa Afastamento 1;Causa Afastamento 2;Causa Afastamento 3;Motivo Desligamento;CBO Ocupação 2002;CNAE 2.0 Classe;CNAE 95 Classe;Distritos SP;Vínculo Ativo 31/12;Faixa Etária;Faixa Hora Contrat;Faixa Remun Dezem (SM);Faixa Remun Média (SM);Faixa Tempo Emprego;Escolaridade após 2005;Qtd Hora Contr;Idade;Ind CEI Vinculado;Ind Simples;Mês Admissão;Mês Desligamento;Mun Trab;Município;Nacionalidade;Natureza Jurídica;Ind Portador Defic;Qtd Dias Afastamento;Raça Cor;Regiões Adm DF;Vl Remun Dezembro Nom;Vl Remun Dezembro (SM);Vl Remun Média Nom;Vl Remun Média (SM);CNAE 2.0 Subclasse;Sexo Trabalhador;Tamanho Estabelecimento;Tempo Emprego;Tipo Admissão;Tipo Estab;Tipo Estab;Tipo Defic;Tipo Vínculo,"           {ñ class};           {ñ class};           {ñ class};99;99;99;11;622505;70204;74160;           {ñ class};0;07;03;00;00;01;                  01;  16;  57;0;0;09;09;420300;420300;10;2240;0;   0;09;0000;0000000000,00;000000,00;0000000225,00;000000,36;7020400;                  01;03;     0,2;01;01;CNPJ                ;00;10"
E:\pdet\00_raw\pdet\microdados\RAIS\2012\SE2012.7z,SE2012.txt,182249973,RAIS_VINCULOS,2012,SE,cp1252,';',sim,45,RAIS_VINCULOS 2006-2014,OK (nº de colunas) / 1 rótulo(s) diferentes,pos 43: dicionário='Tipo Estab (2a ocorrencia)' arquivo='Tipo Estab',Bairros SP;Bairros Fortaleza;Bairros RJ;Causa Afastamento 1;Causa Afastamento 2;Causa Afastamento 3;Motivo Desligamento;CBO Ocupação 2002;CNAE 2.0 Classe;CNAE 95 Classe;Distritos SP;Vínculo Ativo 31/12;Faixa Etária;Faixa Hora Contrat;Faixa Remun Dezem (SM);Faixa Remun Média (SM);Faixa Tempo Emprego;Escolaridade após 2005;Qtd Hora Contr;Idade;Ind CEI Vinculado;Ind Simples;Mês Admissão;Mês Desligamento;Mun Trab;Município;Nacionalidade;Natureza Jurídica;Ind Portador Defic;Qtd Dias Afastamento;Raça Cor;Regiões Adm DF;Vl Remun Dezembro Nom;Vl Remun Dezembro (SM);Vl Remun Média Nom;Vl Remun Média (SM);CNAE 2.0 Subclasse;Sexo Trabalhador;Tamanho Estabelecimento;Tempo Emprego;Tipo Admissão;Tipo Estab;Tipo Estab;Tipo Defic;Tipo Vínculo,"           {ñ class};           {ñ class};           {ñ class};99;99;99;11;752305;23427;26417;           {ñ class};0;06;06;00;02;04;                  01;  44;  41;0;1;00;08;280300;280300;10;2062;0;   0;08;0000;0000000000,00;000000,00;0000000806,00;000001,29;2342702;                  01;06;    16,0;00;01;CNPJ                ;00;10"
E:\pdet\00_raw\pdet\microdados\RAIS\2012\SP2012.7z,SP2012.txt,7183223325,RAIS_VINCULOS,2012,SP,cp1252,';',sim,45,RAIS_VINCULOS 2006-2014,OK (nº de colunas) / 1 rótulo(s) diferentes,pos 43: dicionário='Tipo Estab (2a ocorrencia)' arquivo='Tipo Estab',Bairros SP;Bairros Fortaleza;Bairros RJ;Causa Afastamento 1;Causa Afastamento 2;Causa Afastamento 3;Motivo Desligamento;CBO Ocupação 2002;CNAE 2.0 Classe;CNAE 95 Classe;Distritos SP;Vínculo Ativo 31/12;Faixa Etária;Faixa Hora Contrat;Faixa Remun Dezem (SM);Faixa Remun Média (SM);Faixa Tempo Emprego;Escolaridade após 2005;Qtd Hora Contr;Idade;Ind CEI Vinculado;Ind Simples;Mês Admissão;Mês Desligamento;Mun Trab;Município;Nacionalidade;Natureza Jurídica;Ind Portador Defic;Qtd Dias Afastamento;Raça Cor;Regiões Adm DF;Vl Remun Dezembro Nom;Vl Remun Dezembro (SM);Vl Remun Média Nom;Vl Remun Média (SM);CNAE 2.0 Subclasse;Sexo Trabalhador;Tamanho Estabelecimento;Tempo Emprego;Tipo Admissão;Tipo Estab;Tipo Estab;Tipo Defic;Tipo Vínculo,"                1104;           {ñ class};           {ñ class};99;99;99;11;717020;43304;45500;                0029;0;06;06;00;02;02;                  01;  44;  43;1;0;00;02;355030;355030;10;2240;0;   0;08;0000;0000000000,00;000000,00;0000000785,91;000001,26;4330499;                  01;04;     4,3;00;01;CNPJ                ;00;10"
E:\pdet\00_raw\pdet\microdados\RAIS\2012\TO2012.7z,TO2012.txt,122581035,RAIS_VINCULOS,2012,TO,cp1252,';',sim,45,RAIS_VINCULOS 2006-2014,OK (nº de colunas) / 1 rótulo(s) diferentes,pos 43: dicionário='Tipo Estab (2a ocorrencia)' arquivo='Tipo Estab',Bairros SP;Bairros Fortaleza;Bairros RJ;Causa Afastamento 1;Causa Afastamento 2;Causa Afastamento 3;Motivo Desligamento;CBO Ocupação 2002;CNAE 2.0 Classe;CNAE 95 Classe;Distritos SP;Vínculo Ativo 31/12;Faixa Etária;Faixa Hora Contrat;Faixa Remun Dezem (SM);Faixa Remun Média (SM);Faixa Tempo Emprego;Escolaridade após 2005;Qtd Hora Contr;Idade;Ind CEI Vinculado;Ind Simples;Mês Admissão;Mês Desligamento;Mun Trab;Município;Nacionalidade;Natureza Jurídica;Ind Portador Defic;Qtd Dias Afastamento;Raça Cor;Regiões Adm DF;Vl Remun Dezembro Nom;Vl Remun Dezembro (SM);Vl Remun Média Nom;Vl Remun Média (SM);CNAE 2.0 Subclasse;Sexo Trabalhador;Tamanho Estabelecimento;Tempo Emprego;Tipo Admissão;Tipo Estab;Tipo Estab;Tipo Defic;Tipo Vínculo,"           {ñ class};           {ñ class};           {ñ class};99;99;99;21;632120;02209;02127;           {ñ class};0;07;06;00;01;02;                  01;  44;  50;0;0;05;08;170255;170255;10;2062;0;   0;08;0000;0000000000,00;000000,00;0000000623,67;000001,00;0220902;                  01;04;     3,6;02;01;CNPJ                ;00;20"
E:\pdet\00_raw\pdet\microdados\RAIS\2013\AC2013.7z,AC2013.txt,60556455,RAIS_VINCULOS,2013,AC,cp1252,';',sim,45,RAIS_VINCULOS 2006-2014,OK (nº de colunas) / 1 rótulo(s) diferentes,pos 43: dicionário='Tipo Estab (2a ocorrencia)' arquivo='Tipo Estab',Bairros SP;Bairros Fortaleza;Bairros RJ;Causa Afastamento 1;Causa Afastamento 2;Causa Afastamento 3;Motivo Desligamento;CBO Ocupação 2002;CNAE 2.0 Classe;CNAE 95 Classe;Distritos SP;Vínculo Ativo 31/12;Faixa Etária;Faixa Hora Contrat;Faixa Remun Dezem (SM);Faixa Remun Média (SM);Faixa Tempo Emprego;Escolaridade após 2005;Qtd Hora Contr;Idade;Ind CEI Vinculado;Ind Simples;Mês Admissão;Mês Desligamento;Mun Trab;Município;Nacionalidade;Natureza Jurídica;Ind Portador Defic;Qtd Dias Afastamento;Raça Cor;Regiões Adm DF;Vl Remun Dezembro Nom;Vl Remun Dezembro (SM);Vl Remun Média Nom;Vl Remun Média (SM);CNAE 2.0 Subclasse;Sexo Trabalhador;Tamanho Estabelecimento;Tempo Emprego;Tipo Admissão;Tipo Estab;Tipo Estab;Tipo Defic;Tipo Vínculo,"           {ñ class};           {ñ class};           {ñ class};99;99;99;11;623110;01512;01414;           {ñ class};0;06;06;00;01;03;                  01;  44;  41;0;0;01;12;120010;120010;10;4081;0;   0;02;0000;0000000000,00;000000,00;0000000678,00;000001,00;0151203;                  01;01;    10,9;01;03;CEI                 ;00;25"
E:\pdet\00_raw\pdet\microdados\RAIS\2013\AL2013.7z,AL2013.txt,238780053,RAIS_VINCULOS,2013,AL,cp1252,';',sim,45,RAIS_VINCULOS 2006-2014,OK (nº de colunas) / 1 rótulo(s) diferentes,pos 43: dicionário='Tipo Estab (2a ocorrencia)' arquivo='Tipo Estab',Bairros SP;Bairros Fortaleza;Bairros RJ;Causa Afastamento 1;Causa Afastamento 2;Causa Afastamento 3;Motivo Desligamento;CBO Ocupação 2002;CNAE 2.0 Classe;CNAE 95 Classe;Distritos SP;Vínculo Ativo 31/12;Faixa Etária;Faixa Hora Contrat;Faixa Remun Dezem (SM);Faixa Remun Média (SM);Faixa Tempo Emprego;Escolaridade após 2005;Qtd Hora Contr;Idade;Ind CEI Vinculado;Ind Simples;Mês Admissão;Mês Desligamento;Mun Trab;Município;Nacionalidade;Natureza Jurídica;Ind Portador Defic;Qtd Dias Afastamento;Raça Cor;Regiões Adm DF;Vl Remun Dezembro Nom;Vl Remun Dezembro (SM);Vl Remun Média Nom;Vl Remun Média (SM);CNAE 2.0 Subclasse;Sexo Trabalhador;Tamanho Estabelecimento;Tempo Emprego;Tipo Admissão;Tipo Estab;Tipo Estab;Tipo Defic;Tipo Vínculo,"           {ñ class};           {ñ class};           {ñ class};99;99;99;11;715210;42928;45250;           {ñ class};0;05;06;00;04;02;                  01;  44;  34;1;0;02;07;270730;270730;10;2062;0;   0;02;0000;0000000000,00;000000,00;0000001390,68;000002,04;4292801;                  01;01;     5,9;02;01;CNPJ                ;00;10"
E:\pdet\00_raw\pdet\microdados\RAIS\2013\AM2013.7z,AM2013.txt,317824596,RAIS_VINCULOS,2013,AM,cp1252,';',sim,45,RAIS_VINCULOS 2006-2014,OK (nº de colunas) / 1 rótulo(s) diferentes,pos 43: dicionário='Tipo Estab (2a ocorrencia)' arquivo='Tipo Estab',Bairros SP;Bairros Fortaleza;Bairros RJ;Causa Afastamento 1;Causa Afastamento 2;Causa Afastamento 3;Motivo Desligamento;CBO Ocupação 2002;CNAE 2.0 Classe;CNAE 95 Classe;Distritos SP;Vínculo Ativo 31/12;Faixa Etária;Faixa Hora Contrat;Faixa Remun Dezem (SM);Faixa Remun Média (SM);Faixa Tempo Emprego;Escolaridade após 2005;Qtd Hora Contr;Idade;Ind CEI Vinculado;Ind Simples;Mês Admissão;Mês Desligamento;Mun Trab;Município;Nacionalidade;Natureza Jurídica;Ind Portador Defic;Qtd Dias Afastamento;Raça Cor;Regiões Adm DF;Vl Remun Dezembro Nom;Vl Remun Dezembro (SM);Vl Remun Média Nom;Vl Remun Média (SM);CNAE 2.0 Subclasse;Sexo Trabalhador;Tamanho Estabelecimento;Tempo Emprego;Tipo Admissão;Tipo Estab;Tipo Estab;Tipo Defic;Tipo Vínculo,"           {ñ class};           {ñ class};           {ñ class};99;99;99;11;514320;10112;15113;           {ñ class};0;07;06;00;01;06;                  01;  44;  52;0;1;00;05;130165;130165;10;2062;0;   0;08;0000;0000000000,00;000000,00;0000000678,00;000001,00;1011201;                  01;03;    48,4;00;01;CNPJ                ;00;10"
E:\pdet\00_raw\pdet\microdados\RAIS\2013\AP2013.7z,AP2013.txt,59307039,RAIS_VINCULOS,2013,AP,cp1252,';',sim,45,RAIS_VINCULOS 2006-2014,OK (nº de colunas) / 1 rótulo(s) diferentes,pos 43: dicionário='Tipo Estab (2a ocorrencia)' arquivo='Tipo Estab',Bairros SP;Bairros Fortaleza;Bairros RJ;Causa Afastamento 1;Causa Afastamento 2;Causa Afastamento 3;Motivo Desligamento;CBO Ocupação 2002;CNAE 2.0 Classe;CNAE 95 Classe;Distritos SP;Vínculo Ativo 31/12;Faixa Etária;Faixa Hora Contrat;Faixa Remun Dezem (SM);Faixa Remun Média (SM);Faixa Tempo Emprego;Escolaridade após 2005;Qtd Hora Contr;Idade;Ind CEI Vinculado;Ind Simples;Mês Admissão;Mês Desligamento;Mun Trab;Município;Nacionalidade;Natureza Jurídica;Ind Portador Defic;Qtd Dias Afastamento;Raça Cor;Regiões Adm DF;Vl Remun Dezembro Nom;Vl Remun Dezembro (SM);Vl Remun Média Nom;Vl Remun Média (SM);CNAE 2.0 Subclasse;Sexo Trabalhador;Tamanho Estabelecimento;Tempo Emprego;Tipo Admissão;Tipo Estab;Tipo Estab;Tipo Defic;Tipo Vínculo,"           {ñ class};           {ñ class};           {ñ class};99;99;99;11;514320;46346;51349;           {ñ class};0;04;06;00;03;07;                  01;  44;  29;0;1;00;02;160030;160030;10;2062;0;   0;08;0000;0000000000,00;000000,00;0000001267,88;000001,86;4634601;                  01;06;   110,9;00;01;CNPJ                ;00;10"
E:\pdet\00_raw\pdet\microdados\RAIS\2013\BA2013.7z,BA2013.txt,1131569037,RAIS_VINCULOS,2013,BA,cp1252,';',sim,45,RAIS_VINCULOS 2006-2014,OK (nº de colunas) / 1 rótulo(s) diferentes,pos 43: dicionário='Tipo Estab (2a ocorrencia)' arquivo='Tipo Estab',Bairros SP;Bairros Fortaleza;Bairros RJ;Causa Afastamento 1;Causa Afastamento 2;Causa Afastamento 3;Motivo Desligamento;CBO Ocupação 2002;CNAE 2.0 Classe;CNAE 95 Classe;Distritos SP;Vínculo Ativo 31/12;Faixa Etária;Faixa Hora Contrat;Faixa Remun Dezem (SM);Faixa Remun Média (SM);Faixa Tempo Emprego;Escolaridade após 2005;Qtd Hora Contr;Idade;Ind CEI Vinculado;Ind Simples;Mês Admissão;Mês Desligamento;Mun Trab;Município;Nacionalidade;Natureza Jurídica;Ind Portador Defic;Qtd Dias Afastamento;Raça Cor;Regiões Adm DF;Vl Remun Dezembro Nom;Vl Remun Dezembro (SM);Vl Remun Média Nom;Vl Remun Média (SM);CNAE 2.0 Subclasse;Sexo Trabalhador;Tamanho Estabelecimento;Tempo Emprego;Tipo Admissão;Tipo Estab;Tipo Estab;Tipo Defic;Tipo Vínculo,"           {ñ class};           {ñ class};           {ñ class};99;99;99;11;621005;01156;01155;           {ñ class};0;06;06;00;03;03;                  01;  44;  46;0;0;06;12;290930;290930;10;2062;0;   0;08;0000;0000000850,00;000001,25;0000001040,68;000001,52;0115600;                  01;04;     6,6;04;01;CNPJ                ;00;10"
E:\pdet\00_raw\pdet\microdados\RAIS\2013\CE2013.7z,CE2013.txt,738610722,RAIS_VINCULOS,2013,CE,cp1252,';',sim,45,RAIS_VINCULOS 2006-2014,OK (nº de colunas) / 1 rótulo(s) diferentes,pos 43: dicionário='Tipo Estab (2a ocorrencia)' arquivo='Tipo Estab',Bairros SP;Bairros Fortaleza;Bairros RJ;Causa Afastamento 1;Causa Afastamento 2;Causa Afastamento 3;Motivo Desligamento;CBO Ocupação 2002;CNAE 2.0 Classe;CNAE 95 Classe;Distritos SP;Vínculo Ativo 31/12;Faixa Etária;Faixa Hora Contrat;Faixa Remun Dezem (SM);Faixa Remun Média (SM);Faixa Tempo Emprego;Escolaridade após 2005;Qtd Hora Contr;Idade;Ind CEI Vinculado;Ind Simples;Mês Admissão;Mês Desligamento;Mun Trab;Município;Nacionalidade;Natureza Jurídica;Ind Portador Defic;Qtd Dias Afastamento;Raça Cor;Regiões Adm DF;Vl Remun Dezembro Nom;Vl Remun Dezembro (SM);Vl Remun Média Nom;Vl Remun Média (SM);CNAE 2.0 Subclasse;Sexo Trabalhador;Tamanho Estabelecimento;Tempo Emprego;Tipo Admissão;Tipo Estab;Tipo Estab;Tipo Defic;Tipo Vínculo,"           {ñ class};                9999;           {ñ class};99;99;99;12;517420;84116;75116;           {ñ class};0;05;05;00;01;03;                  01;  40;  37;0;0;04;12;230790;230790;10;1031;0;   0;99;0000;0000000684,00;000001,00;0000000684,00;000001,00;8411600;                  01;09;     8,9;01;01;CNPJ                ;00;35"
E:\pdet\00_raw\pdet\microdados\RAIS\2013\DF2013.7z,DF2013.txt,603977823,RAIS_VINCULOS,2013,DF,cp1252,';',sim,45,RAIS_VINCULOS 2006-2014,OK (nº de colunas) / 1 rótulo(s) diferentes,pos 43: dicionário='Tipo Estab (2a ocorrencia)' arquivo='Tipo Estab',Bairros SP;Bairros Fortaleza;Bairros RJ;Causa Afastamento 1;Causa Afastamento 2;Causa Afastamento 3;Motivo Desligamento;CBO Ocupação 2002;CNAE 2.0 Classe;CNAE 95 Classe;Distritos SP;Vínculo Ativo 31/12;Faixa Etária;Faixa Hora Contrat;Faixa Remun Dezem (SM);Faixa Remun Média (SM);Faixa Tempo Emprego;Escolaridade após 2005;Qtd Hora Contr;Idade;Ind CEI Vinculado;Ind Simples;Mês Admissão;Mês Desligamento;Mun Trab;Município;Nacionalidade;Natureza Jurídica;Ind Portador Defic;Qtd Dias Afastamento;Raça Cor;Regiões Adm DF;Vl Remun Dezembro Nom;Vl Remun Dezembro (SM);Vl Remun Média Nom;Vl Remun Média (SM);CNAE 2.0 Subclasse;Sexo Trabalhador;Tamanho Estabelecimento;Tempo Emprego;Tipo Admissão;Tipo Estab;Tipo Estab;Tipo Defic;Tipo Vínculo,"           {ñ class};           {ñ class};           {ñ class};99;99;99;12;715230;41204;45217;           {ñ class};0;07;06;00;03;01;                  01;  44;  59;0;0;07;07;530010;530010;10;2062;0;   0;02;0001;0000000000,00;000000,00;0000001199,00;000001,76;4120400;                  01;06;     0,9;02;01;CNPJ                ;00;10"
E:\pdet\00_raw\pdet\microdados\RAIS\2013\ES2013.7z,ES2013.txt,516397824,RAIS_VINCULOS,2013,ES,cp1252,';',sim,45,RAIS_VINCULOS 2006-2014,OK (nº de colunas) / 1 rótulo(s) diferentes,pos 43: dicionário='Tipo Estab (2a ocorrencia)' arquivo='Tipo Estab',Bairros SP;Bairros Fortaleza;Bairros RJ;Causa Afastamento 1;Causa Afastamento 2;Causa Afastamento 3;Motivo Desligamento;CBO Ocupação 2002;CNAE 2.0 Classe;CNAE 95 Classe;Distritos SP;Vínculo Ativo 31/12;Faixa Etária;Faixa Hora Contrat;Faixa Remun Dezem (SM);Faixa Remun Média (SM);Faixa Tempo Emprego;Escolaridade após 2005;Qtd Hora Contr;Idade;Ind CEI Vinculado;Ind Simples;Mês Admissão;Mês Desligamento;Mun Trab;Município;Nacionalidade;Natureza Jurídica;Ind Portador Defic;Qtd Dias Afastamento;Raça Cor;Regiões Adm DF;Vl Remun Dezembro Nom;Vl Remun Dezembro (SM);Vl Remun Média Nom;Vl Remun Média (SM);CNAE 2.0 Subclasse;Sexo Trabalhador;Tamanho Estabelecimento;Tempo Emprego;Tipo Admissão;Tipo Estab;Tipo Estab;Tipo Defic;Tipo Vínculo,"           {ñ class};           {ñ class};           {ñ class};99;99;99;11;623115;01512;01414;           {ñ class};0;06;06;00;02;04;                  01;  44;  47;0;0;00;12;320360;320360;10;4081;0;   0;08;0000;0000000721,99;000001,06;0000000742,05;000001,08;0151201;                  01;01;    17,7;00;03;CEI                 ;00;25"
E:\pdet\00_raw\pdet\microdados\RAIS\2013\ESTB2013.7z,ESTB2013.txt,1894514669,RAIS_ESTAB,2013,,cp1252,';',?,22,RAIS_ESTAB 2014-2017,DIVERGE,"esperava 24 colunas, li 22",Bairros SP;Bairros Fortaleza;Bairros RJ;CNAE 2.0 Classe;CNAE 95 Classe;Distritos SP;Qtd Vínculos CLT;Qtd Vínculos Ativos;Qtd Vínculos Estatutários;Ind Atividade Ano;Ind CEI Vinculado;Ind Estab Participa PAT;Ind Rais Negativa;Ind Simples;Município;Natureza Jurídica;Regiões Adm DF;CNAE 2.0 Subclasse;Tamanho Estabelecimento;Tipo Estab;Tipo Estab;UF,           {ñ class};           {ñ class};           {ñ class};46397;51390;{ñ clas;000000000000054;000000000000054;000000000000000;1;0;0;                   0;0;110012;2062;                0000;4639701;06;01;Cnpj                ;11
E:\pdet\00_raw\pdet\microdados\RAIS\2013\GO2013.7z,GO2013.txt,814345911,RAIS_VINCULOS,2013,GO,cp1252,';',sim,45,RAIS_VINCULOS 2006-2014,OK (nº de colunas) / 1 rótulo(s) diferentes,pos 43: dicionário='Tipo Estab (2a ocorrencia)' arquivo='Tipo Estab',Bairros SP;Bairros Fortaleza;Bairros RJ;Causa Afastamento 1;Causa Afastamento 2;Causa Afastamento 3;Motivo Desligamento;CBO Ocupação 2002;CNAE 2.0 Classe;CNAE 95 Classe;Distritos SP;Vínculo Ativo 31/12;Faixa Etária;Faixa Hora Contrat;Faixa Remun Dezem (SM);Faixa Remun Média (SM);Faixa Tempo Emprego;Escolaridade após 2005;Qtd Hora Contr;Idade;Ind CEI Vinculado;Ind Simples;Mês Admissão;Mês Desligamento;Mun Trab;Município;Nacionalidade;Natureza Jurídica;Ind Portador Defic;Qtd Dias Afastamento;Raça Cor;Regiões Adm DF;Vl Remun Dezembro Nom;Vl Remun Dezembro (SM);Vl Remun Média Nom;Vl Remun Média (SM);CNAE 2.0 Subclasse;Sexo Trabalhador;Tamanho Estabelecimento;Tempo Emprego;Tipo Admissão;Tipo Estab;Tipo Estab;Tipo Defic;Tipo Vínculo,"           {ñ class};           {ñ class};           {ñ class};99;99;99;21;752305;23427;26417;           {ñ class};0;06;06;00;01;02;                  01;  44;  46;0;1;02;06;520250;520250;10;2135;0;   0;09;0000;0000000000,00;000000,00;0000000678,00;000001,00;2342702;                  01;05;     4,0;02;01;CNPJ                ;00;10"
E:\pdet\00_raw\pdet\microdados\RAIS\2013\MA2013.7z,MA2013.txt,337241493,RAIS_VINCULOS,2013,MA,cp1252,';',sim,45,RAIS_VINCULOS 2006-2014,OK (nº de colunas) / 1 rótulo(s) diferentes,pos 43: dicionário='Tipo Estab (2a ocorrencia)' arquivo='Tipo Estab',Bairros SP;Bairros Fortaleza;Bairros RJ;Causa Afastamento 1;Causa Afastamento 2;Causa Afastamento 3;Motivo Desligamento;CBO Ocupação 2002;CNAE 2.0 Classe;CNAE 95 Classe;Distritos SP;Vínculo Ativo 31/12;Faixa Etária;Faixa Hora Contrat;Faixa Remun Dezem (SM);Faixa Remun Média (SM);Faixa Tempo Emprego;Escolaridade após 2005;Qtd Hora Contr;Idade;Ind CEI Vinculado;Ind Simples;Mês Admissão;Mês Desligamento;Mun Trab;Município;Nacionalidade;Natureza Jurídica;Ind Portador Defic;Qtd Dias Afastamento;Raça Cor;Regiões Adm DF;Vl Remun Dezembro Nom;Vl Remun Dezembro (SM);Vl Remun Média Nom;Vl Remun Média (SM);CNAE 2.0 Subclasse;Sexo Trabalhador;Tamanho Estabelecimento;Tempo Emprego;Tipo Admissão;Tipo Estab;Tipo Estab;Tipo Defic;Tipo Vínculo,"           {ñ class};           {ñ class};           {ñ class};99;99;99;11;517330;80111;74608;           {ñ class};0;06;06;00;02;06;                  01;  44;  42;0;0;00;02;211120;211120;10;2062;0;   0;02;0000;0000000000,00;000000,00;0000000887,94;000001,30;8011101;                  01;10;    47,4;00;01;CNPJ                ;00;10"
E:\pdet\00_raw\pdet\microdados\RAIS\2013\MG2013.7z,MG2013.txt,2696449923,RAIS_VINCULOS,2013,MG,cp1252,';',sim,45,RAIS_VINCULOS 2006-2014,OK (nº de colunas) / 1 rótulo(s) diferentes,pos 43: dicionário='Tipo Estab (2a ocorrencia)' arquivo='Tipo Estab',Bairros SP;Bairros Fortaleza;Bairros RJ;Causa Afastamento 1;Causa Afastamento 2;Causa Afastamento 3;Motivo Desligamento;CBO Ocupação 2002;CNAE 2.0 Classe;CNAE 95 Classe;Distritos SP;Vínculo Ativo 31/12;Faixa Etária;Faixa Hora Contrat;Faixa Remun Dezem (SM);Faixa Remun Média (SM);Faixa Tempo Emprego;Escolaridade após 2005;Qtd Hora Contr;Idade;Ind CEI Vinculado;Ind Simples;Mês Admissão;Mês Desligamento;Mun Trab;Município;Nacionalidade;Natureza Jurídica;Ind Portador Defic;Qtd Dias Afastamento;Raça Cor;Regiões Adm DF;Vl Remun Dezembro Nom;Vl Remun Dezembro (SM);Vl Remun Média Nom;Vl Remun Média (SM);CNAE 2.0 Subclasse;Sexo Trabalhador;Tamanho Estabelecimento;Tempo Emprego;Tipo Admissão;Tipo Estab;Tipo Estab;Tipo Defic;Tipo Vínculo,"           {ñ class};           {ñ class};           {ñ class};99;99;99;11;717020;84116;75116;           {ñ class};0;04;05;00;01;01;                  01;  40;  26;0;0;08;09;312540;312540;10;1031;0;   0;99;0000;0000000000,00;000000,00;0000000678,00;000001,00;8411600;                  01;07;     1,4;02;01;CNPJ                ;00;35"
E:\pdet\00_raw\pdet\microdados\RAIS\2013\MS2013.7z,MS2013.txt,349391997,RAIS_VINCULOS,2013,MS,cp1252,';',sim,45,RAIS_VINCULOS 2006-2014,OK (nº de colunas) / 1 rótulo(s) diferentes,pos 43: dicionário='Tipo Estab (2a ocorrencia)' arquivo='Tipo Estab',Bairros SP;Bairros Fortaleza;Bairros RJ;Causa Afastamento 1;Causa Afastamento 2;Causa Afastamento 3;Motivo Desligamento;CBO Ocupação 2002;CNAE 2.0 Classe;CNAE 95 Classe;Distritos SP;Vínculo Ativo 31/12;Faixa Etária;Faixa Hora Contrat;Faixa Remun Dezem (SM);Faixa Remun Média (SM);Faixa Tempo Emprego;Escolaridade após 2005;Qtd Hora Contr;Idade;Ind CEI Vinculado;Ind Simples;Mês Admissão;Mês Desligamento;Mun Trab;Município;Nacionalidade;Natureza Jurídica;Ind Portador Defic;Qtd Dias Afastamento;Raça Cor;Regiões Adm DF;Vl Remun Dezembro Nom;Vl Remun Dezembro (SM);Vl Remun Média Nom;Vl Remun Média (SM);CNAE 2.0 Subclasse;Sexo Trabalhador;Tamanho Estabelecimento;Tempo Emprego;Tipo Admissão;Tipo Estab;Tipo Estab;Tipo Defic;Tipo Vínculo,"           {ñ class};           {ñ class};           {ñ class};99;99;99;12;761205;49302;60267;           {ñ class};0;07;06;00;02;01;                  01;  44;  56;0;1;04;06;500793;500793;10;2135;0;   0;08;0000;0000000000,00;000000,00;0000000787,73;000001,16;4930202;                  01;03;     1,9;02;01;CNPJ                ;00;20"
E:\pdet\00_raw\pdet\microdados\RAIS\2013\MT2013.7z,MT2013.txt,468716886,RAIS_VINCULOS,2013,MT,cp1252,';',sim,45,RAIS_VINCULOS 2006-2014,OK (nº de colunas) / 1 rótulo(s) diferentes,pos 43: dicionário='Tipo Estab (2a ocorrencia)' arquivo='Tipo Estab',Bairros SP;Bairros Fortaleza;Bairros RJ;Causa Afastamento 1;Causa Afastamento 2;Causa Afastamento 3;Motivo Desligamento;CBO Ocupação 2002;CNAE 2.0 Classe;CNAE 95 Classe;Distritos SP;Vínculo Ativo 31/12;Faixa Etária;Faixa Hora Contrat;Faixa Remun Dezem (SM);Faixa Remun Média (SM);Faixa Tempo Emprego;Escolaridade após 2005;Qtd Hora Contr;Idade;Ind CEI Vinculado;Ind Simples;Mês Admissão;Mês Desligamento;Mun Trab;Município;Nacionalidade;Natureza Jurídica;Ind Portador Defic;Qtd Dias Afastamento;Raça Cor;Regiões Adm DF;Vl Remun Dezembro Nom;Vl Remun Dezembro (SM);Vl Remun Média Nom;Vl Remun Média (SM);CNAE 2.0 Subclasse;Sexo Trabalhador;Tamanho Estabelecimento;Tempo Emprego;Tipo Admissão;Tipo Estab;Tipo Estab;Tipo Defic;Tipo Vínculo,"           {ñ class};           {ñ class};           {ñ class};99;99;99;21;623015;01156;01155;           {ñ class};0;05;06;00;02;03;                  01;  44;  39;0;0;03;12;510040;510040;10;4081;0;   0;08;0000;0000001038,06;000001,53;0000001015,81;000001,49;0115600;                  01;02;     9,1;02;03;CEI                 ;00;15"
E:\pdet\00_raw\pdet\microdados\RAIS\2013\PA2013.7z,PA2013.txt,542201328,RAIS_VINCULOS,2013,PA,cp1252,';',sim,45,RAIS_VINCULOS 2006-2014,OK (nº de colunas) / 1 rótulo(s) diferentes,pos 43: dicionário='Tipo Estab (2a ocorrencia)' arquivo='Tipo Estab',Bairros SP;Bairros Fortaleza;Bairros RJ;Causa Afastamento 1;Causa Afastamento 2;Causa Afastamento 3;Motivo Desligamento;CBO Ocupação 2002;CNAE 2.0 Classe;CNAE 95 Classe;Distritos SP;Vínculo Ativo 31/12;Faixa Etária;Faixa Hora Contrat;Faixa Remun Dezem (SM);Faixa Remun Média (SM);Faixa Tempo Emprego;Escolaridade após 2005;Qtd Hora Contr;Idade;Ind CEI Vinculado;Ind Simples;Mês Admissão;Mês Desligamento;Mun Trab;Município;Nacionalidade;Natureza Jurídica;Ind Portador Defic;Qtd Dias Afastamento;Raça Cor;Regiões Adm DF;Vl Remun Dezembro Nom;Vl Remun Dezembro (SM);Vl Remun Média Nom;Vl Remun Média (SM);CNAE 2.0 Subclasse;Sexo Trabalhador;Tamanho Estabelecimento;Tempo Emprego;Tipo Admissão;Tipo Estab;Tipo Estab;Tipo Defic;Tipo Vínculo,"           {ñ class};           {ñ class};           {ñ class};99;99;99;11;717020;81214;74705;           {ñ class};0;05;06;00;02;04;                  01;  44;  37;0;0;00;10;150140;150140;10;2062;0;   0;08;0000;0000000000,00;000000,00;0000000737,01;000001,08;8121400;                  01;10;    17,3;00;01;CNPJ                ;00;10"
E:\pdet\00_raw\pdet\microdados\RAIS\2013\PB2013.7z,PB2013.txt,291037743,RAIS_VINCULOS,2013,PB,cp1252,';',sim,45,RAIS_VINCULOS 2006-2014,OK (nº de colunas) / 1 rótulo(s) diferentes,pos 43: dicionário='Tipo Estab (2a ocorrencia)' arquivo='Tipo Estab',Bairros SP;Bairros Fortaleza;Bairros RJ;Causa Afastamento 1;Causa Afastamento 2;Causa Afastamento 3;Motivo Desligamento;CBO Ocupação 2002;CNAE 2.0 Classe;CNAE 95 Classe;Distritos SP;Vínculo Ativo 31/12;Faixa Etária;Faixa Hora Contrat;Faixa Remun Dezem (SM);Faixa Remun Média (SM);Faixa Tempo Emprego;Escolaridade após 2005;Qtd Hora Contr;Idade;Ind CEI Vinculado;Ind Simples;Mês Admissão;Mês Desligamento;Mun Trab;Município;Nacionalidade;Natureza Jurídica;Ind Portador Defic;Qtd Dias Afastamento;Raça Cor;Regiões Adm DF;Vl Remun Dezembro Nom;Vl Remun Dezembro (SM);Vl Remun Média Nom;Vl Remun Média (SM);CNAE 2.0 Subclasse;Sexo Trabalhador;Tamanho Estabelecimento;Tempo Emprego;Tipo Admissão;Tipo Estab;Tipo Estab;Tipo Defic;Tipo Vínculo,"           {ñ class};           {ñ class};           {ñ class};99;99;99;11;623110;01521;01422;           {ñ class};0;06;06;00;01;06;                  01;  44;  49;0;0;00;03;250375;250375;10;4081;0;   0;02;0000;0000000000,00;000000,00;0000000678,00;000001,00;0152102;                  01;02;    58,3;00;03;CEI                 ;00;25"
E:\pdet\00_raw\pdet\microdados\RAIS\2013\PE2013.7z,PE2013.txt,856324557,RAIS_VINCULOS,2013,PE,cp1252,';',sim,45,RAIS_VINCULOS 2006-2014,OK (nº de colunas) / 1 rótulo(s) diferentes,pos 43: dicionário='Tipo Estab (2a ocorrencia)' arquivo='Tipo Estab',Bairros SP;Bairros Fortaleza;Bairros RJ;Causa Afastamento 1;Causa Afastamento 2;Causa Afastamento 3;Motivo Desligamento;CBO Ocupação 2002;CNAE 2.0 Classe;CNAE 95 Classe;Distritos SP;Vínculo Ativo 31/12;Faixa Etária;Faixa Hora Contrat;Faixa Remun Dezem (SM);Faixa Remun Média (SM);Faixa Tempo Emprego;Escolaridade após 2005;Qtd Hora Contr;Idade;Ind CEI Vinculado;Ind Simples;Mês Admissão;Mês Desligamento;Mun Trab;Município;Nacionalidade;Natureza Jurídica;Ind Portador Defic;Qtd Dias Afastamento;Raça Cor;Regiões Adm DF;Vl Remun Dezembro Nom;Vl Remun Dezembro (SM);Vl Remun Média Nom;Vl Remun Média (SM);CNAE 2.0 Subclasse;Sexo Trabalhador;Tamanho Estabelecimento;Tempo Emprego;Tipo Admissão;Tipo Estab;Tipo Estab;Tipo Defic;Tipo Vínculo,"           {ñ class};           {ñ class};           {ñ class};99;99;99;21;717020;23427;26417;           {ñ class};0;03;06;00;02;01;                  01;  44;  20;0;1;05;06;261310;261310;10;2062;0;   0;02;0000;0000000000,00;000000,00;0000000704,94;000001,03;2342702;                  01;06;     1,9;01;01;CNPJ                ;00;10"
E:\pdet\00_raw\pdet\microdados\RAIS\2013\PI2013.7z,PI2013.txt,196038837,RAIS_VINCULOS,2013,PI,cp1252,';',sim,45,RAIS_VINCULOS 2006-2014,OK (nº de colunas) / 1 rótulo(s) diferentes,pos 43: dicionário='Tipo Estab (2a ocorrencia)' arquivo='Tipo Estab',Bairros SP;Bairros Fortaleza;Bairros RJ;Causa Afastamento 1;Causa Afastamento 2;Causa Afastamento 3;Motivo Desligamento;CBO Ocupação 2002;CNAE 2.0 Classe;CNAE 95 Classe;Distritos SP;Vínculo Ativo 31/12;Faixa Etária;Faixa Hora Contrat;Faixa Remun Dezem (SM);Faixa Remun Média (SM);Faixa Tempo Emprego;Escolaridade após 2005;Qtd Hora Contr;Idade;Ind CEI Vinculado;Ind Simples;Mês Admissão;Mês Desligamento;Mun Trab;Município;Nacionalidade;Natureza Jurídica;Ind Portador Defic;Qtd Dias Afastamento;Raça Cor;Regiões Adm DF;Vl Remun Dezembro Nom;Vl Remun Dezembro (SM);Vl Remun Média Nom;Vl Remun Média (SM);CNAE 2.0 Subclasse;Sexo Trabalhador;Tamanho Estabelecimento;Tempo Emprego;Tipo Admissão;Tipo Estab;Tipo Estab;Tipo Defic;Tipo Vínculo,"           {ñ class};           {ñ class};           {ñ class};99;99;99;11;517420;47318;50504;           {ñ class};0;06;06;00;03;03;                  01;  44;  44;0;1;00;04;220177;220177;10;2135;0;   0;08;0000;0000000000,00;000000,00;0000001095,99;000001,61;4731800;                  01;02;    10,9;00;01;CNPJ                ;00;10"
E:\pdet\00_raw\pdet\microdados\RAIS\2013\PR2013.7z,PR2013.txt,1660870206,RAIS_VINCULOS,2013,PR,cp1252,';',sim,45,RAIS_VINCULOS 2006-2014,OK (nº de colunas) / 1 rótulo(s) diferentes,pos 43: dicionário='Tipo Estab (2a ocorrencia)' arquivo='Tipo Estab',Bairros SP;Bairros Fortaleza;Bairros RJ;Causa Afastamento 1;Causa Afastamento 2;Causa Afastamento 3;Motivo Desligamento;CBO Ocupação 2002;CNAE 2.0 Classe;CNAE 95 Classe;Distritos SP;Vínculo Ativo 31/12;Faixa Etária;Faixa Hora Contrat;Faixa Remun Dezem (SM);Faixa Remun Média (SM);Faixa Tempo Emprego;Escolaridade após 2005;Qtd Hora Contr;Idade;Ind CEI Vinculado;Ind Simples;Mês Admissão;Mês Desligamento;Mun Trab;Município;Nacionalidade;Natureza Jurídica;Ind Portador Defic;Qtd Dias Afastamento;Raça Cor;Regiões Adm DF;Vl Remun Dezembro Nom;Vl Remun Dezembro (SM);Vl Remun Média Nom;Vl Remun Média (SM);CNAE 2.0 Subclasse;Sexo Trabalhador;Tamanho Estabelecimento;Tempo Emprego;Tipo Admissão;Tipo Estab;Tipo Estab;Tipo Defic;Tipo Vínculo,"           {ñ class};           {ñ class};           {ñ class};99;99;99;11;517420;08100;14109;           {ñ class};0;07;06;00;03;01;                  01;  44;  64;0;0;04;04;410060;410060;10;2062;0;   0;02;0000;0000000000,00;000000,00;0000001353,84;000001,99;0810099;                  01;05;     0,4;02;01;CNPJ                ;00;10"
E:\pdet\00_raw\pdet\microdados\RAIS\2013\RJ2013.7z,RJ2013.txt,2283989463,RAIS_VINCULOS,2013,RJ,cp1252,';',sim,45,RAIS_VINCULOS 2006-2014,OK (nº de colunas) / 1 rótulo(s) diferentes,pos 43: dicionário='Tipo Estab (2a ocorrencia)' arquivo='Tipo Estab',Bairros SP;Bairros Fortaleza;Bairros RJ;Causa Afastamento 1;Causa Afastamento 2;Causa Afastamento 3;Motivo Desligamento;CBO Ocupação 2002;CNAE 2.0 Classe;CNAE 95 Classe;Distritos SP;Vínculo Ativo 31/12;Faixa Etária;Faixa Hora Contrat;Faixa Remun Dezem (SM);Faixa Remun Média (SM);Faixa Tempo Emprego;Escolaridade após 2005;Qtd Hora Contr;Idade;Ind CEI Vinculado;Ind Simples;Mês Admissão;Mês Desligamento;Mun Trab;Município;Nacionalidade;Natureza Jurídica;Ind Portador Defic;Qtd Dias Afastamento;Raça Cor;Regiões Adm DF;Vl Remun Dezembro Nom;Vl Remun Dezembro (SM);Vl Remun Média Nom;Vl Remun Média (SM);CNAE 2.0 Subclasse;Sexo Trabalhador;Tamanho Estabelecimento;Tempo Emprego;Tipo Admissão;Tipo Estab;Tipo Estab;Tipo Defic;Tipo Vínculo,"           {ñ class};           {ñ class};                9999;99;99;99;11;623110;41204;45217;           {ñ class};0;07;06;00;02;04;                  01;  44;  56;0;1;00;11;330115;330115;10;2062;0;   0;02;0000;0000000000,00;000000,00;0000000780,19;000001,14;4120400;                  01;02;    23,8;00;03;CEI                 ;00;25"
E:\pdet\00_raw\pdet\microdados\RAIS\2013\RN2013.7z,RN2013.txt,290939508,RAIS_VINCULOS,2013,RN,cp1252,';',sim,45,RAIS_VINCULOS 2006-2014,OK (nº de colunas) / 1 rótulo(s) diferentes,pos 43: dicionário='Tipo Estab (2a ocorrencia)' arquivo='Tipo Estab',Bairros SP;Bairros Fortaleza;Bairros RJ;Causa Afastamento 1;Causa Afastamento 2;Causa Afastamento 3;Motivo Desligamento;CBO Ocupação 2002;CNAE 2.0 Classe;CNAE 95 Classe;Distritos SP;Vínculo Ativo 31/12;Faixa Etária;Faixa Hora Contrat;Faixa Remun Dezem (SM);Faixa Remun Média (SM);Faixa Tempo Emprego;Escolaridade após 2005;Qtd Hora Contr;Idade;Ind CEI Vinculado;Ind Simples;Mês Admissão;Mês Desligamento;Mun Trab;Município;Nacionalidade;Natureza Jurídica;Ind Portador Defic;Qtd Dias Afastamento;Raça Cor;Regiões Adm DF;Vl Remun Dezembro Nom;Vl Remun Dezembro (SM);Vl Remun Média Nom;Vl Remun Média (SM);CNAE 2.0 Subclasse;Sexo Trabalhador;Tamanho Estabelecimento;Tempo Emprego;Tipo Admissão;Tipo Estab;Tipo Estab;Tipo Defic;Tipo Vínculo,"           {ñ class};           {ñ class};           {ñ class};99;99;99;11;715210;41204;45217;           {ñ class};0;05;06;00;02;04;                  01;  44;  35;0;0;00;06;240760;240760;10;2062;0;   0;02;0000;0000000000,00;000000,00;0000000891,00;000001,31;4120400;                  01;03;    22,9;00;01;CNPJ                ;00;10"
E:\pdet\00_raw\pdet\microdados\RAIS\2013\RO2013.7z,RO2013.txt,187954596,RAIS_VINCULOS,2013,RO,cp1252,';',sim,45,RAIS_VINCULOS 2006-2014,OK (nº de colunas) / 1 rótulo(s) diferentes,pos 43: dicionário='Tipo Estab (2a ocorrencia)' arquivo='Tipo Estab',Bairros SP;Bairros Fortaleza;Bairros RJ;Causa Afastamento 1;Causa Afastamento 2;Causa Afastamento 3;Motivo Desligamento;CBO Ocupação 2002;CNAE 2.0 Classe;CNAE 95 Classe;Distritos SP;Vínculo Ativo 31/12;Faixa Etária;Faixa Hora Contrat;Faixa Remun Dezem (SM);Faixa Remun Média (SM);Faixa Tempo Emprego;Escolaridade após 2005;Qtd Hora Contr;Idade;Ind CEI Vinculado;Ind Simples;Mês Admissão;Mês Desligamento;Mun Trab;Município;Nacionalidade;Natureza Jurídica;Ind Portador Defic;Qtd Dias Afastamento;Raça Cor;Regiões Adm DF;Vl Remun Dezembro Nom;Vl Remun Dezembro (SM);Vl Remun Média Nom;Vl Remun Média (SM);CNAE 2.0 Subclasse;Sexo Trabalhador;Tamanho Estabelecimento;Tempo Emprego;Tipo Admissão;Tipo Estab;Tipo Estab;Tipo Defic;Tipo Vínculo,"           {ñ class};           {ñ class};           {ñ class};99;99;99;21;724315;23427;26417;           {ñ class};0;05;06;00;03;04;                  01;  44;  35;0;1;00;12;110130;110130;10;2062;0;   0;02;0000;0000000913,05;000001,34;0000001045,37;000001,53;2342702;                  01;05;    15,9;00;01;CNPJ                ;00;10"
E:\pdet\00_raw\pdet\microdados\RAIS\2013\RR2013.7z,RR2013.txt,43544151,RAIS_VINCULOS,2013,RR,cp1252,';',sim,45,RAIS_VINCULOS 2006-2014,OK (nº de colunas) / 1 rótulo(s) diferentes,pos 43: dicionário='Tipo Estab (2a ocorrencia)' arquivo='Tipo Estab',Bairros SP;Bairros Fortaleza;Bairros RJ;Causa Afastamento 1;Causa Afastamento 2;Causa Afastamento 3;Motivo Desligamento;CBO Ocupação 2002;CNAE 2.0 Classe;CNAE 95 Classe;Distritos SP;Vínculo Ativo 31/12;Faixa Etária;Faixa Hora Contrat;Faixa Remun Dezem (SM);Faixa Remun Média (SM);Faixa Tempo Emprego;Escolaridade após 2005;Qtd Hora Contr;Idade;Ind CEI Vinculado;Ind Simples;Mês Admissão;Mês Desligamento;Mun Trab;Município;Nacionalidade;Natureza Jurídica;Ind Portador Defic;Qtd Dias Afastamento;Raça Cor;Regiões Adm DF;Vl Remun Dezembro Nom;Vl Remun Dezembro (SM);Vl Remun Média Nom;Vl Remun Média (SM);CNAE 2.0 Subclasse;Sexo Trabalhador;Tamanho Estabelecimento;Tempo Emprego;Tipo Admissão;Tipo Estab;Tipo Estab;Tipo Defic;Tipo Vínculo,"           {ñ class};           {ñ class};           {ñ class};99;99;99;11;622020;01211;01210;           {ñ class};0;06;06;00;01;07;                  01;  44;  42;0;0;00;02;140045;140045;10;4081;0;   0;08;0000;0000000000,00;000000,00;0000000598,90;000000,88;0121101;                  01;03;    61,0;00;03;CEI                 ;00;25"
E:\pdet\00_raw\pdet\microdados\RAIS\2013\RS2013.7z,RS2013.txt,1603152981,RAIS_VINCULOS,2013,RS,cp1252,';',sim,45,RAIS_VINCULOS 2006-2014,OK (nº de colunas) / 1 rótulo(s) diferentes,pos 43: dicionário='Tipo Estab (2a ocorrencia)' arquivo='Tipo Estab',Bairros SP;Bairros Fortaleza;Bairros RJ;Causa Afastamento 1;Causa Afastamento 2;Causa Afastamento 3;Motivo Desligamento;CBO Ocupação 2002;CNAE 2.0 Classe;CNAE 95 Classe;Distritos SP;Vínculo Ativo 31/12;Faixa Etária;Faixa Hora Contrat;Faixa Remun Dezem (SM);Faixa Remun Média (SM);Faixa Tempo Emprego;Escolaridade após 2005;Qtd Hora Contr;Idade;Ind CEI Vinculado;Ind Simples;Mês Admissão;Mês Desligamento;Mun Trab;Município;Nacionalidade;Natureza Jurídica;Ind Portador Defic;Qtd Dias Afastamento;Raça Cor;Regiões Adm DF;Vl Remun Dezembro Nom;Vl Remun Dezembro (SM);Vl Remun Média Nom;Vl Remun Média (SM);CNAE 2.0 Subclasse;Sexo Trabalhador;Tamanho Estabelecimento;Tempo Emprego;Tipo Admissão;Tipo Estab;Tipo Estab;Tipo Defic;Tipo Vínculo,"           {ñ class};           {ñ class};           {ñ class};99;99;99;21;622020;01156;01155;           {ñ class};0;07;06;00;04;03;                  01;  44;  54;0;0;00;06;430845;430845;10;4022;0;   0;02;0000;0000000000,00;000000,00;0000001477,87;000002,17;0115600;                  01;02;     9,5;00;03;CEI                 ;00;25"
E:\pdet\00_raw\pdet\microdados\RAIS\2013\SC2013.7z,SC2013.txt,1204098435,RAIS_VINCULOS,2013,SC,cp1252,';',sim,45,RAIS_VINCULOS 2006-2014,OK (nº de colunas) / 1 rótulo(s) diferentes,pos 43: dicionário='Tipo Estab (2a ocorrencia)' arquivo='Tipo Estab',Bairros SP;Bairros Fortaleza;Bairros RJ;Causa Afastamento 1;Causa Afastamento 2;Causa Afastamento 3;Motivo Desligamento;CBO Ocupação 2002;CNAE 2.0 Classe;CNAE 95 Classe;Distritos SP;Vínculo Ativo 31/12;Faixa Etária;Faixa Hora Contrat;Faixa Remun Dezem (SM);Faixa Remun Média (SM);Faixa Tempo Emprego;Escolaridade após 2005;Qtd Hora Contr;Idade;Ind CEI Vinculado;Ind Simples;Mês Admissão;Mês Desligamento;Mun Trab;Município;Nacionalidade;Natureza Jurídica;Ind Portador Defic;Qtd Dias Afastamento;Raça Cor;Regiões Adm DF;Vl Remun Dezembro Nom;Vl Remun Dezembro (SM);Vl Remun Média Nom;Vl Remun Média (SM);CNAE 2.0 Subclasse;Sexo Trabalhador;Tamanho Estabelecimento;Tempo Emprego;Tipo Admissão;Tipo Estab;Tipo Estab;Tipo Defic;Tipo Vínculo,"           {ñ class};           {ñ class};           {ñ class};99;99;99;11;712205;42138;45225;           {ñ class};0;06;06;00;02;03;                  01;  44;  47;0;1;04;11;420860;420860;10;2062;0;   0;02;0000;0000000000,00;000000,00;0000000900,59;000001,32;4213800;                  01;02;     7,1;02;01;CNPJ                ;00;60"
E:\pdet\00_raw\pdet\microdados\RAIS\2013\SE2013.7z,SE2013.txt,185535351,RAIS_VINCULOS,2013,SE,cp1252,';',sim,45,RAIS_VINCULOS 2006-2014,OK (nº de colunas) / 1 rótulo(s) diferentes,pos 43: dicionário='Tipo Estab (2a ocorrencia)' arquivo='Tipo Estab',Bairros SP;Bairros Fortaleza;Bairros RJ;Causa Afastamento 1;Causa Afastamento 2;Causa Afastamento 3;Motivo Desligamento;CBO Ocupação 2002;CNAE 2.0 Classe;CNAE 95 Classe;Distritos SP;Vínculo Ativo 31/12;Faixa Etária;Faixa Hora Contrat;Faixa Remun Dezem (SM);Faixa Remun Média (SM);Faixa Tempo Emprego;Escolaridade após 2005;Qtd Hora Contr;Idade;Ind CEI Vinculado;Ind Simples;Mês Admissão;Mês Desligamento;Mun Trab;Município;Nacionalidade;Natureza Jurídica;Ind Portador Defic;Qtd Dias Afastamento;Raça Cor;Regiões Adm DF;Vl Remun Dezembro Nom;Vl Remun Dezembro (SM);Vl Remun Média Nom;Vl Remun Média (SM);CNAE 2.0 Subclasse;Sexo Trabalhador;Tamanho Estabelecimento;Tempo Emprego;Tipo Admissão;Tipo Estab;Tipo Estab;Tipo Defic;Tipo Vínculo,"           {ñ class};           {ñ class};           {ñ class};99;99;99;11;514320;15319;19313;           {ñ class};0;06;06;00;02;04;                  01;  44;  48;0;0;00;02;280710;280710;10;2054;1;   0;08;0000;0000000000,00;000000,00;0000000757,67;000001,11;1531901;                  01;10;    19,1;00;01;CNPJ                ;01;10"
E:\pdet\00_raw\pdet\microdados\RAIS\2013\SP2013.7z,SP2013.txt,7301469294,RAIS_VINCULOS,2013,SP,cp1252,';',sim,45,RAIS_VINCULOS 2006-2014,OK (nº de colunas) / 1 rótulo(s) diferentes,pos 43: dicionário='Tipo Estab (2a ocorrencia)' arquivo='Tipo Estab',Bairros SP;Bairros Fortaleza;Bairros RJ;Causa Afastamento 1;Causa Afastamento 2;Causa Afastamento 3;Motivo Desligamento;CBO Ocupação 2002;CNAE 2.0 Classe;CNAE 95 Classe;Distritos SP;Vínculo Ativo 31/12;Faixa Etária;Faixa Hora Contrat;Faixa Remun Dezem (SM);Faixa Remun Média (SM);Faixa Tempo Emprego;Escolaridade após 2005;Qtd Hora Contr;Idade;Ind CEI Vinculado;Ind Simples;Mês Admissão;Mês Desligamento;Mun Trab;Município;Nacionalidade;Natureza Jurídica;Ind Portador Defic;Qtd Dias Afastamento;Raça Cor;Regiões Adm DF;Vl Remun Dezembro Nom;Vl Remun Dezembro (SM);Vl Remun Média Nom;Vl Remun Média (SM);CNAE 2.0 Subclasse;Sexo Trabalhador;Tamanho Estabelecimento;Tempo Emprego;Tipo Admissão;Tipo Estab;Tipo Estab;Tipo Defic;Tipo Vínculo,"                9999;           {ñ class};           {ñ class};99;99;99;21;992225;82997;74993;                9999;0;04;06;00;02;02;                  01;  44;  29;0;0;08;12;353740;353740;10;2062;0;   0;02;0000;0000000903,67;000001,33;0000000910,64;000001,34;8299799;                  01;06;     3,9;02;01;CNPJ                ;00;10"
E:\pdet\00_raw\pdet\microdados\RAIS\2013\TO2013.7z,TO2013.txt,128063547,RAIS_VINCULOS,2013,TO,cp1252,';',sim,45,RAIS_VINCULOS 2006-2014,OK (nº de colunas) / 1 rótulo(s) diferentes,pos 43: dicionário='Tipo Estab (2a ocorrencia)' arquivo='Tipo Estab',Bairros SP;Bairros Fortaleza;Bairros RJ;Causa Afastamento 1;Causa Afastamento 2;Causa Afastamento 3;Motivo Desligamento;CBO Ocupação 2002;CNAE 2.0 Classe;CNAE 95 Classe;Distritos SP;Vínculo Ativo 31/12;Faixa Etária;Faixa Hora Contrat;Faixa Remun Dezem (SM);Faixa Remun Média (SM);Faixa Tempo Emprego;Escolaridade após 2005;Qtd Hora Contr;Idade;Ind CEI Vinculado;Ind Simples;Mês Admissão;Mês Desligamento;Mun Trab;Município;Nacionalidade;Natureza Jurídica;Ind Portador Defic;Qtd Dias Afastamento;Raça Cor;Regiões Adm DF;Vl Remun Dezembro Nom;Vl Remun Dezembro (SM);Vl Remun Média Nom;Vl Remun Média (SM);CNAE 2.0 Subclasse;Sexo Trabalhador;Tamanho Estabelecimento;Tempo Emprego;Tipo Admissão;Tipo Estab;Tipo Estab;Tipo Defic;Tipo Vínculo,"           {ñ class};           {ñ class};           {ñ class};99;99;99;11;632125;47121;52132;           {ñ class};0;06;06;00;02;02;                  01;  44;  42;0;1;01;07;172010;172010;10;2135;0;   0;04;0000;0000000000,00;000000,00;0000000774,36;000001,13;4712100;                  01;01;     5,7;02;01;CNPJ                ;00;10"
E:\pdet\00_raw\pdet\microdados\RAIS\2014\AC2014.7z,AC2014.txt,51542214,RAIS_VINCULOS,2014,AC,cp1252,';',sim,45,RAIS_VINCULOS 2006-2014,OK (nº de colunas) / 1 rótulo(s) diferentes,pos 43: dicionário='Tipo Estab (2a ocorrencia)' arquivo='Tipo Estab',Bairros SP;Bairros Fortaleza;Bairros RJ;Causa Afastamento 1;Causa Afastamento 2;Causa Afastamento 3;Motivo Desligamento;CBO Ocupação 2002;CNAE 2.0 Classe;CNAE 95 Classe;Distritos SP;Vínculo Ativo 31/12;Faixa Etária;Faixa Hora Contrat;Faixa Remun Dezem (SM);Faixa Remun Média (SM);Faixa Tempo Emprego;Escolaridade após 2005;Qtd Hora Contr;Idade;Ind CEI Vinculado;Ind Simples;Mês Admissão;Mês Desligamento;Mun Trab;Município;Nacionalidade;Natureza Jurídica;Ind Portador Defic;Qtd Dias Afastamento;Raça Cor;Regiões Adm DF;Vl Remun Dezembro Nom;Vl Remun Dezembro (SM);Vl Remun Média Nom;Vl Remun Média (SM);CNAE 2.0 Subclasse;Sexo Trabalhador;Tamanho Estabelecimento;Tempo Emprego;Tipo Admissão;Tipo Estab;Tipo Estab;Tipo Defic;Tipo Vínculo,"{ñ c;{ñ c;{ñ c;99;99;99;11;715110;43134;45136;           {ñ class};0;06;06;00;03;02;                  01;  44;  49;0;0;06;12;120040;120040;10;2062;0;   0;09;0000;0000001125,30;000001,55;0000001125,29;000001,55;4313400;                  01;04;     5,9;02;01;CNPJ;00;10"
E:\pdet\00_raw\pdet\microdados\RAIS\2014\AL2014.7z,AL2014.txt,191298205,RAIS_VINCULOS,2014,AL,cp1252,';',sim,45,RAIS_VINCULOS 2006-2014,OK (nº de colunas) / 1 rótulo(s) diferentes,pos 43: dicionário='Tipo Estab (2a ocorrencia)' arquivo='Tipo Estab',Bairros SP;Bairros Fortaleza;Bairros RJ;Causa Afastamento 1;Causa Afastamento 2;Causa Afastamento 3;Motivo Desligamento;CBO Ocupação 2002;CNAE 2.0 Classe;CNAE 95 Classe;Distritos SP;Vínculo Ativo 31/12;Faixa Etária;Faixa Hora Contrat;Faixa Remun Dezem (SM);Faixa Remun Média (SM);Faixa Tempo Emprego;Escolaridade após 2005;Qtd Hora Contr;Idade;Ind CEI Vinculado;Ind Simples;Mês Admissão;Mês Desligamento;Mun Trab;Município;Nacionalidade;Natureza Jurídica;Ind Portador Defic;Qtd Dias Afastamento;Raça Cor;Regiões Adm DF;Vl Remun Dezembro Nom;Vl Remun Dezembro (SM);Vl Remun Média Nom;Vl Remun Média (SM);CNAE 2.0 Subclasse;Sexo Trabalhador;Tamanho Estabelecimento;Tempo Emprego;Tipo Admissão;Tipo Estab;Tipo Estab;Tipo Defic;Tipo Vínculo,"{ñ c;{ñ c;{ñ c;40;40;40;12;622110;10716;15610;           {ñ class};0;06;06;00;02;03;                  01;  44;  43;0;0;00;03;270230;270230;10;2054;0;   5;08;0000;0000000000,00;000000,00;0000000809,83;000001,11;1071600;                  01;10;     6,4;00;01;CNPJ;00;70"
E:\pdet\00_raw\pdet\microdados\RAIS\2014\AM2014.7z,AM2014.txt,258255802,RAIS_VINCULOS,2014,AM,cp1252,';',sim,45,RAIS_VINCULOS 2006-2014,OK (nº de colunas) / 1 rótulo(s) diferentes,pos 43: dicionário='Tipo Estab (2a ocorrencia)' arquivo='Tipo Estab',Bairros SP;Bairros Fortaleza;Bairros RJ;Causa Afastamento 1;Causa Afastamento 2;Causa Afastamento 3;Motivo Desligamento;CBO Ocupação 2002;CNAE 2.0 Classe;CNAE 95 Classe;Distritos SP;Vínculo Ativo 31/12;Faixa Etária;Faixa Hora Contrat;Faixa Remun Dezem (SM);Faixa Remun Média (SM);Faixa Tempo Emprego;Escolaridade após 2005;Qtd Hora Contr;Idade;Ind CEI Vinculado;Ind Simples;Mês Admissão;Mês Desligamento;Mun Trab;Município;Nacionalidade;Natureza Jurídica;Ind Portador Defic;Qtd Dias Afastamento;Raça Cor;Regiões Adm DF;Vl Remun Dezembro Nom;Vl Remun Dezembro (SM);Vl Remun Média Nom;Vl Remun Média (SM);CNAE 2.0 Subclasse;Sexo Trabalhador;Tamanho Estabelecimento;Tempo Emprego;Tipo Admissão;Tipo Estab;Tipo Estab;Tipo Defic;Tipo Vínculo,"{ñ c;{ñ c;{ñ c;99;99;99;11;717020;86101;85111;           {ñ class};0;05;06;00;02;04;                  01;  44;  35;0;0;00;09;130260;130260;10;2062;0;   0;02;0000;0000000000,00;000000,00;0000000820,08;000001,12;8610101;                  01;06;    17,4;00;01;CNPJ;00;10"
E:\pdet\00_raw\pdet\microdados\RAIS\2014\AP2014.7z,AP2014.txt,49714897,RAIS_VINCULOS,2014,AP,cp1252,';',sim,45,RAIS_VINCULOS 2006-2014,OK (nº de colunas) / 1 rótulo(s) diferentes,pos 43: dicionário='Tipo Estab (2a ocorrencia)' arquivo='Tipo Estab',Bairros SP;Bairros Fortaleza;Bairros RJ;Causa Afastamento 1;Causa Afastamento 2;Causa Afastamento 3;Motivo Desligamento;CBO Ocupação 2002;CNAE 2.0 Classe;CNAE 95 Classe;Distritos SP;Vínculo Ativo 31/12;Faixa Etária;Faixa Hora Contrat;Faixa Remun Dezem (SM);Faixa Remun Média (SM);Faixa Tempo Emprego;Escolaridade após 2005;Qtd Hora Contr;Idade;Ind CEI Vinculado;Ind Simples;Mês Admissão;Mês Desligamento;Mun Trab;Município;Nacionalidade;Natureza Jurídica;Ind Portador Defic;Qtd Dias Afastamento;Raça Cor;Regiões Adm DF;Vl Remun Dezembro Nom;Vl Remun Dezembro (SM);Vl Remun Média Nom;Vl Remun Média (SM);CNAE 2.0 Subclasse;Sexo Trabalhador;Tamanho Estabelecimento;Tempo Emprego;Tipo Admissão;Tipo Estab;Tipo Estab;Tipo Defic;Tipo Vínculo,"{ñ c;{ñ c;{ñ c;99;99;99;11;514320;46371;51390;           {ñ class};0;05;06;00;02;06;                  01;  44;  35;0;0;00;05;160030;160030;10;2062;0;   0;02;0000;0000000000,00;000000,00;0000000852,72;000001,17;4637105;                  01;06;    59,0;00;01;CNPJ;00;10"
E:\pdet\00_raw\pdet\microdados\RAIS\2014\BA2014.7z,BA2014.txt,931697033,RAIS_VINCULOS,2014,BA,cp1252,';',sim,45,RAIS_VINCULOS 2006-2014,OK (nº de colunas) / 1 rótulo(s) diferentes,pos 43: dicionário='Tipo Estab (2a ocorrencia)' arquivo='Tipo Estab',Bairros SP;Bairros Fortaleza;Bairros RJ;Causa Afastamento 1;Causa Afastamento 2;Causa Afastamento 3;Motivo Desligamento;CBO Ocupação 2002;CNAE 2.0 Classe;CNAE 95 Classe;Distritos SP;Vínculo Ativo 31/12;Faixa Etária;Faixa Hora Contrat;Faixa Remun Dezem (SM);Faixa Remun Média (SM);Faixa Tempo Emprego;Escolaridade após 2005;Qtd Hora Contr;Idade;Ind CEI Vinculado;Ind Simples;Mês Admissão;Mês Desligamento;Mun Trab;Município;Nacionalidade;Natureza Jurídica;Ind Portador Defic;Qtd Dias Afastamento;Raça Cor;Regiões Adm DF;Vl Remun Dezembro Nom;Vl Remun Dezembro (SM);Vl Remun Média Nom;Vl Remun Média (SM);CNAE 2.0 Subclasse;Sexo Trabalhador;Tamanho Estabelecimento;Tempo Emprego;Tipo Admissão;Tipo Estab;Tipo Estab;Tipo Defic;Tipo Vínculo,"{ñ c;{ñ c;{ñ c;99;99;99;11;717020;42995;45292;           {ñ class};0;07;06;00;02;05;                  01;  44;  58;0;0;00;11;291920;291920;10;2062;0;   0;08;0000;0000000000,00;000000,00;0000000850,71;000001,17;4299599;                  01;10;    25,1;00;01;CNPJ;00;10"
E:\pdet\00_raw\pdet\microdados\RAIS\2014\CE2014.7z,CE2014.txt,617277997,RAIS_VINCULOS,2014,CE,cp1252,';',sim,45,RAIS_VINCULOS 2006-2014,OK (nº de colunas) / 1 rótulo(s) diferentes,pos 43: dicionário='Tipo Estab (2a ocorrencia)' arquivo='Tipo Estab',Bairros SP;Bairros Fortaleza;Bairros RJ;Causa Afastamento 1;Causa Afastamento 2;Causa Afastamento 3;Motivo Desligamento;CBO Ocupação 2002;CNAE 2.0 Classe;CNAE 95 Classe;Distritos SP;Vínculo Ativo 31/12;Faixa Etária;Faixa Hora Contrat;Faixa Remun Dezem (SM);Faixa Remun Média (SM);Faixa Tempo Emprego;Escolaridade após 2005;Qtd Hora Contr;Idade;Ind CEI Vinculado;Ind Simples;Mês Admissão;Mês Desligamento;Mun Trab;Município;Nacionalidade;Natureza Jurídica;Ind Portador Defic;Qtd Dias Afastamento;Raça Cor;Regiões Adm DF;Vl Remun Dezembro Nom;Vl Remun Dezembro (SM);Vl Remun Média Nom;Vl Remun Média (SM);CNAE 2.0 Subclasse;Sexo Trabalhador;Tamanho Estabelecimento;Tempo Emprego;Tipo Admissão;Tipo Estab;Tipo Estab;Tipo Defic;Tipo Vínculo,"{ñ c;9999;{ñ c;99;99;99;11;828105;23427;26417;           {ñ class};0;06;06;00;01;03;                  01;  44;  49;0;1;00;05;231150;231150;10;2135;0;   0;08;0000;0000000000,00;000000,00;0000000724,00;000001,00;2342702;                  01;04;     6,7;00;01;CNPJ;00;10"
E:\pdet\00_raw\pdet\microdados\RAIS\2014\DF2014.7z,DF2014.txt,492988699,RAIS_VINCULOS,2014,DF,cp1252,';',sim,45,RAIS_VINCULOS 2006-2014,OK (nº de colunas) / 1 rótulo(s) diferentes,pos 43: dicionário='Tipo Estab (2a ocorrencia)' arquivo='Tipo Estab',Bairros SP;Bairros Fortaleza;Bairros RJ;Causa Afastamento 1;Causa Afastamento 2;Causa Afastamento 3;Motivo Desligamento;CBO Ocupação 2002;CNAE 2.0 Classe;CNAE 95 Classe;Distritos SP;Vínculo Ativo 31/12;Faixa Etária;Faixa Hora Contrat;Faixa Remun Dezem (SM);Faixa Remun Média (SM);Faixa Tempo Emprego;Escolaridade após 2005;Qtd Hora Contr;Idade;Ind CEI Vinculado;Ind Simples;Mês Admissão;Mês Desligamento;Mun Trab;Município;Nacionalidade;Natureza Jurídica;Ind Portador Defic;Qtd Dias Afastamento;Raça Cor;Regiões Adm DF;Vl Remun Dezembro Nom;Vl Remun Dezembro (SM);Vl Remun Média Nom;Vl Remun Média (SM);CNAE 2.0 Subclasse;Sexo Trabalhador;Tamanho Estabelecimento;Tempo Emprego;Tipo Admissão;Tipo Estab;Tipo Estab;Tipo Defic;Tipo Vínculo,"{ñ c;{ñ c;{ñ c;99;99;99;11;717020;41204;45217;           {ñ class};0;03;06;00;99;02;                  01;  44;  21;1;0;00;02;530010;530010;10;2062;0;   0;08;0001;0000000000,00;000000,00;0000000000,00;000000,00;4120400;                  01;01;     5,1;00;01;CNPJ;00;10"
E:\pdet\00_raw\pdet\microdados\RAIS\2014\ES2014.7z,ES2014.txt,415471776,RAIS_VINCULOS,2014,ES,cp1252,';',sim,45,RAIS_VINCULOS 2006-2014,OK (nº de colunas) / 1 rótulo(s) diferentes,pos 43: dicionário='Tipo Estab (2a ocorrencia)' arquivo='Tipo Estab',Bairros SP;Bairros Fortaleza;Bairros RJ;Causa Afastamento 1;Causa Afastamento 2;Causa Afastamento 3;Motivo Desligamento;CBO Ocupação 2002;CNAE 2.0 Classe;CNAE 95 Classe;Distritos SP;Vínculo Ativo 31/12;Faixa Etária;Faixa Hora Contrat;Faixa Remun Dezem (SM);Faixa Remun Média (SM);Faixa Tempo Emprego;Escolaridade após 2005;Qtd Hora Contr;Idade;Ind CEI Vinculado;Ind Simples;Mês Admissão;Mês Desligamento;Mun Trab;Município;Nacionalidade;Natureza Jurídica;Ind Portador Defic;Qtd Dias Afastamento;Raça Cor;Regiões Adm DF;Vl Remun Dezembro Nom;Vl Remun Dezembro (SM);Vl Remun Média Nom;Vl Remun Média (SM);CNAE 2.0 Subclasse;Sexo Trabalhador;Tamanho Estabelecimento;Tempo Emprego;Tipo Admissão;Tipo Estab;Tipo Estab;Tipo Defic;Tipo Vínculo,"{ñ c;{ñ c;{ñ c;99;99;99;12;621005;01342;01325;           {ñ class};0;06;06;00;02;01;                  01;  44;  40;0;0;05;05;320060;320060;10;4081;0;   0;04;0000;0000000000,00;000000,00;0000000748,96;000001,03;0134200;                  01;02;     0,9;02;03;CEI ;00;75"
E:\pdet\00_raw\pdet\microdados\RAIS\2014\ESTB2014.7z,ESTB2014.txt,1606965343,RAIS_ESTAB,2014,,cp1252,';',?,24,RAIS_ESTAB 2014-2017,OK (nº de colunas) / 2 rótulo(s) diferentes,pos 21: dicionário='Tipo Estab (2a ocorrencia)' arquivo='Tipo Estab' | pos 24: dicionário='CEP Estb' arquivo='CEP Estab',Bairros SP;Bairros Fortaleza;Bairros RJ;CNAE 2.0 Classe;CNAE 95 Classe;Distritos SP;Qtd Vínculos CLT;Qtd Vínculos Ativos;Qtd Vínculos Estatutários;Ind Atividade Ano;Ind CEI Vinculado;Ind Estab Participa PAT;Ind Rais Negativa;Ind Simples;Município;Natureza Jurídica;Regiões Adm DF;CNAE 2.0 Subclasse;Tamanho Estabelecimento;Tipo Estab;Tipo Estab;UF;IBGE Subsetor;CEP Estab,{ñ c;{ñ c;{ñ c;47741;52493;{ñ clas;00000000000000000007;00000000000000000007;00000000000000000000;1;0;0;                   0;1;110030;2135;                0000;4774100;03;01;Cnpj;11;16;76980000
E:\pdet\00_raw\pdet\microdados\RAIS\2014\GO2014.7z,GO2014.txt,662347333,RAIS_VINCULOS,2014,GO,cp1252,';',sim,45,RAIS_VINCULOS 2006-2014,OK (nº de colunas) / 1 rótulo(s) diferentes,pos 43: dicionário='Tipo Estab (2a ocorrencia)' arquivo='Tipo Estab',Bairros SP;Bairros Fortaleza;Bairros RJ;Causa Afastamento 1;Causa Afastamento 2;Causa Afastamento 3;Motivo Desligamento;CBO Ocupação 2002;CNAE 2.0 Classe;CNAE 95 Classe;Distritos SP;Vínculo Ativo 31/12;Faixa Etária;Faixa Hora Contrat;Faixa Remun Dezem (SM);Faixa Remun Média (SM);Faixa Tempo Emprego;Escolaridade após 2005;Qtd Hora Contr;Idade;Ind CEI Vinculado;Ind Simples;Mês Admissão;Mês Desligamento;Mun Trab;Município;Nacionalidade;Natureza Jurídica;Ind Portador Defic;Qtd Dias Afastamento;Raça Cor;Regiões Adm DF;Vl Remun Dezembro Nom;Vl Remun Dezembro (SM);Vl Remun Média Nom;Vl Remun Média (SM);CNAE 2.0 Subclasse;Sexo Trabalhador;Tamanho Estabelecimento;Tempo Emprego;Tipo Admissão;Tipo Estab;Tipo Estab;Tipo Defic;Tipo Vínculo,"{ñ c;{ñ c;{ñ c;40;99;99;12;622110;19314;24295;           {ñ class};0;07;06;00;05;02;                  01;  44;  52;0;0;08;12;521090;521090;10;2062;0;   3;08;0000;0000002126,83;000002,93;0000002635,40;000003,63;1931400;                  01;10;     3,4;02;01;CNPJ;00;70"
E:\pdet\00_raw\pdet\microdados\RAIS\2014\MA2014.7z,MA2014.txt,277330323,RAIS_VINCULOS,2014,MA,cp1252,';',sim,45,RAIS_VINCULOS 2006-2014,OK (nº de colunas) / 1 rótulo(s) diferentes,pos 43: dicionário='Tipo Estab (2a ocorrencia)' arquivo='Tipo Estab',Bairros SP;Bairros Fortaleza;Bairros RJ;Causa Afastamento 1;Causa Afastamento 2;Causa Afastamento 3;Motivo Desligamento;CBO Ocupação 2002;CNAE 2.0 Classe;CNAE 95 Classe;Distritos SP;Vínculo Ativo 31/12;Faixa Etária;Faixa Hora Contrat;Faixa Remun Dezem (SM);Faixa Remun Média (SM);Faixa Tempo Emprego;Escolaridade após 2005;Qtd Hora Contr;Idade;Ind CEI Vinculado;Ind Simples;Mês Admissão;Mês Desligamento;Mun Trab;Município;Nacionalidade;Natureza Jurídica;Ind Portador Defic;Qtd Dias Afastamento;Raça Cor;Regiões Adm DF;Vl Remun Dezembro Nom;Vl Remun Dezembro (SM);Vl Remun Média Nom;Vl Remun Média (SM);CNAE 2.0 Subclasse;Sexo Trabalhador;Tamanho Estabelecimento;Tempo Emprego;Tipo Admissão;Tipo Estab;Tipo Estab;Tipo Defic;Tipo Vínculo,"{ñ c;{ñ c;{ñ c;99;99;99;11;717020;41204;45217;           {ñ class};0;05;06;00;01;04;                  01;  44;  32;0;0;00;06;211130;211130;10;2062;0;   0;08;0000;0000000000,00;000000,00;0000000715,36;000000,98;4120400;                  01;07;    17,2;00;01;CNPJ;00;10"
E:\pdet\00_raw\pdet\microdados\RAIS\2014\MG2014.7z,MG2014.txt,2163592486,RAIS_VINCULOS,2014,MG,cp1252,';',sim,45,RAIS_VINCULOS 2006-2014,OK (nº de colunas) / 1 rótulo(s) diferentes,pos 43: dicionário='Tipo Estab (2a ocorrencia)' arquivo='Tipo Estab',Bairros SP;Bairros Fortaleza;Bairros RJ;Causa Afastamento 1;Causa Afastamento 2;Causa Afastamento 3;Motivo Desligamento;CBO Ocupação 2002;CNAE 2.0 Classe;CNAE 95 Classe;Distritos SP;Vínculo Ativo 31/12;Faixa Etária;Faixa Hora Contrat;Faixa Remun Dezem (SM);Faixa Remun Média (SM);Faixa Tempo Emprego;Escolaridade após 2005;Qtd Hora Contr;Idade;Ind CEI Vinculado;Ind Simples;Mês Admissão;Mês Desligamento;Mun Trab;Município;Nacionalidade;Natureza Jurídica;Ind Portador Defic;Qtd Dias Afastamento;Raça Cor;Regiões Adm DF;Vl Remun Dezembro Nom;Vl Remun Dezembro (SM);Vl Remun Média Nom;Vl Remun Média (SM);CNAE 2.0 Subclasse;Sexo Trabalhador;Tamanho Estabelecimento;Tempo Emprego;Tipo Admissão;Tipo Estab;Tipo Estab;Tipo Defic;Tipo Vínculo,"{ñ c;{ñ c;{ñ c;99;99;99;21;632120;01393;01392;           {ñ class};0;05;06;00;02;01;                  01;  44;  33;0;0;03;05;317020;317020;10;4120;0;   0;02;0000;0000000000,00;000000,00;0000001058,35;000001,45;0139399;                  01;01;     1,3;01;03;CEI ;00;75"
E:\pdet\00_raw\pdet\microdados\RAIS\2014\MS2014.7z,MS2014.txt,286793743,RAIS_VINCULOS,2014,MS,cp1252,';',sim,45,RAIS_VINCULOS 2006-2014,OK (nº de colunas) / 1 rótulo(s) diferentes,pos 43: dicionário='Tipo Estab (2a ocorrencia)' arquivo='Tipo Estab',Bairros SP;Bairros Fortaleza;Bairros RJ;Causa Afastamento 1;Causa Afastamento 2;Causa Afastamento 3;Motivo Desligamento;CBO Ocupação 2002;CNAE 2.0 Classe;CNAE 95 Classe;Distritos SP;Vínculo Ativo 31/12;Faixa Etária;Faixa Hora Contrat;Faixa Remun Dezem (SM);Faixa Remun Média (SM);Faixa Tempo Emprego;Escolaridade após 2005;Qtd Hora Contr;Idade;Ind CEI Vinculado;Ind Simples;Mês Admissão;Mês Desligamento;Mun Trab;Município;Nacionalidade;Natureza Jurídica;Ind Portador Defic;Qtd Dias Afastamento;Raça Cor;Regiões Adm DF;Vl Remun Dezembro Nom;Vl Remun Dezembro (SM);Vl Remun Média Nom;Vl Remun Média (SM);CNAE 2.0 Subclasse;Sexo Trabalhador;Tamanho Estabelecimento;Tempo Emprego;Tipo Admissão;Tipo Estab;Tipo Estab;Tipo Defic;Tipo Vínculo,"{ñ c;{ñ c;{ñ c;99;99;99;21;848520;10112;15113;           {ñ class};0;03;06;00;02;02;                  01;  44;  24;0;0;00;04;500220;500220;10;2062;0;   0;08;0000;0000000000,00;000000,00;0000001093,59;000001,50;1011201;                  01;06;     4,0;00;01;CNPJ;00;10"
E:\pdet\00_raw\pdet\microdados\RAIS\2014\MT2014.7z,MT2014.txt,389601777,RAIS_VINCULOS,2014,MT,cp1252,';',sim,45,RAIS_VINCULOS 2006-2014,OK (nº de colunas) / 1 rótulo(s) diferentes,pos 43: dicionário='Tipo Estab (2a ocorrencia)' arquivo='Tipo Estab',Bairros SP;Bairros Fortaleza;Bairros RJ;Causa Afastamento 1;Causa Afastamento 2;Causa Afastamento 3;Motivo Desligamento;CBO Ocupação 2002;CNAE 2.0 Classe;CNAE 95 Classe;Distritos SP;Vínculo Ativo 31/12;Faixa Etária;Faixa Hora Contrat;Faixa Remun Dezem (SM);Faixa Remun Média (SM);Faixa Tempo Emprego;Escolaridade após 2005;Qtd Hora Contr;Idade;Ind CEI Vinculado;Ind Simples;Mês Admissão;Mês Desligamento;Mun Trab;Município;Nacionalidade;Natureza Jurídica;Ind Portador Defic;Qtd Dias Afastamento;Raça Cor;Regiões Adm DF;Vl Remun Dezembro Nom;Vl Remun Dezembro (SM);Vl Remun Média Nom;Vl Remun Média (SM);CNAE 2.0 Subclasse;Sexo Trabalhador;Tamanho Estabelecimento;Tempo Emprego;Tipo Admissão;Tipo Estab;Tipo Estab;Tipo Defic;Tipo Vínculo,"{ñ c;{ñ c;{ñ c;99;99;99;12;622005;01512;01414;           {ñ class};0;06;06;00;01;01;                  01;  44;  49;0;0;09;11;510520;510520;10;2135;0;   0;08;0000;0000000000,00;000000,00;0000000659,64;000000,91;0151201;                  01;01;     2,9;02;03;CEI ;00;15"
E:\pdet\00_raw\pdet\microdados\RAIS\2014\PA2014.7z,PA2014.txt,447541956,RAIS_VINCULOS,2014,PA,cp1252,';',sim,45,RAIS_VINCULOS 2006-2014,OK (nº de colunas) / 1 rótulo(s) diferentes,pos 43: dicionário='Tipo Estab (2a ocorrencia)' arquivo='Tipo Estab',Bairros SP;Bairros Fortaleza;Bairros RJ;Causa Afastamento 1;Causa Afastamento 2;Causa Afastamento 3;Motivo Desligamento;CBO Ocupação 2002;CNAE 2.0 Classe;CNAE 95 Classe;Distritos SP;Vínculo Ativo 31/12;Faixa Etária;Faixa Hora Contrat;Faixa Remun Dezem (SM);Faixa Remun Média (SM);Faixa Tempo Emprego;Escolaridade após 2005;Qtd Hora Contr;Idade;Ind CEI Vinculado;Ind Simples;Mês Admissão;Mês Desligamento;Mun Trab;Município;Nacionalidade;Natureza Jurídica;Ind Portador Defic;Qtd Dias Afastamento;Raça Cor;Regiões Adm DF;Vl Remun Dezembro Nom;Vl Remun Dezembro (SM);Vl Remun Média Nom;Vl Remun Média (SM);CNAE 2.0 Subclasse;Sexo Trabalhador;Tamanho Estabelecimento;Tempo Emprego;Tipo Admissão;Tipo Estab;Tipo Estab;Tipo Defic;Tipo Vínculo,"{ñ c;{ñ c;{ñ c;99;99;99;11;621005;01512;01414;           {ñ class};0;04;06;00;04;02;                  01;  44;  25;0;0;06;11;150276;150276;10;4081;0;   0;08;0000;0000000000,00;000000,00;0000001584,12;000002,18;0151201;                  01;05;     4,6;02;03;CEI ;00;25"
E:\pdet\00_raw\pdet\microdados\RAIS\2014\PB2014.7z,PB2014.txt,242691462,RAIS_VINCULOS,2014,PB,cp1252,';',sim,45,RAIS_VINCULOS 2006-2014,OK (nº de colunas) / 1 rótulo(s) diferentes,pos 43: dicionário='Tipo Estab (2a ocorrencia)' arquivo='Tipo Estab',Bairros SP;Bairros Fortaleza;Bairros RJ;Causa Afastamento 1;Causa Afastamento 2;Causa Afastamento 3;Motivo Desligamento;CBO Ocupação 2002;CNAE 2.0 Classe;CNAE 95 Classe;Distritos SP;Vínculo Ativo 31/12;Faixa Etária;Faixa Hora Contrat;Faixa Remun Dezem (SM);Faixa Remun Média (SM);Faixa Tempo Emprego;Escolaridade após 2005;Qtd Hora Contr;Idade;Ind CEI Vinculado;Ind Simples;Mês Admissão;Mês Desligamento;Mun Trab;Município;Nacionalidade;Natureza Jurídica;Ind Portador Defic;Qtd Dias Afastamento;Raça Cor;Regiões Adm DF;Vl Remun Dezembro Nom;Vl Remun Dezembro (SM);Vl Remun Média Nom;Vl Remun Média (SM);CNAE 2.0 Subclasse;Sexo Trabalhador;Tamanho Estabelecimento;Tempo Emprego;Tipo Admissão;Tipo Estab;Tipo Estab;Tipo Defic;Tipo Vínculo,"{ñ c;{ñ c;{ñ c;99;99;99;11;717020;41204;45217;           {ñ class};0;05;06;00;02;04;                  01;  44;  38;1;0;00;04;250750;250750;10;2062;0;   0;08;0000;0000000000,00;000000,00;0000000928,00;000001,27;4120400;                  01;07;    12,9;00;01;CNPJ;00;10"
E:\pdet\00_raw\pdet\microdados\RAIS\2014\PE2014.7z,PE2014.txt,703961364,RAIS_VINCULOS,2014,PE,cp1252,';',sim,45,RAIS_VINCULOS 2006-2014,OK (nº de colunas) / 1 rótulo(s) diferentes,pos 43: dicionário='Tipo Estab (2a ocorrencia)' arquivo='Tipo Estab',Bairros SP;Bairros Fortaleza;Bairros RJ;Causa Afastamento 1;Causa Afastamento 2;Causa Afastamento 3;Motivo Desligamento;CBO Ocupação 2002;CNAE 2.0 Classe;CNAE 95 Classe;Distritos SP;Vínculo Ativo 31/12;Faixa Etária;Faixa Hora Contrat;Faixa Remun Dezem (SM);Faixa Remun Média (SM);Faixa Tempo Emprego;Escolaridade após 2005;Qtd Hora Contr;Idade;Ind CEI Vinculado;Ind Simples;Mês Admissão;Mês Desligamento;Mun Trab;Município;Nacionalidade;Natureza Jurídica;Ind Portador Defic;Qtd Dias Afastamento;Raça Cor;Regiões Adm DF;Vl Remun Dezembro Nom;Vl Remun Dezembro (SM);Vl Remun Média Nom;Vl Remun Média (SM);CNAE 2.0 Subclasse;Sexo Trabalhador;Tamanho Estabelecimento;Tempo Emprego;Tipo Admissão;Tipo Estab;Tipo Estab;Tipo Defic;Tipo Vínculo,"{ñ c;{ñ c;{ñ c;99;99;99;11;622110;01130;01139;           {ñ class};0;08;01;00;01;08;                  01;   8;  67;0;0;00;08;260590;260590;10;4081;0;   0;09;0000;0000000000,00;000000,00;0000000622,94;000000,85;0113000;                  01;04;   317,2;00;03;CEI ;00;25"
E:\pdet\00_raw\pdet\microdados\RAIS\2014\PI2014.7z,PI2014.txt,165283753,RAIS_VINCULOS,2014,PI,cp1252,';',sim,45,RAIS_VINCULOS 2006-2014,OK (nº de colunas) / 1 rótulo(s) diferentes,pos 43: dicionário='Tipo Estab (2a ocorrencia)' arquivo='Tipo Estab',Bairros SP;Bairros Fortaleza;Bairros RJ;Causa Afastamento 1;Causa Afastamento 2;Causa Afastamento 3;Motivo Desligamento;CBO Ocupação 2002;CNAE 2.0 Classe;CNAE 95 Classe;Distritos SP;Vínculo Ativo 31/12;Faixa Etária;Faixa Hora Contrat;Faixa Remun Dezem (SM);Faixa Remun Média (SM);Faixa Tempo Emprego;Escolaridade após 2005;Qtd Hora Contr;Idade;Ind CEI Vinculado;Ind Simples;Mês Admissão;Mês Desligamento;Mun Trab;Município;Nacionalidade;Natureza Jurídica;Ind Portador Defic;Qtd Dias Afastamento;Raça Cor;Regiões Adm DF;Vl Remun Dezembro Nom;Vl Remun Dezembro (SM);Vl Remun Média Nom;Vl Remun Média (SM);CNAE 2.0 Subclasse;Sexo Trabalhador;Tamanho Estabelecimento;Tempo Emprego;Tipo Admissão;Tipo Estab;Tipo Estab;Tipo Defic;Tipo Vínculo,"{ñ c;{ñ c;{ñ c;99;99;99;11;621005;02101;02119;           {ñ class};0;05;06;00;02;02;                  01;  44;  32;0;0;03;07;220230;220230;10;2135;0;   0;08;0000;0000000000,00;000000,00;0000000799,64;000001,10;0210101;                  01;03;     4,2;02;03;CEI ;00;25"
E:\pdet\00_raw\pdet\microdados\RAIS\2014\PR2014.7z,PR2014.txt,1346610165,RAIS_VINCULOS,2014,PR,cp1252,';',sim,45,RAIS_VINCULOS 2006-2014,OK (nº de colunas) / 1 rótulo(s) diferentes,pos 43: dicionário='Tipo Estab (2a ocorrencia)' arquivo='Tipo Estab',Bairros SP;Bairros Fortaleza;Bairros RJ;Causa Afastamento 1;Causa Afastamento 2;Causa Afastamento 3;Motivo Desligamento;CBO Ocupação 2002;CNAE 2.0 Classe;CNAE 95 Classe;Distritos SP;Vínculo Ativo 31/12;Faixa Etária;Faixa Hora Contrat;Faixa Remun Dezem (SM);Faixa Remun Média (SM);Faixa Tempo Emprego;Escolaridade após 2005;Qtd Hora Contr;Idade;Ind CEI Vinculado;Ind Simples;Mês Admissão;Mês Desligamento;Mun Trab;Município;Nacionalidade;Natureza Jurídica;Ind Portador Defic;Qtd Dias Afastamento;Raça Cor;Regiões Adm DF;Vl Remun Dezembro Nom;Vl Remun Dezembro (SM);Vl Remun Média Nom;Vl Remun Média (SM);CNAE 2.0 Subclasse;Sexo Trabalhador;Tamanho Estabelecimento;Tempo Emprego;Tipo Admissão;Tipo Estab;Tipo Estab;Tipo Defic;Tipo Vínculo,"{ñ c;{ñ c;{ñ c;99;99;99;11;632125;02101;02119;           {ñ class};0;07;06;00;02;03;                  01;  44;  63;0;1;00;07;410940;410940;10;2062;0;   0;02;0000;0000000000,00;000000,00;0000000967,92;000001,33;0210106;                  01;06;     8,5;00;01;CNPJ;00;10"
E:\pdet\00_raw\pdet\microdados\RAIS\2014\RJ2014.7z,RJ2014.txt,1881320564,RAIS_VINCULOS,2014,RJ,cp1252,';',sim,45,RAIS_VINCULOS 2006-2014,OK (nº de colunas) / 1 rótulo(s) diferentes,pos 43: dicionário='Tipo Estab (2a ocorrencia)' arquivo='Tipo Estab',Bairros SP;Bairros Fortaleza;Bairros RJ;Causa Afastamento 1;Causa Afastamento 2;Causa Afastamento 3;Motivo Desligamento;CBO Ocupação 2002;CNAE 2.0 Classe;CNAE 95 Classe;Distritos SP;Vínculo Ativo 31/12;Faixa Etária;Faixa Hora Contrat;Faixa Remun Dezem (SM);Faixa Remun Média (SM);Faixa Tempo Emprego;Escolaridade após 2005;Qtd Hora Contr;Idade;Ind CEI Vinculado;Ind Simples;Mês Admissão;Mês Desligamento;Mun Trab;Município;Nacionalidade;Natureza Jurídica;Ind Portador Defic;Qtd Dias Afastamento;Raça Cor;Regiões Adm DF;Vl Remun Dezembro Nom;Vl Remun Dezembro (SM);Vl Remun Média Nom;Vl Remun Média (SM);CNAE 2.0 Subclasse;Sexo Trabalhador;Tamanho Estabelecimento;Tempo Emprego;Tipo Admissão;Tipo Estab;Tipo Estab;Tipo Defic;Tipo Vínculo,"{ñ c;{ñ c;0370;40;99;99;10;517410;77331;71331;           {ñ class};0;07;06;00;99;07;                  01;  44;  62;0;0;00;02;330455;330455;10;2062;0;  31;08;0000;0000000000,00;000000,00;0000000000,00;000000,00;7733100;                  01;07;   109,0;00;01;CNPJ;00;10"
E:\pdet\00_raw\pdet\microdados\RAIS\2014\RN2014.7z,RN2014.txt,238141865,RAIS_VINCULOS,2014,RN,cp1252,';',sim,45,RAIS_VINCULOS 2006-2014,OK (nº de colunas) / 1 rótulo(s) diferentes,pos 43: dicionário='Tipo Estab (2a ocorrencia)' arquivo='Tipo Estab',Bairros SP;Bairros Fortaleza;Bairros RJ;Causa Afastamento 1;Causa Afastamento 2;Causa Afastamento 3;Motivo Desligamento;CBO Ocupação 2002;CNAE 2.0 Classe;CNAE 95 Classe;Distritos SP;Vínculo Ativo 31/12;Faixa Etária;Faixa Hora Contrat;Faixa Remun Dezem (SM);Faixa Remun Média (SM);Faixa Tempo Emprego;Escolaridade após 2005;Qtd Hora Contr;Idade;Ind CEI Vinculado;Ind Simples;Mês Admissão;Mês Desligamento;Mun Trab;Município;Nacionalidade;Natureza Jurídica;Ind Portador Defic;Qtd Dias Afastamento;Raça Cor;Regiões Adm DF;Vl Remun Dezembro Nom;Vl Remun Dezembro (SM);Vl Remun Média Nom;Vl Remun Média (SM);CNAE 2.0 Subclasse;Sexo Trabalhador;Tamanho Estabelecimento;Tempo Emprego;Tipo Admissão;Tipo Estab;Tipo Estab;Tipo Defic;Tipo Vínculo,"{ñ c;{ñ c;{ñ c;99;99;99;11;715210;43304;45500;           {ñ class};0;05;06;00;02;03;                  01;  44;  35;0;1;00;01;240325;240325;10;2062;0;   0;06;0000;0000000000,00;000000,00;0000000805,82;000001,11;4330499;                  01;05;     6,8;00;01;CNPJ;00;10"
E:\pdet\00_raw\pdet\microdados\RAIS\2014\RO2014.7z,RO2014.txt,150729239,RAIS_VINCULOS,2014,RO,cp1252,';',sim,45,RAIS_VINCULOS 2006-2014,OK (nº de colunas) / 1 rótulo(s) diferentes,pos 43: dicionário='Tipo Estab (2a ocorrencia)' arquivo='Tipo Estab',Bairros SP;Bairros Fortaleza;Bairros RJ;Causa Afastamento 1;Causa Afastamento 2;Causa Afastamento 3;Motivo Desligamento;CBO Ocupação 2002;CNAE 2.0 Classe;CNAE 95 Classe;Distritos SP;Vínculo Ativo 31/12;Faixa Etária;Faixa Hora Contrat;Faixa Remun Dezem (SM);Faixa Remun Média (SM);Faixa Tempo Emprego;Escolaridade após 2005;Qtd Hora Contr;Idade;Ind CEI Vinculado;Ind Simples;Mês Admissão;Mês Desligamento;Mun Trab;Município;Nacionalidade;Natureza Jurídica;Ind Portador Defic;Qtd Dias Afastamento;Raça Cor;Regiões Adm DF;Vl Remun Dezembro Nom;Vl Remun Dezembro (SM);Vl Remun Média Nom;Vl Remun Média (SM);CNAE 2.0 Subclasse;Sexo Trabalhador;Tamanho Estabelecimento;Tempo Emprego;Tipo Admissão;Tipo Estab;Tipo Estab;Tipo Defic;Tipo Vínculo,"{ñ c;{ñ c;{ñ c;99;99;99;11;632125;02101;02119;           {ñ class};0;07;06;00;03;07;                  01;  44;  53;0;0;00;10;110030;110030;10;2062;0;   0;02;0000;0000000000,00;000000,00;0000001239,12;000001,70;0210101;                  01;04;    61,4;00;01;CNPJ;00;20"
E:\pdet\00_raw\pdet\microdados\RAIS\2014\RR2014.7z,RR2014.txt,35651039,RAIS_VINCULOS,2014,RR,cp1252,';',sim,45,RAIS_VINCULOS 2006-2014,OK (nº de colunas) / 1 rótulo(s) diferentes,pos 43: dicionário='Tipo Estab (2a ocorrencia)' arquivo='Tipo Estab',Bairros SP;Bairros Fortaleza;Bairros RJ;Causa Afastamento 1;Causa Afastamento 2;Causa Afastamento 3;Motivo Desligamento;CBO Ocupação 2002;CNAE 2.0 Classe;CNAE 95 Classe;Distritos SP;Vínculo Ativo 31/12;Faixa Etária;Faixa Hora Contrat;Faixa Remun Dezem (SM);Faixa Remun Média (SM);Faixa Tempo Emprego;Escolaridade após 2005;Qtd Hora Contr;Idade;Ind CEI Vinculado;Ind Simples;Mês Admissão;Mês Desligamento;Mun Trab;Município;Nacionalidade;Natureza Jurídica;Ind Portador Defic;Qtd Dias Afastamento;Raça Cor;Regiões Adm DF;Vl Remun Dezembro Nom;Vl Remun Dezembro (SM);Vl Remun Média Nom;Vl Remun Média (SM);CNAE 2.0 Subclasse;Sexo Trabalhador;Tamanho Estabelecimento;Tempo Emprego;Tipo Admissão;Tipo Estab;Tipo Estab;Tipo Defic;Tipo Vínculo,"{ñ c;{ñ c;{ñ c;99;99;99;11;716610;41204;45217;           {ñ class};0;03;06;00;03;02;                  01;  44;  23;0;1;05;11;140010;140010;10;2062;0;   0;02;0000;0000000000,00;000000,00;0000001342,83;000001,85;4120400;                  01;05;     5,3;02;01;CNPJ;00;10"
E:\pdet\00_raw\pdet\microdados\RAIS\2014\RS2014.7z,RS2014.txt,1309597917,RAIS_VINCULOS,2014,RS,cp1252,';',sim,45,RAIS_VINCULOS 2006-2014,OK (nº de colunas) / 1 rótulo(s) diferentes,pos 43: dicionário='Tipo Estab (2a ocorrencia)' arquivo='Tipo Estab',Bairros SP;Bairros Fortaleza;Bairros RJ;Causa Afastamento 1;Causa Afastamento 2;Causa Afastamento 3;Motivo Desligamento;CBO Ocupação 2002;CNAE 2.0 Classe;CNAE 95 Classe;Distritos SP;Vínculo Ativo 31/12;Faixa Etária;Faixa Hora Contrat;Faixa Remun Dezem (SM);Faixa Remun Média (SM);Faixa Tempo Emprego;Escolaridade após 2005;Qtd Hora Contr;Idade;Ind CEI Vinculado;Ind Simples;Mês Admissão;Mês Desligamento;Mun Trab;Município;Nacionalidade;Natureza Jurídica;Ind Portador Defic;Qtd Dias Afastamento;Raça Cor;Regiões Adm DF;Vl Remun Dezembro Nom;Vl Remun Dezembro (SM);Vl Remun Média Nom;Vl Remun Média (SM);CNAE 2.0 Subclasse;Sexo Trabalhador;Tamanho Estabelecimento;Tempo Emprego;Tipo Admissão;Tipo Estab;Tipo Estab;Tipo Defic;Tipo Vínculo,"{ñ c;{ñ c;{ñ c;99;99;99;11;724205;42219;45314;           {ñ class};0;07;06;00;03;05;                  01;  44;  51;0;0;00;11;431490;431490;10;2062;0;   0;02;0000;0000000000,00;000000,00;0000001370,39;000001,88;4221902;                  01;07;    33,8;00;01;CNPJ;00;10"
E:\pdet\00_raw\pdet\microdados\RAIS\2014\SC2014.7z,SC2014.txt,1004212439,RAIS_VINCULOS,2014,SC,cp1252,';',sim,45,RAIS_VINCULOS 2006-2014,OK (nº de colunas) / 1 rótulo(s) diferentes,pos 43: dicionário='Tipo Estab (2a ocorrencia)' arquivo='Tipo Estab',Bairros SP;Bairros Fortaleza;Bairros RJ;Causa Afastamento 1;Causa Afastamento 2;Causa Afastamento 3;Motivo Desligamento;CBO Ocupação 2002;CNAE 2.0 Classe;CNAE 95 Classe;Distritos SP;Vínculo Ativo 31/12;Faixa Etária;Faixa Hora Contrat;Faixa Remun Dezem (SM);Faixa Remun Média (SM);Faixa Tempo Emprego;Escolaridade após 2005;Qtd Hora Contr;Idade;Ind CEI Vinculado;Ind Simples;Mês Admissão;Mês Desligamento;Mun Trab;Município;Nacionalidade;Natureza Jurídica;Ind Portador Defic;Qtd Dias Afastamento;Raça Cor;Regiões Adm DF;Vl Remun Dezembro Nom;Vl Remun Dezembro (SM);Vl Remun Média Nom;Vl Remun Média (SM);CNAE 2.0 Subclasse;Sexo Trabalhador;Tamanho Estabelecimento;Tempo Emprego;Tipo Admissão;Tipo Estab;Tipo Estab;Tipo Defic;Tipo Vínculo,"{ñ c;{ñ c;{ñ c;99;99;99;11;768105;13219;17310;           {ñ class};0;03;06;00;03;01;                  01;  44;  24;0;1;05;05;420890;420890;10;2305;0;   0;09;0000;0000000000,00;000000,00;0000001095,71;000001,51;1321900;                  01;05;     0,4;02;01;CNPJ;00;10"
E:\pdet\00_raw\pdet\microdados\RAIS\2014\SE2014.7z,SE2014.txt,155122547,RAIS_VINCULOS,2014,SE,cp1252,';',sim,45,RAIS_VINCULOS 2006-2014,OK (nº de colunas) / 1 rótulo(s) diferentes,pos 43: dicionário='Tipo Estab (2a ocorrencia)' arquivo='Tipo Estab',Bairros SP;Bairros Fortaleza;Bairros RJ;Causa Afastamento 1;Causa Afastamento 2;Causa Afastamento 3;Motivo Desligamento;CBO Ocupação 2002;CNAE 2.0 Classe;CNAE 95 Classe;Distritos SP;Vínculo Ativo 31/12;Faixa Etária;Faixa Hora Contrat;Faixa Remun Dezem (SM);Faixa Remun Média (SM);Faixa Tempo Emprego;Escolaridade após 2005;Qtd Hora Contr;Idade;Ind CEI Vinculado;Ind Simples;Mês Admissão;Mês Desligamento;Mun Trab;Município;Nacionalidade;Natureza Jurídica;Ind Portador Defic;Qtd Dias Afastamento;Raça Cor;Regiões Adm DF;Vl Remun Dezembro Nom;Vl Remun Dezembro (SM);Vl Remun Média Nom;Vl Remun Média (SM);CNAE 2.0 Subclasse;Sexo Trabalhador;Tamanho Estabelecimento;Tempo Emprego;Tipo Admissão;Tipo Estab;Tipo Estab;Tipo Defic;Tipo Vínculo,"{ñ c;{ñ c;{ñ c;99;99;99;11;774105;31012;36110;           {ñ class};0;07;06;00;01;07;                  01;  44;  61;0;1;00;02;280740;280740;10;2062;0;   0;02;0000;0000000000,00;000000,00;0000000724,00;000001,00;3101200;                  01;02;    67,5;00;01;CNPJ;00;10"
E:\pdet\00_raw\pdet\microdados\RAIS\2014\SP2014.7z,SP2014.txt,5893672916,RAIS_VINCULOS,2014,SP,cp1252,';',sim,45,RAIS_VINCULOS 2006-2014,OK (nº de colunas) / 1 rótulo(s) diferentes,pos 43: dicionário='Tipo Estab (2a ocorrencia)' arquivo='Tipo Estab',Bairros SP;Bairros Fortaleza;Bairros RJ;Causa Afastamento 1;Causa Afastamento 2;Causa Afastamento 3;Motivo Desligamento;CBO Ocupação 2002;CNAE 2.0 Classe;CNAE 95 Classe;Distritos SP;Vínculo Ativo 31/12;Faixa Etária;Faixa Hora Contrat;Faixa Remun Dezem (SM);Faixa Remun Média (SM);Faixa Tempo Emprego;Escolaridade após 2005;Qtd Hora Contr;Idade;Ind CEI Vinculado;Ind Simples;Mês Admissão;Mês Desligamento;Mun Trab;Município;Nacionalidade;Natureza Jurídica;Ind Portador Defic;Qtd Dias Afastamento;Raça Cor;Regiões Adm DF;Vl Remun Dezembro Nom;Vl Remun Dezembro (SM);Vl Remun Média Nom;Vl Remun Média (SM);CNAE 2.0 Subclasse;Sexo Trabalhador;Tamanho Estabelecimento;Tempo Emprego;Tipo Admissão;Tipo Estab;Tipo Estab;Tipo Defic;Tipo Vínculo,"9999;{ñ c;{ñ c;99;99;99;11;715210;47440;52442;                9999;0;05;06;00;03;03;                  01;  44;  34;0;0;02;10;351490;351490;10;2135;0;   0;02;0000;0000000000,00;000000,00;0000001118,92;000001,54;4744099;                  01;06;     8,1;02;01;CNPJ;00;10"
E:\pdet\00_raw\pdet\microdados\RAIS\2014\TO2014.7z,TO2014.txt,110428466,RAIS_VINCULOS,2014,TO,cp1252,';',sim,45,RAIS_VINCULOS 2006-2014,OK (nº de colunas) / 1 rótulo(s) diferentes,pos 43: dicionário='Tipo Estab (2a ocorrencia)' arquivo='Tipo Estab',Bairros SP;Bairros Fortaleza;Bairros RJ;Causa Afastamento 1;Causa Afastamento 2;Causa Afastamento 3;Motivo Desligamento;CBO Ocupação 2002;CNAE 2.0 Classe;CNAE 95 Classe;Distritos SP;Vínculo Ativo 31/12;Faixa Etária;Faixa Hora Contrat;Faixa Remun Dezem (SM);Faixa Remun Média (SM);Faixa Tempo Emprego;Escolaridade após 2005;Qtd Hora Contr;Idade;Ind CEI Vinculado;Ind Simples;Mês Admissão;Mês Desligamento;Mun Trab;Município;Nacionalidade;Natureza Jurídica;Ind Portador Defic;Qtd Dias Afastamento;Raça Cor;Regiões Adm DF;Vl Remun Dezembro Nom;Vl Remun Dezembro (SM);Vl Remun Média Nom;Vl Remun Média (SM);CNAE 2.0 Subclasse;Sexo Trabalhador;Tamanho Estabelecimento;Tempo Emprego;Tipo Admissão;Tipo Estab;Tipo Estab;Tipo Defic;Tipo Vínculo,"{ñ c;{ñ c;{ñ c;99;99;99;11;717020;41204;45217;           {ñ class};0;04;06;00;02;05;                  01;  44;  28;1;0;00;02;172100;172100;10;2062;0;   0;08;0000;0000000000,00;000000,00;0000000822,92;000001,13;4120400;                  01;01;    24,6;00;01;CNPJ;00;20"
E:\pdet\00_raw\pdet\microdados\RAIS\2015\AC2015.7z,AC2015.txt,85614190,RAIS_VINCULOS,2015,AC,cp1252,';',sim,57,RAIS_VINCULOS 2015-2015,OK (nº de colunas) / 1 rótulo(s) diferentes,pos 43: dicionário='Tipo Estab (2a ocorrencia)' arquivo='Tipo Estab',Bairros SP;Bairros Fortaleza;Bairros RJ;Causa Afastamento 1;Causa Afastamento 2;Causa Afastamento 3;Motivo Desligamento;CBO Ocupação 2002;CNAE 2.0 Classe;CNAE 95 Classe;Distritos SP;Vínculo Ativo 31/12;Faixa Etária;Faixa Hora Contrat;Faixa Remun Dezem (SM);Faixa Remun Média (SM);Faixa Tempo Emprego;Escolaridade após 2005;Qtd Hora Contr;Idade;Ind CEI Vinculado;Ind Simples;Mês Admissão;Mês Desligamento;Mun Trab;Município;Nacionalidade;Natureza Jurídica;Ind Portador Defic;Qtd Dias Afastamento;Raça Cor;Regiões Adm DF;Vl Remun Dezembro Nom;Vl Remun Dezembro (SM);Vl Remun Média Nom;Vl Remun Média (SM);CNAE 2.0 Subclasse;Sexo Trabalhador;Tamanho Estabelecimento;Tempo Emprego;Tipo Admissão;Tipo Estab;Tipo Estab;Tipo Defic;Tipo Vínculo;IBGE Subsetor;Vl Rem Janeiro CC;Vl Rem Fevereiro CC;Vl Rem Março CC;Vl Rem Abril CC;Vl Rem Maio CC;Vl Rem Junho CC;Vl Rem Julho CC;Vl Rem Agosto CC;Vl Rem Setembro CC;Vl Rem Outubro CC;Vl Rem Novembro CC,"{ñ c;{ñ c;{ñ c;99;99;99;11;717020;42111;45225;           {ñ class};0;04;06;00;02;04;                  01;  44;  25;1;0;00;11;120050;120050;10;2054;0;   0;08;0000;0000000000,00;000000,00;0000001090,26;000001,37;4211101;                  01;03;    14,9;00;01;CNPJ;00;10;15;000000000811,00;000000000811,00;000000000880,92;000000000888,91;000000000933,05;000000001039,49;000000001177,45;000000000777,85;0"
E:\pdet\00_raw\pdet\microdados\RAIS\2015\AL2015.7z,AL2015.txt,311272238,RAIS_VINCULOS,2015,AL,cp1252,';',sim,57,RAIS_VINCULOS 2015-2015,OK (nº de colunas) / 1 rótulo(s) diferentes,pos 43: dicionário='Tipo Estab (2a ocorrencia)' arquivo='Tipo Estab',Bairros SP;Bairros Fortaleza;Bairros RJ;Causa Afastamento 1;Causa Afastamento 2;Causa Afastamento 3;Motivo Desligamento;CBO Ocupação 2002;CNAE 2.0 Classe;CNAE 95 Classe;Distritos SP;Vínculo Ativo 31/12;Faixa Etária;Faixa Hora Contrat;Faixa Remun Dezem (SM);Faixa Remun Média (SM);Faixa Tempo Emprego;Escolaridade após 2005;Qtd Hora Contr;Idade;Ind CEI Vinculado;Ind Simples;Mês Admissão;Mês Desligamento;Mun Trab;Município;Nacionalidade;Natureza Jurídica;Ind Portador Defic;Qtd Dias Afastamento;Raça Cor;Regiões Adm DF;Vl Remun Dezembro Nom;Vl Remun Dezembro (SM);Vl Remun Média Nom;Vl Remun Média (SM);CNAE 2.0 Subclasse;Sexo Trabalhador;Tamanho Estabelecimento;Tempo Emprego;Tipo Admissão;Tipo Estab;Tipo Estab;Tipo Defic;Tipo Vínculo;IBGE Subsetor;Vl Rem Janeiro CC;Vl Rem Fevereiro CC;Vl Rem Março CC;Vl Rem Abril CC;Vl Rem Maio CC;Vl Rem Junho CC;Vl Rem Julho CC;Vl Rem Agosto CC;Vl Rem Setembro CC;Vl Rem Outubro CC;Vl Rem Novembro CC,"{ñ c;{ñ c;{ñ c;99;99;99;11;514120;22226;25224;           {ñ class};0;05;06;00;01;06;                  01;  44;  39;0;1;00;05;270240;270240;10;2062;0;   0;09;0000;0000000000,00;000000,00;0000000743,79;000000,94;2222600;                  01;02;    39,9;00;01;CNPJ;00;10;10;000000000839,25;000000000788,00;000000000604,13;000000000000,00;000000000000,00;000000000000,00;000000000000,00;000000000000,00;0"
E:\pdet\00_raw\pdet\microdados\RAIS\2015\AM2015.7z,AM2015.txt,403971054,RAIS_VINCULOS,2015,AM,cp1252,';',sim,57,RAIS_VINCULOS 2015-2015,OK (nº de colunas) / 1 rótulo(s) diferentes,pos 43: dicionário='Tipo Estab (2a ocorrencia)' arquivo='Tipo Estab',Bairros SP;Bairros Fortaleza;Bairros RJ;Causa Afastamento 1;Causa Afastamento 2;Causa Afastamento 3;Motivo Desligamento;CBO Ocupação 2002;CNAE 2.0 Classe;CNAE 95 Classe;Distritos SP;Vínculo Ativo 31/12;Faixa Etária;Faixa Hora Contrat;Faixa Remun Dezem (SM);Faixa Remun Média (SM);Faixa Tempo Emprego;Escolaridade após 2005;Qtd Hora Contr;Idade;Ind CEI Vinculado;Ind Simples;Mês Admissão;Mês Desligamento;Mun Trab;Município;Nacionalidade;Natureza Jurídica;Ind Portador Defic;Qtd Dias Afastamento;Raça Cor;Regiões Adm DF;Vl Remun Dezembro Nom;Vl Remun Dezembro (SM);Vl Remun Média Nom;Vl Remun Média (SM);CNAE 2.0 Subclasse;Sexo Trabalhador;Tamanho Estabelecimento;Tempo Emprego;Tipo Admissão;Tipo Estab;Tipo Estab;Tipo Defic;Tipo Vínculo;IBGE Subsetor;Vl Rem Janeiro CC;Vl Rem Fevereiro CC;Vl Rem Março CC;Vl Rem Abril CC;Vl Rem Maio CC;Vl Rem Junho CC;Vl Rem Julho CC;Vl Rem Agosto CC;Vl Rem Setembro CC;Vl Rem Outubro CC;Vl Rem Novembro CC,"{ñ c;{ñ c;{ñ c;99;99;99;11;715210;41204;45217;           {ñ class};0;05;06;00;02;02;                  01;  44;  38;0;1;00;02;130260;130260;10;2062;0;   0;08;0000;0000000000,00;000000,00;0000001088,67;000001,38;4120400;                  01;05;     4,9;00;01;CNPJ;00;10;15;000000001128,99;000000001048,35;000000000000,00;000000000000,00;000000000000,00;000000000000,00;000000000000,00;000000000000,00;0"
E:\pdet\00_raw\pdet\microdados\RAIS\2015\AP2015.7z,AP2015.txt,76104046,RAIS_VINCULOS,2015,AP,cp1252,';',sim,57,RAIS_VINCULOS 2015-2015,OK (nº de colunas) / 1 rótulo(s) diferentes,pos 43: dicionário='Tipo Estab (2a ocorrencia)' arquivo='Tipo Estab',Bairros SP;Bairros Fortaleza;Bairros RJ;Causa Afastamento 1;Causa Afastamento 2;Causa Afastamento 3;Motivo Desligamento;CBO Ocupação 2002;CNAE 2.0 Classe;CNAE 95 Classe;Distritos SP;Vínculo Ativo 31/12;Faixa Etária;Faixa Hora Contrat;Faixa Remun Dezem (SM);Faixa Remun Média (SM);Faixa Tempo Emprego;Escolaridade após 2005;Qtd Hora Contr;Idade;Ind CEI Vinculado;Ind Simples;Mês Admissão;Mês Desligamento;Mun Trab;Município;Nacionalidade;Natureza Jurídica;Ind Portador Defic;Qtd Dias Afastamento;Raça Cor;Regiões Adm DF;Vl Remun Dezembro Nom;Vl Remun Dezembro (SM);Vl Remun Média Nom;Vl Remun Média (SM);CNAE 2.0 Subclasse;Sexo Trabalhador;Tamanho Estabelecimento;Tempo Emprego;Tipo Admissão;Tipo Estab;Tipo Estab;Tipo Defic;Tipo Vínculo;IBGE Subsetor;Vl Rem Janeiro CC;Vl Rem Fevereiro CC;Vl Rem Março CC;Vl Rem Abril CC;Vl Rem Maio CC;Vl Rem Junho CC;Vl Rem Julho CC;Vl Rem Agosto CC;Vl Rem Setembro CC;Vl Rem Outubro CC;Vl Rem Novembro CC,"{ñ c;{ñ c;{ñ c;99;99;99;12;717020;43134;45136;           {ñ class};0;06;06;00;02;01;                  01;  44;  44;0;0;12;12;160060;160060;10;2062;0;   0;08;0000;0000000940,00;000001,19;0000000940,00;000001,19;4313400;                  01;05;     0,9;02;01;CNPJ;00;10;15;000000000000,00;000000000000,00;000000000000,00;000000000000,00;000000000000,00;000000000000,00;000000000000,00;000000000000,00;0"
E:\pdet\00_raw\pdet\microdados\RAIS\2015\BA2015.7z,BA2015.txt,1495766766,RAIS_VINCULOS,2015,BA,cp1252,';',sim,57,RAIS_VINCULOS 2015-2015,OK (nº de colunas) / 1 rótulo(s) diferentes,pos 43: dicionário='Tipo Estab (2a ocorrencia)' arquivo='Tipo Estab',Bairros SP;Bairros Fortaleza;Bairros RJ;Causa Afastamento 1;Causa Afastamento 2;Causa Afastamento 3;Motivo Desligamento;CBO Ocupação 2002;CNAE 2.0 Classe;CNAE 95 Classe;Distritos SP;Vínculo Ativo 31/12;Faixa Etária;Faixa Hora Contrat;Faixa Remun Dezem (SM);Faixa Remun Média (SM);Faixa Tempo Emprego;Escolaridade após 2005;Qtd Hora Contr;Idade;Ind CEI Vinculado;Ind Simples;Mês Admissão;Mês Desligamento;Mun Trab;Município;Nacionalidade;Natureza Jurídica;Ind Portador Defic;Qtd Dias Afastamento;Raça Cor;Regiões Adm DF;Vl Remun Dezembro Nom;Vl Remun Dezembro (SM);Vl Remun Média Nom;Vl Remun Média (SM);CNAE 2.0 Subclasse;Sexo Trabalhador;Tamanho Estabelecimento;Tempo Emprego;Tipo Admissão;Tipo Estab;Tipo Estab;Tipo Defic;Tipo Vínculo;IBGE Subsetor;Vl Rem Janeiro CC;Vl Rem Fevereiro CC;Vl Rem Março CC;Vl Rem Abril CC;Vl Rem Maio CC;Vl Rem Junho CC;Vl Rem Julho CC;Vl Rem Agosto CC;Vl Rem Setembro CC;Vl Rem Outubro CC;Vl Rem Novembro CC,"{ñ c;{ñ c;{ñ c;99;99;99;11;622010;55108;55131;           {ñ class};0;03;06;00;02;03;                  01;  44;  20;0;1;05;11;290570;290570;10;2062;0;   0;04;0000;0000000000,00;000000,00;0000000892,88;000001,13;5510801;                  01;07;     6,6;02;01;CNPJ;00;10;21;000000000000,00;000000000000,00;000000000000,00;000000000000,00;000000000942,80;000000000980,04;000000000962,69;000000000962,69;0"
E:\pdet\00_raw\pdet\microdados\RAIS\2015\CE2015.7z,CE2015.txt,1009214574,RAIS_VINCULOS,2015,CE,cp1252,';',sim,57,RAIS_VINCULOS 2015-2015,OK (nº de colunas) / 1 rótulo(s) diferentes,pos 43: dicionário='Tipo Estab (2a ocorrencia)' arquivo='Tipo Estab',Bairros SP;Bairros Fortaleza;Bairros RJ;Causa Afastamento 1;Causa Afastamento 2;Causa Afastamento 3;Motivo Desligamento;CBO Ocupação 2002;CNAE 2.0 Classe;CNAE 95 Classe;Distritos SP;Vínculo Ativo 31/12;Faixa Etária;Faixa Hora Contrat;Faixa Remun Dezem (SM);Faixa Remun Média (SM);Faixa Tempo Emprego;Escolaridade após 2005;Qtd Hora Contr;Idade;Ind CEI Vinculado;Ind Simples;Mês Admissão;Mês Desligamento;Mun Trab;Município;Nacionalidade;Natureza Jurídica;Ind Portador Defic;Qtd Dias Afastamento;Raça Cor;Regiões Adm DF;Vl Remun Dezembro Nom;Vl Remun Dezembro (SM);Vl Remun Média Nom;Vl Remun Média (SM);CNAE 2.0 Subclasse;Sexo Trabalhador;Tamanho Estabelecimento;Tempo Emprego;Tipo Admissão;Tipo Estab;Tipo Estab;Tipo Defic;Tipo Vínculo;IBGE Subsetor;Vl Rem Janeiro CC;Vl Rem Fevereiro CC;Vl Rem Março CC;Vl Rem Abril CC;Vl Rem Maio CC;Vl Rem Junho CC;Vl Rem Julho CC;Vl Rem Agosto CC;Vl Rem Setembro CC;Vl Rem Outubro CC;Vl Rem Novembro CC,"{ñ c;9999;{ñ c;99;99;99;11;514205;47121;52132;           {ñ class};0;07;06;00;02;04;                  01;  44;  50;0;1;00;03;230428;230428;10;2062;0;   0;08;0000;0000000000,00;000000,00;0000000821,07;000001,03;4712100;                  01;01;    21,2;00;01;CNPJ;00;10;16;000000000830,00;000000000830,00;000000000803,23;000000000000,00;000000000000,00;000000000000,00;000000000000,00;000000000000,00;0"
E:\pdet\00_raw\pdet\microdados\RAIS\2015\DF2015.7z,DF2015.txt,786986862,RAIS_VINCULOS,2015,DF,cp1252,';',sim,57,RAIS_VINCULOS 2015-2015,OK (nº de colunas) / 1 rótulo(s) diferentes,pos 43: dicionário='Tipo Estab (2a ocorrencia)' arquivo='Tipo Estab',Bairros SP;Bairros Fortaleza;Bairros RJ;Causa Afastamento 1;Causa Afastamento 2;Causa Afastamento 3;Motivo Desligamento;CBO Ocupação 2002;CNAE 2.0 Classe;CNAE 95 Classe;Distritos SP;Vínculo Ativo 31/12;Faixa Etária;Faixa Hora Contrat;Faixa Remun Dezem (SM);Faixa Remun Média (SM);Faixa Tempo Emprego;Escolaridade após 2005;Qtd Hora Contr;Idade;Ind CEI Vinculado;Ind Simples;Mês Admissão;Mês Desligamento;Mun Trab;Município;Nacionalidade;Natureza Jurídica;Ind Portador Defic;Qtd Dias Afastamento;Raça Cor;Regiões Adm DF;Vl Remun Dezembro Nom;Vl Remun Dezembro (SM);Vl Remun Média Nom;Vl Remun Média (SM);CNAE 2.0 Subclasse;Sexo Trabalhador;Tamanho Estabelecimento;Tempo Emprego;Tipo Admissão;Tipo Estab;Tipo Estab;Tipo Defic;Tipo Vínculo;IBGE Subsetor;Vl Rem Janeiro CC;Vl Rem Fevereiro CC;Vl Rem Março CC;Vl Rem Abril CC;Vl Rem Maio CC;Vl Rem Junho CC;Vl Rem Julho CC;Vl Rem Agosto CC;Vl Rem Setembro CC;Vl Rem Outubro CC;Vl Rem Novembro CC,"{ñ c;{ñ c;{ñ c;99;99;99;11;784105;47229;52230;           {ñ class};0;06;06;00;02;03;                  01;  44;  43;0;0;00;08;530010;530010;10;2062;0;   0;08;0018;0000000000,00;000000,00;0000000888,35;000001,12;4722901;                  01;06;     9,4;00;01;CNPJ;00;10;16;000000000930,02;000000000925,94;000000000935,33;000000000917,81;000000000923,64;000000000911,53;000000001011,31;000000000551,29;0"
E:\pdet\00_raw\pdet\microdados\RAIS\2015\ES2015.7z,ES2015.txt,651633518,RAIS_VINCULOS,2015,ES,cp1252,';',sim,57,RAIS_VINCULOS 2015-2015,OK (nº de colunas) / 1 rótulo(s) diferentes,pos 43: dicionário='Tipo Estab (2a ocorrencia)' arquivo='Tipo Estab',Bairros SP;Bairros Fortaleza;Bairros RJ;Causa Afastamento 1;Causa Afastamento 2;Causa Afastamento 3;Motivo Desligamento;CBO Ocupação 2002;CNAE 2.0 Classe;CNAE 95 Classe;Distritos SP;Vínculo Ativo 31/12;Faixa Etária;Faixa Hora Contrat;Faixa Remun Dezem (SM);Faixa Remun Média (SM);Faixa Tempo Emprego;Escolaridade após 2005;Qtd Hora Contr;Idade;Ind CEI Vinculado;Ind Simples;Mês Admissão;Mês Desligamento;Mun Trab;Município;Nacionalidade;Natureza Jurídica;Ind Portador Defic;Qtd Dias Afastamento;Raça Cor;Regiões Adm DF;Vl Remun Dezembro Nom;Vl Remun Dezembro (SM);Vl Remun Média Nom;Vl Remun Média (SM);CNAE 2.0 Subclasse;Sexo Trabalhador;Tamanho Estabelecimento;Tempo Emprego;Tipo Admissão;Tipo Estab;Tipo Estab;Tipo Defic;Tipo Vínculo;IBGE Subsetor;Vl Rem Janeiro CC;Vl Rem Fevereiro CC;Vl Rem Março CC;Vl Rem Abril CC;Vl Rem Maio CC;Vl Rem Junho CC;Vl Rem Julho CC;Vl Rem Agosto CC;Vl Rem Setembro CC;Vl Rem Outubro CC;Vl Rem Novembro CC,"{ñ c;{ñ c;{ñ c;99;99;99;12;711115;23915;26913;           {ñ class};0;03;06;00;03;01;                  01;  44;  20;0;0;03;04;320390;320390;10;2062;0;   0;08;0000;0000000000,00;000000,00;0000001456,79;000001,84;2391503;                  01;05;     0,9;02;01;CNPJ;00;10;02;000000000000,00;000000000000,00;000000001938,90;000000000974,68;000000000000,00;000000000000,00;000000000000,00;000000000000,00;0"
E:\pdet\00_raw\pdet\microdados\RAIS\2015\ESTB2015.7z,ESTB2015.txt,1621290043,RAIS_ESTAB,2015,,cp1252,';',?,24,RAIS_ESTAB 2014-2017,OK (nº de colunas) / 2 rótulo(s) diferentes,pos 21: dicionário='Tipo Estab (2a ocorrencia)' arquivo='Tipo Estab' | pos 24: dicionário='CEP Estb' arquivo='CEP Estab',Bairros SP;Bairros Fortaleza;Bairros RJ;CNAE 2.0 Classe;CNAE 95 Classe;Distritos SP;Qtd Vínculos CLT;Qtd Vínculos Ativos;Qtd Vínculos Estatutários;Ind Atividade Ano;Ind CEI Vinculado;Ind Estab Participa PAT;Ind Rais Negativa;Ind Simples;Município;Natureza Jurídica;Regiões Adm DF;CNAE 2.0 Subclasse;Tamanho Estabelecimento;Tipo Estab;Tipo Estab;UF;IBGE Subsetor;CEP Estab,{ñ c;{ñ c;{ñ c;47318;50504;{ñ clas;00000000000000000004;00000000000000000004;00000000000000000000;1;0;0;                   0;0;110020;2062;                0000;4731800;02;01;Cnpj;11;16;76804158
E:\pdet\00_raw\pdet\microdados\RAIS\2015\GO2015.7z,GO2015.txt,1059865454,RAIS_VINCULOS,2015,GO,cp1252,';',sim,57,RAIS_VINCULOS 2015-2015,OK (nº de colunas) / 1 rótulo(s) diferentes,pos 43: dicionário='Tipo Estab (2a ocorrencia)' arquivo='Tipo Estab',Bairros SP;Bairros Fortaleza;Bairros RJ;Causa Afastamento 1;Causa Afastamento 2;Causa Afastamento 3;Motivo Desligamento;CBO Ocupação 2002;CNAE 2.0 Classe;CNAE 95 Classe;Distritos SP;Vínculo Ativo 31/12;Faixa Etária;Faixa Hora Contrat;Faixa Remun Dezem (SM);Faixa Remun Média (SM);Faixa Tempo Emprego;Escolaridade após 2005;Qtd Hora Contr;Idade;Ind CEI Vinculado;Ind Simples;Mês Admissão;Mês Desligamento;Mun Trab;Município;Nacionalidade;Natureza Jurídica;Ind Portador Defic;Qtd Dias Afastamento;Raça Cor;Regiões Adm DF;Vl Remun Dezembro Nom;Vl Remun Dezembro (SM);Vl Remun Média Nom;Vl Remun Média (SM);CNAE 2.0 Subclasse;Sexo Trabalhador;Tamanho Estabelecimento;Tempo Emprego;Tipo Admissão;Tipo Estab;Tipo Estab;Tipo Defic;Tipo Vínculo;IBGE Subsetor;Vl Rem Janeiro CC;Vl Rem Fevereiro CC;Vl Rem Março CC;Vl Rem Abril CC;Vl Rem Maio CC;Vl Rem Junho CC;Vl Rem Julho CC;Vl Rem Agosto CC;Vl Rem Setembro CC;Vl Rem Outubro CC;Vl Rem Novembro CC,"{ñ c;{ñ c;{ñ c;99;99;99;11;517410;81214;74705;           {ñ class};0;05;06;00;02;04;                  01;  44;  39;0;0;00;03;520870;520870;10;2062;0;   0;08;0000;0000000000,00;000000,00;0000000917,51;000001,16;8121400;                  01;01;    21,0;00;01;CNPJ;00;10;21;000000000891,25;000000000891,25;000000000970,04;000000000000,00;000000000000,00;000000000000,00;000000000000,00;000000000000,00;0"
E:\pdet\00_raw\pdet\microdados\RAIS\2015\MA2015.7z,MA2015.txt,447344174,RAIS_VINCULOS,2015,MA,cp1252,';',sim,57,RAIS_VINCULOS 2015-2015,OK (nº de colunas) / 1 rótulo(s) diferentes,pos 43: dicionário='Tipo Estab (2a ocorrencia)' arquivo='Tipo Estab',Bairros SP;Bairros Fortaleza;Bairros RJ;Causa Afastamento 1;Causa Afastamento 2;Causa Afastamento 3;Motivo Desligamento;CBO Ocupação 2002;CNAE 2.0 Classe;CNAE 95 Classe;Distritos SP;Vínculo Ativo 31/12;Faixa Etária;Faixa Hora Contrat;Faixa Remun Dezem (SM);Faixa Remun Média (SM);Faixa Tempo Emprego;Escolaridade após 2005;Qtd Hora Contr;Idade;Ind CEI Vinculado;Ind Simples;Mês Admissão;Mês Desligamento;Mun Trab;Município;Nacionalidade;Natureza Jurídica;Ind Portador Defic;Qtd Dias Afastamento;Raça Cor;Regiões Adm DF;Vl Remun Dezembro Nom;Vl Remun Dezembro (SM);Vl Remun Média Nom;Vl Remun Média (SM);CNAE 2.0 Subclasse;Sexo Trabalhador;Tamanho Estabelecimento;Tempo Emprego;Tipo Admissão;Tipo Estab;Tipo Estab;Tipo Defic;Tipo Vínculo;IBGE Subsetor;Vl Rem Janeiro CC;Vl Rem Fevereiro CC;Vl Rem Março CC;Vl Rem Abril CC;Vl Rem Maio CC;Vl Rem Junho CC;Vl Rem Julho CC;Vl Rem Agosto CC;Vl Rem Setembro CC;Vl Rem Outubro CC;Vl Rem Novembro CC,"{ñ c;{ñ c;{ñ c;99;99;99;11;717020;85325;80322;           {ñ class};0;06;06;00;02;05;                  01;  44;  47;1;0;00;05;210300;210300;10;2062;0;   0;08;0000;0000000000,00;000000,00;0000000891,96;000001,12;8532500;                  01;01;    28,6;00;01;CNPJ;00;10;23;000000000000,00;000000000761,73;000000000972,46;000000000986,58;000000000847,10;000000000000,00;000000000000,00;000000000000,00;0"
E:\pdet\00_raw\pdet\microdados\RAIS\2015\MG2015.7z,MG2015.txt,3377379310,RAIS_VINCULOS,2015,MG,cp1252,';',sim,57,RAIS_VINCULOS 2015-2015,OK (nº de colunas) / 1 rótulo(s) diferentes,pos 43: dicionário='Tipo Estab (2a ocorrencia)' arquivo='Tipo Estab',Bairros SP;Bairros Fortaleza;Bairros RJ;Causa Afastamento 1;Causa Afastamento 2;Causa Afastamento 3;Motivo Desligamento;CBO Ocupação 2002;CNAE 2.0 Classe;CNAE 95 Classe;Distritos SP;Vínculo Ativo 31/12;Faixa Etária;Faixa Hora Contrat;Faixa Remun Dezem (SM);Faixa Remun Média (SM);Faixa Tempo Emprego;Escolaridade após 2005;Qtd Hora Contr;Idade;Ind CEI Vinculado;Ind Simples;Mês Admissão;Mês Desligamento;Mun Trab;Município;Nacionalidade;Natureza Jurídica;Ind Portador Defic;Qtd Dias Afastamento;Raça Cor;Regiões Adm DF;Vl Remun Dezembro Nom;Vl Remun Dezembro (SM);Vl Remun Média Nom;Vl Remun Média (SM);CNAE 2.0 Subclasse;Sexo Trabalhador;Tamanho Estabelecimento;Tempo Emprego;Tipo Admissão;Tipo Estab;Tipo Estab;Tipo Defic;Tipo Vínculo;IBGE Subsetor;Vl Rem Janeiro CC;Vl Rem Fevereiro CC;Vl Rem Março CC;Vl Rem Abril CC;Vl Rem Maio CC;Vl Rem Junho CC;Vl Rem Julho CC;Vl Rem Agosto CC;Vl Rem Setembro CC;Vl Rem Outubro CC;Vl Rem Novembro CC,"{ñ c;{ñ c;{ñ c;99;99;99;11;717020;41204;45217;           {ñ class};0;07;06;00;02;06;                  01;  44;  51;1;0;00;07;310620;310620;10;2062;0;   0;09;0000;0000000000,00;000000,00;0000000851,53;000001,07;4120400;                  01;02;    45,0;00;01;CNPJ;00;10;15;000000000759,40;000000000790,11;000000000921,33;000000000921,33;000000000859,91;000000000857,12;000000000000,00;000000000000,00;0"
E:\pdet\00_raw\pdet\microdados\RAIS\2015\MS2015.7z,MS2015.txt,471115950,RAIS_VINCULOS,2015,MS,cp1252,';',sim,57,RAIS_VINCULOS 2015-2015,OK (nº de colunas) / 1 rótulo(s) diferentes,pos 43: dicionário='Tipo Estab (2a ocorrencia)' arquivo='Tipo Estab',Bairros SP;Bairros Fortaleza;Bairros RJ;Causa Afastamento 1;Causa Afastamento 2;Causa Afastamento 3;Motivo Desligamento;CBO Ocupação 2002;CNAE 2.0 Classe;CNAE 95 Classe;Distritos SP;Vínculo Ativo 31/12;Faixa Etária;Faixa Hora Contrat;Faixa Remun Dezem (SM);Faixa Remun Média (SM);Faixa Tempo Emprego;Escolaridade após 2005;Qtd Hora Contr;Idade;Ind CEI Vinculado;Ind Simples;Mês Admissão;Mês Desligamento;Mun Trab;Município;Nacionalidade;Natureza Jurídica;Ind Portador Defic;Qtd Dias Afastamento;Raça Cor;Regiões Adm DF;Vl Remun Dezembro Nom;Vl Remun Dezembro (SM);Vl Remun Média Nom;Vl Remun Média (SM);CNAE 2.0 Subclasse;Sexo Trabalhador;Tamanho Estabelecimento;Tempo Emprego;Tipo Admissão;Tipo Estab;Tipo Estab;Tipo Defic;Tipo Vínculo;IBGE Subsetor;Vl Rem Janeiro CC;Vl Rem Fevereiro CC;Vl Rem Março CC;Vl Rem Abril CC;Vl Rem Maio CC;Vl Rem Junho CC;Vl Rem Julho CC;Vl Rem Agosto CC;Vl Rem Setembro CC;Vl Rem Outubro CC;Vl Rem Novembro CC,"{ñ c;{ñ c;{ñ c;99;99;99;11;622110;01130;01139;           {ñ class};0;04;06;00;07;01;                  01;  44;  25;0;0;01;04;500325;500325;10;2054;0;   0;08;0000;0000000000,00;000000,00;0000004392,16;000005,57;0113000;                  01;10;     2,7;01;01;CNPJ;00;20;25;000000000744,62;000000001226,10;000000001175,73;000000014422,20;000000000000,00;000000000000,00;000000000000,00;000000000000,00;0"
E:\pdet\00_raw\pdet\microdados\RAIS\2015\MT2015.7z,MT2015.txt,625556334,RAIS_VINCULOS,2015,MT,cp1252,';',sim,57,RAIS_VINCULOS 2015-2015,OK (nº de colunas) / 1 rótulo(s) diferentes,pos 43: dicionário='Tipo Estab (2a ocorrencia)' arquivo='Tipo Estab',Bairros SP;Bairros Fortaleza;Bairros RJ;Causa Afastamento 1;Causa Afastamento 2;Causa Afastamento 3;Motivo Desligamento;CBO Ocupação 2002;CNAE 2.0 Classe;CNAE 95 Classe;Distritos SP;Vínculo Ativo 31/12;Faixa Etária;Faixa Hora Contrat;Faixa Remun Dezem (SM);Faixa Remun Média (SM);Faixa Tempo Emprego;Escolaridade após 2005;Qtd Hora Contr;Idade;Ind CEI Vinculado;Ind Simples;Mês Admissão;Mês Desligamento;Mun Trab;Município;Nacionalidade;Natureza Jurídica;Ind Portador Defic;Qtd Dias Afastamento;Raça Cor;Regiões Adm DF;Vl Remun Dezembro Nom;Vl Remun Dezembro (SM);Vl Remun Média Nom;Vl Remun Média (SM);CNAE 2.0 Subclasse;Sexo Trabalhador;Tamanho Estabelecimento;Tempo Emprego;Tipo Admissão;Tipo Estab;Tipo Estab;Tipo Defic;Tipo Vínculo;IBGE Subsetor;Vl Rem Janeiro CC;Vl Rem Fevereiro CC;Vl Rem Março CC;Vl Rem Abril CC;Vl Rem Maio CC;Vl Rem Junho CC;Vl Rem Julho CC;Vl Rem Agosto CC;Vl Rem Setembro CC;Vl Rem Outubro CC;Vl Rem Novembro CC,"{ñ c;{ñ c;{ñ c;99;99;99;11;784205;52117;63126;           {ñ class};0;07;06;00;03;03;                  01;  44;  52;0;0;01;08;510525;510525;10;2143;0;   0;02;0000;0000000000,00;000000,00;0000001351,63;000001,71;5211701;                  01;05;     6,8;02;01;CNPJ;00;10;20;000000001480,90;000000002008,81;000000001175,87;000000001119,78;000000001099,66;000000001287,59;000000001146,92;000000001493,55;0"
E:\pdet\00_raw\pdet\microdados\RAIS\2015\PA2015.7z,PA2015.txt,730791982,RAIS_VINCULOS,2015,PA,cp1252,';',sim,57,RAIS_VINCULOS 2015-2015,OK (nº de colunas) / 1 rótulo(s) diferentes,pos 43: dicionário='Tipo Estab (2a ocorrencia)' arquivo='Tipo Estab',Bairros SP;Bairros Fortaleza;Bairros RJ;Causa Afastamento 1;Causa Afastamento 2;Causa Afastamento 3;Motivo Desligamento;CBO Ocupação 2002;CNAE 2.0 Classe;CNAE 95 Classe;Distritos SP;Vínculo Ativo 31/12;Faixa Etária;Faixa Hora Contrat;Faixa Remun Dezem (SM);Faixa Remun Média (SM);Faixa Tempo Emprego;Escolaridade após 2005;Qtd Hora Contr;Idade;Ind CEI Vinculado;Ind Simples;Mês Admissão;Mês Desligamento;Mun Trab;Município;Nacionalidade;Natureza Jurídica;Ind Portador Defic;Qtd Dias Afastamento;Raça Cor;Regiões Adm DF;Vl Remun Dezembro Nom;Vl Remun Dezembro (SM);Vl Remun Média Nom;Vl Remun Média (SM);CNAE 2.0 Subclasse;Sexo Trabalhador;Tamanho Estabelecimento;Tempo Emprego;Tipo Admissão;Tipo Estab;Tipo Estab;Tipo Defic;Tipo Vínculo;IBGE Subsetor;Vl Rem Janeiro CC;Vl Rem Fevereiro CC;Vl Rem Março CC;Vl Rem Abril CC;Vl Rem Maio CC;Vl Rem Junho CC;Vl Rem Julho CC;Vl Rem Agosto CC;Vl Rem Setembro CC;Vl Rem Outubro CC;Vl Rem Novembro CC,"{ñ c;{ñ c;{ñ c;99;99;99;11;773320;16218;20214;           {ñ class};0;05;06;00;02;05;                  01;  44;  31;0;1;00;05;150013;150013;10;2062;0;   0;08;0000;0000000000,00;000000,00;0000000992,96;000001,25;1621800;                  01;06;    25,3;00;01;CNPJ;00;10;07;000000000974,88;000000001090,54;000000001053,50;000000000938,09;000000000907,82;000000000000,00;000000000000,00;000000000000,00;0"
E:\pdet\00_raw\pdet\microdados\RAIS\2015\PB2015.7z,PB2015.txt,397488494,RAIS_VINCULOS,2015,PB,cp1252,';',sim,57,RAIS_VINCULOS 2015-2015,OK (nº de colunas) / 1 rótulo(s) diferentes,pos 43: dicionário='Tipo Estab (2a ocorrencia)' arquivo='Tipo Estab',Bairros SP;Bairros Fortaleza;Bairros RJ;Causa Afastamento 1;Causa Afastamento 2;Causa Afastamento 3;Motivo Desligamento;CBO Ocupação 2002;CNAE 2.0 Classe;CNAE 95 Classe;Distritos SP;Vínculo Ativo 31/12;Faixa Etária;Faixa Hora Contrat;Faixa Remun Dezem (SM);Faixa Remun Média (SM);Faixa Tempo Emprego;Escolaridade após 2005;Qtd Hora Contr;Idade;Ind CEI Vinculado;Ind Simples;Mês Admissão;Mês Desligamento;Mun Trab;Município;Nacionalidade;Natureza Jurídica;Ind Portador Defic;Qtd Dias Afastamento;Raça Cor;Regiões Adm DF;Vl Remun Dezembro Nom;Vl Remun Dezembro (SM);Vl Remun Média Nom;Vl Remun Média (SM);CNAE 2.0 Subclasse;Sexo Trabalhador;Tamanho Estabelecimento;Tempo Emprego;Tipo Admissão;Tipo Estab;Tipo Estab;Tipo Defic;Tipo Vínculo;IBGE Subsetor;Vl Rem Janeiro CC;Vl Rem Fevereiro CC;Vl Rem Março CC;Vl Rem Abril CC;Vl Rem Maio CC;Vl Rem Junho CC;Vl Rem Julho CC;Vl Rem Agosto CC;Vl Rem Setembro CC;Vl Rem Outubro CC;Vl Rem Novembro CC,"{ñ c;{ñ c;{ñ c;99;99;99;11;717020;47229;52230;           {ñ class};0;05;06;00;02;04;                  01;  44;  35;0;1;00;10;250400;250400;10;2135;0;   0;09;0000;0000000000,00;000000,00;0000000813,80;000001,03;4722901;                  01;03;    12,6;00;01;CNPJ;00;10;16;000000000788,00;000000000788,00;000000000788,00;000000000788,00;000000000831,00;000000000831,00;000000000831,00;000000000831,00;0"
E:\pdet\00_raw\pdet\microdados\RAIS\2015\PE2015.7z,PE2015.txt,1079678254,RAIS_VINCULOS,2015,PE,cp1252,';',sim,57,RAIS_VINCULOS 2015-2015,OK (nº de colunas) / 1 rótulo(s) diferentes,pos 43: dicionário='Tipo Estab (2a ocorrencia)' arquivo='Tipo Estab',Bairros SP;Bairros Fortaleza;Bairros RJ;Causa Afastamento 1;Causa Afastamento 2;Causa Afastamento 3;Motivo Desligamento;CBO Ocupação 2002;CNAE 2.0 Classe;CNAE 95 Classe;Distritos SP;Vínculo Ativo 31/12;Faixa Etária;Faixa Hora Contrat;Faixa Remun Dezem (SM);Faixa Remun Média (SM);Faixa Tempo Emprego;Escolaridade após 2005;Qtd Hora Contr;Idade;Ind CEI Vinculado;Ind Simples;Mês Admissão;Mês Desligamento;Mun Trab;Município;Nacionalidade;Natureza Jurídica;Ind Portador Defic;Qtd Dias Afastamento;Raça Cor;Regiões Adm DF;Vl Remun Dezembro Nom;Vl Remun Dezembro (SM);Vl Remun Média Nom;Vl Remun Média (SM);CNAE 2.0 Subclasse;Sexo Trabalhador;Tamanho Estabelecimento;Tempo Emprego;Tipo Admissão;Tipo Estab;Tipo Estab;Tipo Defic;Tipo Vínculo;IBGE Subsetor;Vl Rem Janeiro CC;Vl Rem Fevereiro CC;Vl Rem Março CC;Vl Rem Abril CC;Vl Rem Maio CC;Vl Rem Junho CC;Vl Rem Julho CC;Vl Rem Agosto CC;Vl Rem Setembro CC;Vl Rem Outubro CC;Vl Rem Novembro CC,"{ñ c;{ñ c;{ñ c;99;99;99;11;783215;47245;52299;           {ñ class};0;07;06;00;01;06;                  01;  44;  53;0;1;00;01;261380;261380;10;2135;0;   0;02;0000;0000000000,00;000000,00;0000000788,00;000001,00;4724500;                  01;03;    38,5;00;01;CNPJ;00;10;16;000000000788,00;000000000000,00;000000000000,00;000000000000,00;000000000000,00;000000000000,00;000000000000,00;000000000000,00;0"
E:\pdet\00_raw\pdet\microdados\RAIS\2015\PI2015.7z,PI2015.txt,276891822,RAIS_VINCULOS,2015,PI,cp1252,';',sim,57,RAIS_VINCULOS 2015-2015,OK (nº de colunas) / 1 rótulo(s) diferentes,pos 43: dicionário='Tipo Estab (2a ocorrencia)' arquivo='Tipo Estab',Bairros SP;Bairros Fortaleza;Bairros RJ;Causa Afastamento 1;Causa Afastamento 2;Causa Afastamento 3;Motivo Desligamento;CBO Ocupação 2002;CNAE 2.0 Classe;CNAE 95 Classe;Distritos SP;Vínculo Ativo 31/12;Faixa Etária;Faixa Hora Contrat;Faixa Remun Dezem (SM);Faixa Remun Média (SM);Faixa Tempo Emprego;Escolaridade após 2005;Qtd Hora Contr;Idade;Ind CEI Vinculado;Ind Simples;Mês Admissão;Mês Desligamento;Mun Trab;Município;Nacionalidade;Natureza Jurídica;Ind Portador Defic;Qtd Dias Afastamento;Raça Cor;Regiões Adm DF;Vl Remun Dezembro Nom;Vl Remun Dezembro (SM);Vl Remun Média Nom;Vl Remun Média (SM);CNAE 2.0 Subclasse;Sexo Trabalhador;Tamanho Estabelecimento;Tempo Emprego;Tipo Admissão;Tipo Estab;Tipo Estab;Tipo Defic;Tipo Vínculo;IBGE Subsetor;Vl Rem Janeiro CC;Vl Rem Fevereiro CC;Vl Rem Março CC;Vl Rem Abril CC;Vl Rem Maio CC;Vl Rem Junho CC;Vl Rem Julho CC;Vl Rem Agosto CC;Vl Rem Setembro CC;Vl Rem Outubro CC;Vl Rem Novembro CC,"{ñ c;{ñ c;{ñ c;99;99;99;11;513505;32990;36994;           {ñ class};0;06;06;00;01;01;                  01;  44;  43;0;1;06;08;220220;220220;10;2135;0;   0;08;0000;0000000000,00;000000,00;0000000787,99;000000,99;3299006;                  01;03;     2,1;02;01;CNPJ;00;10;10;000000000000,00;000000000000,00;000000000000,00;000000000000,00;000000000000,00;000000000788,00;000000000788,00;000000000787,98;0"
E:\pdet\00_raw\pdet\microdados\RAIS\2015\PR2015.7z,PR2015.txt,2130869038,RAIS_VINCULOS,2015,PR,cp1252,';',sim,57,RAIS_VINCULOS 2015-2015,OK (nº de colunas) / 1 rótulo(s) diferentes,pos 43: dicionário='Tipo Estab (2a ocorrencia)' arquivo='Tipo Estab',Bairros SP;Bairros Fortaleza;Bairros RJ;Causa Afastamento 1;Causa Afastamento 2;Causa Afastamento 3;Motivo Desligamento;CBO Ocupação 2002;CNAE 2.0 Classe;CNAE 95 Classe;Distritos SP;Vínculo Ativo 31/12;Faixa Etária;Faixa Hora Contrat;Faixa Remun Dezem (SM);Faixa Remun Média (SM);Faixa Tempo Emprego;Escolaridade após 2005;Qtd Hora Contr;Idade;Ind CEI Vinculado;Ind Simples;Mês Admissão;Mês Desligamento;Mun Trab;Município;Nacionalidade;Natureza Jurídica;Ind Portador Defic;Qtd Dias Afastamento;Raça Cor;Regiões Adm DF;Vl Remun Dezembro Nom;Vl Remun Dezembro (SM);Vl Remun Média Nom;Vl Remun Média (SM);CNAE 2.0 Subclasse;Sexo Trabalhador;Tamanho Estabelecimento;Tempo Emprego;Tipo Admissão;Tipo Estab;Tipo Estab;Tipo Defic;Tipo Vínculo;IBGE Subsetor;Vl Rem Janeiro CC;Vl Rem Fevereiro CC;Vl Rem Março CC;Vl Rem Abril CC;Vl Rem Maio CC;Vl Rem Junho CC;Vl Rem Julho CC;Vl Rem Agosto CC;Vl Rem Setembro CC;Vl Rem Outubro CC;Vl Rem Novembro CC,"{ñ c;{ñ c;{ñ c;99;99;99;21;784205;22226;25224;           {ñ class};0;06;06;00;99;03;                  01;  44;  41;0;1;00;01;410480;410480;10;2062;0;   0;09;0000;0000000000,00;000000,00;0000000000,00;000000,00;2222600;                  01;05;    11,8;00;01;CNPJ;00;10;10;000000000000,00;000000000000,00;000000000000,00;000000000000,00;000000000000,00;000000000000,00;000000000000,00;000000000000,00;0"
E:\pdet\00_raw\pdet\microdados\RAIS\2015\RJ2015.7z,RJ2015.txt,2948561326,RAIS_VINCULOS,2015,RJ,cp1252,';',sim,57,RAIS_VINCULOS 2015-2015,OK (nº de colunas) / 1 rótulo(s) diferentes,pos 43: dicionário='Tipo Estab (2a ocorrencia)' arquivo='Tipo Estab',Bairros SP;Bairros Fortaleza;Bairros RJ;Causa Afastamento 1;Causa Afastamento 2;Causa Afastamento 3;Motivo Desligamento;CBO Ocupação 2002;CNAE 2.0 Classe;CNAE 95 Classe;Distritos SP;Vínculo Ativo 31/12;Faixa Etária;Faixa Hora Contrat;Faixa Remun Dezem (SM);Faixa Remun Média (SM);Faixa Tempo Emprego;Escolaridade após 2005;Qtd Hora Contr;Idade;Ind CEI Vinculado;Ind Simples;Mês Admissão;Mês Desligamento;Mun Trab;Município;Nacionalidade;Natureza Jurídica;Ind Portador Defic;Qtd Dias Afastamento;Raça Cor;Regiões Adm DF;Vl Remun Dezembro Nom;Vl Remun Dezembro (SM);Vl Remun Média Nom;Vl Remun Média (SM);CNAE 2.0 Subclasse;Sexo Trabalhador;Tamanho Estabelecimento;Tempo Emprego;Tipo Admissão;Tipo Estab;Tipo Estab;Tipo Defic;Tipo Vínculo;IBGE Subsetor;Vl Rem Janeiro CC;Vl Rem Fevereiro CC;Vl Rem Março CC;Vl Rem Abril CC;Vl Rem Maio CC;Vl Rem Junho CC;Vl Rem Julho CC;Vl Rem Agosto CC;Vl Rem Setembro CC;Vl Rem Outubro CC;Vl Rem Novembro CC,"{ñ c;{ñ c;9999;99;99;99;11;514215;81290;74705;           {ñ class};0;07;06;00;02;06;                  01;  44;  57;0;1;00;11;330070;330070;10;2062;0;   0;04;0000;0000000000,00;000000,00;0000000876,00;000001,11;8129000;                  01;02;    43,0;00;01;CNPJ;00;10;21;000000000876,00;000000000876,00;000000000876,00;000000000876,00;000000000876,00;000000000876,00;000000000876,00;000000000876,00;0"
E:\pdet\00_raw\pdet\microdados\RAIS\2015\RN2015.7z,RN2015.txt,382441070,RAIS_VINCULOS,2015,RN,cp1252,';',sim,57,RAIS_VINCULOS 2015-2015,OK (nº de colunas) / 1 rótulo(s) diferentes,pos 43: dicionário='Tipo Estab (2a ocorrencia)' arquivo='Tipo Estab',Bairros SP;Bairros Fortaleza;Bairros RJ;Causa Afastamento 1;Causa Afastamento 2;Causa Afastamento 3;Motivo Desligamento;CBO Ocupação 2002;CNAE 2.0 Classe;CNAE 95 Classe;Distritos SP;Vínculo Ativo 31/12;Faixa Etária;Faixa Hora Contrat;Faixa Remun Dezem (SM);Faixa Remun Média (SM);Faixa Tempo Emprego;Escolaridade após 2005;Qtd Hora Contr;Idade;Ind CEI Vinculado;Ind Simples;Mês Admissão;Mês Desligamento;Mun Trab;Município;Nacionalidade;Natureza Jurídica;Ind Portador Defic;Qtd Dias Afastamento;Raça Cor;Regiões Adm DF;Vl Remun Dezembro Nom;Vl Remun Dezembro (SM);Vl Remun Média Nom;Vl Remun Média (SM);CNAE 2.0 Subclasse;Sexo Trabalhador;Tamanho Estabelecimento;Tempo Emprego;Tipo Admissão;Tipo Estab;Tipo Estab;Tipo Defic;Tipo Vínculo;IBGE Subsetor;Vl Rem Janeiro CC;Vl Rem Fevereiro CC;Vl Rem Março CC;Vl Rem Abril CC;Vl Rem Maio CC;Vl Rem Junho CC;Vl Rem Julho CC;Vl Rem Agosto CC;Vl Rem Setembro CC;Vl Rem Outubro CC;Vl Rem Novembro CC,"{ñ c;{ñ c;{ñ c;99;99;99;21;622510;01199;01198;           {ñ class};0;08;06;00;01;03;                  01;  44;  69;0;0;02;10;240145;240145;10;2062;0;   0;08;0000;0000000000,00;000000,00;0000000790,47;000000,99;0119907;                  01;07;     8,6;02;01;CNPJ;00;20;25;000000000000,00;000000000744,82;000000000746,67;000000000800,00;000000000760,00;000000000800,00;000000000773,33;000000000806,50;0"
E:\pdet\00_raw\pdet\microdados\RAIS\2015\RO2015.7z,RO2015.txt,241480558,RAIS_VINCULOS,2015,RO,cp1252,';',sim,57,RAIS_VINCULOS 2015-2015,OK (nº de colunas) / 1 rótulo(s) diferentes,pos 43: dicionário='Tipo Estab (2a ocorrencia)' arquivo='Tipo Estab',Bairros SP;Bairros Fortaleza;Bairros RJ;Causa Afastamento 1;Causa Afastamento 2;Causa Afastamento 3;Motivo Desligamento;CBO Ocupação 2002;CNAE 2.0 Classe;CNAE 95 Classe;Distritos SP;Vínculo Ativo 31/12;Faixa Etária;Faixa Hora Contrat;Faixa Remun Dezem (SM);Faixa Remun Média (SM);Faixa Tempo Emprego;Escolaridade após 2005;Qtd Hora Contr;Idade;Ind CEI Vinculado;Ind Simples;Mês Admissão;Mês Desligamento;Mun Trab;Município;Nacionalidade;Natureza Jurídica;Ind Portador Defic;Qtd Dias Afastamento;Raça Cor;Regiões Adm DF;Vl Remun Dezembro Nom;Vl Remun Dezembro (SM);Vl Remun Média Nom;Vl Remun Média (SM);CNAE 2.0 Subclasse;Sexo Trabalhador;Tamanho Estabelecimento;Tempo Emprego;Tipo Admissão;Tipo Estab;Tipo Estab;Tipo Defic;Tipo Vínculo;IBGE Subsetor;Vl Rem Janeiro CC;Vl Rem Fevereiro CC;Vl Rem Março CC;Vl Rem Abril CC;Vl Rem Maio CC;Vl Rem Junho CC;Vl Rem Julho CC;Vl Rem Agosto CC;Vl Rem Setembro CC;Vl Rem Outubro CC;Vl Rem Novembro CC,"{ñ c;{ñ c;{ñ c;99;99;99;11;517330;01164;01198;           {ñ class};0;07;06;00;02;04;                  01;  44;  54;0;0;00;08;110020;110020;10;2143;0;   0;02;0000;0000000000,00;000000,00;0000001059,20;000001,33;0116499;                  01;05;    19,5;00;01;CNPJ;00;10;25;000000001052,31;000000001062,00;000000001069,91;000000001052,09;000000001049,19;000000001039,88;000000001065,87;000000001082,38;0"
E:\pdet\00_raw\pdet\microdados\RAIS\2015\RR2015.7z,RR2015.txt,60725550,RAIS_VINCULOS,2015,RR,cp1252,';',sim,57,RAIS_VINCULOS 2015-2015,OK (nº de colunas) / 1 rótulo(s) diferentes,pos 43: dicionário='Tipo Estab (2a ocorrencia)' arquivo='Tipo Estab',Bairros SP;Bairros Fortaleza;Bairros RJ;Causa Afastamento 1;Causa Afastamento 2;Causa Afastamento 3;Motivo Desligamento;CBO Ocupação 2002;CNAE 2.0 Classe;CNAE 95 Classe;Distritos SP;Vínculo Ativo 31/12;Faixa Etária;Faixa Hora Contrat;Faixa Remun Dezem (SM);Faixa Remun Média (SM);Faixa Tempo Emprego;Escolaridade após 2005;Qtd Hora Contr;Idade;Ind CEI Vinculado;Ind Simples;Mês Admissão;Mês Desligamento;Mun Trab;Município;Nacionalidade;Natureza Jurídica;Ind Portador Defic;Qtd Dias Afastamento;Raça Cor;Regiões Adm DF;Vl Remun Dezembro Nom;Vl Remun Dezembro (SM);Vl Remun Média Nom;Vl Remun Média (SM);CNAE 2.0 Subclasse;Sexo Trabalhador;Tamanho Estabelecimento;Tempo Emprego;Tipo Admissão;Tipo Estab;Tipo Estab;Tipo Defic;Tipo Vínculo;IBGE Subsetor;Vl Rem Janeiro CC;Vl Rem Fevereiro CC;Vl Rem Março CC;Vl Rem Abril CC;Vl Rem Maio CC;Vl Rem Junho CC;Vl Rem Julho CC;Vl Rem Agosto CC;Vl Rem Setembro CC;Vl Rem Outubro CC;Vl Rem Novembro CC,"{ñ c;{ñ c;{ñ c;99;99;99;11;517410;10619;15512;           {ñ class};0;06;06;00;03;05;                  01;  44;  48;0;0;00;03;140010;140010;10;2062;0;   0;08;0000;0000000000,00;000000,00;0000001576,00;000002,00;1061901;                  01;05;    28,3;00;01;CNPJ;00;10;13;000000001576,00;000000000000,00;000000000000,00;000000000000,00;000000000000,00;000000000000,00;000000000000,00;000000000000,00;0"
E:\pdet\00_raw\pdet\microdados\RAIS\2015\RS2015.7z,RS2015.txt,2033029870,RAIS_VINCULOS,2015,RS,cp1252,';',sim,57,RAIS_VINCULOS 2015-2015,OK (nº de colunas) / 1 rótulo(s) diferentes,pos 43: dicionário='Tipo Estab (2a ocorrencia)' arquivo='Tipo Estab',Bairros SP;Bairros Fortaleza;Bairros RJ;Causa Afastamento 1;Causa Afastamento 2;Causa Afastamento 3;Motivo Desligamento;CBO Ocupação 2002;CNAE 2.0 Classe;CNAE 95 Classe;Distritos SP;Vínculo Ativo 31/12;Faixa Etária;Faixa Hora Contrat;Faixa Remun Dezem (SM);Faixa Remun Média (SM);Faixa Tempo Emprego;Escolaridade após 2005;Qtd Hora Contr;Idade;Ind CEI Vinculado;Ind Simples;Mês Admissão;Mês Desligamento;Mun Trab;Município;Nacionalidade;Natureza Jurídica;Ind Portador Defic;Qtd Dias Afastamento;Raça Cor;Regiões Adm DF;Vl Remun Dezembro Nom;Vl Remun Dezembro (SM);Vl Remun Média Nom;Vl Remun Média (SM);CNAE 2.0 Subclasse;Sexo Trabalhador;Tamanho Estabelecimento;Tempo Emprego;Tipo Admissão;Tipo Estab;Tipo Estab;Tipo Defic;Tipo Vínculo;IBGE Subsetor;Vl Rem Janeiro CC;Vl Rem Fevereiro CC;Vl Rem Março CC;Vl Rem Abril CC;Vl Rem Maio CC;Vl Rem Junho CC;Vl Rem Julho CC;Vl Rem Agosto CC;Vl Rem Setembro CC;Vl Rem Outubro CC;Vl Rem Novembro CC,"{ñ c;{ñ c;{ñ c;99;99;99;11;724205;28330;29319;           {ñ class};0;06;06;00;04;07;                  01;  44;  45;0;0;00;07;431440;431440;10;2062;0;   0;04;0000;0000000000,00;000000,00;0000001890,50;000002,39;2833000;                  01;05;    93,1;00;01;CNPJ;00;10;04;000000001776,08;000000001928,81;000000001794,84;000000004067,83;000000000565,93;000000001209,51;000000000000,00;000000000000,00;0"
E:\pdet\00_raw\pdet\microdados\RAIS\2015\SC2015.7z,SC2015.txt,1588230830,RAIS_VINCULOS,2015,SC,cp1252,';',sim,57,RAIS_VINCULOS 2015-2015,OK (nº de colunas) / 1 rótulo(s) diferentes,pos 43: dicionário='Tipo Estab (2a ocorrencia)' arquivo='Tipo Estab',Bairros SP;Bairros Fortaleza;Bairros RJ;Causa Afastamento 1;Causa Afastamento 2;Causa Afastamento 3;Motivo Desligamento;CBO Ocupação 2002;CNAE 2.0 Classe;CNAE 95 Classe;Distritos SP;Vínculo Ativo 31/12;Faixa Etária;Faixa Hora Contrat;Faixa Remun Dezem (SM);Faixa Remun Média (SM);Faixa Tempo Emprego;Escolaridade após 2005;Qtd Hora Contr;Idade;Ind CEI Vinculado;Ind Simples;Mês Admissão;Mês Desligamento;Mun Trab;Município;Nacionalidade;Natureza Jurídica;Ind Portador Defic;Qtd Dias Afastamento;Raça Cor;Regiões Adm DF;Vl Remun Dezembro Nom;Vl Remun Dezembro (SM);Vl Remun Média Nom;Vl Remun Média (SM);CNAE 2.0 Subclasse;Sexo Trabalhador;Tamanho Estabelecimento;Tempo Emprego;Tipo Admissão;Tipo Estab;Tipo Estab;Tipo Defic;Tipo Vínculo;IBGE Subsetor;Vl Rem Janeiro CC;Vl Rem Fevereiro CC;Vl Rem Março CC;Vl Rem Abril CC;Vl Rem Maio CC;Vl Rem Junho CC;Vl Rem Julho CC;Vl Rem Agosto CC;Vl Rem Setembro CC;Vl Rem Outubro CC;Vl Rem Novembro CC,"{ñ c;{ñ c;{ñ c;99;99;99;11;724440;23192;26190;           {ñ class};0;05;06;00;04;03;                  01;  44;  30;0;1;00;02;421660;421660;10;2062;0;   0;02;0000;0000000000,00;000000,00;0000002071,42;000002,62;2319200;                  01;05;     7,4;00;01;CNPJ;00;10;02;000000002000,00;000000002142,85;000000000000,00;000000000000,00;000000000000,00;000000000000,00;000000000000,00;000000000000,00;0"
E:\pdet\00_raw\pdet\microdados\RAIS\2015\SE2015.7z,SE2015.txt,248583598,RAIS_VINCULOS,2015,SE,cp1252,';',sim,57,RAIS_VINCULOS 2015-2015,OK (nº de colunas) / 1 rótulo(s) diferentes,pos 43: dicionário='Tipo Estab (2a ocorrencia)' arquivo='Tipo Estab',Bairros SP;Bairros Fortaleza;Bairros RJ;Causa Afastamento 1;Causa Afastamento 2;Causa Afastamento 3;Motivo Desligamento;CBO Ocupação 2002;CNAE 2.0 Classe;CNAE 95 Classe;Distritos SP;Vínculo Ativo 31/12;Faixa Etária;Faixa Hora Contrat;Faixa Remun Dezem (SM);Faixa Remun Média (SM);Faixa Tempo Emprego;Escolaridade após 2005;Qtd Hora Contr;Idade;Ind CEI Vinculado;Ind Simples;Mês Admissão;Mês Desligamento;Mun Trab;Município;Nacionalidade;Natureza Jurídica;Ind Portador Defic;Qtd Dias Afastamento;Raça Cor;Regiões Adm DF;Vl Remun Dezembro Nom;Vl Remun Dezembro (SM);Vl Remun Média Nom;Vl Remun Média (SM);CNAE 2.0 Subclasse;Sexo Trabalhador;Tamanho Estabelecimento;Tempo Emprego;Tipo Admissão;Tipo Estab;Tipo Estab;Tipo Defic;Tipo Vínculo;IBGE Subsetor;Vl Rem Janeiro CC;Vl Rem Fevereiro CC;Vl Rem Março CC;Vl Rem Abril CC;Vl Rem Maio CC;Vl Rem Junho CC;Vl Rem Julho CC;Vl Rem Agosto CC;Vl Rem Setembro CC;Vl Rem Outubro CC;Vl Rem Novembro CC,"{ñ c;{ñ c;{ñ c;99;99;99;11;514225;46231;51217;           {ñ class};0;05;06;00;02;02;                  01;  44;  31;0;1;02;07;280290;280290;10;2062;0;   0;02;0000;0000000000,00;000000,00;0000000814,65;000001,02;4623109;                  01;03;     5,4;02;01;CNPJ;00;10;17;000000000000,00;000000000837,93;000000000810,00;000000000810,00;000000000810,00;000000000810,00;000000000810,00;000000000000,00;0"
E:\pdet\00_raw\pdet\microdados\RAIS\2015\SP2015.7z,SP2015.txt,9230787822,RAIS_VINCULOS,2015,SP,cp1252,';',sim,57,RAIS_VINCULOS 2015-2015,OK (nº de colunas) / 1 rótulo(s) diferentes,pos 43: dicionário='Tipo Estab (2a ocorrencia)' arquivo='Tipo Estab',Bairros SP;Bairros Fortaleza;Bairros RJ;Causa Afastamento 1;Causa Afastamento 2;Causa Afastamento 3;Motivo Desligamento;CBO Ocupação 2002;CNAE 2.0 Classe;CNAE 95 Classe;Distritos SP;Vínculo Ativo 31/12;Faixa Etária;Faixa Hora Contrat;Faixa Remun Dezem (SM);Faixa Remun Média (SM);Faixa Tempo Emprego;Escolaridade após 2005;Qtd Hora Contr;Idade;Ind CEI Vinculado;Ind Simples;Mês Admissão;Mês Desligamento;Mun Trab;Município;Nacionalidade;Natureza Jurídica;Ind Portador Defic;Qtd Dias Afastamento;Raça Cor;Regiões Adm DF;Vl Remun Dezembro Nom;Vl Remun Dezembro (SM);Vl Remun Média Nom;Vl Remun Média (SM);CNAE 2.0 Subclasse;Sexo Trabalhador;Tamanho Estabelecimento;Tempo Emprego;Tipo Admissão;Tipo Estab;Tipo Estab;Tipo Defic;Tipo Vínculo;IBGE Subsetor;Vl Rem Janeiro CC;Vl Rem Fevereiro CC;Vl Rem Março CC;Vl Rem Abril CC;Vl Rem Maio CC;Vl Rem Junho CC;Vl Rem Julho CC;Vl Rem Agosto CC;Vl Rem Setembro CC;Vl Rem Outubro CC;Vl Rem Novembro CC,"0590;{ñ c;{ñ c;99;99;99;11;517330;80200;74608;                0090;0;05;06;00;03;05;                  01;  44;  35;0;0;00;12;355030;355030;10;2062;0;   0;02;0000;0000001479,23;000001,87;0000001529,84;000001,93;8020001;                  01;06;    30,4;00;01;CNPJ;00;10;19;000000001514,97;000000001370,11;000000001542,47;000000001419,63;000000001410,91;000000001410,91;000000001827,44;000000001767,87;0"
E:\pdet\00_raw\pdet\microdados\RAIS\2015\TO2015.7z,TO2015.txt,183086446,RAIS_VINCULOS,2015,TO,cp1252,';',sim,57,RAIS_VINCULOS 2015-2015,OK (nº de colunas) / 1 rótulo(s) diferentes,pos 43: dicionário='Tipo Estab (2a ocorrencia)' arquivo='Tipo Estab',Bairros SP;Bairros Fortaleza;Bairros RJ;Causa Afastamento 1;Causa Afastamento 2;Causa Afastamento 3;Motivo Desligamento;CBO Ocupação 2002;CNAE 2.0 Classe;CNAE 95 Classe;Distritos SP;Vínculo Ativo 31/12;Faixa Etária;Faixa Hora Contrat;Faixa Remun Dezem (SM);Faixa Remun Média (SM);Faixa Tempo Emprego;Escolaridade após 2005;Qtd Hora Contr;Idade;Ind CEI Vinculado;Ind Simples;Mês Admissão;Mês Desligamento;Mun Trab;Município;Nacionalidade;Natureza Jurídica;Ind Portador Defic;Qtd Dias Afastamento;Raça Cor;Regiões Adm DF;Vl Remun Dezembro Nom;Vl Remun Dezembro (SM);Vl Remun Média Nom;Vl Remun Média (SM);CNAE 2.0 Subclasse;Sexo Trabalhador;Tamanho Estabelecimento;Tempo Emprego;Tipo Admissão;Tipo Estab;Tipo Estab;Tipo Defic;Tipo Vínculo;IBGE Subsetor;Vl Rem Janeiro CC;Vl Rem Fevereiro CC;Vl Rem Março CC;Vl Rem Abril CC;Vl Rem Maio CC;Vl Rem Junho CC;Vl Rem Julho CC;Vl Rem Agosto CC;Vl Rem Setembro CC;Vl Rem Outubro CC;Vl Rem Novembro CC,"{ñ c;{ñ c;{ñ c;99;99;99;11;621005;47890;52493;           {ñ class};0;05;06;00;02;04;                  01;  44;  31;0;1;00;12;170730;170730;10;2135;0;   0;08;0000;0000001288,00;000001,63;0000001168,21;000001,48;4789099;                  01;02;    22,1;00;01;CNPJ;00;10;16;000000001088,00;000000001426,46;000000001112,17;000000001088,00;000000001088,00;000000001088,00;000000001088,00;000000001088,00;0"
E:\pdet\00_raw\pdet\microdados\RAIS\2016\AC2016.7z,AC2016.txt,85055733,RAIS_VINCULOS,2016,AC,cp1252,';',sim,58,RAIS_VINCULOS 2016-2016,OK (nº de colunas) / 1 rótulo(s) diferentes,pos 43: dicionário='Tipo Estab (2a ocorrencia)' arquivo='Tipo Estab',Bairros SP;Bairros Fortaleza;Bairros RJ;Causa Afastamento 1;Causa Afastamento 2;Causa Afastamento 3;Motivo Desligamento;CBO Ocupação 2002;CNAE 2.0 Classe;CNAE 95 Classe;Distritos SP;Vínculo Ativo 31/12;Faixa Etária;Faixa Hora Contrat;Faixa Remun Dezem (SM);Faixa Remun Média (SM);Faixa Tempo Emprego;Escolaridade após 2005;Qtd Hora Contr;Idade;Ind CEI Vinculado;Ind Simples;Mês Admissão;Mês Desligamento;Mun Trab;Município;Nacionalidade;Natureza Jurídica;Ind Portador Defic;Qtd Dias Afastamento;Raça Cor;Regiões Adm DF;Vl Remun Dezembro Nom;Vl Remun Dezembro (SM);Vl Remun Média Nom;Vl Remun Média (SM);CNAE 2.0 Subclasse;Sexo Trabalhador;Tamanho Estabelecimento;Tempo Emprego;Tipo Admissão;Tipo Estab;Tipo Estab;Tipo Defic;Tipo Vínculo;IBGE Subsetor;Vl Rem Janeiro CC;Vl Rem Fevereiro CC;Vl Rem Março CC;Vl Rem Abril CC;Vl Rem Maio CC;Vl Rem Junho CC;Vl Rem Julho CC;Vl Rem Agosto CC;Vl Rem Setembro CC;Vl Rem Outubro CC;Vl Rem Novembro CC;Ano Chegada Brasil,"           {ñ class};           {ñ class};           {ñ class};99;99;99;31;517420;41204;45217;           {ñ class};0;06;05;00;03;04;                  01;  36;  47;1;0;00;01;120040;120040;10;2062;0;   0;09;0000;0000000000,00;000000,00;0000001458,84;000001,65;4120400;                  01;03;    15,3;00;01;CNPJ                ;00;10;15;000001458,84;000000000,00;000000000,00;000000000,00;000000000,00;"
E:\pdet\00_raw\pdet\microdados\RAIS\2016\AL2016.7z,AL2016.txt,321036709,RAIS_VINCULOS,2016,AL,cp1252,';',sim,58,RAIS_VINCULOS 2016-2016,OK (nº de colunas) / 1 rótulo(s) diferentes,pos 43: dicionário='Tipo Estab (2a ocorrencia)' arquivo='Tipo Estab',Bairros SP;Bairros Fortaleza;Bairros RJ;Causa Afastamento 1;Causa Afastamento 2;Causa Afastamento 3;Motivo Desligamento;CBO Ocupação 2002;CNAE 2.0 Classe;CNAE 95 Classe;Distritos SP;Vínculo Ativo 31/12;Faixa Etária;Faixa Hora Contrat;Faixa Remun Dezem (SM);Faixa Remun Média (SM);Faixa Tempo Emprego;Escolaridade após 2005;Qtd Hora Contr;Idade;Ind CEI Vinculado;Ind Simples;Mês Admissão;Mês Desligamento;Mun Trab;Município;Nacionalidade;Natureza Jurídica;Ind Portador Defic;Qtd Dias Afastamento;Raça Cor;Regiões Adm DF;Vl Remun Dezembro Nom;Vl Remun Dezembro (SM);Vl Remun Média Nom;Vl Remun Média (SM);CNAE 2.0 Subclasse;Sexo Trabalhador;Tamanho Estabelecimento;Tempo Emprego;Tipo Admissão;Tipo Estab;Tipo Estab;Tipo Defic;Tipo Vínculo;IBGE Subsetor;Vl Rem Janeiro CC;Vl Rem Fevereiro CC;Vl Rem Março CC;Vl Rem Abril CC;Vl Rem Maio CC;Vl Rem Junho CC;Vl Rem Julho CC;Vl Rem Agosto CC;Vl Rem Setembro CC;Vl Rem Outubro CC;Vl Rem Novembro CC;Ano Chegada Brasil,"           {ñ class};           {ñ class};           {ñ class};99;99;99;11;519935;47318;50504;           {ñ class};0;05;06;00;02;05;                  01;  44;  35;0;0;00;04;270430;270430;10;2062;0;   0;02;0000;0000000000,00;000000,00;0000001067,50;000001,21;4731800;                  01;04;    32,3;00;01;CNPJ                ;00;10;16;000000010,56;000000010,78;000000010,68;000000010,68;000000000,00;"
E:\pdet\00_raw\pdet\microdados\RAIS\2016\AM2016.7z,AM2016.txt,392172609,RAIS_VINCULOS,2016,AM,cp1252,';',sim,58,RAIS_VINCULOS 2016-2016,OK (nº de colunas) / 1 rótulo(s) diferentes,pos 43: dicionário='Tipo Estab (2a ocorrencia)' arquivo='Tipo Estab',Bairros SP;Bairros Fortaleza;Bairros RJ;Causa Afastamento 1;Causa Afastamento 2;Causa Afastamento 3;Motivo Desligamento;CBO Ocupação 2002;CNAE 2.0 Classe;CNAE 95 Classe;Distritos SP;Vínculo Ativo 31/12;Faixa Etária;Faixa Hora Contrat;Faixa Remun Dezem (SM);Faixa Remun Média (SM);Faixa Tempo Emprego;Escolaridade após 2005;Qtd Hora Contr;Idade;Ind CEI Vinculado;Ind Simples;Mês Admissão;Mês Desligamento;Mun Trab;Município;Nacionalidade;Natureza Jurídica;Ind Portador Defic;Qtd Dias Afastamento;Raça Cor;Regiões Adm DF;Vl Remun Dezembro Nom;Vl Remun Dezembro (SM);Vl Remun Média Nom;Vl Remun Média (SM);CNAE 2.0 Subclasse;Sexo Trabalhador;Tamanho Estabelecimento;Tempo Emprego;Tipo Admissão;Tipo Estab;Tipo Estab;Tipo Defic;Tipo Vínculo;IBGE Subsetor;Vl Rem Janeiro CC;Vl Rem Fevereiro CC;Vl Rem Março CC;Vl Rem Abril CC;Vl Rem Maio CC;Vl Rem Junho CC;Vl Rem Julho CC;Vl Rem Agosto CC;Vl Rem Setembro CC;Vl Rem Outubro CC;Vl Rem Novembro CC;Ano Chegada Brasil,"           {ñ class};           {ñ class};           {ñ class};99;99;99;11;513505;77331;71331;           {ñ class};0;07;06;00;02;02;                  01;  44;  55;0;1;02;07;130260;130260;10;2062;0;   0;08;0000;0000000000,00;000000,00;0000001116,85;000001,26;7733100;                  01;05;     5,1;02;01;CNPJ                ;00;10;19;000000000,00;000001311,13;000000010,78;000000010,78;000000010,78;"
E:\pdet\00_raw\pdet\microdados\RAIS\2016\AP2016.7z,AP2016.txt,81281985,RAIS_VINCULOS,2016,AP,cp1252,';',sim,58,RAIS_VINCULOS 2016-2016,OK (nº de colunas) / 1 rótulo(s) diferentes,pos 43: dicionário='Tipo Estab (2a ocorrencia)' arquivo='Tipo Estab',Bairros SP;Bairros Fortaleza;Bairros RJ;Causa Afastamento 1;Causa Afastamento 2;Causa Afastamento 3;Motivo Desligamento;CBO Ocupação 2002;CNAE 2.0 Classe;CNAE 95 Classe;Distritos SP;Vínculo Ativo 31/12;Faixa Etária;Faixa Hora Contrat;Faixa Remun Dezem (SM);Faixa Remun Média (SM);Faixa Tempo Emprego;Escolaridade após 2005;Qtd Hora Contr;Idade;Ind CEI Vinculado;Ind Simples;Mês Admissão;Mês Desligamento;Mun Trab;Município;Nacionalidade;Natureza Jurídica;Ind Portador Defic;Qtd Dias Afastamento;Raça Cor;Regiões Adm DF;Vl Remun Dezembro Nom;Vl Remun Dezembro (SM);Vl Remun Média Nom;Vl Remun Média (SM);CNAE 2.0 Subclasse;Sexo Trabalhador;Tamanho Estabelecimento;Tempo Emprego;Tipo Admissão;Tipo Estab;Tipo Estab;Tipo Defic;Tipo Vínculo;IBGE Subsetor;Vl Rem Janeiro CC;Vl Rem Fevereiro CC;Vl Rem Março CC;Vl Rem Abril CC;Vl Rem Maio CC;Vl Rem Junho CC;Vl Rem Julho CC;Vl Rem Agosto CC;Vl Rem Setembro CC;Vl Rem Outubro CC;Vl Rem Novembro CC;Ano Chegada Brasil,"           {ñ class};           {ñ class};           {ñ class};99;99;99;11;514320;81214;74705;           {ñ class};0;05;06;00;01;02;                  01;  44;  37;0;1;00;05;160030;160030;10;2305;0;   0;08;0000;0000000000,00;000000,00;0000000888,34;000001,00;8121400;                  01;06;     5,7;00;01;CNPJ                ;00;10;21;000000888,34;000000888,34;000000888,34;000000888,34;000000888,37;"
E:\pdet\00_raw\pdet\microdados\RAIS\2016\BA2016.7z,BA2016.txt,1500737341,RAIS_VINCULOS,2016,BA,cp1252,';',sim,58,RAIS_VINCULOS 2016-2016,OK (nº de colunas) / 1 rótulo(s) diferentes,pos 43: dicionário='Tipo Estab (2a ocorrencia)' arquivo='Tipo Estab',Bairros SP;Bairros Fortaleza;Bairros RJ;Causa Afastamento 1;Causa Afastamento 2;Causa Afastamento 3;Motivo Desligamento;CBO Ocupação 2002;CNAE 2.0 Classe;CNAE 95 Classe;Distritos SP;Vínculo Ativo 31/12;Faixa Etária;Faixa Hora Contrat;Faixa Remun Dezem (SM);Faixa Remun Média (SM);Faixa Tempo Emprego;Escolaridade após 2005;Qtd Hora Contr;Idade;Ind CEI Vinculado;Ind Simples;Mês Admissão;Mês Desligamento;Mun Trab;Município;Nacionalidade;Natureza Jurídica;Ind Portador Defic;Qtd Dias Afastamento;Raça Cor;Regiões Adm DF;Vl Remun Dezembro Nom;Vl Remun Dezembro (SM);Vl Remun Média Nom;Vl Remun Média (SM);CNAE 2.0 Subclasse;Sexo Trabalhador;Tamanho Estabelecimento;Tempo Emprego;Tipo Admissão;Tipo Estab;Tipo Estab;Tipo Defic;Tipo Vínculo;IBGE Subsetor;Vl Rem Janeiro CC;Vl Rem Fevereiro CC;Vl Rem Março CC;Vl Rem Abril CC;Vl Rem Maio CC;Vl Rem Junho CC;Vl Rem Julho CC;Vl Rem Agosto CC;Vl Rem Setembro CC;Vl Rem Outubro CC;Vl Rem Novembro CC;Ano Chegada Brasil,"           {ñ class};           {ñ class};           {ñ class};99;99;99;21;513205;56112;55212;           {ñ class};0;05;06;00;04;02;                  01;  44;  38;0;1;00;01;290740;290740;10;2240;0;   0;08;0000;0000000000,00;000000,00;0000002432,94;000002,76;5611201;                  01;04;     5,5;00;01;CNPJ                ;00;10;21;000002432,94;000000000,00;000000000,00;000000000,00;000000000,00;"
E:\pdet\00_raw\pdet\microdados\RAIS\2016\CE2016.7z,CE2016.txt,1015921801,RAIS_VINCULOS,2016,CE,cp1252,';',sim,58,RAIS_VINCULOS 2016-2016,OK (nº de colunas) / 1 rótulo(s) diferentes,pos 43: dicionário='Tipo Estab (2a ocorrencia)' arquivo='Tipo Estab',Bairros SP;Bairros Fortaleza;Bairros RJ;Causa Afastamento 1;Causa Afastamento 2;Causa Afastamento 3;Motivo Desligamento;CBO Ocupação 2002;CNAE 2.0 Classe;CNAE 95 Classe;Distritos SP;Vínculo Ativo 31/12;Faixa Etária;Faixa Hora Contrat;Faixa Remun Dezem (SM);Faixa Remun Média (SM);Faixa Tempo Emprego;Escolaridade após 2005;Qtd Hora Contr;Idade;Ind CEI Vinculado;Ind Simples;Mês Admissão;Mês Desligamento;Mun Trab;Município;Nacionalidade;Natureza Jurídica;Ind Portador Defic;Qtd Dias Afastamento;Raça Cor;Regiões Adm DF;Vl Remun Dezembro Nom;Vl Remun Dezembro (SM);Vl Remun Média Nom;Vl Remun Média (SM);CNAE 2.0 Subclasse;Sexo Trabalhador;Tamanho Estabelecimento;Tempo Emprego;Tipo Admissão;Tipo Estab;Tipo Estab;Tipo Defic;Tipo Vínculo;IBGE Subsetor;Vl Rem Janeiro CC;Vl Rem Fevereiro CC;Vl Rem Março CC;Vl Rem Abril CC;Vl Rem Maio CC;Vl Rem Junho CC;Vl Rem Julho CC;Vl Rem Agosto CC;Vl Rem Setembro CC;Vl Rem Outubro CC;Vl Rem Novembro CC;Ano Chegada Brasil,"           {ñ class};                0054;           {ñ class};99;99;99;31;517420;41204;45217;           {ñ class};0;06;06;00;03;02;                  01;  44;  48;1;0;04;09;230440;230440;10;2062;0;   0;08;0000;0000000000,00;000000,00;0000001393,42;000001,57;4120400;                  01;04;     5,4;02;01;CNPJ                ;00;10;15;000000000,00;000000000,00;000000000,00;000001271,93;000001472,14;"
E:\pdet\00_raw\pdet\microdados\RAIS\2016\DF2016.7z,DF2016.txt,810385393,RAIS_VINCULOS,2016,DF,cp1252,';',sim,58,RAIS_VINCULOS 2016-2016,OK (nº de colunas) / 1 rótulo(s) diferentes,pos 43: dicionário='Tipo Estab (2a ocorrencia)' arquivo='Tipo Estab',Bairros SP;Bairros Fortaleza;Bairros RJ;Causa Afastamento 1;Causa Afastamento 2;Causa Afastamento 3;Motivo Desligamento;CBO Ocupação 2002;CNAE 2.0 Classe;CNAE 95 Classe;Distritos SP;Vínculo Ativo 31/12;Faixa Etária;Faixa Hora Contrat;Faixa Remun Dezem (SM);Faixa Remun Média (SM);Faixa Tempo Emprego;Escolaridade após 2005;Qtd Hora Contr;Idade;Ind CEI Vinculado;Ind Simples;Mês Admissão;Mês Desligamento;Mun Trab;Município;Nacionalidade;Natureza Jurídica;Ind Portador Defic;Qtd Dias Afastamento;Raça Cor;Regiões Adm DF;Vl Remun Dezembro Nom;Vl Remun Dezembro (SM);Vl Remun Média Nom;Vl Remun Média (SM);CNAE 2.0 Subclasse;Sexo Trabalhador;Tamanho Estabelecimento;Tempo Emprego;Tipo Admissão;Tipo Estab;Tipo Estab;Tipo Defic;Tipo Vínculo;IBGE Subsetor;Vl Rem Janeiro CC;Vl Rem Fevereiro CC;Vl Rem Março CC;Vl Rem Abril CC;Vl Rem Maio CC;Vl Rem Junho CC;Vl Rem Julho CC;Vl Rem Agosto CC;Vl Rem Setembro CC;Vl Rem Outubro CC;Vl Rem Novembro CC;Ano Chegada Brasil,"           {ñ class};           {ñ class};           {ñ class};99;99;99;11;715210;41204;45217;           {ñ class};0;08;06;00;03;06;                  01;  44;  65;1;0;00;02;530010;530010;10;2062;0;   0;02;0016;0000000000,00;000000,00;0000001564,16;000001,77;4120400;                  01;01;    41,2;00;01;CNPJ                ;00;10;15;000001450,68;000001677,64;000000000,00;000000000,00;000000000,00;"
E:\pdet\00_raw\pdet\microdados\RAIS\2016\ES2016.7z,ES2016.txt,639865417,RAIS_VINCULOS,2016,ES,cp1252,';',sim,58,RAIS_VINCULOS 2016-2016,OK (nº de colunas) / 1 rótulo(s) diferentes,pos 43: dicionário='Tipo Estab (2a ocorrencia)' arquivo='Tipo Estab',Bairros SP;Bairros Fortaleza;Bairros RJ;Causa Afastamento 1;Causa Afastamento 2;Causa Afastamento 3;Motivo Desligamento;CBO Ocupação 2002;CNAE 2.0 Classe;CNAE 95 Classe;Distritos SP;Vínculo Ativo 31/12;Faixa Etária;Faixa Hora Contrat;Faixa Remun Dezem (SM);Faixa Remun Média (SM);Faixa Tempo Emprego;Escolaridade após 2005;Qtd Hora Contr;Idade;Ind CEI Vinculado;Ind Simples;Mês Admissão;Mês Desligamento;Mun Trab;Município;Nacionalidade;Natureza Jurídica;Ind Portador Defic;Qtd Dias Afastamento;Raça Cor;Regiões Adm DF;Vl Remun Dezembro Nom;Vl Remun Dezembro (SM);Vl Remun Média Nom;Vl Remun Média (SM);CNAE 2.0 Subclasse;Sexo Trabalhador;Tamanho Estabelecimento;Tempo Emprego;Tipo Admissão;Tipo Estab;Tipo Estab;Tipo Defic;Tipo Vínculo;IBGE Subsetor;Vl Rem Janeiro CC;Vl Rem Fevereiro CC;Vl Rem Março CC;Vl Rem Abril CC;Vl Rem Maio CC;Vl Rem Junho CC;Vl Rem Julho CC;Vl Rem Agosto CC;Vl Rem Setembro CC;Vl Rem Outubro CC;Vl Rem Novembro CC;Ano Chegada Brasil,"           {ñ class};           {ñ class};           {ñ class};99;99;99;11;783210;43304;45500;           {ñ class};0;07;06;00;02;03;                  01;  44;  55;0;1;00;05;320500;320500;10;2062;0;   0;08;0000;0000000000,00;000000,00;0000000913,63;000001,03;4330499;                  01;04;     8,0;00;01;CNPJ                ;00;10;15;000000008,80;000000008,80;000000936,09;000000936,09;000000009,36;"
E:\pdet\00_raw\pdet\microdados\RAIS\2016\ESTB2016.7z,ESTB2016.txt,2125347898,RAIS_ESTAB,2016,,cp1252,';',?,24,RAIS_ESTAB 2014-2017,OK (nº de colunas) / 2 rótulo(s) diferentes,pos 21: dicionário='Tipo Estab (2a ocorrencia)' arquivo='Tipo Estab' | pos 24: dicionário='CEP Estb' arquivo='CEP Estab',Bairros SP;Bairros Fortaleza;Bairros RJ;CNAE 2.0 Classe;CNAE 95 Classe;Distritos SP;Qtd Vínculos CLT;Qtd Vínculos Ativos;Qtd Vínculos Estatutários;Ind Atividade Ano;Ind CEI Vinculado;Ind Estab Participa PAT;Ind Rais Negativa;Ind Simples;Município;Natureza Jurídica;Regiões Adm DF;CNAE 2.0 Subclasse;Tamanho Estabelecimento;Tipo Estab;Tipo Estab;UF;IBGE Subsetor;CEP Estab,           {ñ class};           {ñ class};           {ñ class};49302;60267;{ñ clas;00000000000000000002;00000000000000000002;00000000000000000000;1;0;0;                   0;1;110020;2062;                0000;4930201;02;01;Cnpj                ;11;20;76825481
E:\pdet\00_raw\pdet\microdados\RAIS\2016\GO2016.7z,GO2016.txt,1062636997,RAIS_VINCULOS,2016,GO,cp1252,';',sim,58,RAIS_VINCULOS 2016-2016,OK (nº de colunas) / 1 rótulo(s) diferentes,pos 43: dicionário='Tipo Estab (2a ocorrencia)' arquivo='Tipo Estab',Bairros SP;Bairros Fortaleza;Bairros RJ;Causa Afastamento 1;Causa Afastamento 2;Causa Afastamento 3;Motivo Desligamento;CBO Ocupação 2002;CNAE 2.0 Classe;CNAE 95 Classe;Distritos SP;Vínculo Ativo 31/12;Faixa Etária;Faixa Hora Contrat;Faixa Remun Dezem (SM);Faixa Remun Média (SM);Faixa Tempo Emprego;Escolaridade após 2005;Qtd Hora Contr;Idade;Ind CEI Vinculado;Ind Simples;Mês Admissão;Mês Desligamento;Mun Trab;Município;Nacionalidade;Natureza Jurídica;Ind Portador Defic;Qtd Dias Afastamento;Raça Cor;Regiões Adm DF;Vl Remun Dezembro Nom;Vl Remun Dezembro (SM);Vl Remun Média Nom;Vl Remun Média (SM);CNAE 2.0 Subclasse;Sexo Trabalhador;Tamanho Estabelecimento;Tempo Emprego;Tipo Admissão;Tipo Estab;Tipo Estab;Tipo Defic;Tipo Vínculo;IBGE Subsetor;Vl Rem Janeiro CC;Vl Rem Fevereiro CC;Vl Rem Março CC;Vl Rem Abril CC;Vl Rem Maio CC;Vl Rem Junho CC;Vl Rem Julho CC;Vl Rem Agosto CC;Vl Rem Setembro CC;Vl Rem Outubro CC;Vl Rem Novembro CC;Ano Chegada Brasil,"           {ñ class};           {ñ class};           {ñ class};99;99;99;11;717020;81214;74705;           {ñ class};0;07;06;00;01;02;                  01;  44;  62;0;1;00;05;520870;520870;10;2062;0;   0;02;0000;0000000000,00;000000,00;0000000874,13;000000,99;8121400;                  01;02;     4,8;00;01;CNPJ                ;00;10;21;000000008,80;000000008,80;000000850,67;000000008,80;000000008,80;"
E:\pdet\00_raw\pdet\microdados\RAIS\2016\MA2016.7z,MA2016.txt,457386285,RAIS_VINCULOS,2016,MA,cp1252,';',sim,58,RAIS_VINCULOS 2016-2016,OK (nº de colunas) / 1 rótulo(s) diferentes,pos 43: dicionário='Tipo Estab (2a ocorrencia)' arquivo='Tipo Estab',Bairros SP;Bairros Fortaleza;Bairros RJ;Causa Afastamento 1;Causa Afastamento 2;Causa Afastamento 3;Motivo Desligamento;CBO Ocupação 2002;CNAE 2.0 Classe;CNAE 95 Classe;Distritos SP;Vínculo Ativo 31/12;Faixa Etária;Faixa Hora Contrat;Faixa Remun Dezem (SM);Faixa Remun Média (SM);Faixa Tempo Emprego;Escolaridade após 2005;Qtd Hora Contr;Idade;Ind CEI Vinculado;Ind Simples;Mês Admissão;Mês Desligamento;Mun Trab;Município;Nacionalidade;Natureza Jurídica;Ind Portador Defic;Qtd Dias Afastamento;Raça Cor;Regiões Adm DF;Vl Remun Dezembro Nom;Vl Remun Dezembro (SM);Vl Remun Média Nom;Vl Remun Média (SM);CNAE 2.0 Subclasse;Sexo Trabalhador;Tamanho Estabelecimento;Tempo Emprego;Tipo Admissão;Tipo Estab;Tipo Estab;Tipo Defic;Tipo Vínculo;IBGE Subsetor;Vl Rem Janeiro CC;Vl Rem Fevereiro CC;Vl Rem Março CC;Vl Rem Abril CC;Vl Rem Maio CC;Vl Rem Junho CC;Vl Rem Julho CC;Vl Rem Agosto CC;Vl Rem Setembro CC;Vl Rem Outubro CC;Vl Rem Novembro CC;Ano Chegada Brasil,"           {ñ class};           {ñ class};           {ñ class};99;99;99;11;828110;23494;26492;           {ñ class};0;04;06;00;02;04;                  01;  44;  25;0;0;00;04;211020;211020;10;2062;0;   0;02;0000;0000000000,00;000000,00;0000001003,66;000001,13;2349499;                  01;05;    16,7;00;01;CNPJ                ;00;10;02;000000009,46;000001748,66;000000004,40;000000008,80;000000000,00;"
E:\pdet\00_raw\pdet\microdados\RAIS\2016\MG2016.7z,MG2016.txt,3400372485,RAIS_VINCULOS,2016,MG,cp1252,';',sim,58,RAIS_VINCULOS 2016-2016,OK (nº de colunas) / 1 rótulo(s) diferentes,pos 43: dicionário='Tipo Estab (2a ocorrencia)' arquivo='Tipo Estab',Bairros SP;Bairros Fortaleza;Bairros RJ;Causa Afastamento 1;Causa Afastamento 2;Causa Afastamento 3;Motivo Desligamento;CBO Ocupação 2002;CNAE 2.0 Classe;CNAE 95 Classe;Distritos SP;Vínculo Ativo 31/12;Faixa Etária;Faixa Hora Contrat;Faixa Remun Dezem (SM);Faixa Remun Média (SM);Faixa Tempo Emprego;Escolaridade após 2005;Qtd Hora Contr;Idade;Ind CEI Vinculado;Ind Simples;Mês Admissão;Mês Desligamento;Mun Trab;Município;Nacionalidade;Natureza Jurídica;Ind Portador Defic;Qtd Dias Afastamento;Raça Cor;Regiões Adm DF;Vl Remun Dezembro Nom;Vl Remun Dezembro (SM);Vl Remun Média Nom;Vl Remun Média (SM);CNAE 2.0 Subclasse;Sexo Trabalhador;Tamanho Estabelecimento;Tempo Emprego;Tipo Admissão;Tipo Estab;Tipo Estab;Tipo Defic;Tipo Vínculo;IBGE Subsetor;Vl Rem Janeiro CC;Vl Rem Fevereiro CC;Vl Rem Março CC;Vl Rem Abril CC;Vl Rem Maio CC;Vl Rem Junho CC;Vl Rem Julho CC;Vl Rem Agosto CC;Vl Rem Setembro CC;Vl Rem Outubro CC;Vl Rem Novembro CC;Ano Chegada Brasil,"           {ñ class};           {ñ class};           {ñ class};99;99;99;11;514325;07103;13102;           {ñ class};0;05;06;00;00;05;                  01;  41;  35;0;0;00;12;311800;311800;10;2054;0;   0;08;0000;0000000000,00;000000,00;0000000381,97;000000,43;0710301;                  01;10;    24,9;00;01;CNPJ                ;00;10;01;000000000,00;000000000,00;000000000,00;000000000,00;000000000,00;"
E:\pdet\00_raw\pdet\microdados\RAIS\2016\MS2016.7z,MS2016.txt,483000533,RAIS_VINCULOS,2016,MS,cp1252,';',sim,58,RAIS_VINCULOS 2016-2016,OK (nº de colunas) / 1 rótulo(s) diferentes,pos 43: dicionário='Tipo Estab (2a ocorrencia)' arquivo='Tipo Estab',Bairros SP;Bairros Fortaleza;Bairros RJ;Causa Afastamento 1;Causa Afastamento 2;Causa Afastamento 3;Motivo Desligamento;CBO Ocupação 2002;CNAE 2.0 Classe;CNAE 95 Classe;Distritos SP;Vínculo Ativo 31/12;Faixa Etária;Faixa Hora Contrat;Faixa Remun Dezem (SM);Faixa Remun Média (SM);Faixa Tempo Emprego;Escolaridade após 2005;Qtd Hora Contr;Idade;Ind CEI Vinculado;Ind Simples;Mês Admissão;Mês Desligamento;Mun Trab;Município;Nacionalidade;Natureza Jurídica;Ind Portador Defic;Qtd Dias Afastamento;Raça Cor;Regiões Adm DF;Vl Remun Dezembro Nom;Vl Remun Dezembro (SM);Vl Remun Média Nom;Vl Remun Média (SM);CNAE 2.0 Subclasse;Sexo Trabalhador;Tamanho Estabelecimento;Tempo Emprego;Tipo Admissão;Tipo Estab;Tipo Estab;Tipo Defic;Tipo Vínculo;IBGE Subsetor;Vl Rem Janeiro CC;Vl Rem Fevereiro CC;Vl Rem Março CC;Vl Rem Abril CC;Vl Rem Maio CC;Vl Rem Junho CC;Vl Rem Julho CC;Vl Rem Agosto CC;Vl Rem Setembro CC;Vl Rem Outubro CC;Vl Rem Novembro CC;Ano Chegada Brasil,"           {ñ class};           {ñ class};           {ñ class};99;99;99;11;641005;19314;24295;           {ñ class};0;06;06;00;06;07;                  01;  44;  43;0;0;00;12;500600;500600;10;2054;0;   0;02;0000;0000005338,35;000006,06;0000003977,98;000004,51;1931400;                  01;10;    80,1;00;01;CNPJ                ;00;10;10;000003781,44;000004359,45;000003396,80;000003472,04;000004004,26;"
E:\pdet\00_raw\pdet\microdados\RAIS\2016\MT2016.7z,MT2016.txt,625381233,RAIS_VINCULOS,2016,MT,cp1252,';',sim,58,RAIS_VINCULOS 2016-2016,OK (nº de colunas) / 1 rótulo(s) diferentes,pos 43: dicionário='Tipo Estab (2a ocorrencia)' arquivo='Tipo Estab',Bairros SP;Bairros Fortaleza;Bairros RJ;Causa Afastamento 1;Causa Afastamento 2;Causa Afastamento 3;Motivo Desligamento;CBO Ocupação 2002;CNAE 2.0 Classe;CNAE 95 Classe;Distritos SP;Vínculo Ativo 31/12;Faixa Etária;Faixa Hora Contrat;Faixa Remun Dezem (SM);Faixa Remun Média (SM);Faixa Tempo Emprego;Escolaridade após 2005;Qtd Hora Contr;Idade;Ind CEI Vinculado;Ind Simples;Mês Admissão;Mês Desligamento;Mun Trab;Município;Nacionalidade;Natureza Jurídica;Ind Portador Defic;Qtd Dias Afastamento;Raça Cor;Regiões Adm DF;Vl Remun Dezembro Nom;Vl Remun Dezembro (SM);Vl Remun Média Nom;Vl Remun Média (SM);CNAE 2.0 Subclasse;Sexo Trabalhador;Tamanho Estabelecimento;Tempo Emprego;Tipo Admissão;Tipo Estab;Tipo Estab;Tipo Defic;Tipo Vínculo;IBGE Subsetor;Vl Rem Janeiro CC;Vl Rem Fevereiro CC;Vl Rem Março CC;Vl Rem Abril CC;Vl Rem Maio CC;Vl Rem Junho CC;Vl Rem Julho CC;Vl Rem Agosto CC;Vl Rem Setembro CC;Vl Rem Outubro CC;Vl Rem Novembro CC;Ano Chegada Brasil,"           {ñ class};           {ñ class};           {ñ class};99;99;99;11;715210;47440;52442;           {ñ class};0;06;06;00;03;02;                  01;  44;  47;0;1;00;05;510760;510760;10;2062;0;   0;09;0000;0000000000,00;000000,00;0000001636,66;000001,85;4744099;                  01;04;     5,7;00;01;CNPJ                ;00;10;16;000000000,00;000000018,10;000000018,10;000001516,67;000000014,10;"
E:\pdet\00_raw\pdet\microdados\RAIS\2016\PA2016.7z,PA2016.txt,722070397,RAIS_VINCULOS,2016,PA,cp1252,';',sim,58,RAIS_VINCULOS 2016-2016,OK (nº de colunas) / 1 rótulo(s) diferentes,pos 43: dicionário='Tipo Estab (2a ocorrencia)' arquivo='Tipo Estab',Bairros SP;Bairros Fortaleza;Bairros RJ;Causa Afastamento 1;Causa Afastamento 2;Causa Afastamento 3;Motivo Desligamento;CBO Ocupação 2002;CNAE 2.0 Classe;CNAE 95 Classe;Distritos SP;Vínculo Ativo 31/12;Faixa Etária;Faixa Hora Contrat;Faixa Remun Dezem (SM);Faixa Remun Média (SM);Faixa Tempo Emprego;Escolaridade após 2005;Qtd Hora Contr;Idade;Ind CEI Vinculado;Ind Simples;Mês Admissão;Mês Desligamento;Mun Trab;Município;Nacionalidade;Natureza Jurídica;Ind Portador Defic;Qtd Dias Afastamento;Raça Cor;Regiões Adm DF;Vl Remun Dezembro Nom;Vl Remun Dezembro (SM);Vl Remun Média Nom;Vl Remun Média (SM);CNAE 2.0 Subclasse;Sexo Trabalhador;Tamanho Estabelecimento;Tempo Emprego;Tipo Admissão;Tipo Estab;Tipo Estab;Tipo Defic;Tipo Vínculo;IBGE Subsetor;Vl Rem Janeiro CC;Vl Rem Fevereiro CC;Vl Rem Março CC;Vl Rem Abril CC;Vl Rem Maio CC;Vl Rem Junho CC;Vl Rem Julho CC;Vl Rem Agosto CC;Vl Rem Setembro CC;Vl Rem Outubro CC;Vl Rem Novembro CC;Ano Chegada Brasil,"           {ñ class};           {ñ class};           {ñ class};99;99;99;11;517420;16102;20109;           {ñ class};0;07;06;00;02;07;                  01;  44;  59;0;1;00;06;150550;150550;10;2062;0;   0;04;0000;0000000000,00;000000,00;0000001184,79;000001,34;1610201;                  01;05;    91,5;00;01;CNPJ                ;00;10;07;000001184,80;000001184,80;000001184,80;000001184,80;000001184,80;"
E:\pdet\00_raw\pdet\microdados\RAIS\2016\PB2016.7z,PB2016.txt,402506493,RAIS_VINCULOS,2016,PB,cp1252,';',sim,58,RAIS_VINCULOS 2016-2016,OK (nº de colunas) / 1 rótulo(s) diferentes,pos 43: dicionário='Tipo Estab (2a ocorrencia)' arquivo='Tipo Estab',Bairros SP;Bairros Fortaleza;Bairros RJ;Causa Afastamento 1;Causa Afastamento 2;Causa Afastamento 3;Motivo Desligamento;CBO Ocupação 2002;CNAE 2.0 Classe;CNAE 95 Classe;Distritos SP;Vínculo Ativo 31/12;Faixa Etária;Faixa Hora Contrat;Faixa Remun Dezem (SM);Faixa Remun Média (SM);Faixa Tempo Emprego;Escolaridade após 2005;Qtd Hora Contr;Idade;Ind CEI Vinculado;Ind Simples;Mês Admissão;Mês Desligamento;Mun Trab;Município;Nacionalidade;Natureza Jurídica;Ind Portador Defic;Qtd Dias Afastamento;Raça Cor;Regiões Adm DF;Vl Remun Dezembro Nom;Vl Remun Dezembro (SM);Vl Remun Média Nom;Vl Remun Média (SM);CNAE 2.0 Subclasse;Sexo Trabalhador;Tamanho Estabelecimento;Tempo Emprego;Tipo Admissão;Tipo Estab;Tipo Estab;Tipo Defic;Tipo Vínculo;IBGE Subsetor;Vl Rem Janeiro CC;Vl Rem Fevereiro CC;Vl Rem Março CC;Vl Rem Abril CC;Vl Rem Maio CC;Vl Rem Junho CC;Vl Rem Julho CC;Vl Rem Agosto CC;Vl Rem Setembro CC;Vl Rem Outubro CC;Vl Rem Novembro CC;Ano Chegada Brasil,"           {ñ class};           {ñ class};           {ñ class};99;99;99;11;717020;41204;45217;           {ñ class};0;03;06;00;01;03;                  01;  44;  22;0;0;00;03;250400;250400;10;2305;0;   0;08;0000;0000000000,00;000000,00;0000000860,44;000000,97;4120400;                  01;03;     9,4;00;01;CNPJ                ;00;10;15;000000850,67;000000850,67;000000008,80;000000000,00;000000000,00;"
E:\pdet\00_raw\pdet\microdados\RAIS\2016\PE2016.7z,PE2016.txt,1069397025,RAIS_VINCULOS,2016,PE,cp1252,';',sim,58,RAIS_VINCULOS 2016-2016,OK (nº de colunas) / 1 rótulo(s) diferentes,pos 43: dicionário='Tipo Estab (2a ocorrencia)' arquivo='Tipo Estab',Bairros SP;Bairros Fortaleza;Bairros RJ;Causa Afastamento 1;Causa Afastamento 2;Causa Afastamento 3;Motivo Desligamento;CBO Ocupação 2002;CNAE 2.0 Classe;CNAE 95 Classe;Distritos SP;Vínculo Ativo 31/12;Faixa Etária;Faixa Hora Contrat;Faixa Remun Dezem (SM);Faixa Remun Média (SM);Faixa Tempo Emprego;Escolaridade após 2005;Qtd Hora Contr;Idade;Ind CEI Vinculado;Ind Simples;Mês Admissão;Mês Desligamento;Mun Trab;Município;Nacionalidade;Natureza Jurídica;Ind Portador Defic;Qtd Dias Afastamento;Raça Cor;Regiões Adm DF;Vl Remun Dezembro Nom;Vl Remun Dezembro (SM);Vl Remun Média Nom;Vl Remun Média (SM);CNAE 2.0 Subclasse;Sexo Trabalhador;Tamanho Estabelecimento;Tempo Emprego;Tipo Admissão;Tipo Estab;Tipo Estab;Tipo Defic;Tipo Vínculo;IBGE Subsetor;Vl Rem Janeiro CC;Vl Rem Fevereiro CC;Vl Rem Março CC;Vl Rem Abril CC;Vl Rem Maio CC;Vl Rem Junho CC;Vl Rem Julho CC;Vl Rem Agosto CC;Vl Rem Setembro CC;Vl Rem Outubro CC;Vl Rem Novembro CC;Ano Chegada Brasil,"           {ñ class};           {ñ class};           {ñ class};99;99;99;11;311710;23427;26417;           {ñ class};0;06;06;00;02;01;                  01;  44;  43;0;1;06;07;260410;260410;10;2062;0;   0;04;0000;0000000000,00;000000,00;0000000900,00;000001,02;2342702;                  01;02;     1,2;02;01;CNPJ                ;00;10;02;000000000,00;000000000,00;000000000,00;000000000,00;000000000,00;"
E:\pdet\00_raw\pdet\microdados\RAIS\2016\PI2016.7z,PI2016.txt,283861637,RAIS_VINCULOS,2016,PI,cp1252,';',sim,58,RAIS_VINCULOS 2016-2016,OK (nº de colunas) / 1 rótulo(s) diferentes,pos 43: dicionário='Tipo Estab (2a ocorrencia)' arquivo='Tipo Estab',Bairros SP;Bairros Fortaleza;Bairros RJ;Causa Afastamento 1;Causa Afastamento 2;Causa Afastamento 3;Motivo Desligamento;CBO Ocupação 2002;CNAE 2.0 Classe;CNAE 95 Classe;Distritos SP;Vínculo Ativo 31/12;Faixa Etária;Faixa Hora Contrat;Faixa Remun Dezem (SM);Faixa Remun Média (SM);Faixa Tempo Emprego;Escolaridade após 2005;Qtd Hora Contr;Idade;Ind CEI Vinculado;Ind Simples;Mês Admissão;Mês Desligamento;Mun Trab;Município;Nacionalidade;Natureza Jurídica;Ind Portador Defic;Qtd Dias Afastamento;Raça Cor;Regiões Adm DF;Vl Remun Dezembro Nom;Vl Remun Dezembro (SM);Vl Remun Média Nom;Vl Remun Média (SM);CNAE 2.0 Subclasse;Sexo Trabalhador;Tamanho Estabelecimento;Tempo Emprego;Tipo Admissão;Tipo Estab;Tipo Estab;Tipo Defic;Tipo Vínculo;IBGE Subsetor;Vl Rem Janeiro CC;Vl Rem Fevereiro CC;Vl Rem Março CC;Vl Rem Abril CC;Vl Rem Maio CC;Vl Rem Junho CC;Vl Rem Julho CC;Vl Rem Agosto CC;Vl Rem Setembro CC;Vl Rem Outubro CC;Vl Rem Novembro CC;Ano Chegada Brasil,"           {ñ class};           {ñ class};           {ñ class};99;99;99;11;752305;23427;26417;           {ñ class};0;05;06;00;01;04;                  01;  44;  31;0;1;00;04;220830;220830;10;2135;0;   0;08;0000;0000000000,00;000000,00;0000000880,00;000001,00;2342702;                  01;05;    12,3;00;01;CNPJ                ;00;10;02;000000008,80;000000008,80;000000008,80;000000008,80;000000000,00;"
E:\pdet\00_raw\pdet\microdados\RAIS\2016\PR2016.7z,PR2016.txt,2163707473,RAIS_VINCULOS,2016,PR,cp1252,';',sim,58,RAIS_VINCULOS 2016-2016,OK (nº de colunas) / 1 rótulo(s) diferentes,pos 43: dicionário='Tipo Estab (2a ocorrencia)' arquivo='Tipo Estab',Bairros SP;Bairros Fortaleza;Bairros RJ;Causa Afastamento 1;Causa Afastamento 2;Causa Afastamento 3;Motivo Desligamento;CBO Ocupação 2002;CNAE 2.0 Classe;CNAE 95 Classe;Distritos SP;Vínculo Ativo 31/12;Faixa Etária;Faixa Hora Contrat;Faixa Remun Dezem (SM);Faixa Remun Média (SM);Faixa Tempo Emprego;Escolaridade após 2005;Qtd Hora Contr;Idade;Ind CEI Vinculado;Ind Simples;Mês Admissão;Mês Desligamento;Mun Trab;Município;Nacionalidade;Natureza Jurídica;Ind Portador Defic;Qtd Dias Afastamento;Raça Cor;Regiões Adm DF;Vl Remun Dezembro Nom;Vl Remun Dezembro (SM);Vl Remun Média Nom;Vl Remun Média (SM);CNAE 2.0 Subclasse;Sexo Trabalhador;Tamanho Estabelecimento;Tempo Emprego;Tipo Admissão;Tipo Estab;Tipo Estab;Tipo Defic;Tipo Vínculo;IBGE Subsetor;Vl Rem Janeiro CC;Vl Rem Fevereiro CC;Vl Rem Março CC;Vl Rem Abril CC;Vl Rem Maio CC;Vl Rem Junho CC;Vl Rem Julho CC;Vl Rem Agosto CC;Vl Rem Setembro CC;Vl Rem Outubro CC;Vl Rem Novembro CC;Ano Chegada Brasil,"           {ñ class};           {ñ class};           {ñ class};99;99;99;11;632120;02101;02127;           {ñ class};0;06;06;00;02;05;                  01;  44;  46;0;0;00;03;412170;412170;10;2135;0;   0;02;0000;0000000000,00;000000,00;0000001094,83;000001,23;0210107;                  01;01;    28,4;00;01;CNPJ                ;00;10;25;000000011,50;000000011,50;000000984,49;000000000,00;000000000,00;"
E:\pdet\00_raw\pdet\microdados\RAIS\2016\RJ2016.7z,RJ2016.txt,2932922865,RAIS_VINCULOS,2016,RJ,cp1252,';',sim,58,RAIS_VINCULOS 2016-2016,OK (nº de colunas) / 1 rótulo(s) diferentes,pos 43: dicionário='Tipo Estab (2a ocorrencia)' arquivo='Tipo Estab',Bairros SP;Bairros Fortaleza;Bairros RJ;Causa Afastamento 1;Causa Afastamento 2;Causa Afastamento 3;Motivo Desligamento;CBO Ocupação 2002;CNAE 2.0 Classe;CNAE 95 Classe;Distritos SP;Vínculo Ativo 31/12;Faixa Etária;Faixa Hora Contrat;Faixa Remun Dezem (SM);Faixa Remun Média (SM);Faixa Tempo Emprego;Escolaridade após 2005;Qtd Hora Contr;Idade;Ind CEI Vinculado;Ind Simples;Mês Admissão;Mês Desligamento;Mun Trab;Município;Nacionalidade;Natureza Jurídica;Ind Portador Defic;Qtd Dias Afastamento;Raça Cor;Regiões Adm DF;Vl Remun Dezembro Nom;Vl Remun Dezembro (SM);Vl Remun Média Nom;Vl Remun Média (SM);CNAE 2.0 Subclasse;Sexo Trabalhador;Tamanho Estabelecimento;Tempo Emprego;Tipo Admissão;Tipo Estab;Tipo Estab;Tipo Defic;Tipo Vínculo;IBGE Subsetor;Vl Rem Janeiro CC;Vl Rem Fevereiro CC;Vl Rem Março CC;Vl Rem Abril CC;Vl Rem Maio CC;Vl Rem Junho CC;Vl Rem Julho CC;Vl Rem Agosto CC;Vl Rem Setembro CC;Vl Rem Outubro CC;Vl Rem Novembro CC;Ano Chegada Brasil,"           {ñ class};           {ñ class};                9999;99;99;99;11;782105;08100;14109;           {ñ class};0;05;06;00;99;03;                  01;  44;  39;0;1;00;02;330170;330170;10;2062;0;   0;08;0000;0000000000,00;000000,00;0000000000,00;000000,00;0810006;                  01;04;     6,0;00;01;CNPJ                ;00;10;01;000000000,00;000000000,00;000000000,00;000000000,00;000000000,00;"
E:\pdet\00_raw\pdet\microdados\RAIS\2016\RN2016.7z,RN2016.txt,394582929,RAIS_VINCULOS,2016,RN,cp1252,';',sim,58,RAIS_VINCULOS 2016-2016,OK (nº de colunas) / 1 rótulo(s) diferentes,pos 43: dicionário='Tipo Estab (2a ocorrencia)' arquivo='Tipo Estab',Bairros SP;Bairros Fortaleza;Bairros RJ;Causa Afastamento 1;Causa Afastamento 2;Causa Afastamento 3;Motivo Desligamento;CBO Ocupação 2002;CNAE 2.0 Classe;CNAE 95 Classe;Distritos SP;Vínculo Ativo 31/12;Faixa Etária;Faixa Hora Contrat;Faixa Remun Dezem (SM);Faixa Remun Média (SM);Faixa Tempo Emprego;Escolaridade após 2005;Qtd Hora Contr;Idade;Ind CEI Vinculado;Ind Simples;Mês Admissão;Mês Desligamento;Mun Trab;Município;Nacionalidade;Natureza Jurídica;Ind Portador Defic;Qtd Dias Afastamento;Raça Cor;Regiões Adm DF;Vl Remun Dezembro Nom;Vl Remun Dezembro (SM);Vl Remun Média Nom;Vl Remun Média (SM);CNAE 2.0 Subclasse;Sexo Trabalhador;Tamanho Estabelecimento;Tempo Emprego;Tipo Admissão;Tipo Estab;Tipo Estab;Tipo Defic;Tipo Vínculo;IBGE Subsetor;Vl Rem Janeiro CC;Vl Rem Fevereiro CC;Vl Rem Março CC;Vl Rem Abril CC;Vl Rem Maio CC;Vl Rem Junho CC;Vl Rem Julho CC;Vl Rem Agosto CC;Vl Rem Setembro CC;Vl Rem Outubro CC;Vl Rem Novembro CC;Ano Chegada Brasil,"           {ñ class};           {ñ class};           {ñ class};99;99;99;11;524105;45111;50105;           {ñ class};0;08;06;00;04;06;                  01;  44;  66;0;0;00;02;240325;240325;10;2062;0;   0;08;0000;0000000000,00;000000,00;0000001801,27;000002,04;4511101;                  01;05;    39,4;00;01;CNPJ                ;00;10;16;000001801,27;000000000,00;000000000,00;000000000,00;000000000,00;"
E:\pdet\00_raw\pdet\microdados\RAIS\2016\RO2016.7z,RO2016.txt,237447005,RAIS_VINCULOS,2016,RO,cp1252,';',sim,58,RAIS_VINCULOS 2016-2016,OK (nº de colunas) / 1 rótulo(s) diferentes,pos 43: dicionário='Tipo Estab (2a ocorrencia)' arquivo='Tipo Estab',Bairros SP;Bairros Fortaleza;Bairros RJ;Causa Afastamento 1;Causa Afastamento 2;Causa Afastamento 3;Motivo Desligamento;CBO Ocupação 2002;CNAE 2.0 Classe;CNAE 95 Classe;Distritos SP;Vínculo Ativo 31/12;Faixa Etária;Faixa Hora Contrat;Faixa Remun Dezem (SM);Faixa Remun Média (SM);Faixa Tempo Emprego;Escolaridade após 2005;Qtd Hora Contr;Idade;Ind CEI Vinculado;Ind Simples;Mês Admissão;Mês Desligamento;Mun Trab;Município;Nacionalidade;Natureza Jurídica;Ind Portador Defic;Qtd Dias Afastamento;Raça Cor;Regiões Adm DF;Vl Remun Dezembro Nom;Vl Remun Dezembro (SM);Vl Remun Média Nom;Vl Remun Média (SM);CNAE 2.0 Subclasse;Sexo Trabalhador;Tamanho Estabelecimento;Tempo Emprego;Tipo Admissão;Tipo Estab;Tipo Estab;Tipo Defic;Tipo Vínculo;IBGE Subsetor;Vl Rem Janeiro CC;Vl Rem Fevereiro CC;Vl Rem Março CC;Vl Rem Abril CC;Vl Rem Maio CC;Vl Rem Junho CC;Vl Rem Julho CC;Vl Rem Agosto CC;Vl Rem Setembro CC;Vl Rem Outubro CC;Vl Rem Novembro CC;Ano Chegada Brasil,"           {ñ class};           {ñ class};           {ñ class};99;99;99;11;724315;38319;37109;           {ñ class};0;04;06;00;03;05;                  01;  44;  27;0;1;00;03;110002;110002;10;2135;0;   0;02;0000;0000000000,00;000000,00;0000001338,54;000001,51;3831999;                  01;03;    29,5;00;01;CNPJ                ;00;10;03;000001118,74;000001423,90;000000014,73;000000000,00;000000000,00;"
E:\pdet\00_raw\pdet\microdados\RAIS\2016\RR2016.7z,RR2016.txt,62129137,RAIS_VINCULOS,2016,RR,cp1252,';',sim,58,RAIS_VINCULOS 2016-2016,OK (nº de colunas) / 1 rótulo(s) diferentes,pos 43: dicionário='Tipo Estab (2a ocorrencia)' arquivo='Tipo Estab',Bairros SP;Bairros Fortaleza;Bairros RJ;Causa Afastamento 1;Causa Afastamento 2;Causa Afastamento 3;Motivo Desligamento;CBO Ocupação 2002;CNAE 2.0 Classe;CNAE 95 Classe;Distritos SP;Vínculo Ativo 31/12;Faixa Etária;Faixa Hora Contrat;Faixa Remun Dezem (SM);Faixa Remun Média (SM);Faixa Tempo Emprego;Escolaridade após 2005;Qtd Hora Contr;Idade;Ind CEI Vinculado;Ind Simples;Mês Admissão;Mês Desligamento;Mun Trab;Município;Nacionalidade;Natureza Jurídica;Ind Portador Defic;Qtd Dias Afastamento;Raça Cor;Regiões Adm DF;Vl Remun Dezembro Nom;Vl Remun Dezembro (SM);Vl Remun Média Nom;Vl Remun Média (SM);CNAE 2.0 Subclasse;Sexo Trabalhador;Tamanho Estabelecimento;Tempo Emprego;Tipo Admissão;Tipo Estab;Tipo Estab;Tipo Defic;Tipo Vínculo;IBGE Subsetor;Vl Rem Janeiro CC;Vl Rem Fevereiro CC;Vl Rem Março CC;Vl Rem Abril CC;Vl Rem Maio CC;Vl Rem Junho CC;Vl Rem Julho CC;Vl Rem Agosto CC;Vl Rem Setembro CC;Vl Rem Outubro CC;Vl Rem Novembro CC;Ano Chegada Brasil,"           {ñ class};           {ñ class};           {ñ class};99;99;99;11;717020;41204;45217;           {ñ class};0;07;06;00;02;01;                  01;  44;  52;0;0;03;05;140010;140010;10;2062;0;   0;08;0000;0000000000,00;000000,00;0000000979,00;000001,11;4120400;                  01;02;     2,1;02;01;CNPJ                ;00;10;15;000000000,00;000000000,00;000000000,00;000000008,90;000000010,68;"
E:\pdet\00_raw\pdet\microdados\RAIS\2016\RS2016.7z,RS2016.txt,2049099661,RAIS_VINCULOS,2016,RS,cp1252,';',sim,58,RAIS_VINCULOS 2016-2016,OK (nº de colunas) / 1 rótulo(s) diferentes,pos 43: dicionário='Tipo Estab (2a ocorrencia)' arquivo='Tipo Estab',Bairros SP;Bairros Fortaleza;Bairros RJ;Causa Afastamento 1;Causa Afastamento 2;Causa Afastamento 3;Motivo Desligamento;CBO Ocupação 2002;CNAE 2.0 Classe;CNAE 95 Classe;Distritos SP;Vínculo Ativo 31/12;Faixa Etária;Faixa Hora Contrat;Faixa Remun Dezem (SM);Faixa Remun Média (SM);Faixa Tempo Emprego;Escolaridade após 2005;Qtd Hora Contr;Idade;Ind CEI Vinculado;Ind Simples;Mês Admissão;Mês Desligamento;Mun Trab;Município;Nacionalidade;Natureza Jurídica;Ind Portador Defic;Qtd Dias Afastamento;Raça Cor;Regiões Adm DF;Vl Remun Dezembro Nom;Vl Remun Dezembro (SM);Vl Remun Média Nom;Vl Remun Média (SM);CNAE 2.0 Subclasse;Sexo Trabalhador;Tamanho Estabelecimento;Tempo Emprego;Tipo Admissão;Tipo Estab;Tipo Estab;Tipo Defic;Tipo Vínculo;IBGE Subsetor;Vl Rem Janeiro CC;Vl Rem Fevereiro CC;Vl Rem Março CC;Vl Rem Abril CC;Vl Rem Maio CC;Vl Rem Junho CC;Vl Rem Julho CC;Vl Rem Agosto CC;Vl Rem Setembro CC;Vl Rem Outubro CC;Vl Rem Novembro CC;Ano Chegada Brasil,"           {ñ class};           {ñ class};           {ñ class};99;99;99;10;623310;10121;15121;           {ñ class};0;05;06;00;02;04;                  01;  44;  35;0;0;00;09;431230;431230;10;2062;0;   0;02;0000;0000000000,00;000000,00;0000001049,05;000001,18;1012101;                  01;09;    16,6;00;01;CNPJ                ;00;10;13;000001124,04;000001011,54;000001081,59;000001088,40;000001187,73;"
E:\pdet\00_raw\pdet\microdados\RAIS\2016\SC2016.7z,SC2016.txt,1610364309,RAIS_VINCULOS,2016,SC,cp1252,';',sim,58,RAIS_VINCULOS 2016-2016,OK (nº de colunas) / 1 rótulo(s) diferentes,pos 43: dicionário='Tipo Estab (2a ocorrencia)' arquivo='Tipo Estab',Bairros SP;Bairros Fortaleza;Bairros RJ;Causa Afastamento 1;Causa Afastamento 2;Causa Afastamento 3;Motivo Desligamento;CBO Ocupação 2002;CNAE 2.0 Classe;CNAE 95 Classe;Distritos SP;Vínculo Ativo 31/12;Faixa Etária;Faixa Hora Contrat;Faixa Remun Dezem (SM);Faixa Remun Média (SM);Faixa Tempo Emprego;Escolaridade após 2005;Qtd Hora Contr;Idade;Ind CEI Vinculado;Ind Simples;Mês Admissão;Mês Desligamento;Mun Trab;Município;Nacionalidade;Natureza Jurídica;Ind Portador Defic;Qtd Dias Afastamento;Raça Cor;Regiões Adm DF;Vl Remun Dezembro Nom;Vl Remun Dezembro (SM);Vl Remun Média Nom;Vl Remun Média (SM);CNAE 2.0 Subclasse;Sexo Trabalhador;Tamanho Estabelecimento;Tempo Emprego;Tipo Admissão;Tipo Estab;Tipo Estab;Tipo Defic;Tipo Vínculo;IBGE Subsetor;Vl Rem Janeiro CC;Vl Rem Fevereiro CC;Vl Rem Março CC;Vl Rem Abril CC;Vl Rem Maio CC;Vl Rem Junho CC;Vl Rem Julho CC;Vl Rem Agosto CC;Vl Rem Setembro CC;Vl Rem Outubro CC;Vl Rem Novembro CC;Ano Chegada Brasil,"           {ñ class};           {ñ class};           {ñ class};99;99;99;11;752305;23427;26417;           {ñ class};0;07;06;00;04;07;                  01;  44;  53;0;0;00;04;420460;420460;10;2062;0;   0;09;0000;0000000000,00;000000,00;0000002556,27;000002,90;2342701;                  01;09;    63,0;00;01;CNPJ                ;00;10;02;000002794,58;000002317,97;000000000,00;000000000,00;000000000,00;"
E:\pdet\00_raw\pdet\microdados\RAIS\2016\SE2016.7z,SE2016.txt,253482409,RAIS_VINCULOS,2016,SE,cp1252,';',sim,58,RAIS_VINCULOS 2016-2016,OK (nº de colunas) / 1 rótulo(s) diferentes,pos 43: dicionário='Tipo Estab (2a ocorrencia)' arquivo='Tipo Estab',Bairros SP;Bairros Fortaleza;Bairros RJ;Causa Afastamento 1;Causa Afastamento 2;Causa Afastamento 3;Motivo Desligamento;CBO Ocupação 2002;CNAE 2.0 Classe;CNAE 95 Classe;Distritos SP;Vínculo Ativo 31/12;Faixa Etária;Faixa Hora Contrat;Faixa Remun Dezem (SM);Faixa Remun Média (SM);Faixa Tempo Emprego;Escolaridade após 2005;Qtd Hora Contr;Idade;Ind CEI Vinculado;Ind Simples;Mês Admissão;Mês Desligamento;Mun Trab;Município;Nacionalidade;Natureza Jurídica;Ind Portador Defic;Qtd Dias Afastamento;Raça Cor;Regiões Adm DF;Vl Remun Dezembro Nom;Vl Remun Dezembro (SM);Vl Remun Média Nom;Vl Remun Média (SM);CNAE 2.0 Subclasse;Sexo Trabalhador;Tamanho Estabelecimento;Tempo Emprego;Tipo Admissão;Tipo Estab;Tipo Estab;Tipo Defic;Tipo Vínculo;IBGE Subsetor;Vl Rem Janeiro CC;Vl Rem Fevereiro CC;Vl Rem Março CC;Vl Rem Abril CC;Vl Rem Maio CC;Vl Rem Junho CC;Vl Rem Julho CC;Vl Rem Agosto CC;Vl Rem Setembro CC;Vl Rem Outubro CC;Vl Rem Novembro CC;Ano Chegada Brasil,"           {ñ class};           {ñ class};           {ñ class};99;99;99;11;717020;41204;45217;           {ñ class};0;07;06;00;01;05;                  01;  44;  50;0;0;00;05;280030;280030;10;2062;0;   0;08;0000;0000000000,00;000000,00;0000000830,99;000000,94;4120400;                  01;02;    26,1;00;01;CNPJ                ;00;10;15;000000859,38;000000809,81;000001255,78;000000003,99;000000000,00;"
E:\pdet\00_raw\pdet\microdados\RAIS\2016\SP2016.7z,SP2016.txt,9254330705,RAIS_VINCULOS,2016,SP,cp1252,';',sim,58,RAIS_VINCULOS 2016-2016,OK (nº de colunas) / 1 rótulo(s) diferentes,pos 43: dicionário='Tipo Estab (2a ocorrencia)' arquivo='Tipo Estab',Bairros SP;Bairros Fortaleza;Bairros RJ;Causa Afastamento 1;Causa Afastamento 2;Causa Afastamento 3;Motivo Desligamento;CBO Ocupação 2002;CNAE 2.0 Classe;CNAE 95 Classe;Distritos SP;Vínculo Ativo 31/12;Faixa Etária;Faixa Hora Contrat;Faixa Remun Dezem (SM);Faixa Remun Média (SM);Faixa Tempo Emprego;Escolaridade após 2005;Qtd Hora Contr;Idade;Ind CEI Vinculado;Ind Simples;Mês Admissão;Mês Desligamento;Mun Trab;Município;Nacionalidade;Natureza Jurídica;Ind Portador Defic;Qtd Dias Afastamento;Raça Cor;Regiões Adm DF;Vl Remun Dezembro Nom;Vl Remun Dezembro (SM);Vl Remun Média Nom;Vl Remun Média (SM);CNAE 2.0 Subclasse;Sexo Trabalhador;Tamanho Estabelecimento;Tempo Emprego;Tipo Admissão;Tipo Estab;Tipo Estab;Tipo Defic;Tipo Vínculo;IBGE Subsetor;Vl Rem Janeiro CC;Vl Rem Fevereiro CC;Vl Rem Março CC;Vl Rem Abril CC;Vl Rem Maio CC;Vl Rem Junho CC;Vl Rem Julho CC;Vl Rem Agosto CC;Vl Rem Setembro CC;Vl Rem Outubro CC;Vl Rem Novembro CC;Ano Chegada Brasil,"                9999;           {ñ class};           {ñ class};99;99;99;11;771105;31021;36129;                9999;0;07;06;00;03;07;                  01;  44;  64;0;0;00;09;352190;352190;10;2062;0;   0;02;0000;0000000000,00;000000,00;0000001513,58;000001,71;3102100;                  01;05;    62,0;00;01;CNPJ                ;00;10;07;000000014,94;000000014,94;000000014,94;000001994,68;000000014,94;"
E:\pdet\00_raw\pdet\microdados\RAIS\2016\TO2016.7z,TO2016.txt,186874813,RAIS_VINCULOS,2016,TO,cp1252,';',sim,58,RAIS_VINCULOS 2016-2016,OK (nº de colunas) / 1 rótulo(s) diferentes,pos 43: dicionário='Tipo Estab (2a ocorrencia)' arquivo='Tipo Estab',Bairros SP;Bairros Fortaleza;Bairros RJ;Causa Afastamento 1;Causa Afastamento 2;Causa Afastamento 3;Motivo Desligamento;CBO Ocupação 2002;CNAE 2.0 Classe;CNAE 95 Classe;Distritos SP;Vínculo Ativo 31/12;Faixa Etária;Faixa Hora Contrat;Faixa Remun Dezem (SM);Faixa Remun Média (SM);Faixa Tempo Emprego;Escolaridade após 2005;Qtd Hora Contr;Idade;Ind CEI Vinculado;Ind Simples;Mês Admissão;Mês Desligamento;Mun Trab;Município;Nacionalidade;Natureza Jurídica;Ind Portador Defic;Qtd Dias Afastamento;Raça Cor;Regiões Adm DF;Vl Remun Dezembro Nom;Vl Remun Dezembro (SM);Vl Remun Média Nom;Vl Remun Média (SM);CNAE 2.0 Subclasse;Sexo Trabalhador;Tamanho Estabelecimento;Tempo Emprego;Tipo Admissão;Tipo Estab;Tipo Estab;Tipo Defic;Tipo Vínculo;IBGE Subsetor;Vl Rem Janeiro CC;Vl Rem Fevereiro CC;Vl Rem Março CC;Vl Rem Abril CC;Vl Rem Maio CC;Vl Rem Junho CC;Vl Rem Julho CC;Vl Rem Agosto CC;Vl Rem Setembro CC;Vl Rem Outubro CC;Vl Rem Novembro CC;Ano Chegada Brasil,"           {ñ class};           {ñ class};           {ñ class};99;99;99;21;992225;81303;01619;           {ñ class};0;05;06;00;02;04;                  01;  44;  32;0;1;00;01;170210;170210;10;2062;0;   0;04;0000;0000000000,00;000000,00;0000000922,00;000001,04;8130300;                  01;03;    14,9;00;01;CNPJ                ;00;10;25;000000009,22;000000000,00;000000000,00;000000000,00;000000000,00;"
E:\pdet\00_raw\pdet\microdados\RAIS\2017\AC2017.7z,AC2017.txt,86551704,RAIS_VINCULOS,2017,AC,cp1252,';',sim,60,RAIS_VINCULOS 2017-2017,OK (nº de colunas) / 1 rótulo(s) diferentes,pos 43: dicionário='Tipo Estab (2a ocorrencia)' arquivo='Tipo Estab',Bairros SP;Bairros Fortaleza;Bairros RJ;Causa Afastamento 1;Causa Afastamento 2;Causa Afastamento 3;Motivo Desligamento;CBO Ocupação 2002;CNAE 2.0 Classe;CNAE 95 Classe;Distritos SP;Vínculo Ativo 31/12;Faixa Etária;Faixa Hora Contrat;Faixa Remun Dezem (SM);Faixa Remun Média (SM);Faixa Tempo Emprego;Escolaridade após 2005;Qtd Hora Contr;Idade;Ind CEI Vinculado;Ind Simples;Mês Admissão;Mês Desligamento;Mun Trab;Município;Nacionalidade;Natureza Jurídica;Ind Portador Defic;Qtd Dias Afastamento;Raça Cor;Regiões Adm DF;Vl Remun Dezembro Nom;Vl Remun Dezembro (SM);Vl Remun Média Nom;Vl Remun Média (SM);CNAE 2.0 Subclasse;Sexo Trabalhador;Tamanho Estabelecimento;Tempo Emprego;Tipo Admissão;Tipo Estab;Tipo Estab;Tipo Defic;Tipo Vínculo;IBGE Subsetor;Vl Rem Janeiro CC;Vl Rem Fevereiro CC;Vl Rem Março CC;Vl Rem Abril CC;Vl Rem Maio CC;Vl Rem Junho CC;Vl Rem Julho CC;Vl Rem Agosto CC;Vl Rem Setembro CC;Vl Rem Outubro CC;Vl Rem Novembro CC;Ano Chegada Brasil;Ind Trab Parcial;Ind Trab Intermitente,"           {ñ class};           {ñ class};           {ñ class};99;99;99;11;992225;42138;45225;           {ñ class};0;07;05;00;03;01;                  01;  40;  61;0;0;05;06;120040;120040;10;2011;0;   0;09;0000;0000000000,00;000000,00;0000001517,44;000001,61;4213800;                  01;08;     1,9;01;01;CNPJ                ;00;96;15;000000000,00;000000000,00;000000000,00;000000000,00;000001401,55;"
E:\pdet\00_raw\pdet\microdados\RAIS\2017\AL2017.7z,AL2017.txt,317226376,RAIS_VINCULOS,2017,AL,cp1252,';',sim,60,RAIS_VINCULOS 2017-2017,OK (nº de colunas) / 1 rótulo(s) diferentes,pos 43: dicionário='Tipo Estab (2a ocorrencia)' arquivo='Tipo Estab',Bairros SP;Bairros Fortaleza;Bairros RJ;Causa Afastamento 1;Causa Afastamento 2;Causa Afastamento 3;Motivo Desligamento;CBO Ocupação 2002;CNAE 2.0 Classe;CNAE 95 Classe;Distritos SP;Vínculo Ativo 31/12;Faixa Etária;Faixa Hora Contrat;Faixa Remun Dezem (SM);Faixa Remun Média (SM);Faixa Tempo Emprego;Escolaridade após 2005;Qtd Hora Contr;Idade;Ind CEI Vinculado;Ind Simples;Mês Admissão;Mês Desligamento;Mun Trab;Município;Nacionalidade;Natureza Jurídica;Ind Portador Defic;Qtd Dias Afastamento;Raça Cor;Regiões Adm DF;Vl Remun Dezembro Nom;Vl Remun Dezembro (SM);Vl Remun Média Nom;Vl Remun Média (SM);CNAE 2.0 Subclasse;Sexo Trabalhador;Tamanho Estabelecimento;Tempo Emprego;Tipo Admissão;Tipo Estab;Tipo Estab;Tipo Defic;Tipo Vínculo;IBGE Subsetor;Vl Rem Janeiro CC;Vl Rem Fevereiro CC;Vl Rem Março CC;Vl Rem Abril CC;Vl Rem Maio CC;Vl Rem Junho CC;Vl Rem Julho CC;Vl Rem Agosto CC;Vl Rem Setembro CC;Vl Rem Outubro CC;Vl Rem Novembro CC;Ano Chegada Brasil;Ind Trab Parcial;Ind Trab Intermitente,"           {ñ class};           {ñ class};           {ñ class};99;99;99;11;717020;41107;70106;           {ñ class};0;04;06;00;02;05;                  01;  44;  25;0;0;00;12;000000;270770;10;2062;0;   0;08;0000;0000000960,00;000001,02;0000001010,44;000001,07;4110700;                  01;03;    27,7;00;01;CNPJ                ;00;10;19;000001257,34;000000009,62;000000009,37;000000009,37;000000009,37;"
E:\pdet\00_raw\pdet\microdados\RAIS\2017\AM2017.7z,AM2017.txt,389327400,RAIS_VINCULOS,2017,AM,cp1252,';',sim,60,RAIS_VINCULOS 2017-2017,OK (nº de colunas) / 1 rótulo(s) diferentes,pos 43: dicionário='Tipo Estab (2a ocorrencia)' arquivo='Tipo Estab',Bairros SP;Bairros Fortaleza;Bairros RJ;Causa Afastamento 1;Causa Afastamento 2;Causa Afastamento 3;Motivo Desligamento;CBO Ocupação 2002;CNAE 2.0 Classe;CNAE 95 Classe;Distritos SP;Vínculo Ativo 31/12;Faixa Etária;Faixa Hora Contrat;Faixa Remun Dezem (SM);Faixa Remun Média (SM);Faixa Tempo Emprego;Escolaridade após 2005;Qtd Hora Contr;Idade;Ind CEI Vinculado;Ind Simples;Mês Admissão;Mês Desligamento;Mun Trab;Município;Nacionalidade;Natureza Jurídica;Ind Portador Defic;Qtd Dias Afastamento;Raça Cor;Regiões Adm DF;Vl Remun Dezembro Nom;Vl Remun Dezembro (SM);Vl Remun Média Nom;Vl Remun Média (SM);CNAE 2.0 Subclasse;Sexo Trabalhador;Tamanho Estabelecimento;Tempo Emprego;Tipo Admissão;Tipo Estab;Tipo Estab;Tipo Defic;Tipo Vínculo;IBGE Subsetor;Vl Rem Janeiro CC;Vl Rem Fevereiro CC;Vl Rem Março CC;Vl Rem Abril CC;Vl Rem Maio CC;Vl Rem Junho CC;Vl Rem Julho CC;Vl Rem Agosto CC;Vl Rem Setembro CC;Vl Rem Outubro CC;Vl Rem Novembro CC;Ano Chegada Brasil;Ind Trab Parcial;Ind Trab Intermitente,"           {ñ class};           {ñ class};           {ñ class};99;99;99;31;717020;41204;45217;           {ñ class};0;07;06;00;02;03;                  01;  44;  51;0;0;02;08;000000;130260;10;2062;0;   0;09;0000;0000000000,00;000000,00;0000001043,21;000001,11;4120400;                  01;05;     6,9;04;01;CNPJ                ;00;10;15;000000000,00;000000995,80;000000995,80;000001327,73;000000995,80;"
E:\pdet\00_raw\pdet\microdados\RAIS\2017\AP2017.7z,AP2017.txt,81037304,RAIS_VINCULOS,2017,AP,cp1252,';',sim,60,RAIS_VINCULOS 2017-2017,OK (nº de colunas) / 1 rótulo(s) diferentes,pos 43: dicionário='Tipo Estab (2a ocorrencia)' arquivo='Tipo Estab',Bairros SP;Bairros Fortaleza;Bairros RJ;Causa Afastamento 1;Causa Afastamento 2;Causa Afastamento 3;Motivo Desligamento;CBO Ocupação 2002;CNAE 2.0 Classe;CNAE 95 Classe;Distritos SP;Vínculo Ativo 31/12;Faixa Etária;Faixa Hora Contrat;Faixa Remun Dezem (SM);Faixa Remun Média (SM);Faixa Tempo Emprego;Escolaridade após 2005;Qtd Hora Contr;Idade;Ind CEI Vinculado;Ind Simples;Mês Admissão;Mês Desligamento;Mun Trab;Município;Nacionalidade;Natureza Jurídica;Ind Portador Defic;Qtd Dias Afastamento;Raça Cor;Regiões Adm DF;Vl Remun Dezembro Nom;Vl Remun Dezembro (SM);Vl Remun Média Nom;Vl Remun Média (SM);CNAE 2.0 Subclasse;Sexo Trabalhador;Tamanho Estabelecimento;Tempo Emprego;Tipo Admissão;Tipo Estab;Tipo Estab;Tipo Defic;Tipo Vínculo;IBGE Subsetor;Vl Rem Janeiro CC;Vl Rem Fevereiro CC;Vl Rem Março CC;Vl Rem Abril CC;Vl Rem Maio CC;Vl Rem Junho CC;Vl Rem Julho CC;Vl Rem Agosto CC;Vl Rem Setembro CC;Vl Rem Outubro CC;Vl Rem Novembro CC;Ano Chegada Brasil;Ind Trab Parcial;Ind Trab Intermitente,"           {ñ class};           {ñ class};           {ñ class};99;99;99;11;717020;43134;45136;           {ñ class};0;06;06;00;03;05;                  01;  44;  44;0;0;00;11;000000;160060;10;2062;0;   0;08;0000;0000000000,00;000000,00;0000001481,88;000001,57;4313400;                  01;05;    26,2;00;01;CNPJ                ;00;10;15;000001425,37;000001425,37;000001441,51;000001440,93;000001435,02;"
E:\pdet\00_raw\pdet\microdados\RAIS\2017\BA2017.7z,BA2017.txt,1477454672,RAIS_VINCULOS,2017,BA,cp1252,';',sim,60,RAIS_VINCULOS 2017-2017,OK (nº de colunas) / 1 rótulo(s) diferentes,pos 43: dicionário='Tipo Estab (2a ocorrencia)' arquivo='Tipo Estab',Bairros SP;Bairros Fortaleza;Bairros RJ;Causa Afastamento 1;Causa Afastamento 2;Causa Afastamento 3;Motivo Desligamento;CBO Ocupação 2002;CNAE 2.0 Classe;CNAE 95 Classe;Distritos SP;Vínculo Ativo 31/12;Faixa Etária;Faixa Hora Contrat;Faixa Remun Dezem (SM);Faixa Remun Média (SM);Faixa Tempo Emprego;Escolaridade após 2005;Qtd Hora Contr;Idade;Ind CEI Vinculado;Ind Simples;Mês Admissão;Mês Desligamento;Mun Trab;Município;Nacionalidade;Natureza Jurídica;Ind Portador Defic;Qtd Dias Afastamento;Raça Cor;Regiões Adm DF;Vl Remun Dezembro Nom;Vl Remun Dezembro (SM);Vl Remun Média Nom;Vl Remun Média (SM);CNAE 2.0 Subclasse;Sexo Trabalhador;Tamanho Estabelecimento;Tempo Emprego;Tipo Admissão;Tipo Estab;Tipo Estab;Tipo Defic;Tipo Vínculo;IBGE Subsetor;Vl Rem Janeiro CC;Vl Rem Fevereiro CC;Vl Rem Março CC;Vl Rem Abril CC;Vl Rem Maio CC;Vl Rem Junho CC;Vl Rem Julho CC;Vl Rem Agosto CC;Vl Rem Setembro CC;Vl Rem Outubro CC;Vl Rem Novembro CC;Ano Chegada Brasil;Ind Trab Parcial;Ind Trab Intermitente,"           {ñ class};           {ñ class};           {ñ class};99;99;99;11;717020;33147;29920;           {ñ class};0;07;06;00;03;06;                  01;  44;  50;0;0;00;09;000000;290570;10;2062;0;   0;08;0000;0000000000,00;000000,00;0000001861,20;000001,98;3314710;                  01;04;    41,0;00;01;CNPJ                ;00;10;04;000001749,03;000001669,12;000001524,17;000001582,79;000001582,79;"
E:\pdet\00_raw\pdet\microdados\RAIS\2017\CE2017.7z,CE2017.txt,998206464,RAIS_VINCULOS,2017,CE,cp1252,';',sim,60,RAIS_VINCULOS 2017-2017,OK (nº de colunas) / 1 rótulo(s) diferentes,pos 43: dicionário='Tipo Estab (2a ocorrencia)' arquivo='Tipo Estab',Bairros SP;Bairros Fortaleza;Bairros RJ;Causa Afastamento 1;Causa Afastamento 2;Causa Afastamento 3;Motivo Desligamento;CBO Ocupação 2002;CNAE 2.0 Classe;CNAE 95 Classe;Distritos SP;Vínculo Ativo 31/12;Faixa Etária;Faixa Hora Contrat;Faixa Remun Dezem (SM);Faixa Remun Média (SM);Faixa Tempo Emprego;Escolaridade após 2005;Qtd Hora Contr;Idade;Ind CEI Vinculado;Ind Simples;Mês Admissão;Mês Desligamento;Mun Trab;Município;Nacionalidade;Natureza Jurídica;Ind Portador Defic;Qtd Dias Afastamento;Raça Cor;Regiões Adm DF;Vl Remun Dezembro Nom;Vl Remun Dezembro (SM);Vl Remun Média Nom;Vl Remun Média (SM);CNAE 2.0 Subclasse;Sexo Trabalhador;Tamanho Estabelecimento;Tempo Emprego;Tipo Admissão;Tipo Estab;Tipo Estab;Tipo Defic;Tipo Vínculo;IBGE Subsetor;Vl Rem Janeiro CC;Vl Rem Fevereiro CC;Vl Rem Março CC;Vl Rem Abril CC;Vl Rem Maio CC;Vl Rem Junho CC;Vl Rem Julho CC;Vl Rem Agosto CC;Vl Rem Setembro CC;Vl Rem Outubro CC;Vl Rem Novembro CC;Ano Chegada Brasil;Ind Trab Parcial;Ind Trab Intermitente,"           {ñ class};                9999;           {ñ class};99;99;99;11;828110;23427;26417;           {ñ class};0;05;06;00;01;04;                  01;  44;  37;0;1;00;02;231290;231290;10;2062;0;   0;04;0000;0000000000,00;000000,00;0000000775,48;000000,82;2342702;                  01;05;    15,7;00;01;CNPJ                ;00;10;02;000000006,11;000000939,97;000000000,00;000000000,00;000000000,00;"
E:\pdet\00_raw\pdet\microdados\RAIS\2017\DF2017.7z,DF2017.txt,789881216,RAIS_VINCULOS,2017,DF,cp1252,';',sim,60,RAIS_VINCULOS 2017-2017,OK (nº de colunas) / 1 rótulo(s) diferentes,pos 43: dicionário='Tipo Estab (2a ocorrencia)' arquivo='Tipo Estab',Bairros SP;Bairros Fortaleza;Bairros RJ;Causa Afastamento 1;Causa Afastamento 2;Causa Afastamento 3;Motivo Desligamento;CBO Ocupação 2002;CNAE 2.0 Classe;CNAE 95 Classe;Distritos SP;Vínculo Ativo 31/12;Faixa Etária;Faixa Hora Contrat;Faixa Remun Dezem (SM);Faixa Remun Média (SM);Faixa Tempo Emprego;Escolaridade após 2005;Qtd Hora Contr;Idade;Ind CEI Vinculado;Ind Simples;Mês Admissão;Mês Desligamento;Mun Trab;Município;Nacionalidade;Natureza Jurídica;Ind Portador Defic;Qtd Dias Afastamento;Raça Cor;Regiões Adm DF;Vl Remun Dezembro Nom;Vl Remun Dezembro (SM);Vl Remun Média Nom;Vl Remun Média (SM);CNAE 2.0 Subclasse;Sexo Trabalhador;Tamanho Estabelecimento;Tempo Emprego;Tipo Admissão;Tipo Estab;Tipo Estab;Tipo Defic;Tipo Vínculo;IBGE Subsetor;Vl Rem Janeiro CC;Vl Rem Fevereiro CC;Vl Rem Março CC;Vl Rem Abril CC;Vl Rem Maio CC;Vl Rem Junho CC;Vl Rem Julho CC;Vl Rem Agosto CC;Vl Rem Setembro CC;Vl Rem Outubro CC;Vl Rem Novembro CC;Ano Chegada Brasil;Ind Trab Parcial;Ind Trab Intermitente,"           {ñ class};           {ñ class};           {ñ class};99;99;99;31;517420;47440;52442;           {ñ class};0;07;05;00;99;07;                  01;  36;  63;0;0;00;01;000000;530010;10;2062;0;   0;02;0017;0000000000,00;000000,00;0000000000,00;000000,00;4744099;                  01;04;    73,0;00;01;CNPJ                ;00;10;16;000000000,00;000000000,00;000000000,00;000000000,00;000000000,00;"
E:\pdet\00_raw\pdet\microdados\RAIS\2017\ES2017.7z,ES2017.txt,623112096,RAIS_VINCULOS,2017,ES,cp1252,';',sim,60,RAIS_VINCULOS 2017-2017,OK (nº de colunas) / 1 rótulo(s) diferentes,pos 43: dicionário='Tipo Estab (2a ocorrencia)' arquivo='Tipo Estab',Bairros SP;Bairros Fortaleza;Bairros RJ;Causa Afastamento 1;Causa Afastamento 2;Causa Afastamento 3;Motivo Desligamento;CBO Ocupação 2002;CNAE 2.0 Classe;CNAE 95 Classe;Distritos SP;Vínculo Ativo 31/12;Faixa Etária;Faixa Hora Contrat;Faixa Remun Dezem (SM);Faixa Remun Média (SM);Faixa Tempo Emprego;Escolaridade após 2005;Qtd Hora Contr;Idade;Ind CEI Vinculado;Ind Simples;Mês Admissão;Mês Desligamento;Mun Trab;Município;Nacionalidade;Natureza Jurídica;Ind Portador Defic;Qtd Dias Afastamento;Raça Cor;Regiões Adm DF;Vl Remun Dezembro Nom;Vl Remun Dezembro (SM);Vl Remun Média Nom;Vl Remun Média (SM);CNAE 2.0 Subclasse;Sexo Trabalhador;Tamanho Estabelecimento;Tempo Emprego;Tipo Admissão;Tipo Estab;Tipo Estab;Tipo Defic;Tipo Vínculo;IBGE Subsetor;Vl Rem Janeiro CC;Vl Rem Fevereiro CC;Vl Rem Março CC;Vl Rem Abril CC;Vl Rem Maio CC;Vl Rem Junho CC;Vl Rem Julho CC;Vl Rem Agosto CC;Vl Rem Setembro CC;Vl Rem Outubro CC;Vl Rem Novembro CC;Ano Chegada Brasil;Ind Trab Parcial;Ind Trab Intermitente,"           {ñ class};           {ñ class};           {ñ class};99;99;99;11;711225;23303;26301;           {ñ class};0;06;06;00;02;06;                  01;  44;  47;0;1;00;03;000000;320520;10;2062;0;   0;08;0000;0000000000,00;000000,00;0000001285,55;000001,36;2330399;                  01;04;    45,3;00;01;CNPJ                ;00;10;02;000001271,10;000000013,00;000000000,00;000000000,00;000000000,00;"
E:\pdet\00_raw\pdet\microdados\RAIS\2017\ESTB2017.7z,ESTB2017.txt,2120326665,RAIS_ESTAB,2017,,cp1252,';',?,24,RAIS_ESTAB 2014-2017,OK (nº de colunas) / 2 rótulo(s) diferentes,pos 21: dicionário='Tipo Estab (2a ocorrencia)' arquivo='Tipo Estab' | pos 24: dicionário='CEP Estb' arquivo='CEP Estab',Bairros SP;Bairros Fortaleza;Bairros RJ;CNAE 2.0 Classe;CNAE 95 Classe;Distritos SP;Qtd Vínculos CLT;Qtd Vínculos Ativos;Qtd Vínculos Estatutários;Ind Atividade Ano;Ind CEI Vinculado;Ind Estab Participa PAT;Ind Rais Negativa;Ind Simples;Município;Natureza Jurídica;Regiões Adm DF;CNAE 2.0 Subclasse;Tamanho Estabelecimento;Tipo Estab;Tipo Estab;UF;IBGE Subsetor;CEP Estab,           {ñ class};           {ñ class};           {ñ class};47717;52418;{ñ clas;00000000000000000003;00000000000000000003;00000000000000000000;1;0;0;                   0;1;110014;2062;                0000;4771701;02;01;Cnpj                ;11;16;76958000
E:\pdet\00_raw\pdet\microdados\RAIS\2017\GO2017.7z,GO2017.txt,1083599144,RAIS_VINCULOS,2017,GO,cp1252,';',sim,60,RAIS_VINCULOS 2017-2017,OK (nº de colunas) / 1 rótulo(s) diferentes,pos 43: dicionário='Tipo Estab (2a ocorrencia)' arquivo='Tipo Estab',Bairros SP;Bairros Fortaleza;Bairros RJ;Causa Afastamento 1;Causa Afastamento 2;Causa Afastamento 3;Motivo Desligamento;CBO Ocupação 2002;CNAE 2.0 Classe;CNAE 95 Classe;Distritos SP;Vínculo Ativo 31/12;Faixa Etária;Faixa Hora Contrat;Faixa Remun Dezem (SM);Faixa Remun Média (SM);Faixa Tempo Emprego;Escolaridade após 2005;Qtd Hora Contr;Idade;Ind CEI Vinculado;Ind Simples;Mês Admissão;Mês Desligamento;Mun Trab;Município;Nacionalidade;Natureza Jurídica;Ind Portador Defic;Qtd Dias Afastamento;Raça Cor;Regiões Adm DF;Vl Remun Dezembro Nom;Vl Remun Dezembro (SM);Vl Remun Média Nom;Vl Remun Média (SM);CNAE 2.0 Subclasse;Sexo Trabalhador;Tamanho Estabelecimento;Tempo Emprego;Tipo Admissão;Tipo Estab;Tipo Estab;Tipo Defic;Tipo Vínculo;IBGE Subsetor;Vl Rem Janeiro CC;Vl Rem Fevereiro CC;Vl Rem Março CC;Vl Rem Abril CC;Vl Rem Maio CC;Vl Rem Junho CC;Vl Rem Julho CC;Vl Rem Agosto CC;Vl Rem Setembro CC;Vl Rem Outubro CC;Vl Rem Novembro CC;Ano Chegada Brasil;Ind Trab Parcial;Ind Trab Intermitente,"           {ñ class};           {ñ class};           {ñ class};99;99;99;12;513505;52125;63118;           {ñ class};0;06;06;00;03;01;                  01;  43;  47;0;1;00;02;521190;521190;10;2135;0;   0;04;0000;0000000000,00;000000,00;0000001495,05;000001,59;5212500;                  01;03;     2,9;00;01;CNPJ                ;00;10;20;000000013,00;000001690,11;000000000,00;000000000,00;000000000,00;"
E:\pdet\00_raw\pdet\microdados\RAIS\2017\MA2017.7z,MA2017.txt,453550152,RAIS_VINCULOS,2017,MA,cp1252,';',sim,60,RAIS_VINCULOS 2017-2017,OK (nº de colunas) / 1 rótulo(s) diferentes,pos 43: dicionário='Tipo Estab (2a ocorrencia)' arquivo='Tipo Estab',Bairros SP;Bairros Fortaleza;Bairros RJ;Causa Afastamento 1;Causa Afastamento 2;Causa Afastamento 3;Motivo Desligamento;CBO Ocupação 2002;CNAE 2.0 Classe;CNAE 95 Classe;Distritos SP;Vínculo Ativo 31/12;Faixa Etária;Faixa Hora Contrat;Faixa Remun Dezem (SM);Faixa Remun Média (SM);Faixa Tempo Emprego;Escolaridade após 2005;Qtd Hora Contr;Idade;Ind CEI Vinculado;Ind Simples;Mês Admissão;Mês Desligamento;Mun Trab;Município;Nacionalidade;Natureza Jurídica;Ind Portador Defic;Qtd Dias Afastamento;Raça Cor;Regiões Adm DF;Vl Remun Dezembro Nom;Vl Remun Dezembro (SM);Vl Remun Média Nom;Vl Remun Média (SM);CNAE 2.0 Subclasse;Sexo Trabalhador;Tamanho Estabelecimento;Tempo Emprego;Tipo Admissão;Tipo Estab;Tipo Estab;Tipo Defic;Tipo Vínculo;IBGE Subsetor;Vl Rem Janeiro CC;Vl Rem Fevereiro CC;Vl Rem Março CC;Vl Rem Abril CC;Vl Rem Maio CC;Vl Rem Junho CC;Vl Rem Julho CC;Vl Rem Agosto CC;Vl Rem Setembro CC;Vl Rem Outubro CC;Vl Rem Novembro CC;Ano Chegada Brasil;Ind Trab Parcial;Ind Trab Intermitente,"           {ñ class};           {ñ class};           {ñ class};99;99;99;11;717020;41204;45217;           {ñ class};0;07;06;00;02;01;                  01;  44;  51;1;0;10;11;211130;211270;10;2062;0;   0;04;0000;0000000000,00;000000,00;0000001003,20;000001,07;4120400;                  01;05;     0,7;02;01;CNPJ                ;00;10;15;000000000,00;000000000,00;000000000,00;000000000,00;000000000,00;"
E:\pdet\00_raw\pdet\microdados\RAIS\2017\MG2017.7z,MG2017.txt,3389337656,RAIS_VINCULOS,2017,MG,cp1252,';',sim,60,RAIS_VINCULOS 2017-2017,OK (nº de colunas) / 1 rótulo(s) diferentes,pos 43: dicionário='Tipo Estab (2a ocorrencia)' arquivo='Tipo Estab',Bairros SP;Bairros Fortaleza;Bairros RJ;Causa Afastamento 1;Causa Afastamento 2;Causa Afastamento 3;Motivo Desligamento;CBO Ocupação 2002;CNAE 2.0 Classe;CNAE 95 Classe;Distritos SP;Vínculo Ativo 31/12;Faixa Etária;Faixa Hora Contrat;Faixa Remun Dezem (SM);Faixa Remun Média (SM);Faixa Tempo Emprego;Escolaridade após 2005;Qtd Hora Contr;Idade;Ind CEI Vinculado;Ind Simples;Mês Admissão;Mês Desligamento;Mun Trab;Município;Nacionalidade;Natureza Jurídica;Ind Portador Defic;Qtd Dias Afastamento;Raça Cor;Regiões Adm DF;Vl Remun Dezembro Nom;Vl Remun Dezembro (SM);Vl Remun Média Nom;Vl Remun Média (SM);CNAE 2.0 Subclasse;Sexo Trabalhador;Tamanho Estabelecimento;Tempo Emprego;Tipo Admissão;Tipo Estab;Tipo Estab;Tipo Defic;Tipo Vínculo;IBGE Subsetor;Vl Rem Janeiro CC;Vl Rem Fevereiro CC;Vl Rem Março CC;Vl Rem Abril CC;Vl Rem Maio CC;Vl Rem Junho CC;Vl Rem Julho CC;Vl Rem Agosto CC;Vl Rem Setembro CC;Vl Rem Outubro CC;Vl Rem Novembro CC;Ano Chegada Brasil;Ind Trab Parcial;Ind Trab Intermitente,"           {ñ class};           {ñ class};           {ñ class};99;99;99;12;717020;41204;45217;           {ñ class};0;07;06;00;99;01;                  01;  44;  50;0;0;02;02;000000;315250;10;2062;0;   0;09;0000;0000000000,00;000000,00;0000000000,00;000000,00;4120400;                  01;03;     0,1;04;01;CNPJ                ;00;10;15;000000000,00;000000000,00;000000000,00;000000000,00;000000000,00;"
E:\pdet\00_raw\pdet\microdados\RAIS\2017\MS2017.7z,MS2017.txt,488817424,RAIS_VINCULOS,2017,MS,cp1252,';',sim,60,RAIS_VINCULOS 2017-2017,OK (nº de colunas) / 1 rótulo(s) diferentes,pos 43: dicionário='Tipo Estab (2a ocorrencia)' arquivo='Tipo Estab',Bairros SP;Bairros Fortaleza;Bairros RJ;Causa Afastamento 1;Causa Afastamento 2;Causa Afastamento 3;Motivo Desligamento;CBO Ocupação 2002;CNAE 2.0 Classe;CNAE 95 Classe;Distritos SP;Vínculo Ativo 31/12;Faixa Etária;Faixa Hora Contrat;Faixa Remun Dezem (SM);Faixa Remun Média (SM);Faixa Tempo Emprego;Escolaridade após 2005;Qtd Hora Contr;Idade;Ind CEI Vinculado;Ind Simples;Mês Admissão;Mês Desligamento;Mun Trab;Município;Nacionalidade;Natureza Jurídica;Ind Portador Defic;Qtd Dias Afastamento;Raça Cor;Regiões Adm DF;Vl Remun Dezembro Nom;Vl Remun Dezembro (SM);Vl Remun Média Nom;Vl Remun Média (SM);CNAE 2.0 Subclasse;Sexo Trabalhador;Tamanho Estabelecimento;Tempo Emprego;Tipo Admissão;Tipo Estab;Tipo Estab;Tipo Defic;Tipo Vínculo;IBGE Subsetor;Vl Rem Janeiro CC;Vl Rem Fevereiro CC;Vl Rem Março CC;Vl Rem Abril CC;Vl Rem Maio CC;Vl Rem Junho CC;Vl Rem Julho CC;Vl Rem Agosto CC;Vl Rem Setembro CC;Vl Rem Outubro CC;Vl Rem Novembro CC;Ano Chegada Brasil;Ind Trab Parcial;Ind Trab Intermitente,"           {ñ class};           {ñ class};           {ñ class};99;99;99;11;513505;47296;52299;           {ñ class};0;03;06;00;02;02;                  01;  44;  18;0;1;08;12;000000;500270;10;2062;0;   0;08;0000;0000000940,27;000001,00;0000001009,42;000001,07;4729699;                  01;03;     4,6;02;01;CNPJ                ;00;10;16;000000000,00;000000000,00;000000000,00;000000000,00;000000000,00;"
E:\pdet\00_raw\pdet\microdados\RAIS\2017\MT2017.7z,MT2017.txt,633377664,RAIS_VINCULOS,2017,MT,cp1252,';',sim,60,RAIS_VINCULOS 2017-2017,OK (nº de colunas) / 1 rótulo(s) diferentes,pos 43: dicionário='Tipo Estab (2a ocorrencia)' arquivo='Tipo Estab',Bairros SP;Bairros Fortaleza;Bairros RJ;Causa Afastamento 1;Causa Afastamento 2;Causa Afastamento 3;Motivo Desligamento;CBO Ocupação 2002;CNAE 2.0 Classe;CNAE 95 Classe;Distritos SP;Vínculo Ativo 31/12;Faixa Etária;Faixa Hora Contrat;Faixa Remun Dezem (SM);Faixa Remun Média (SM);Faixa Tempo Emprego;Escolaridade após 2005;Qtd Hora Contr;Idade;Ind CEI Vinculado;Ind Simples;Mês Admissão;Mês Desligamento;Mun Trab;Município;Nacionalidade;Natureza Jurídica;Ind Portador Defic;Qtd Dias Afastamento;Raça Cor;Regiões Adm DF;Vl Remun Dezembro Nom;Vl Remun Dezembro (SM);Vl Remun Média Nom;Vl Remun Média (SM);CNAE 2.0 Subclasse;Sexo Trabalhador;Tamanho Estabelecimento;Tempo Emprego;Tipo Admissão;Tipo Estab;Tipo Estab;Tipo Defic;Tipo Vínculo;IBGE Subsetor;Vl Rem Janeiro CC;Vl Rem Fevereiro CC;Vl Rem Março CC;Vl Rem Abril CC;Vl Rem Maio CC;Vl Rem Junho CC;Vl Rem Julho CC;Vl Rem Agosto CC;Vl Rem Setembro CC;Vl Rem Outubro CC;Vl Rem Novembro CC;Ano Chegada Brasil;Ind Trab Parcial;Ind Trab Intermitente,"           {ñ class};           {ñ class};           {ñ class};99;99;99;11;717020;01610;01619;           {ñ class};0;05;06;00;01;03;                  01;  44;  35;0;1;00;05;000000;510790;10;2135;0;   0;08;0000;0000000000,00;000000,00;0000000810,92;000000,85;0161099;                  01;04;     8,4;00;01;CNPJ                ;00;10;25;000000915,77;000001058,38;000000952,74;000000316,80;000000000,00;"
E:\pdet\00_raw\pdet\microdados\RAIS\2017\PA2017.7z,PA2017.txt,724951840,RAIS_VINCULOS,2017,PA,cp1252,';',sim,60,RAIS_VINCULOS 2017-2017,OK (nº de colunas) / 1 rótulo(s) diferentes,pos 43: dicionário='Tipo Estab (2a ocorrencia)' arquivo='Tipo Estab',Bairros SP;Bairros Fortaleza;Bairros RJ;Causa Afastamento 1;Causa Afastamento 2;Causa Afastamento 3;Motivo Desligamento;CBO Ocupação 2002;CNAE 2.0 Classe;CNAE 95 Classe;Distritos SP;Vínculo Ativo 31/12;Faixa Etária;Faixa Hora Contrat;Faixa Remun Dezem (SM);Faixa Remun Média (SM);Faixa Tempo Emprego;Escolaridade após 2005;Qtd Hora Contr;Idade;Ind CEI Vinculado;Ind Simples;Mês Admissão;Mês Desligamento;Mun Trab;Município;Nacionalidade;Natureza Jurídica;Ind Portador Defic;Qtd Dias Afastamento;Raça Cor;Regiões Adm DF;Vl Remun Dezembro Nom;Vl Remun Dezembro (SM);Vl Remun Média Nom;Vl Remun Média (SM);CNAE 2.0 Subclasse;Sexo Trabalhador;Tamanho Estabelecimento;Tempo Emprego;Tipo Admissão;Tipo Estab;Tipo Estab;Tipo Defic;Tipo Vínculo;IBGE Subsetor;Vl Rem Janeiro CC;Vl Rem Fevereiro CC;Vl Rem Março CC;Vl Rem Abril CC;Vl Rem Maio CC;Vl Rem Junho CC;Vl Rem Julho CC;Vl Rem Agosto CC;Vl Rem Setembro CC;Vl Rem Outubro CC;Vl Rem Novembro CC;Ano Chegada Brasil;Ind Trab Parcial;Ind Trab Intermitente,"           {ñ class};           {ñ class};           {ñ class};99;99;99;11;513425;41204;45217;           {ñ class};0;08;06;00;02;07;                  01;  44;  65;0;0;00;03;150550;150550;10;2062;0;   0;08;0000;0000000000,00;000000,00;0000000994,84;000001,06;4120400;                  01;02;    62,6;00;01;CNPJ                ;00;10;15;000000994,85;000000994,85;000000994,84;000000000,00;000000000,00;"
E:\pdet\00_raw\pdet\microdados\RAIS\2017\PB2017.7z,PB2017.txt,401441512,RAIS_VINCULOS,2017,PB,cp1252,';',sim,60,RAIS_VINCULOS 2017-2017,OK (nº de colunas) / 1 rótulo(s) diferentes,pos 43: dicionário='Tipo Estab (2a ocorrencia)' arquivo='Tipo Estab',Bairros SP;Bairros Fortaleza;Bairros RJ;Causa Afastamento 1;Causa Afastamento 2;Causa Afastamento 3;Motivo Desligamento;CBO Ocupação 2002;CNAE 2.0 Classe;CNAE 95 Classe;Distritos SP;Vínculo Ativo 31/12;Faixa Etária;Faixa Hora Contrat;Faixa Remun Dezem (SM);Faixa Remun Média (SM);Faixa Tempo Emprego;Escolaridade após 2005;Qtd Hora Contr;Idade;Ind CEI Vinculado;Ind Simples;Mês Admissão;Mês Desligamento;Mun Trab;Município;Nacionalidade;Natureza Jurídica;Ind Portador Defic;Qtd Dias Afastamento;Raça Cor;Regiões Adm DF;Vl Remun Dezembro Nom;Vl Remun Dezembro (SM);Vl Remun Média Nom;Vl Remun Média (SM);CNAE 2.0 Subclasse;Sexo Trabalhador;Tamanho Estabelecimento;Tempo Emprego;Tipo Admissão;Tipo Estab;Tipo Estab;Tipo Defic;Tipo Vínculo;IBGE Subsetor;Vl Rem Janeiro CC;Vl Rem Fevereiro CC;Vl Rem Março CC;Vl Rem Abril CC;Vl Rem Maio CC;Vl Rem Junho CC;Vl Rem Julho CC;Vl Rem Agosto CC;Vl Rem Setembro CC;Vl Rem Outubro CC;Vl Rem Novembro CC;Ano Chegada Brasil;Ind Trab Parcial;Ind Trab Intermitente,"           {ñ class};           {ñ class};           {ñ class};99;99;99;31;517420;41204;45217;           {ñ class};0;07;06;00;02;08;                  01;  44;  62;0;0;00;05;000000;250750;10;2062;0;   0;08;0000;0000000000,00;000000,00;0000001271,35;000001,34;4120400;                  01;06;   143,4;00;01;CNPJ                ;00;10;15;000001207,80;000001207,80;000001207,80;000001366,68;000001366,68;"
E:\pdet\00_raw\pdet\microdados\RAIS\2017\PE2017.7z,PE2017.txt,1054625608,RAIS_VINCULOS,2017,PE,cp1252,';',sim,60,RAIS_VINCULOS 2017-2017,OK (nº de colunas) / 1 rótulo(s) diferentes,pos 43: dicionário='Tipo Estab (2a ocorrencia)' arquivo='Tipo Estab',Bairros SP;Bairros Fortaleza;Bairros RJ;Causa Afastamento 1;Causa Afastamento 2;Causa Afastamento 3;Motivo Desligamento;CBO Ocupação 2002;CNAE 2.0 Classe;CNAE 95 Classe;Distritos SP;Vínculo Ativo 31/12;Faixa Etária;Faixa Hora Contrat;Faixa Remun Dezem (SM);Faixa Remun Média (SM);Faixa Tempo Emprego;Escolaridade após 2005;Qtd Hora Contr;Idade;Ind CEI Vinculado;Ind Simples;Mês Admissão;Mês Desligamento;Mun Trab;Município;Nacionalidade;Natureza Jurídica;Ind Portador Defic;Qtd Dias Afastamento;Raça Cor;Regiões Adm DF;Vl Remun Dezembro Nom;Vl Remun Dezembro (SM);Vl Remun Média Nom;Vl Remun Média (SM);CNAE 2.0 Subclasse;Sexo Trabalhador;Tamanho Estabelecimento;Tempo Emprego;Tipo Admissão;Tipo Estab;Tipo Estab;Tipo Defic;Tipo Vínculo;IBGE Subsetor;Vl Rem Janeiro CC;Vl Rem Fevereiro CC;Vl Rem Março CC;Vl Rem Abril CC;Vl Rem Maio CC;Vl Rem Junho CC;Vl Rem Julho CC;Vl Rem Agosto CC;Vl Rem Setembro CC;Vl Rem Outubro CC;Vl Rem Novembro CC;Ano Chegada Brasil;Ind Trab Parcial;Ind Trab Intermitente,"           {ñ class};           {ñ class};           {ñ class};99;99;99;11;715125;42111;45225;           {ñ class};0;05;06;00;04;06;                  01;  44;  36;0;0;00;08;261160;261160;10;2062;0;   0;08;0000;0000000000,00;000000,00;0000002737,22;000002,91;4211102;                  01;06;    51,5;00;01;CNPJ                ;00;10;15;000003094,98;000003294,35;000002465,26;000002919,16;000003068,30;"
E:\pdet\00_raw\pdet\microdados\RAIS\2017\PI2017.7z,PI2017.txt,283258160,RAIS_VINCULOS,2017,PI,cp1252,';',sim,60,RAIS_VINCULOS 2017-2017,OK (nº de colunas) / 1 rótulo(s) diferentes,pos 43: dicionário='Tipo Estab (2a ocorrencia)' arquivo='Tipo Estab',Bairros SP;Bairros Fortaleza;Bairros RJ;Causa Afastamento 1;Causa Afastamento 2;Causa Afastamento 3;Motivo Desligamento;CBO Ocupação 2002;CNAE 2.0 Classe;CNAE 95 Classe;Distritos SP;Vínculo Ativo 31/12;Faixa Etária;Faixa Hora Contrat;Faixa Remun Dezem (SM);Faixa Remun Média (SM);Faixa Tempo Emprego;Escolaridade após 2005;Qtd Hora Contr;Idade;Ind CEI Vinculado;Ind Simples;Mês Admissão;Mês Desligamento;Mun Trab;Município;Nacionalidade;Natureza Jurídica;Ind Portador Defic;Qtd Dias Afastamento;Raça Cor;Regiões Adm DF;Vl Remun Dezembro Nom;Vl Remun Dezembro (SM);Vl Remun Média Nom;Vl Remun Média (SM);CNAE 2.0 Subclasse;Sexo Trabalhador;Tamanho Estabelecimento;Tempo Emprego;Tipo Admissão;Tipo Estab;Tipo Estab;Tipo Defic;Tipo Vínculo;IBGE Subsetor;Vl Rem Janeiro CC;Vl Rem Fevereiro CC;Vl Rem Março CC;Vl Rem Abril CC;Vl Rem Maio CC;Vl Rem Junho CC;Vl Rem Julho CC;Vl Rem Agosto CC;Vl Rem Setembro CC;Vl Rem Outubro CC;Vl Rem Novembro CC;Ano Chegada Brasil;Ind Trab Parcial;Ind Trab Intermitente,"           {ñ class};           {ñ class};           {ñ class};99;99;99;11;717020;41204;45217;           {ñ class};0;05;06;00;02;02;                  01;  44;  38;1;0;00;01;221100;221100;10;2062;0;   0;08;0000;0000000000,00;000000,00;0000000956,46;000001,02;4120400;                  01;02;     3,2;00;01;CNPJ                ;00;10;15;000000956,46;000000000,00;000000000,00;000000000,00;000000000,00;"
E:\pdet\00_raw\pdet\microdados\RAIS\2017\PR2017.7z,PR2017.txt,2138361856,RAIS_VINCULOS,2017,PR,cp1252,';',sim,60,RAIS_VINCULOS 2017-2017,OK (nº de colunas) / 1 rótulo(s) diferentes,pos 43: dicionário='Tipo Estab (2a ocorrencia)' arquivo='Tipo Estab',Bairros SP;Bairros Fortaleza;Bairros RJ;Causa Afastamento 1;Causa Afastamento 2;Causa Afastamento 3;Motivo Desligamento;CBO Ocupação 2002;CNAE 2.0 Classe;CNAE 95 Classe;Distritos SP;Vínculo Ativo 31/12;Faixa Etária;Faixa Hora Contrat;Faixa Remun Dezem (SM);Faixa Remun Média (SM);Faixa Tempo Emprego;Escolaridade após 2005;Qtd Hora Contr;Idade;Ind CEI Vinculado;Ind Simples;Mês Admissão;Mês Desligamento;Mun Trab;Município;Nacionalidade;Natureza Jurídica;Ind Portador Defic;Qtd Dias Afastamento;Raça Cor;Regiões Adm DF;Vl Remun Dezembro Nom;Vl Remun Dezembro (SM);Vl Remun Média Nom;Vl Remun Média (SM);CNAE 2.0 Subclasse;Sexo Trabalhador;Tamanho Estabelecimento;Tempo Emprego;Tipo Admissão;Tipo Estab;Tipo Estab;Tipo Defic;Tipo Vínculo;IBGE Subsetor;Vl Rem Janeiro CC;Vl Rem Fevereiro CC;Vl Rem Março CC;Vl Rem Abril CC;Vl Rem Maio CC;Vl Rem Junho CC;Vl Rem Julho CC;Vl Rem Agosto CC;Vl Rem Setembro CC;Vl Rem Outubro CC;Vl Rem Novembro CC;Ano Chegada Brasil;Ind Trab Parcial;Ind Trab Intermitente,"           {ñ class};           {ñ class};           {ñ class};99;99;99;12;784205;46346;51357;           {ñ class};0;06;06;00;03;01;                  01;  44;  40;0;0;00;02;000000;411745;10;2305;0;   0;09;0000;0000000000,00;000000,00;0000001453,60;000001,54;4634603;                  01;01;     2,9;00;01;CNPJ                ;00;10;17;000001513,40;000001393,81;000000000,00;000000000,00;000000000,00;"
E:\pdet\00_raw\pdet\microdados\RAIS\2017\RJ2017.7z,RJ2017.txt,2717644696,RAIS_VINCULOS,2017,RJ,cp1252,';',sim,60,RAIS_VINCULOS 2017-2017,OK (nº de colunas) / 1 rótulo(s) diferentes,pos 43: dicionário='Tipo Estab (2a ocorrencia)' arquivo='Tipo Estab',Bairros SP;Bairros Fortaleza;Bairros RJ;Causa Afastamento 1;Causa Afastamento 2;Causa Afastamento 3;Motivo Desligamento;CBO Ocupação 2002;CNAE 2.0 Classe;CNAE 95 Classe;Distritos SP;Vínculo Ativo 31/12;Faixa Etária;Faixa Hora Contrat;Faixa Remun Dezem (SM);Faixa Remun Média (SM);Faixa Tempo Emprego;Escolaridade após 2005;Qtd Hora Contr;Idade;Ind CEI Vinculado;Ind Simples;Mês Admissão;Mês Desligamento;Mun Trab;Município;Nacionalidade;Natureza Jurídica;Ind Portador Defic;Qtd Dias Afastamento;Raça Cor;Regiões Adm DF;Vl Remun Dezembro Nom;Vl Remun Dezembro (SM);Vl Remun Média Nom;Vl Remun Média (SM);CNAE 2.0 Subclasse;Sexo Trabalhador;Tamanho Estabelecimento;Tempo Emprego;Tipo Admissão;Tipo Estab;Tipo Estab;Tipo Defic;Tipo Vínculo;IBGE Subsetor;Vl Rem Janeiro CC;Vl Rem Fevereiro CC;Vl Rem Março CC;Vl Rem Abril CC;Vl Rem Maio CC;Vl Rem Junho CC;Vl Rem Julho CC;Vl Rem Agosto CC;Vl Rem Setembro CC;Vl Rem Outubro CC;Vl Rem Novembro CC;Ano Chegada Brasil;Ind Trab Parcial;Ind Trab Intermitente,"           {ñ class};           {ñ class};                9999;99;99;99;11;715210;41107;70106;           {ñ class};0;08;06;00;03;03;                  01;  44;  68;0;0;00;07;000000;330420;10;2062;0;   0;09;0000;0000000000,00;000000,00;0000001654,04;000001,76;4110700;                  01;04;    11,0;00;01;CNPJ                ;00;10;19;000001678,90;000001676,70;000001675,11;000001616,69;000001678,90;"
E:\pdet\00_raw\pdet\microdados\RAIS\2017\RN2017.7z,RN2017.txt,388456808,RAIS_VINCULOS,2017,RN,cp1252,';',sim,60,RAIS_VINCULOS 2017-2017,OK (nº de colunas) / 1 rótulo(s) diferentes,pos 43: dicionário='Tipo Estab (2a ocorrencia)' arquivo='Tipo Estab',Bairros SP;Bairros Fortaleza;Bairros RJ;Causa Afastamento 1;Causa Afastamento 2;Causa Afastamento 3;Motivo Desligamento;CBO Ocupação 2002;CNAE 2.0 Classe;CNAE 95 Classe;Distritos SP;Vínculo Ativo 31/12;Faixa Etária;Faixa Hora Contrat;Faixa Remun Dezem (SM);Faixa Remun Média (SM);Faixa Tempo Emprego;Escolaridade após 2005;Qtd Hora Contr;Idade;Ind CEI Vinculado;Ind Simples;Mês Admissão;Mês Desligamento;Mun Trab;Município;Nacionalidade;Natureza Jurídica;Ind Portador Defic;Qtd Dias Afastamento;Raça Cor;Regiões Adm DF;Vl Remun Dezembro Nom;Vl Remun Dezembro (SM);Vl Remun Média Nom;Vl Remun Média (SM);CNAE 2.0 Subclasse;Sexo Trabalhador;Tamanho Estabelecimento;Tempo Emprego;Tipo Admissão;Tipo Estab;Tipo Estab;Tipo Defic;Tipo Vínculo;IBGE Subsetor;Vl Rem Janeiro CC;Vl Rem Fevereiro CC;Vl Rem Março CC;Vl Rem Abril CC;Vl Rem Maio CC;Vl Rem Junho CC;Vl Rem Julho CC;Vl Rem Agosto CC;Vl Rem Setembro CC;Vl Rem Outubro CC;Vl Rem Novembro CC;Ano Chegada Brasil;Ind Trab Parcial;Ind Trab Intermitente,"           {ñ class};           {ñ class};           {ñ class};99;99;99;12;715210;47423;52442;           {ñ class};0;06;06;00;02;01;                  01;  44;  47;0;1;03;06;241200;241200;10;2062;0;   0;08;0000;0000000000,00;000000,00;0000001264,50;000001,34;4742300;                  01;02;     2,8;02;01;CNPJ                ;00;10;16;000000000,00;000000000,00;000000000,00;000001264,51;000001264,51;"
E:\pdet\00_raw\pdet\microdados\RAIS\2017\RO2017.7z,RO2017.txt,234961776,RAIS_VINCULOS,2017,RO,cp1252,';',sim,60,RAIS_VINCULOS 2017-2017,OK (nº de colunas) / 1 rótulo(s) diferentes,pos 43: dicionário='Tipo Estab (2a ocorrencia)' arquivo='Tipo Estab',Bairros SP;Bairros Fortaleza;Bairros RJ;Causa Afastamento 1;Causa Afastamento 2;Causa Afastamento 3;Motivo Desligamento;CBO Ocupação 2002;CNAE 2.0 Classe;CNAE 95 Classe;Distritos SP;Vínculo Ativo 31/12;Faixa Etária;Faixa Hora Contrat;Faixa Remun Dezem (SM);Faixa Remun Média (SM);Faixa Tempo Emprego;Escolaridade após 2005;Qtd Hora Contr;Idade;Ind CEI Vinculado;Ind Simples;Mês Admissão;Mês Desligamento;Mun Trab;Município;Nacionalidade;Natureza Jurídica;Ind Portador Defic;Qtd Dias Afastamento;Raça Cor;Regiões Adm DF;Vl Remun Dezembro Nom;Vl Remun Dezembro (SM);Vl Remun Média Nom;Vl Remun Média (SM);CNAE 2.0 Subclasse;Sexo Trabalhador;Tamanho Estabelecimento;Tempo Emprego;Tipo Admissão;Tipo Estab;Tipo Estab;Tipo Defic;Tipo Vínculo;IBGE Subsetor;Vl Rem Janeiro CC;Vl Rem Fevereiro CC;Vl Rem Março CC;Vl Rem Abril CC;Vl Rem Maio CC;Vl Rem Junho CC;Vl Rem Julho CC;Vl Rem Agosto CC;Vl Rem Setembro CC;Vl Rem Outubro CC;Vl Rem Novembro CC;Ano Chegada Brasil;Ind Trab Parcial;Ind Trab Intermitente,"           {ñ class};           {ñ class};           {ñ class};99;99;99;11;715115;43134;45136;           {ñ class};0;05;06;00;99;04;                  01;  44;  36;0;0;00;01;000000;110002;10;2305;0;   0;08;0000;0000000000,00;000000,00;0000000000,00;000000,00;4313400;                  01;05;    18,1;00;01;CNPJ                ;00;10;15;000000000,00;000000000,00;000000000,00;000000000,00;000000000,00;"
E:\pdet\00_raw\pdet\microdados\RAIS\2017\RR2017.7z,RR2017.txt,63660112,RAIS_VINCULOS,2017,RR,cp1252,';',sim,60,RAIS_VINCULOS 2017-2017,OK (nº de colunas) / 1 rótulo(s) diferentes,pos 43: dicionário='Tipo Estab (2a ocorrencia)' arquivo='Tipo Estab',Bairros SP;Bairros Fortaleza;Bairros RJ;Causa Afastamento 1;Causa Afastamento 2;Causa Afastamento 3;Motivo Desligamento;CBO Ocupação 2002;CNAE 2.0 Classe;CNAE 95 Classe;Distritos SP;Vínculo Ativo 31/12;Faixa Etária;Faixa Hora Contrat;Faixa Remun Dezem (SM);Faixa Remun Média (SM);Faixa Tempo Emprego;Escolaridade após 2005;Qtd Hora Contr;Idade;Ind CEI Vinculado;Ind Simples;Mês Admissão;Mês Desligamento;Mun Trab;Município;Nacionalidade;Natureza Jurídica;Ind Portador Defic;Qtd Dias Afastamento;Raça Cor;Regiões Adm DF;Vl Remun Dezembro Nom;Vl Remun Dezembro (SM);Vl Remun Média Nom;Vl Remun Média (SM);CNAE 2.0 Subclasse;Sexo Trabalhador;Tamanho Estabelecimento;Tempo Emprego;Tipo Admissão;Tipo Estab;Tipo Estab;Tipo Defic;Tipo Vínculo;IBGE Subsetor;Vl Rem Janeiro CC;Vl Rem Fevereiro CC;Vl Rem Março CC;Vl Rem Abril CC;Vl Rem Maio CC;Vl Rem Junho CC;Vl Rem Julho CC;Vl Rem Agosto CC;Vl Rem Setembro CC;Vl Rem Outubro CC;Vl Rem Novembro CC;Ano Chegada Brasil;Ind Trab Parcial;Ind Trab Intermitente,"           {ñ class};           {ñ class};           {ñ class};99;99;99;11;717020;41204;45217;           {ñ class};0;07;06;00;02;03;                  01;  44;  59;0;0;00;04;000000;140010;10;2062;0;   0;08;0000;0000000000,00;000000,00;0000001106,84;000001,17;4120400;                  01;07;     7,7;00;01;CNPJ                ;00;10;15;000001092,17;000001083,02;000001169,17;000001083,02;000000000,00;"
E:\pdet\00_raw\pdet\microdados\RAIS\2017\RS2017.7z,RS2017.txt,2030089296,RAIS_VINCULOS,2017,RS,cp1252,';',sim,60,RAIS_VINCULOS 2017-2017,OK (nº de colunas) / 1 rótulo(s) diferentes,pos 43: dicionário='Tipo Estab (2a ocorrencia)' arquivo='Tipo Estab',Bairros SP;Bairros Fortaleza;Bairros RJ;Causa Afastamento 1;Causa Afastamento 2;Causa Afastamento 3;Motivo Desligamento;CBO Ocupação 2002;CNAE 2.0 Classe;CNAE 95 Classe;Distritos SP;Vínculo Ativo 31/12;Faixa Etária;Faixa Hora Contrat;Faixa Remun Dezem (SM);Faixa Remun Média (SM);Faixa Tempo Emprego;Escolaridade após 2005;Qtd Hora Contr;Idade;Ind CEI Vinculado;Ind Simples;Mês Admissão;Mês Desligamento;Mun Trab;Município;Nacionalidade;Natureza Jurídica;Ind Portador Defic;Qtd Dias Afastamento;Raça Cor;Regiões Adm DF;Vl Remun Dezembro Nom;Vl Remun Dezembro (SM);Vl Remun Média Nom;Vl Remun Média (SM);CNAE 2.0 Subclasse;Sexo Trabalhador;Tamanho Estabelecimento;Tempo Emprego;Tipo Admissão;Tipo Estab;Tipo Estab;Tipo Defic;Tipo Vínculo;IBGE Subsetor;Vl Rem Janeiro CC;Vl Rem Fevereiro CC;Vl Rem Março CC;Vl Rem Abril CC;Vl Rem Maio CC;Vl Rem Junho CC;Vl Rem Julho CC;Vl Rem Agosto CC;Vl Rem Setembro CC;Vl Rem Outubro CC;Vl Rem Novembro CC;Ano Chegada Brasil;Ind Trab Parcial;Ind Trab Intermitente,"           {ñ class};           {ñ class};           {ñ class};99;99;99;12;715210;68102;70106;           {ñ class};0;07;06;00;03;02;                  01;  44;  51;0;0;08;11;430930;430930;10;2062;0;   0;04;0000;0000000000,00;000000,00;0000001521,99;000001,62;6810201;                  01;02;     3,0;02;01;CNPJ                ;00;10;19;000000000,00;000000000,00;000000000,00;000000000,00;000000000,00;"
E:\pdet\00_raw\pdet\microdados\RAIS\2017\SC2017.7z,SC2017.txt,1632581088,RAIS_VINCULOS,2017,SC,cp1252,';',sim,60,RAIS_VINCULOS 2017-2017,OK (nº de colunas) / 1 rótulo(s) diferentes,pos 43: dicionário='Tipo Estab (2a ocorrencia)' arquivo='Tipo Estab',Bairros SP;Bairros Fortaleza;Bairros RJ;Causa Afastamento 1;Causa Afastamento 2;Causa Afastamento 3;Motivo Desligamento;CBO Ocupação 2002;CNAE 2.0 Classe;CNAE 95 Classe;Distritos SP;Vínculo Ativo 31/12;Faixa Etária;Faixa Hora Contrat;Faixa Remun Dezem (SM);Faixa Remun Média (SM);Faixa Tempo Emprego;Escolaridade após 2005;Qtd Hora Contr;Idade;Ind CEI Vinculado;Ind Simples;Mês Admissão;Mês Desligamento;Mun Trab;Município;Nacionalidade;Natureza Jurídica;Ind Portador Defic;Qtd Dias Afastamento;Raça Cor;Regiões Adm DF;Vl Remun Dezembro Nom;Vl Remun Dezembro (SM);Vl Remun Média Nom;Vl Remun Média (SM);CNAE 2.0 Subclasse;Sexo Trabalhador;Tamanho Estabelecimento;Tempo Emprego;Tipo Admissão;Tipo Estab;Tipo Estab;Tipo Defic;Tipo Vínculo;IBGE Subsetor;Vl Rem Janeiro CC;Vl Rem Fevereiro CC;Vl Rem Março CC;Vl Rem Abril CC;Vl Rem Maio CC;Vl Rem Junho CC;Vl Rem Julho CC;Vl Rem Agosto CC;Vl Rem Setembro CC;Vl Rem Outubro CC;Vl Rem Novembro CC;Ano Chegada Brasil;Ind Trab Parcial;Ind Trab Intermitente,"           {ñ class};           {ñ class};           {ñ class};99;99;99;11;784205;10627;15520;           {ñ class};0;06;06;00;03;05;                  01;  44;  41;0;0;00;10;420660;420660;10;2062;0;   0;02;0000;0000000000,00;000000,00;0000001837,37;000001,95;1062700;                  01;05;    32,7;00;01;CNPJ                ;00;10;13;000001742,62;000002392,55;000001872,74;000001812,09;000001841,83;"
E:\pdet\00_raw\pdet\microdados\RAIS\2017\SE2017.7z,SE2017.txt,249913608,RAIS_VINCULOS,2017,SE,cp1252,';',sim,60,RAIS_VINCULOS 2017-2017,OK (nº de colunas) / 1 rótulo(s) diferentes,pos 43: dicionário='Tipo Estab (2a ocorrencia)' arquivo='Tipo Estab',Bairros SP;Bairros Fortaleza;Bairros RJ;Causa Afastamento 1;Causa Afastamento 2;Causa Afastamento 3;Motivo Desligamento;CBO Ocupação 2002;CNAE 2.0 Classe;CNAE 95 Classe;Distritos SP;Vínculo Ativo 31/12;Faixa Etária;Faixa Hora Contrat;Faixa Remun Dezem (SM);Faixa Remun Média (SM);Faixa Tempo Emprego;Escolaridade após 2005;Qtd Hora Contr;Idade;Ind CEI Vinculado;Ind Simples;Mês Admissão;Mês Desligamento;Mun Trab;Município;Nacionalidade;Natureza Jurídica;Ind Portador Defic;Qtd Dias Afastamento;Raça Cor;Regiões Adm DF;Vl Remun Dezembro Nom;Vl Remun Dezembro (SM);Vl Remun Média Nom;Vl Remun Média (SM);CNAE 2.0 Subclasse;Sexo Trabalhador;Tamanho Estabelecimento;Tempo Emprego;Tipo Admissão;Tipo Estab;Tipo Estab;Tipo Defic;Tipo Vínculo;IBGE Subsetor;Vl Rem Janeiro CC;Vl Rem Fevereiro CC;Vl Rem Março CC;Vl Rem Abril CC;Vl Rem Maio CC;Vl Rem Junho CC;Vl Rem Julho CC;Vl Rem Agosto CC;Vl Rem Setembro CC;Vl Rem Outubro CC;Vl Rem Novembro CC;Ano Chegada Brasil;Ind Trab Parcial;Ind Trab Intermitente,"           {ñ class};           {ñ class};           {ñ class};99;99;99;11;622110;01130;01139;           {ñ class};0;05;06;00;01;02;                  01;  44;  37;0;1;00;01;000000;280130;10;2062;0;   0;08;0000;0000000000,00;000000,00;0000000519,63;000000,55;0113000;                  01;07;     3,9;00;01;CNPJ                ;00;20;25;000000519,63;000000000,00;000000000,00;000000000,00;000000000,00;"
E:\pdet\00_raw\pdet\microdados\RAIS\2017\SP2017.7z,SP2017.txt,9110660880,RAIS_VINCULOS,2017,SP,cp1252,';',sim,60,RAIS_VINCULOS 2017-2017,OK (nº de colunas) / 1 rótulo(s) diferentes,pos 43: dicionário='Tipo Estab (2a ocorrencia)' arquivo='Tipo Estab',Bairros SP;Bairros Fortaleza;Bairros RJ;Causa Afastamento 1;Causa Afastamento 2;Causa Afastamento 3;Motivo Desligamento;CBO Ocupação 2002;CNAE 2.0 Classe;CNAE 95 Classe;Distritos SP;Vínculo Ativo 31/12;Faixa Etária;Faixa Hora Contrat;Faixa Remun Dezem (SM);Faixa Remun Média (SM);Faixa Tempo Emprego;Escolaridade após 2005;Qtd Hora Contr;Idade;Ind CEI Vinculado;Ind Simples;Mês Admissão;Mês Desligamento;Mun Trab;Município;Nacionalidade;Natureza Jurídica;Ind Portador Defic;Qtd Dias Afastamento;Raça Cor;Regiões Adm DF;Vl Remun Dezembro Nom;Vl Remun Dezembro (SM);Vl Remun Média Nom;Vl Remun Média (SM);CNAE 2.0 Subclasse;Sexo Trabalhador;Tamanho Estabelecimento;Tempo Emprego;Tipo Admissão;Tipo Estab;Tipo Estab;Tipo Defic;Tipo Vínculo;IBGE Subsetor;Vl Rem Janeiro CC;Vl Rem Fevereiro CC;Vl Rem Março CC;Vl Rem Abril CC;Vl Rem Maio CC;Vl Rem Junho CC;Vl Rem Julho CC;Vl Rem Agosto CC;Vl Rem Setembro CC;Vl Rem Outubro CC;Vl Rem Novembro CC;Ano Chegada Brasil;Ind Trab Parcial;Ind Trab Intermitente,"                9999;           {ñ class};           {ñ class};99;99;99;11;717020;43916;45128;                9999;0;06;06;00;03;02;                  01;  44;  43;0;0;06;11;353470;354100;10;2062;0;   0;02;0000;0000000000,00;000000,00;0000001577,33;000001,67;4391600;                  01;07;     5,2;02;01;CNPJ                ;00;10;15;000000000,00;000000000,00;000000000,00;000000000,00;000000000,00;"
E:\pdet\00_raw\pdet\microdados\RAIS\2017\TO2017.7z,TO2017.txt,198010904,RAIS_VINCULOS,2017,TO,cp1252,';',sim,60,RAIS_VINCULOS 2017-2017,OK (nº de colunas) / 1 rótulo(s) diferentes,pos 43: dicionário='Tipo Estab (2a ocorrencia)' arquivo='Tipo Estab',Bairros SP;Bairros Fortaleza;Bairros RJ;Causa Afastamento 1;Causa Afastamento 2;Causa Afastamento 3;Motivo Desligamento;CBO Ocupação 2002;CNAE 2.0 Classe;CNAE 95 Classe;Distritos SP;Vínculo Ativo 31/12;Faixa Etária;Faixa Hora Contrat;Faixa Remun Dezem (SM);Faixa Remun Média (SM);Faixa Tempo Emprego;Escolaridade após 2005;Qtd Hora Contr;Idade;Ind CEI Vinculado;Ind Simples;Mês Admissão;Mês Desligamento;Mun Trab;Município;Nacionalidade;Natureza Jurídica;Ind Portador Defic;Qtd Dias Afastamento;Raça Cor;Regiões Adm DF;Vl Remun Dezembro Nom;Vl Remun Dezembro (SM);Vl Remun Média Nom;Vl Remun Média (SM);CNAE 2.0 Subclasse;Sexo Trabalhador;Tamanho Estabelecimento;Tempo Emprego;Tipo Admissão;Tipo Estab;Tipo Estab;Tipo Defic;Tipo Vínculo;IBGE Subsetor;Vl Rem Janeiro CC;Vl Rem Fevereiro CC;Vl Rem Março CC;Vl Rem Abril CC;Vl Rem Maio CC;Vl Rem Junho CC;Vl Rem Julho CC;Vl Rem Agosto CC;Vl Rem Setembro CC;Vl Rem Outubro CC;Vl Rem Novembro CC;Ano Chegada Brasil;Ind Trab Parcial;Ind Trab Intermitente,"           {ñ class};           {ñ class};           {ñ class};99;99;99;12;783215;10112;15113;           {ñ class};0;06;06;00;02;01;                  01;  44;  45;0;0;01;04;170070;170070;10;2062;0;   0;08;0000;0000000000,00;000000,00;0000001289,56;000001,37;1011201;                  01;08;     2,9;02;01;CNPJ                ;00;10;13;000001289,98;000001274,64;000001384,44;000001209,18;000000000,00;"
E:\pdet\00_raw\pdet\microdados\RAIS\2018\RAIS_ESTAB_PUB.7z,RAIS_ESTAB_PUB.txt,2093261165,RAIS_ESTAB,2018,,cp1252,';',?,24,RAIS_ESTAB 2018-2025,OK (nº de colunas) / 2 rótulo(s) diferentes,pos 21: dicionário='Tipo Estab (2a ocorrencia)' arquivo='Tipo Estab' | pos 24: dicionário='CEP Estb' arquivo='CEP Estab',Bairros SP;Bairros Fortaleza;Bairros RJ;CNAE 2.0 Classe;CNAE 95 Classe;Distritos SP;Qtd Vínculos CLT;Qtd Vínculos Ativos;Qtd Vínculos Estatutários;Ind Atividade Ano;Ind CEI Vinculado;Ind Estab Participa PAT;Ind Rais Negativa;Ind Simples;Município;Natureza Jurídica;Regiões Adm DF;CNAE 2.0 Subclasse;Tamanho Estabelecimento;Tipo Estab;Tipo Estab;UF;IBGE Subsetor;CEP Estab,           {ñ class};           {ñ class};           {ñ class};45439;50423;{ñ clas;00000000000000000001;00000000000000000001;00000000000000000000;1;0;0;                   0;1;110010;2135;                0000;4543900;02;01;Cnpj                ;11;16;76850000
E:\pdet\00_raw\pdet\microdados\RAIS\2018\RAIS_VINC_PUB_CENTRO_OESTE.7z,RAIS_VINC_PUB_CENTRO_OESTE.txt,3093283899,RAIS_VINCULOS,2018,CENTRO_OESTE,cp1252,';',sim,62,RAIS_VINCULOS 2018-2019,OK (nº de colunas) / 4 rótulo(s) diferentes,pos 43: dicionário='Tipo Estab (2a ocorrencia)' arquivo='Tipo Estab' | pos 59: dicionário='Ind Trab Parcial' arquivo='Ind Trab Intermitente' | pos 60: dicionário='Ind Trab Intermitente' arquivo='Ind Trab Parcial' | pos 62: dicionário='Salário Contratual' arquivo='Vl Salário Contratual',Bairros SP;Bairros Fortaleza;Bairros RJ;Causa Afastamento 1;Causa Afastamento 2;Causa Afastamento 3;Motivo Desligamento;CBO Ocupação 2002;CNAE 2.0 Classe;CNAE 95 Classe;Distritos SP;Vínculo Ativo 31/12;Faixa Etária;Faixa Hora Contrat;Faixa Remun Dezem (SM);Faixa Remun Média (SM);Faixa Tempo Emprego;Escolaridade após 2005;Qtd Hora Contr;Idade;Ind CEI Vinculado;Ind Simples;Mês Admissão;Mês Desligamento;Mun Trab;Município;Nacionalidade;Natureza Jurídica;Ind Portador Defic;Qtd Dias Afastamento;Raça Cor;Regiões Adm DF;Vl Remun Dezembro Nom;Vl Remun Dezembro (SM);Vl Remun Média Nom;Vl Remun Média (SM);CNAE 2.0 Subclasse;Sexo Trabalhador;Tamanho Estabelecimento;Tempo Emprego;Tipo Admissão;Tipo Estab;Tipo Estab;Tipo Defic;Tipo Vínculo;IBGE Subsetor;Vl Rem Janeiro CC;Vl Rem Fevereiro CC;Vl Rem Março CC;Vl Rem Abril CC;Vl Rem Maio CC;Vl Rem Junho CC;Vl Rem Julho CC;Vl Rem Agosto CC;Vl Rem Setembro CC;Vl Rem Outubro CC;Vl Rem Novembro CC;Ano Chegada Brasil;Ind Trab Intermitente;Ind Trab Parcial;Tipo Salário;Vl Salário Contratual,"           {ñ class};           {ñ class};           {ñ class};99;99;99;11;632125;02101;02119;           {ñ class};0;07;06;00;02;03;                  01;  44;  59;0;1;00;01;355030;500270;10;2062;0;   0;04;0000;0000000000,00;000000,00;0000001036,00;000001,08;0210101;                  01;04;     6,4;00;01;CNPJ                ;00;10;25;000000010,36;000000000,00;000000000,00;000000000,00;000000000,00;"
E:\pdet\00_raw\pdet\microdados\RAIS\2018\RAIS_VINC_PUB_MG_ES_RJ.7z,RAIS_VINC_PUB_MG_ES_RJ.txt,6960124611,RAIS_VINCULOS,2018,MG_ES_RJ,cp1252,';',sim,62,RAIS_VINCULOS 2018-2019,OK (nº de colunas) / 4 rótulo(s) diferentes,pos 43: dicionário='Tipo Estab (2a ocorrencia)' arquivo='Tipo Estab' | pos 59: dicionário='Ind Trab Parcial' arquivo='Ind Trab Intermitente' | pos 60: dicionário='Ind Trab Intermitente' arquivo='Ind Trab Parcial' | pos 62: dicionário='Salário Contratual' arquivo='Vl Salário Contratual',Bairros SP;Bairros Fortaleza;Bairros RJ;Causa Afastamento 1;Causa Afastamento 2;Causa Afastamento 3;Motivo Desligamento;CBO Ocupação 2002;CNAE 2.0 Classe;CNAE 95 Classe;Distritos SP;Vínculo Ativo 31/12;Faixa Etária;Faixa Hora Contrat;Faixa Remun Dezem (SM);Faixa Remun Média (SM);Faixa Tempo Emprego;Escolaridade após 2005;Qtd Hora Contr;Idade;Ind CEI Vinculado;Ind Simples;Mês Admissão;Mês Desligamento;Mun Trab;Município;Nacionalidade;Natureza Jurídica;Ind Portador Defic;Qtd Dias Afastamento;Raça Cor;Regiões Adm DF;Vl Remun Dezembro Nom;Vl Remun Dezembro (SM);Vl Remun Média Nom;Vl Remun Média (SM);CNAE 2.0 Subclasse;Sexo Trabalhador;Tamanho Estabelecimento;Tempo Emprego;Tipo Admissão;Tipo Estab;Tipo Estab;Tipo Defic;Tipo Vínculo;IBGE Subsetor;Vl Rem Janeiro CC;Vl Rem Fevereiro CC;Vl Rem Março CC;Vl Rem Abril CC;Vl Rem Maio CC;Vl Rem Junho CC;Vl Rem Julho CC;Vl Rem Agosto CC;Vl Rem Setembro CC;Vl Rem Outubro CC;Vl Rem Novembro CC;Ano Chegada Brasil;Ind Trab Intermitente;Ind Trab Parcial;Tipo Salário;Vl Salário Contratual,"           {ñ class};           {ñ class};           {ñ class};99;99;99;21;763210;23303;26301;           {ñ class};0;05;06;00;02;01;                  01;  44;  33;0;1;03;04;000000;312510;10;2135;0;   0;09;0000;0000000000,00;000000,00;0000001099,96;000001,15;2330302;                  01;02;     0,2;02;01;CNPJ                ;00;10;02;000000000,00;000000000,00;000001099,98;000001099,95;000000000,00;"
E:\pdet\00_raw\pdet\microdados\RAIS\2018\RAIS_VINC_PUB_NORDESTE.7z,RAIS_VINC_PUB_NORDESTE.txt,5835269187,RAIS_VINCULOS,2018,NORDESTE,cp1252,';',sim,62,RAIS_VINCULOS 2018-2019,OK (nº de colunas) / 4 rótulo(s) diferentes,pos 43: dicionário='Tipo Estab (2a ocorrencia)' arquivo='Tipo Estab' | pos 59: dicionário='Ind Trab Parcial' arquivo='Ind Trab Intermitente' | pos 60: dicionário='Ind Trab Intermitente' arquivo='Ind Trab Parcial' | pos 62: dicionário='Salário Contratual' arquivo='Vl Salário Contratual',Bairros SP;Bairros Fortaleza;Bairros RJ;Causa Afastamento 1;Causa Afastamento 2;Causa Afastamento 3;Motivo Desligamento;CBO Ocupação 2002;CNAE 2.0 Classe;CNAE 95 Classe;Distritos SP;Vínculo Ativo 31/12;Faixa Etária;Faixa Hora Contrat;Faixa Remun Dezem (SM);Faixa Remun Média (SM);Faixa Tempo Emprego;Escolaridade após 2005;Qtd Hora Contr;Idade;Ind CEI Vinculado;Ind Simples;Mês Admissão;Mês Desligamento;Mun Trab;Município;Nacionalidade;Natureza Jurídica;Ind Portador Defic;Qtd Dias Afastamento;Raça Cor;Regiões Adm DF;Vl Remun Dezembro Nom;Vl Remun Dezembro (SM);Vl Remun Média Nom;Vl Remun Média (SM);CNAE 2.0 Subclasse;Sexo Trabalhador;Tamanho Estabelecimento;Tempo Emprego;Tipo Admissão;Tipo Estab;Tipo Estab;Tipo Defic;Tipo Vínculo;IBGE Subsetor;Vl Rem Janeiro CC;Vl Rem Fevereiro CC;Vl Rem Março CC;Vl Rem Abril CC;Vl Rem Maio CC;Vl Rem Junho CC;Vl Rem Julho CC;Vl Rem Agosto CC;Vl Rem Setembro CC;Vl Rem Outubro CC;Vl Rem Novembro CC;Ano Chegada Brasil;Ind Trab Intermitente;Ind Trab Parcial;Tipo Salário;Vl Salário Contratual,"           {ñ class};           {ñ class};           {ñ class};99;99;99;11;517410;81214;74705;           {ñ class};0;07;06;00;02;06;                  01;  44;  52;0;0;00;04;000000;211130;10;2062;0;   0;08;0000;0000000000,00;000000,00;0000001018,53;000001,06;8121400;                  01;08;    44,7;00;01;CNPJ                ;00;10;21;000000982,47;000000982,47;000000982,47;000001126,71;000000000,00;"
E:\pdet\00_raw\pdet\microdados\RAIS\2018\RAIS_VINC_PUB_NORTE.7z,RAIS_VINC_PUB_NORTE.txt,1855896363,RAIS_VINCULOS,2018,NORTE,cp1252,';',sim,62,RAIS_VINCULOS 2018-2019,OK (nº de colunas) / 4 rótulo(s) diferentes,pos 43: dicionário='Tipo Estab (2a ocorrencia)' arquivo='Tipo Estab' | pos 59: dicionário='Ind Trab Parcial' arquivo='Ind Trab Intermitente' | pos 60: dicionário='Ind Trab Intermitente' arquivo='Ind Trab Parcial' | pos 62: dicionário='Salário Contratual' arquivo='Vl Salário Contratual',Bairros SP;Bairros Fortaleza;Bairros RJ;Causa Afastamento 1;Causa Afastamento 2;Causa Afastamento 3;Motivo Desligamento;CBO Ocupação 2002;CNAE 2.0 Classe;CNAE 95 Classe;Distritos SP;Vínculo Ativo 31/12;Faixa Etária;Faixa Hora Contrat;Faixa Remun Dezem (SM);Faixa Remun Média (SM);Faixa Tempo Emprego;Escolaridade após 2005;Qtd Hora Contr;Idade;Ind CEI Vinculado;Ind Simples;Mês Admissão;Mês Desligamento;Mun Trab;Município;Nacionalidade;Natureza Jurídica;Ind Portador Defic;Qtd Dias Afastamento;Raça Cor;Regiões Adm DF;Vl Remun Dezembro Nom;Vl Remun Dezembro (SM);Vl Remun Média Nom;Vl Remun Média (SM);CNAE 2.0 Subclasse;Sexo Trabalhador;Tamanho Estabelecimento;Tempo Emprego;Tipo Admissão;Tipo Estab;Tipo Estab;Tipo Defic;Tipo Vínculo;IBGE Subsetor;Vl Rem Janeiro CC;Vl Rem Fevereiro CC;Vl Rem Março CC;Vl Rem Abril CC;Vl Rem Maio CC;Vl Rem Junho CC;Vl Rem Julho CC;Vl Rem Agosto CC;Vl Rem Setembro CC;Vl Rem Outubro CC;Vl Rem Novembro CC;Ano Chegada Brasil;Ind Trab Intermitente;Ind Trab Parcial;Tipo Salário;Vl Salário Contratual,"           {ñ class};           {ñ class};           {ñ class};99;99;99;11;711405;07227;13226;           {ñ class};0;04;06;00;02;03;                  01;  44;  28;0;1;06;12;000000;110002;10;2062;0;   0;09;0000;0000001263,70;000001,32;0000001384,69;000001,44;0722701;                  01;06;     6,6;02;01;CNPJ                ;00;10;01;000000000,00;000000000,00;000000000,00;000000000,00;000000000,00;"
E:\pdet\00_raw\pdet\microdados\RAIS\2018\RAIS_VINC_PUB_SP.7z,RAIS_VINC_PUB_SP.txt,9546862779,RAIS_VINCULOS,2018,SP,cp1252,';',sim,62,RAIS_VINCULOS 2018-2019,OK (nº de colunas) / 4 rótulo(s) diferentes,pos 43: dicionário='Tipo Estab (2a ocorrencia)' arquivo='Tipo Estab' | pos 59: dicionário='Ind Trab Parcial' arquivo='Ind Trab Intermitente' | pos 60: dicionário='Ind Trab Intermitente' arquivo='Ind Trab Parcial' | pos 62: dicionário='Salário Contratual' arquivo='Vl Salário Contratual',Bairros SP;Bairros Fortaleza;Bairros RJ;Causa Afastamento 1;Causa Afastamento 2;Causa Afastamento 3;Motivo Desligamento;CBO Ocupação 2002;CNAE 2.0 Classe;CNAE 95 Classe;Distritos SP;Vínculo Ativo 31/12;Faixa Etária;Faixa Hora Contrat;Faixa Remun Dezem (SM);Faixa Remun Média (SM);Faixa Tempo Emprego;Escolaridade após 2005;Qtd Hora Contr;Idade;Ind CEI Vinculado;Ind Simples;Mês Admissão;Mês Desligamento;Mun Trab;Município;Nacionalidade;Natureza Jurídica;Ind Portador Defic;Qtd Dias Afastamento;Raça Cor;Regiões Adm DF;Vl Remun Dezembro Nom;Vl Remun Dezembro (SM);Vl Remun Média Nom;Vl Remun Média (SM);CNAE 2.0 Subclasse;Sexo Trabalhador;Tamanho Estabelecimento;Tempo Emprego;Tipo Admissão;Tipo Estab;Tipo Estab;Tipo Defic;Tipo Vínculo;IBGE Subsetor;Vl Rem Janeiro CC;Vl Rem Fevereiro CC;Vl Rem Março CC;Vl Rem Abril CC;Vl Rem Maio CC;Vl Rem Junho CC;Vl Rem Julho CC;Vl Rem Agosto CC;Vl Rem Setembro CC;Vl Rem Outubro CC;Vl Rem Novembro CC;Ano Chegada Brasil;Ind Trab Intermitente;Ind Trab Parcial;Tipo Salário;Vl Salário Contratual,"                9999;           {ñ class};           {ñ class};99;99;99;11;717020;41204;45217;                9999;0;04;06;00;02;03;                  01;  44;  27;0;0;00;01;000000;350550;10;2062;0;   0;02;0000;0000000000,00;000000,00;0000001174,62;000001,23;4120400;                  01;04;    11,9;00;01;CNPJ                ;00;10;15;000001174,62;000000000,00;000000000,00;000000000,00;000000000,00;"
E:\pdet\00_raw\pdet\microdados\RAIS\2018\RAIS_VINC_PUB_SUL.7z,RAIS_VINC_PUB_SUL.txt,6080774139,RAIS_VINCULOS,2018,SUL,cp1252,';',sim,62,RAIS_VINCULOS 2018-2019,OK (nº de colunas) / 4 rótulo(s) diferentes,pos 43: dicionário='Tipo Estab (2a ocorrencia)' arquivo='Tipo Estab' | pos 59: dicionário='Ind Trab Parcial' arquivo='Ind Trab Intermitente' | pos 60: dicionário='Ind Trab Intermitente' arquivo='Ind Trab Parcial' | pos 62: dicionário='Salário Contratual' arquivo='Vl Salário Contratual',Bairros SP;Bairros Fortaleza;Bairros RJ;Causa Afastamento 1;Causa Afastamento 2;Causa Afastamento 3;Motivo Desligamento;CBO Ocupação 2002;CNAE 2.0 Classe;CNAE 95 Classe;Distritos SP;Vínculo Ativo 31/12;Faixa Etária;Faixa Hora Contrat;Faixa Remun Dezem (SM);Faixa Remun Média (SM);Faixa Tempo Emprego;Escolaridade após 2005;Qtd Hora Contr;Idade;Ind CEI Vinculado;Ind Simples;Mês Admissão;Mês Desligamento;Mun Trab;Município;Nacionalidade;Natureza Jurídica;Ind Portador Defic;Qtd Dias Afastamento;Raça Cor;Regiões Adm DF;Vl Remun Dezembro Nom;Vl Remun Dezembro (SM);Vl Remun Média Nom;Vl Remun Média (SM);CNAE 2.0 Subclasse;Sexo Trabalhador;Tamanho Estabelecimento;Tempo Emprego;Tipo Admissão;Tipo Estab;Tipo Estab;Tipo Defic;Tipo Vínculo;IBGE Subsetor;Vl Rem Janeiro CC;Vl Rem Fevereiro CC;Vl Rem Março CC;Vl Rem Abril CC;Vl Rem Maio CC;Vl Rem Junho CC;Vl Rem Julho CC;Vl Rem Agosto CC;Vl Rem Setembro CC;Vl Rem Outubro CC;Vl Rem Novembro CC;Ano Chegada Brasil;Ind Trab Intermitente;Ind Trab Parcial;Tipo Salário;Vl Salário Contratual,"           {ñ class};           {ñ class};           {ñ class};99;99;99;11;513205;56112;55212;           {ñ class};0;06;06;00;03;04;                  01;  44;  45;0;1;00;12;000000;410690;10;2062;0;   0;04;0000;0000000000,00;000000,00;0000001542,77;000001,61;5611201;                  01;04;    18,9;00;01;CNPJ                ;00;10;21;000001453,50;000001533,35;000001641,33;000001612,81;000001714,62;"
E:\pdet\00_raw\pdet\microdados\RAIS\2019\RAIS_ESTAB_PUB.7z,RAIS_ESTAB_PUB.txt,2065462436,RAIS_ESTAB,2019,,cp1252,';',?,24,RAIS_ESTAB 2018-2025,OK (nº de colunas) / 2 rótulo(s) diferentes,pos 21: dicionário='Tipo Estab (2a ocorrencia)' arquivo='Tipo Estab' | pos 24: dicionário='CEP Estb' arquivo='CEP Estab',Bairros SP;Bairros Fortaleza;Bairros RJ;CNAE 2.0 Classe;CNAE 95 Classe;Distritos SP;Qtd Vínculos CLT;Qtd Vínculos Ativos;Qtd Vínculos Estatutários;Ind Atividade Ano;Ind CEI Vinculado;Ind Estab Participa PAT;Ind Rais Negativa;Ind Simples;Município;Natureza Jurídica;Regiões Adm DF;CNAE 2.0 Subclasse;Tamanho Estabelecimento;Tipo Estab;Tipo Estab;UF;IBGE Subsetor;CEP Estab,           {ñ class};           {ñ class};           {ñ class};47636;52493;{ñ clas;00000000000000000001;00000000000000000001;00000000000000000000;1;0;0;                   0;1;110004;2135;                0000;4763603;02;01;Cnpj                ;11;16;76961846
E:\pdet\00_raw\pdet\microdados\RAIS\2019\RAIS_VINC_PUB_CENTRO_OESTE.7z,RAIS_VINC_PUB_CENTRO_OESTE.txt,2970066600,RAIS_VINCULOS,2019,CENTRO_OESTE,cp1252,';',sim,60,RAIS_VINCULOS 2017-2017,OK (nº de colunas) / 3 rótulo(s) diferentes,pos 43: dicionário='Tipo Estab (2a ocorrencia)' arquivo='Tipo Estab' | pos 59: dicionário='Ind Trab Parcial' arquivo='Ind Trab Intermitente' | pos 60: dicionário='Ind Trab Intermitente' arquivo='Ind Trab Parcial',Bairros SP;Bairros Fortaleza;Bairros RJ;Causa Afastamento 1;Causa Afastamento 2;Causa Afastamento 3;Motivo Desligamento;CBO Ocupação 2002;CNAE 2.0 Classe;CNAE 95 Classe;Distritos SP;Vínculo Ativo 31/12;Faixa Etária;Faixa Hora Contrat;Faixa Remun Dezem (SM);Faixa Remun Média (SM);Faixa Tempo Emprego;Escolaridade após 2005;Qtd Hora Contr;Idade;Ind CEI Vinculado;Ind Simples;Mês Admissão;Mês Desligamento;Mun Trab;Município;Nacionalidade;Natureza Jurídica;Ind Portador Defic;Qtd Dias Afastamento;Raça Cor;Regiões Adm DF;Vl Remun Dezembro Nom;Vl Remun Dezembro (SM);Vl Remun Média Nom;Vl Remun Média (SM);CNAE 2.0 Subclasse;Sexo Trabalhador;Tamanho Estabelecimento;Tempo Emprego;Tipo Admissão;Tipo Estab;Tipo Estab;Tipo Defic;Tipo Vínculo;IBGE Subsetor;Vl Rem Janeiro CC;Vl Rem Fevereiro CC;Vl Rem Março CC;Vl Rem Abril CC;Vl Rem Maio CC;Vl Rem Junho CC;Vl Rem Julho CC;Vl Rem Agosto CC;Vl Rem Setembro CC;Vl Rem Outubro CC;Vl Rem Novembro CC;Ano Chegada Brasil;Ind Trab Intermitente;Ind Trab Parcial,"           {ñ class};           {ñ class};           {ñ class};99;99;99;21;848520;10112;15113;           {ñ class};0;04;06;00;02;04;                  01;  44;  27;0;0;00;06;500410;500410;10;2062;0;   0;08;0000;0000000000,00;000000,00;0000001507,05;000001,50;1011201;                  01;08;    14,2;00;01;CNPJ                ;00;10;13;000001410,44;000001483,43;000001550,74;000001543,20;000001547,48;"
E:\pdet\00_raw\pdet\microdados\RAIS\2019\RAIS_VINC_PUB_MG_ES_RJ.7z,RAIS_VINC_PUB_MG_ES_RJ.txt,6781656480,RAIS_VINCULOS,2019,MG_ES_RJ,cp1252,';',sim,60,RAIS_VINCULOS 2017-2017,OK (nº de colunas) / 3 rótulo(s) diferentes,pos 43: dicionário='Tipo Estab (2a ocorrencia)' arquivo='Tipo Estab' | pos 59: dicionário='Ind Trab Parcial' arquivo='Ind Trab Intermitente' | pos 60: dicionário='Ind Trab Intermitente' arquivo='Ind Trab Parcial',Bairros SP;Bairros Fortaleza;Bairros RJ;Causa Afastamento 1;Causa Afastamento 2;Causa Afastamento 3;Motivo Desligamento;CBO Ocupação 2002;CNAE 2.0 Classe;CNAE 95 Classe;Distritos SP;Vínculo Ativo 31/12;Faixa Etária;Faixa Hora Contrat;Faixa Remun Dezem (SM);Faixa Remun Média (SM);Faixa Tempo Emprego;Escolaridade após 2005;Qtd Hora Contr;Idade;Ind CEI Vinculado;Ind Simples;Mês Admissão;Mês Desligamento;Mun Trab;Município;Nacionalidade;Natureza Jurídica;Ind Portador Defic;Qtd Dias Afastamento;Raça Cor;Regiões Adm DF;Vl Remun Dezembro Nom;Vl Remun Dezembro (SM);Vl Remun Média Nom;Vl Remun Média (SM);CNAE 2.0 Subclasse;Sexo Trabalhador;Tamanho Estabelecimento;Tempo Emprego;Tipo Admissão;Tipo Estab;Tipo Estab;Tipo Defic;Tipo Vínculo;IBGE Subsetor;Vl Rem Janeiro CC;Vl Rem Fevereiro CC;Vl Rem Março CC;Vl Rem Abril CC;Vl Rem Maio CC;Vl Rem Junho CC;Vl Rem Julho CC;Vl Rem Agosto CC;Vl Rem Setembro CC;Vl Rem Outubro CC;Vl Rem Novembro CC;Ano Chegada Brasil;Ind Trab Intermitente;Ind Trab Parcial,"           {ñ class};           {ñ class};           {ñ class};99;99;99;11;992225;41204;45217;           {ñ class};0;07;06;00;02;04;                  01;  44;  64;0;0;00;10;311787;311787;10;2062;0;   0;09;0000;0000000000,00;000000,00;0000001420,08;000001,42;4120400;                  01;02;    14,9;00;01;CNPJ                ;00;10;15;000001420,08;000001420,08;000001420,08;000001420,08;000001420,08;"
E:\pdet\00_raw\pdet\microdados\RAIS\2019\RAIS_VINC_PUB_NORDESTE.7z,RAIS_VINC_PUB_NORDESTE.txt,5623734472,RAIS_VINCULOS,2019,NORDESTE,cp1252,';',sim,60,RAIS_VINCULOS 2017-2017,OK (nº de colunas) / 3 rótulo(s) diferentes,pos 43: dicionário='Tipo Estab (2a ocorrencia)' arquivo='Tipo Estab' | pos 59: dicionário='Ind Trab Parcial' arquivo='Ind Trab Intermitente' | pos 60: dicionário='Ind Trab Intermitente' arquivo='Ind Trab Parcial',Bairros SP;Bairros Fortaleza;Bairros RJ;Causa Afastamento 1;Causa Afastamento 2;Causa Afastamento 3;Motivo Desligamento;CBO Ocupação 2002;CNAE 2.0 Classe;CNAE 95 Classe;Distritos SP;Vínculo Ativo 31/12;Faixa Etária;Faixa Hora Contrat;Faixa Remun Dezem (SM);Faixa Remun Média (SM);Faixa Tempo Emprego;Escolaridade após 2005;Qtd Hora Contr;Idade;Ind CEI Vinculado;Ind Simples;Mês Admissão;Mês Desligamento;Mun Trab;Município;Nacionalidade;Natureza Jurídica;Ind Portador Defic;Qtd Dias Afastamento;Raça Cor;Regiões Adm DF;Vl Remun Dezembro Nom;Vl Remun Dezembro (SM);Vl Remun Média Nom;Vl Remun Média (SM);CNAE 2.0 Subclasse;Sexo Trabalhador;Tamanho Estabelecimento;Tempo Emprego;Tipo Admissão;Tipo Estab;Tipo Estab;Tipo Defic;Tipo Vínculo;IBGE Subsetor;Vl Rem Janeiro CC;Vl Rem Fevereiro CC;Vl Rem Março CC;Vl Rem Abril CC;Vl Rem Maio CC;Vl Rem Junho CC;Vl Rem Julho CC;Vl Rem Agosto CC;Vl Rem Setembro CC;Vl Rem Outubro CC;Vl Rem Novembro CC;Ano Chegada Brasil;Ind Trab Intermitente;Ind Trab Parcial,"           {ñ class};           {ñ class};           {ñ class};99;99;99;11;623110;01512;01414;           {ñ class};0;07;06;00;02;07;                  01;  44;  55;0;0;00;02;210280;210280;10;2062;0;   0;08;0000;0000000000,00;000000,00;0000001331,00;000001,33;0151201;                  01;05;    67,4;00;01;CNPJ                ;00;20;25;000000013,31;000000000,00;000000000,00;000000000,00;000000000,00;"
E:\pdet\00_raw\pdet\microdados\RAIS\2019\RAIS_VINC_PUB_NORTE.7z,RAIS_VINC_PUB_NORTE.txt,1790609152,RAIS_VINCULOS,2019,NORTE,cp1252,';',sim,60,RAIS_VINCULOS 2017-2017,OK (nº de colunas) / 3 rótulo(s) diferentes,pos 43: dicionário='Tipo Estab (2a ocorrencia)' arquivo='Tipo Estab' | pos 59: dicionário='Ind Trab Parcial' arquivo='Ind Trab Intermitente' | pos 60: dicionário='Ind Trab Intermitente' arquivo='Ind Trab Parcial',Bairros SP;Bairros Fortaleza;Bairros RJ;Causa Afastamento 1;Causa Afastamento 2;Causa Afastamento 3;Motivo Desligamento;CBO Ocupação 2002;CNAE 2.0 Classe;CNAE 95 Classe;Distritos SP;Vínculo Ativo 31/12;Faixa Etária;Faixa Hora Contrat;Faixa Remun Dezem (SM);Faixa Remun Média (SM);Faixa Tempo Emprego;Escolaridade após 2005;Qtd Hora Contr;Idade;Ind CEI Vinculado;Ind Simples;Mês Admissão;Mês Desligamento;Mun Trab;Município;Nacionalidade;Natureza Jurídica;Ind Portador Defic;Qtd Dias Afastamento;Raça Cor;Regiões Adm DF;Vl Remun Dezembro Nom;Vl Remun Dezembro (SM);Vl Remun Média Nom;Vl Remun Média (SM);CNAE 2.0 Subclasse;Sexo Trabalhador;Tamanho Estabelecimento;Tempo Emprego;Tipo Admissão;Tipo Estab;Tipo Estab;Tipo Defic;Tipo Vínculo;IBGE Subsetor;Vl Rem Janeiro CC;Vl Rem Fevereiro CC;Vl Rem Março CC;Vl Rem Abril CC;Vl Rem Maio CC;Vl Rem Junho CC;Vl Rem Julho CC;Vl Rem Agosto CC;Vl Rem Setembro CC;Vl Rem Outubro CC;Vl Rem Novembro CC;Ano Chegada Brasil;Ind Trab Intermitente;Ind Trab Parcial,"           {ñ class};           {ñ class};           {ñ class};99;99;99;11;717020;81125;70408;           {ñ class};0;04;06;00;02;06;                  01;  44;  26;0;0;00;09;000000;110020;10;3085;0;   0;08;0000;0000000000,00;000000,00;0000001437,25;000001,43;8112500;                  01;02;    39,7;00;01;CNPJ                ;00;10;19;000000013,03;000000013,03;000001995,43;000001349,36;000000013,70;"
E:\pdet\00_raw\pdet\microdados\RAIS\2019\RAIS_VINC_PUB_SP.7z,RAIS_VINC_PUB_SP.txt,9373031152,RAIS_VINCULOS,2019,SP,cp1252,';',sim,60,RAIS_VINCULOS 2017-2017,OK (nº de colunas) / 3 rótulo(s) diferentes,pos 43: dicionário='Tipo Estab (2a ocorrencia)' arquivo='Tipo Estab' | pos 59: dicionário='Ind Trab Parcial' arquivo='Ind Trab Intermitente' | pos 60: dicionário='Ind Trab Intermitente' arquivo='Ind Trab Parcial',Bairros SP;Bairros Fortaleza;Bairros RJ;Causa Afastamento 1;Causa Afastamento 2;Causa Afastamento 3;Motivo Desligamento;CBO Ocupação 2002;CNAE 2.0 Classe;CNAE 95 Classe;Distritos SP;Vínculo Ativo 31/12;Faixa Etária;Faixa Hora Contrat;Faixa Remun Dezem (SM);Faixa Remun Média (SM);Faixa Tempo Emprego;Escolaridade após 2005;Qtd Hora Contr;Idade;Ind CEI Vinculado;Ind Simples;Mês Admissão;Mês Desligamento;Mun Trab;Município;Nacionalidade;Natureza Jurídica;Ind Portador Defic;Qtd Dias Afastamento;Raça Cor;Regiões Adm DF;Vl Remun Dezembro Nom;Vl Remun Dezembro (SM);Vl Remun Média Nom;Vl Remun Média (SM);CNAE 2.0 Subclasse;Sexo Trabalhador;Tamanho Estabelecimento;Tempo Emprego;Tipo Admissão;Tipo Estab;Tipo Estab;Tipo Defic;Tipo Vínculo;IBGE Subsetor;Vl Rem Janeiro CC;Vl Rem Fevereiro CC;Vl Rem Março CC;Vl Rem Abril CC;Vl Rem Maio CC;Vl Rem Junho CC;Vl Rem Julho CC;Vl Rem Agosto CC;Vl Rem Setembro CC;Vl Rem Outubro CC;Vl Rem Novembro CC;Ano Chegada Brasil;Ind Trab Intermitente;Ind Trab Parcial,"                9999;           {ñ class};           {ñ class};99;99;99;12;784205;78205;74500;                9999;0;05;06;00;02;02;                  01;  44;  32;0;0;04;07;354780;354780;10;2305;0;   0;04;0000;0000000000,00;000000,00;0000001164,00;000001,16;7820500;                  01;09;     3,6;02;01;CNPJ                ;00;50;19;000000000,00;000000000,00;000000000,00;000000011,64;000000011,64;"
E:\pdet\00_raw\pdet\microdados\RAIS\2019\RAIS_VINC_PUB_SUL.7z,RAIS_VINC_PUB_SUL.txt,5994607640,RAIS_VINCULOS,2019,SUL,cp1252,';',sim,60,RAIS_VINCULOS 2017-2017,OK (nº de colunas) / 3 rótulo(s) diferentes,pos 43: dicionário='Tipo Estab (2a ocorrencia)' arquivo='Tipo Estab' | pos 59: dicionário='Ind Trab Parcial' arquivo='Ind Trab Intermitente' | pos 60: dicionário='Ind Trab Intermitente' arquivo='Ind Trab Parcial',Bairros SP;Bairros Fortaleza;Bairros RJ;Causa Afastamento 1;Causa Afastamento 2;Causa Afastamento 3;Motivo Desligamento;CBO Ocupação 2002;CNAE 2.0 Classe;CNAE 95 Classe;Distritos SP;Vínculo Ativo 31/12;Faixa Etária;Faixa Hora Contrat;Faixa Remun Dezem (SM);Faixa Remun Média (SM);Faixa Tempo Emprego;Escolaridade após 2005;Qtd Hora Contr;Idade;Ind CEI Vinculado;Ind Simples;Mês Admissão;Mês Desligamento;Mun Trab;Município;Nacionalidade;Natureza Jurídica;Ind Portador Defic;Qtd Dias Afastamento;Raça Cor;Regiões Adm DF;Vl Remun Dezembro Nom;Vl Remun Dezembro (SM);Vl Remun Média Nom;Vl Remun Média (SM);CNAE 2.0 Subclasse;Sexo Trabalhador;Tamanho Estabelecimento;Tempo Emprego;Tipo Admissão;Tipo Estab;Tipo Estab;Tipo Defic;Tipo Vínculo;IBGE Subsetor;Vl Rem Janeiro CC;Vl Rem Fevereiro CC;Vl Rem Março CC;Vl Rem Abril CC;Vl Rem Maio CC;Vl Rem Junho CC;Vl Rem Julho CC;Vl Rem Agosto CC;Vl Rem Setembro CC;Vl Rem Outubro CC;Vl Rem Novembro CC;Ano Chegada Brasil;Ind Trab Intermitente;Ind Trab Parcial,"           {ñ class};           {ñ class};           {ñ class};99;99;99;11;715210;41204;45217;           {ñ class};0;07;06;00;03;04;                  01;  44;  51;0;0;00;08;411960;411960;10;2305;0;   0;09;0000;0000000000,00;000000,00;0000001844,54;000001,84;4120400;                  01;02;    12,8;00;01;CNPJ                ;00;10;15;000001810,60;000001810,60;000001810,60;000000018,70;000000018,70;"
E:\pdet\00_raw\pdet\microdados\RAIS\2020\RAIS_ESTAB_PUB.7z,RAIS_ESTAB_PUB.txt,2122953443,RAIS_ESTAB,2020,,cp1252,';',?,24,RAIS_ESTAB 2018-2025,OK (nº de colunas) / 2 rótulo(s) diferentes,pos 21: dicionário='Tipo Estab (2a ocorrencia)' arquivo='Tipo Estab' | pos 24: dicionário='CEP Estb' arquivo='CEP Estab',Bairros SP;Bairros Fortaleza;Bairros RJ;CNAE 2.0 Classe;CNAE 95 Classe;Distritos SP;Qtd Vínculos CLT;Qtd Vínculos Ativos;Qtd Vínculos Estatutários;Ind Atividade Ano;Ind CEI Vinculado;Ind Estab Participa PAT;Ind Rais Negativa;Ind Simples;Município;Natureza Jurídica;Regiões Adm DF;CNAE 2.0 Subclasse;Tamanho Estabelecimento;Tipo Estab;Tipo Estab;UF;IBGE Subsetor;CEP Estab,           {ñ class};           {ñ class};           {ñ class};46371;51390;{ñ clas;00000000000000000000;00000000000000000000;00000000000000000000;1;0;0;                   0;1;110012;2062;                0000;4637107;01;01;Cnpj                ;11;17;76908401
E:\pdet\00_raw\pdet\microdados\RAIS\2020\RAIS_VINC_PUB_CENTRO_OESTE.7z,RAIS_VINC_PUB_CENTRO_OESTE.txt,3007026744,RAIS_VINCULOS,2020,CENTRO_OESTE,cp1252,';',sim,60,RAIS_VINCULOS 2020-2025,OK (nº de colunas) / 3 rótulo(s) diferentes,pos 43: dicionário='Tipo Estab (2a ocorrencia)' arquivo='Tipo Estab' | pos 59: dicionário='Ind Trab Parcial' arquivo='Ind Trab Intermitente' | pos 60: dicionário='Ind Trab Intermitente' arquivo='Ind Trab Parcial',Bairros SP;Bairros Fortaleza;Bairros RJ;Causa Afastamento 1;Causa Afastamento 2;Causa Afastamento 3;Motivo Desligamento;CBO Ocupação 2002;CNAE 2.0 Classe;CNAE 95 Classe;Distritos SP;Vínculo Ativo 31/12;Faixa Etária;Faixa Hora Contrat;Faixa Remun Dezem (SM);Faixa Remun Média (SM);Faixa Tempo Emprego;Escolaridade após 2005;Qtd Hora Contr;Idade;Ind CEI Vinculado;Ind Simples;Mês Admissão;Mês Desligamento;Mun Trab;Município;Nacionalidade;Natureza Jurídica;Ind Portador Defic;Qtd Dias Afastamento;Raça Cor;Regiões Adm DF;Vl Remun Dezembro Nom;Vl Remun Dezembro (SM);Vl Remun Média Nom;Vl Remun Média (SM);CNAE 2.0 Subclasse;Sexo Trabalhador;Tamanho Estabelecimento;Tempo Emprego;Tipo Admissão;Tipo Estab;Tipo Estab;Tipo Defic;Tipo Vínculo;IBGE Subsetor;Vl Rem Janeiro SC;Vl Rem Fevereiro SC;Vl Rem Março SC;Vl Rem Abril SC;Vl Rem Maio SC;Vl Rem Junho SC;Vl Rem Julho SC;Vl Rem Agosto SC;Vl Rem Setembro SC;Vl Rem Outubro SC;Vl Rem Novembro SC;Ano Chegada Brasil;Ind Trab Intermitente;Ind Trab Parcial,"           {ñ class};           {ñ class};           {ñ class};99;99;99;11;632610;02209;02127;           {ñ class};0;08;06;00;02;06;                  01;  44;  67;0;1;00;06;500710;500710;10;2062;0;   0;04;0000;0000000000,00;000000,00;0000001113,46;000001,06;0220902;                  01;01;    41,3;00;01;CNPJ                ;00;20;25;000000010,39;000000010,45;000000010,45;000001393,33;000000010,45;"
E:\pdet\00_raw\pdet\microdados\RAIS\2020\RAIS_VINC_PUB_MG_ES_RJ.7z,RAIS_VINC_PUB_MG_ES_RJ.txt,6616549488,RAIS_VINCULOS,2020,MG_ES_RJ,cp1252,';',sim,60,RAIS_VINCULOS 2020-2025,OK (nº de colunas) / 3 rótulo(s) diferentes,pos 43: dicionário='Tipo Estab (2a ocorrencia)' arquivo='Tipo Estab' | pos 59: dicionário='Ind Trab Parcial' arquivo='Ind Trab Intermitente' | pos 60: dicionário='Ind Trab Intermitente' arquivo='Ind Trab Parcial',Bairros SP;Bairros Fortaleza;Bairros RJ;Causa Afastamento 1;Causa Afastamento 2;Causa Afastamento 3;Motivo Desligamento;CBO Ocupação 2002;CNAE 2.0 Classe;CNAE 95 Classe;Distritos SP;Vínculo Ativo 31/12;Faixa Etária;Faixa Hora Contrat;Faixa Remun Dezem (SM);Faixa Remun Média (SM);Faixa Tempo Emprego;Escolaridade após 2005;Qtd Hora Contr;Idade;Ind CEI Vinculado;Ind Simples;Mês Admissão;Mês Desligamento;Mun Trab;Município;Nacionalidade;Natureza Jurídica;Ind Portador Defic;Qtd Dias Afastamento;Raça Cor;Regiões Adm DF;Vl Remun Dezembro Nom;Vl Remun Dezembro (SM);Vl Remun Média Nom;Vl Remun Média (SM);CNAE 2.0 Subclasse;Sexo Trabalhador;Tamanho Estabelecimento;Tempo Emprego;Tipo Admissão;Tipo Estab;Tipo Estab;Tipo Defic;Tipo Vínculo;IBGE Subsetor;Vl Rem Janeiro SC;Vl Rem Fevereiro SC;Vl Rem Março SC;Vl Rem Abril SC;Vl Rem Maio SC;Vl Rem Junho SC;Vl Rem Julho SC;Vl Rem Agosto SC;Vl Rem Setembro SC;Vl Rem Outubro SC;Vl Rem Novembro SC;Ano Chegada Brasil;Ind Trab Intermitente;Ind Trab Parcial,"           {ñ class};           {ñ class};           {ñ class};99;99;99;11;0000-1;41204;45217;           {ñ class};0;05;99;00;99;04;                  01;   0;  31;0;0;00;01;312230;312230;10;2062;0;   0;02;0000;0000000000,00;000000,00;0000000000,00;000000,00;4120400;                  01;01;    23,8;00;01;CNPJ                ;00;10;15;000000000,00;000000000,00;000000000,00;000000000,00;000000000,00;"
E:\pdet\00_raw\pdet\microdados\RAIS\2020\RAIS_VINC_PUB_NORDESTE.7z,RAIS_VINC_PUB_NORDESTE.txt,5587633208,RAIS_VINCULOS,2020,NORDESTE,cp1252,';',sim,60,RAIS_VINCULOS 2020-2025,OK (nº de colunas) / 3 rótulo(s) diferentes,pos 43: dicionário='Tipo Estab (2a ocorrencia)' arquivo='Tipo Estab' | pos 59: dicionário='Ind Trab Parcial' arquivo='Ind Trab Intermitente' | pos 60: dicionário='Ind Trab Intermitente' arquivo='Ind Trab Parcial',Bairros SP;Bairros Fortaleza;Bairros RJ;Causa Afastamento 1;Causa Afastamento 2;Causa Afastamento 3;Motivo Desligamento;CBO Ocupação 2002;CNAE 2.0 Classe;CNAE 95 Classe;Distritos SP;Vínculo Ativo 31/12;Faixa Etária;Faixa Hora Contrat;Faixa Remun Dezem (SM);Faixa Remun Média (SM);Faixa Tempo Emprego;Escolaridade após 2005;Qtd Hora Contr;Idade;Ind CEI Vinculado;Ind Simples;Mês Admissão;Mês Desligamento;Mun Trab;Município;Nacionalidade;Natureza Jurídica;Ind Portador Defic;Qtd Dias Afastamento;Raça Cor;Regiões Adm DF;Vl Remun Dezembro Nom;Vl Remun Dezembro (SM);Vl Remun Média Nom;Vl Remun Média (SM);CNAE 2.0 Subclasse;Sexo Trabalhador;Tamanho Estabelecimento;Tempo Emprego;Tipo Admissão;Tipo Estab;Tipo Estab;Tipo Defic;Tipo Vínculo;IBGE Subsetor;Vl Rem Janeiro SC;Vl Rem Fevereiro SC;Vl Rem Março SC;Vl Rem Abril SC;Vl Rem Maio SC;Vl Rem Junho SC;Vl Rem Julho SC;Vl Rem Agosto SC;Vl Rem Setembro SC;Vl Rem Outubro SC;Vl Rem Novembro SC;Ano Chegada Brasil;Ind Trab Intermitente;Ind Trab Parcial,"           {ñ class};           {ñ class};           {ñ class};99;99;99;31;517420;43134;45136;           {ñ class};0;07;06;99;02;03;                  01;  43;  54;1;0;05;09;210530;210530;10;2062;0;   0;09;0000;0000000000,00;000000,00;0000001366,20;000001,30;4313400;                  01;03;     7,4;04;01;CNPJ                ;00;10;15;000000000,00;000000000,00;000000000,00;000000000,00;000000000,00;"
E:\pdet\00_raw\pdet\microdados\RAIS\2020\RAIS_VINC_PUB_NORTE.7z,RAIS_VINC_PUB_NORTE.txt,1806048008,RAIS_VINCULOS,2020,NORTE,cp1252,';',sim,60,RAIS_VINCULOS 2020-2025,OK (nº de colunas) / 3 rótulo(s) diferentes,pos 43: dicionário='Tipo Estab (2a ocorrencia)' arquivo='Tipo Estab' | pos 59: dicionário='Ind Trab Parcial' arquivo='Ind Trab Intermitente' | pos 60: dicionário='Ind Trab Intermitente' arquivo='Ind Trab Parcial',Bairros SP;Bairros Fortaleza;Bairros RJ;Causa Afastamento 1;Causa Afastamento 2;Causa Afastamento 3;Motivo Desligamento;CBO Ocupação 2002;CNAE 2.0 Classe;CNAE 95 Classe;Distritos SP;Vínculo Ativo 31/12;Faixa Etária;Faixa Hora Contrat;Faixa Remun Dezem (SM);Faixa Remun Média (SM);Faixa Tempo Emprego;Escolaridade após 2005;Qtd Hora Contr;Idade;Ind CEI Vinculado;Ind Simples;Mês Admissão;Mês Desligamento;Mun Trab;Município;Nacionalidade;Natureza Jurídica;Ind Portador Defic;Qtd Dias Afastamento;Raça Cor;Regiões Adm DF;Vl Remun Dezembro Nom;Vl Remun Dezembro (SM);Vl Remun Média Nom;Vl Remun Média (SM);CNAE 2.0 Subclasse;Sexo Trabalhador;Tamanho Estabelecimento;Tempo Emprego;Tipo Admissão;Tipo Estab;Tipo Estab;Tipo Defic;Tipo Vínculo;IBGE Subsetor;Vl Rem Janeiro SC;Vl Rem Fevereiro SC;Vl Rem Março SC;Vl Rem Abril SC;Vl Rem Maio SC;Vl Rem Junho SC;Vl Rem Julho SC;Vl Rem Agosto SC;Vl Rem Setembro SC;Vl Rem Outubro SC;Vl Rem Novembro SC;Ano Chegada Brasil;Ind Trab Intermitente;Ind Trab Parcial,"           {ñ class};           {ñ class};           {ñ class};99;99;99;21;517420;43134;45136;           {ñ class};0;07;06;00;00;04;                  01;  44;  61;0;0;00;02;110018;110018;10;2305;0;   0;04;0000;0000000000,00;000000,00;0000000455,07;000000,43;4313400;                  01;06;    19,7;00;01;CNPJ                ;00;10;15;000000000,00;000000000,00;000000000,00;000000000,00;000000000,00;"
E:\pdet\00_raw\pdet\microdados\RAIS\2020\RAIS_VINC_PUB_SP.7z,RAIS_VINC_PUB_SP.txt,9217570944,RAIS_VINCULOS,2020,SP,cp1252,';',sim,60,RAIS_VINCULOS 2020-2025,OK (nº de colunas) / 3 rótulo(s) diferentes,pos 43: dicionário='Tipo Estab (2a ocorrencia)' arquivo='Tipo Estab' | pos 59: dicionário='Ind Trab Parcial' arquivo='Ind Trab Intermitente' | pos 60: dicionário='Ind Trab Intermitente' arquivo='Ind Trab Parcial',Bairros SP;Bairros Fortaleza;Bairros RJ;Causa Afastamento 1;Causa Afastamento 2;Causa Afastamento 3;Motivo Desligamento;CBO Ocupação 2002;CNAE 2.0 Classe;CNAE 95 Classe;Distritos SP;Vínculo Ativo 31/12;Faixa Etária;Faixa Hora Contrat;Faixa Remun Dezem (SM);Faixa Remun Média (SM);Faixa Tempo Emprego;Escolaridade após 2005;Qtd Hora Contr;Idade;Ind CEI Vinculado;Ind Simples;Mês Admissão;Mês Desligamento;Mun Trab;Município;Nacionalidade;Natureza Jurídica;Ind Portador Defic;Qtd Dias Afastamento;Raça Cor;Regiões Adm DF;Vl Remun Dezembro Nom;Vl Remun Dezembro (SM);Vl Remun Média Nom;Vl Remun Média (SM);CNAE 2.0 Subclasse;Sexo Trabalhador;Tamanho Estabelecimento;Tempo Emprego;Tipo Admissão;Tipo Estab;Tipo Estab;Tipo Defic;Tipo Vínculo;IBGE Subsetor;Vl Rem Janeiro SC;Vl Rem Fevereiro SC;Vl Rem Março SC;Vl Rem Abril SC;Vl Rem Maio SC;Vl Rem Junho SC;Vl Rem Julho SC;Vl Rem Agosto SC;Vl Rem Setembro SC;Vl Rem Outubro SC;Vl Rem Novembro SC;Ano Chegada Brasil;Ind Trab Intermitente;Ind Trab Parcial,"                9999;           {ñ class};           {ñ class};99;99;99;21;514320;81214;74705;                9999;0;04;06;00;02;03;                  01;  44;  27;0;1;00;08;000000;351300;10;2305;0;   0;08;0000;0000000000,00;000000,00;0000001141,23;000001,08;8121400;                  01;06;     8,4;00;01;CNPJ                ;00;10;21;000001201,30;000001121,22;000001121,22;000001201,30;000001201,30;"
E:\pdet\00_raw\pdet\microdados\RAIS\2020\RAIS_VINC_PUB_SUL.7z,RAIS_VINC_PUB_SUL.txt,5934720280,RAIS_VINCULOS,2020,SUL,cp1252,';',sim,60,RAIS_VINCULOS 2020-2025,OK (nº de colunas) / 3 rótulo(s) diferentes,pos 43: dicionário='Tipo Estab (2a ocorrencia)' arquivo='Tipo Estab' | pos 59: dicionário='Ind Trab Parcial' arquivo='Ind Trab Intermitente' | pos 60: dicionário='Ind Trab Intermitente' arquivo='Ind Trab Parcial',Bairros SP;Bairros Fortaleza;Bairros RJ;Causa Afastamento 1;Causa Afastamento 2;Causa Afastamento 3;Motivo Desligamento;CBO Ocupação 2002;CNAE 2.0 Classe;CNAE 95 Classe;Distritos SP;Vínculo Ativo 31/12;Faixa Etária;Faixa Hora Contrat;Faixa Remun Dezem (SM);Faixa Remun Média (SM);Faixa Tempo Emprego;Escolaridade após 2005;Qtd Hora Contr;Idade;Ind CEI Vinculado;Ind Simples;Mês Admissão;Mês Desligamento;Mun Trab;Município;Nacionalidade;Natureza Jurídica;Ind Portador Defic;Qtd Dias Afastamento;Raça Cor;Regiões Adm DF;Vl Remun Dezembro Nom;Vl Remun Dezembro (SM);Vl Remun Média Nom;Vl Remun Média (SM);CNAE 2.0 Subclasse;Sexo Trabalhador;Tamanho Estabelecimento;Tempo Emprego;Tipo Admissão;Tipo Estab;Tipo Estab;Tipo Defic;Tipo Vínculo;IBGE Subsetor;Vl Rem Janeiro SC;Vl Rem Fevereiro SC;Vl Rem Março SC;Vl Rem Abril SC;Vl Rem Maio SC;Vl Rem Junho SC;Vl Rem Julho SC;Vl Rem Agosto SC;Vl Rem Setembro SC;Vl Rem Outubro SC;Vl Rem Novembro SC;Ano Chegada Brasil;Ind Trab Intermitente;Ind Trab Parcial,"           {ñ class};           {ñ class};           {ñ class};99;99;99;11;517330;81290;74705;           {ñ class};0;06;06;00;02;04;                  01;  44;  40;0;1;00;08;412750;412750;10;2062;0;   0;02;0000;0000000000,00;000000,00;0000001413,94;000001,35;8129000;                  01;02;    13,2;00;01;CNPJ                ;00;10;21;000001334,42;000001287,66;000001554,62;000001554,62;000001288,43;"
E:\pdet\00_raw\pdet\microdados\RAIS\2021\RAIS_ESTAB_PUB.7z,RAIS_ESTAB_PUB.txt,2194494164,RAIS_ESTAB,2021,,cp1252,';',?,24,RAIS_ESTAB 2018-2025,OK (nº de colunas) / 2 rótulo(s) diferentes,pos 21: dicionário='Tipo Estab (2a ocorrencia)' arquivo='Tipo Estab' | pos 24: dicionário='CEP Estb' arquivo='CEP Estab',Bairros SP;Bairros Fortaleza;Bairros RJ;CNAE 2.0 Classe;CNAE 95 Classe;Distritos SP;Qtd Vínculos CLT;Qtd Vínculos Ativos;Qtd Vínculos Estatutários;Ind Atividade Ano;Ind CEI Vinculado;Ind Estab Participa PAT;Ind Rais Negativa;Ind Simples;Município;Natureza Jurídica;Regiões Adm DF;CNAE 2.0 Subclasse;Tamanho Estabelecimento;Tipo Estab;Tipo Estab;UF;IBGE Subsetor;CEP Estab,           {ñ class};           {ñ class};           {ñ class};47296;52299;{ñ clas;00000000000000000007;00000000000000000007;00000000000000000000;1;0;0;                   0;1;110004;2135;                0000;4729699;03;01;Cnpj                ;11;16;76963754
E:\pdet\00_raw\pdet\microdados\RAIS\2021\RAIS_VINC_PUB_CENTRO_OESTE.7z,RAIS_VINC_PUB_CENTRO_OESTE.txt,3149437344,RAIS_VINCULOS,2021,CENTRO_OESTE,cp1252,';',sim,60,RAIS_VINCULOS 2020-2025,OK (nº de colunas) / 3 rótulo(s) diferentes,pos 43: dicionário='Tipo Estab (2a ocorrencia)' arquivo='Tipo Estab' | pos 59: dicionário='Ind Trab Parcial' arquivo='Ind Trab Intermitente' | pos 60: dicionário='Ind Trab Intermitente' arquivo='Ind Trab Parcial',Bairros SP;Bairros Fortaleza;Bairros RJ;Causa Afastamento 1;Causa Afastamento 2;Causa Afastamento 3;Motivo Desligamento;CBO Ocupação 2002;CNAE 2.0 Classe;CNAE 95 Classe;Distritos SP;Vínculo Ativo 31/12;Faixa Etária;Faixa Hora Contrat;Faixa Remun Dezem (SM);Faixa Remun Média (SM);Faixa Tempo Emprego;Escolaridade após 2005;Qtd Hora Contr;Idade;Ind CEI Vinculado;Ind Simples;Mês Admissão;Mês Desligamento;Mun Trab;Município;Nacionalidade;Natureza Jurídica;Ind Portador Defic;Qtd Dias Afastamento;Raça Cor;Regiões Adm DF;Vl Remun Dezembro Nom;Vl Remun Dezembro (SM);Vl Remun Média Nom;Vl Remun Média (SM);CNAE 2.0 Subclasse;Sexo Trabalhador;Tamanho Estabelecimento;Tempo Emprego;Tipo Admissão;Tipo Estab;Tipo Estab;Tipo Defic;Tipo Vínculo;IBGE Subsetor;Vl Rem Janeiro SC;Vl Rem Fevereiro SC;Vl Rem Março SC;Vl Rem Abril SC;Vl Rem Maio SC;Vl Rem Junho SC;Vl Rem Julho SC;Vl Rem Agosto SC;Vl Rem Setembro SC;Vl Rem Outubro SC;Vl Rem Novembro SC;Ano Chegada Brasil;Ind Trab Intermitente;Ind Trab Parcial,"           {ñ class};           {ñ class};           {ñ class};99;99;99;12;641010;16102;20109;           {ñ class};0;07;06;00;02;01;                  01;  44;  58;0;0;10;11;500325;500325;10;2062;0;   0;08;0000;0000000000,00;000000,00;0000001114,67;000001,01;1610203;                  01;04;     1,4;02;01;CNPJ                ;00;70;07;000000000,00;000000000,00;000000000,00;000000000,00;000000000,00;"
E:\pdet\00_raw\pdet\microdados\RAIS\2021\RAIS_VINC_PUB_MG_ES_RJ.7z,RAIS_VINC_PUB_MG_ES_RJ.txt,7044579656,RAIS_VINCULOS,2021,MG_ES_RJ,cp1252,';',sim,60,RAIS_VINCULOS 2020-2025,OK (nº de colunas) / 3 rótulo(s) diferentes,pos 43: dicionário='Tipo Estab (2a ocorrencia)' arquivo='Tipo Estab' | pos 59: dicionário='Ind Trab Parcial' arquivo='Ind Trab Intermitente' | pos 60: dicionário='Ind Trab Intermitente' arquivo='Ind Trab Parcial',Bairros SP;Bairros Fortaleza;Bairros RJ;Causa Afastamento 1;Causa Afastamento 2;Causa Afastamento 3;Motivo Desligamento;CBO Ocupação 2002;CNAE 2.0 Classe;CNAE 95 Classe;Distritos SP;Vínculo Ativo 31/12;Faixa Etária;Faixa Hora Contrat;Faixa Remun Dezem (SM);Faixa Remun Média (SM);Faixa Tempo Emprego;Escolaridade após 2005;Qtd Hora Contr;Idade;Ind CEI Vinculado;Ind Simples;Mês Admissão;Mês Desligamento;Mun Trab;Município;Nacionalidade;Natureza Jurídica;Ind Portador Defic;Qtd Dias Afastamento;Raça Cor;Regiões Adm DF;Vl Remun Dezembro Nom;Vl Remun Dezembro (SM);Vl Remun Média Nom;Vl Remun Média (SM);CNAE 2.0 Subclasse;Sexo Trabalhador;Tamanho Estabelecimento;Tempo Emprego;Tipo Admissão;Tipo Estab;Tipo Estab;Tipo Defic;Tipo Vínculo;IBGE Subsetor;Vl Rem Janeiro SC;Vl Rem Fevereiro SC;Vl Rem Março SC;Vl Rem Abril SC;Vl Rem Maio SC;Vl Rem Junho SC;Vl Rem Julho SC;Vl Rem Agosto SC;Vl Rem Setembro SC;Vl Rem Outubro SC;Vl Rem Novembro SC;Ano Chegada Brasil;Ind Trab Intermitente;Ind Trab Parcial,"           {ñ class};           {ñ class};           {ñ class};99;99;99;12;622020;49299;60259;           {ñ class};0;07;06;00;01;01;                  01;  44;  53;0;1;03;04;000000;311730;10;2305;0;   0;09;0000;0000000000,00;000000,00;0000000587,73;000000,53;4929901;                  01;01;     1,0;02;01;CNPJ                ;00;10;20;000000000,00;000000000,00;000000587,73;000000587,73;000000000,00;"
E:\pdet\00_raw\pdet\microdados\RAIS\2021\RAIS_VINC_PUB_NORDESTE.7z,RAIS_VINC_PUB_NORDESTE.txt,5948748328,RAIS_VINCULOS,2021,NORDESTE,cp1252,';',sim,60,RAIS_VINCULOS 2020-2025,OK (nº de colunas) / 3 rótulo(s) diferentes,pos 43: dicionário='Tipo Estab (2a ocorrencia)' arquivo='Tipo Estab' | pos 59: dicionário='Ind Trab Parcial' arquivo='Ind Trab Intermitente' | pos 60: dicionário='Ind Trab Intermitente' arquivo='Ind Trab Parcial',Bairros SP;Bairros Fortaleza;Bairros RJ;Causa Afastamento 1;Causa Afastamento 2;Causa Afastamento 3;Motivo Desligamento;CBO Ocupação 2002;CNAE 2.0 Classe;CNAE 95 Classe;Distritos SP;Vínculo Ativo 31/12;Faixa Etária;Faixa Hora Contrat;Faixa Remun Dezem (SM);Faixa Remun Média (SM);Faixa Tempo Emprego;Escolaridade após 2005;Qtd Hora Contr;Idade;Ind CEI Vinculado;Ind Simples;Mês Admissão;Mês Desligamento;Mun Trab;Município;Nacionalidade;Natureza Jurídica;Ind Portador Defic;Qtd Dias Afastamento;Raça Cor;Regiões Adm DF;Vl Remun Dezembro Nom;Vl Remun Dezembro (SM);Vl Remun Média Nom;Vl Remun Média (SM);CNAE 2.0 Subclasse;Sexo Trabalhador;Tamanho Estabelecimento;Tempo Emprego;Tipo Admissão;Tipo Estab;Tipo Estab;Tipo Defic;Tipo Vínculo;IBGE Subsetor;Vl Rem Janeiro SC;Vl Rem Fevereiro SC;Vl Rem Março SC;Vl Rem Abril SC;Vl Rem Maio SC;Vl Rem Junho SC;Vl Rem Julho SC;Vl Rem Agosto SC;Vl Rem Setembro SC;Vl Rem Outubro SC;Vl Rem Novembro SC;Ano Chegada Brasil;Ind Trab Intermitente;Ind Trab Parcial,"           {ñ class};           {ñ class};           {ñ class};99;99;99;21;632125;02306;02135;           {ñ class};0;06;06;00;99;01;                  01;  44;  42;0;0;00;01;211285;211285;10;2062;0;   0;09;0000;0000000000,00;000000,00;0000000000,00;000000,00;0230600;                  01;08;     2,4;00;01;CNPJ                ;00;10;19;000000000,37;000000000,00;000000000,00;000000000,00;000000000,00;"
E:\pdet\00_raw\pdet\microdados\RAIS\2021\RAIS_VINC_PUB_NORTE.7z,RAIS_VINC_PUB_NORTE.txt,1941002944,RAIS_VINCULOS,2021,NORTE,cp1252,';',sim,60,RAIS_VINCULOS 2020-2025,OK (nº de colunas) / 3 rótulo(s) diferentes,pos 43: dicionário='Tipo Estab (2a ocorrencia)' arquivo='Tipo Estab' | pos 59: dicionário='Ind Trab Parcial' arquivo='Ind Trab Intermitente' | pos 60: dicionário='Ind Trab Intermitente' arquivo='Ind Trab Parcial',Bairros SP;Bairros Fortaleza;Bairros RJ;Causa Afastamento 1;Causa Afastamento 2;Causa Afastamento 3;Motivo Desligamento;CBO Ocupação 2002;CNAE 2.0 Classe;CNAE 95 Classe;Distritos SP;Vínculo Ativo 31/12;Faixa Etária;Faixa Hora Contrat;Faixa Remun Dezem (SM);Faixa Remun Média (SM);Faixa Tempo Emprego;Escolaridade após 2005;Qtd Hora Contr;Idade;Ind CEI Vinculado;Ind Simples;Mês Admissão;Mês Desligamento;Mun Trab;Município;Nacionalidade;Natureza Jurídica;Ind Portador Defic;Qtd Dias Afastamento;Raça Cor;Regiões Adm DF;Vl Remun Dezembro Nom;Vl Remun Dezembro (SM);Vl Remun Média Nom;Vl Remun Média (SM);CNAE 2.0 Subclasse;Sexo Trabalhador;Tamanho Estabelecimento;Tempo Emprego;Tipo Admissão;Tipo Estab;Tipo Estab;Tipo Defic;Tipo Vínculo;IBGE Subsetor;Vl Rem Janeiro SC;Vl Rem Fevereiro SC;Vl Rem Março SC;Vl Rem Abril SC;Vl Rem Maio SC;Vl Rem Junho SC;Vl Rem Julho SC;Vl Rem Agosto SC;Vl Rem Setembro SC;Vl Rem Outubro SC;Vl Rem Novembro SC;Ano Chegada Brasil;Ind Trab Intermitente;Ind Trab Parcial,"           {ñ class};           {ñ class};           {ñ class};99;99;99;11;848305;47211;52213;           {ñ class};0;06;06;00;02;04;                  01;  44;  43;0;1;00;03;000000;110012;10;2135;0;   0;02;0000;0000000000,00;000000,00;0000001483,33;000001,34;4721102;                  01;02;    22,7;00;01;CNPJ                ;00;10;16;000000015,00;000000015,00;000000014,50;000000000,00;000000000,00;"
E:\pdet\00_raw\pdet\microdados\RAIS\2021\RAIS_VINC_PUB_SP.7z,RAIS_VINC_PUB_SP.txt,9870470536,RAIS_VINCULOS,2021,SP,cp1252,';',sim,60,RAIS_VINCULOS 2020-2025,OK (nº de colunas) / 3 rótulo(s) diferentes,pos 43: dicionário='Tipo Estab (2a ocorrencia)' arquivo='Tipo Estab' | pos 59: dicionário='Ind Trab Parcial' arquivo='Ind Trab Intermitente' | pos 60: dicionário='Ind Trab Intermitente' arquivo='Ind Trab Parcial',Bairros SP;Bairros Fortaleza;Bairros RJ;Causa Afastamento 1;Causa Afastamento 2;Causa Afastamento 3;Motivo Desligamento;CBO Ocupação 2002;CNAE 2.0 Classe;CNAE 95 Classe;Distritos SP;Vínculo Ativo 31/12;Faixa Etária;Faixa Hora Contrat;Faixa Remun Dezem (SM);Faixa Remun Média (SM);Faixa Tempo Emprego;Escolaridade após 2005;Qtd Hora Contr;Idade;Ind CEI Vinculado;Ind Simples;Mês Admissão;Mês Desligamento;Mun Trab;Município;Nacionalidade;Natureza Jurídica;Ind Portador Defic;Qtd Dias Afastamento;Raça Cor;Regiões Adm DF;Vl Remun Dezembro Nom;Vl Remun Dezembro (SM);Vl Remun Média Nom;Vl Remun Média (SM);CNAE 2.0 Subclasse;Sexo Trabalhador;Tamanho Estabelecimento;Tempo Emprego;Tipo Admissão;Tipo Estab;Tipo Estab;Tipo Defic;Tipo Vínculo;IBGE Subsetor;Vl Rem Janeiro SC;Vl Rem Fevereiro SC;Vl Rem Março SC;Vl Rem Abril SC;Vl Rem Maio SC;Vl Rem Junho SC;Vl Rem Julho SC;Vl Rem Agosto SC;Vl Rem Setembro SC;Vl Rem Outubro SC;Vl Rem Novembro SC;Ano Chegada Brasil;Ind Trab Intermitente;Ind Trab Parcial,"           {ñ class};           {ñ class};           {ñ class};99;99;99;90;123305;64221;65226;           {ñ class};0;06;06;00;11;07;                  01;  44;  48;0;0;00;04;355030;355030;10;2054;0;   0;02;0000;0000000000,00;000000,00;0000026145,99;000023,76;6422100;                  01;07;    69,8;00;01;CNPJ                ;00;10;18;000027792,10;000027792,10;000032115,32;000016884,45;000000000,00;"
E:\pdet\00_raw\pdet\microdados\RAIS\2021\RAIS_VINC_PUB_SUL.7z,RAIS_VINC_PUB_SUL.txt,6460493920,RAIS_VINCULOS,2021,SUL,cp1252,';',sim,60,RAIS_VINCULOS 2020-2025,OK (nº de colunas) / 3 rótulo(s) diferentes,pos 43: dicionário='Tipo Estab (2a ocorrencia)' arquivo='Tipo Estab' | pos 59: dicionário='Ind Trab Parcial' arquivo='Ind Trab Intermitente' | pos 60: dicionário='Ind Trab Intermitente' arquivo='Ind Trab Parcial',Bairros SP;Bairros Fortaleza;Bairros RJ;Causa Afastamento 1;Causa Afastamento 2;Causa Afastamento 3;Motivo Desligamento;CBO Ocupação 2002;CNAE 2.0 Classe;CNAE 95 Classe;Distritos SP;Vínculo Ativo 31/12;Faixa Etária;Faixa Hora Contrat;Faixa Remun Dezem (SM);Faixa Remun Média (SM);Faixa Tempo Emprego;Escolaridade após 2005;Qtd Hora Contr;Idade;Ind CEI Vinculado;Ind Simples;Mês Admissão;Mês Desligamento;Mun Trab;Município;Nacionalidade;Natureza Jurídica;Ind Portador Defic;Qtd Dias Afastamento;Raça Cor;Regiões Adm DF;Vl Remun Dezembro Nom;Vl Remun Dezembro (SM);Vl Remun Média Nom;Vl Remun Média (SM);CNAE 2.0 Subclasse;Sexo Trabalhador;Tamanho Estabelecimento;Tempo Emprego;Tipo Admissão;Tipo Estab;Tipo Estab;Tipo Defic;Tipo Vínculo;IBGE Subsetor;Vl Rem Janeiro SC;Vl Rem Fevereiro SC;Vl Rem Março SC;Vl Rem Abril SC;Vl Rem Maio SC;Vl Rem Junho SC;Vl Rem Julho SC;Vl Rem Agosto SC;Vl Rem Setembro SC;Vl Rem Outubro SC;Vl Rem Novembro SC;Ano Chegada Brasil;Ind Trab Intermitente;Ind Trab Parcial,"           {ñ class};           {ñ class};           {ñ class};99;99;99;11;519925;52231;63215;           {ñ class};0;08;06;00;02;05;                  01;  44;  81;0;1;00;03;000000;410690;10;2062;0;   0;02;0000;0000000000,00;000000,00;0000001160,00;000001,05;5223100;                  01;01;    27,1;00;01;CNPJ                ;00;10;20;000000011,60;000000011,60;000000074,84;000000000,00;000000000,00;"
E:\pdet\00_raw\pdet\microdados\RAIS\2022\RAIS_ESTAB_PUB.7z,RAIS_ESTAB_PUB.txt.txt,2189376583,RAIS_ESTAB,2022,,cp1252,';',?,24,RAIS_ESTAB 2018-2025,OK (nº de colunas) / 2 rótulo(s) diferentes,pos 21: dicionário='Tipo Estab (2a ocorrencia)' arquivo='Tipo Estab' | pos 24: dicionário='CEP Estb' arquivo='CEP Estab',Bairros SP;Bairros Fortaleza;Bairros RJ;CNAE 2.0 Classe;CNAE 95 Classe;Distritos SP;Qtd Vínculos CLT;Qtd Vínculos Ativos;Qtd Vínculos Estatutários;Ind Atividade Ano;Ind CEI Vinculado;Ind Estab Participa PAT;Ind Rais Negativa;Ind Simples;Município;Natureza Jurídica;Regiões Adm DF;CNAE 2.0 Subclasse;Tamanho Estabelecimento;Tipo Estab;Tipo Estab;UF;IBGE Subsetor;CEP Estab,                9997;                9997;                9997;84116;75116;   9997;00000000000000000352;00000000000000001799;00000000000000001447;1;0;0;                   0;0;110011;1244;                9997;8411600;10;01;Cnpj                ;11;24;76890000
E:\pdet\00_raw\pdet\microdados\RAIS\2022\RAIS_VINC_PUB_CENTRO_OESTE.7z,RAIS_VINC_PUB_CENTRO_OESTE.txt,3641375504,RAIS_VINCULOS,2022,CENTRO_OESTE,cp1252,';',sim,60,RAIS_VINCULOS 2020-2025,OK (nº de colunas) / 3 rótulo(s) diferentes,pos 43: dicionário='Tipo Estab (2a ocorrencia)' arquivo='Tipo Estab' | pos 59: dicionário='Ind Trab Parcial' arquivo='Ind Trab Intermitente' | pos 60: dicionário='Ind Trab Intermitente' arquivo='Ind Trab Parcial',Bairros SP;Bairros Fortaleza;Bairros RJ;Causa Afastamento 1;Causa Afastamento 2;Causa Afastamento 3;Motivo Desligamento;CBO Ocupação 2002;CNAE 2.0 Classe;CNAE 95 Classe;Distritos SP;Vínculo Ativo 31/12;Faixa Etária;Faixa Hora Contrat;Faixa Remun Dezem (SM);Faixa Remun Média (SM);Faixa Tempo Emprego;Escolaridade após 2005;Qtd Hora Contr;Idade;Ind CEI Vinculado;Ind Simples;Mês Admissão;Mês Desligamento;Mun Trab;Município;Nacionalidade;Natureza Jurídica;Ind Portador Defic;Qtd Dias Afastamento;Raça Cor;Regiões Adm DF;Vl Remun Dezembro Nom;Vl Remun Dezembro (SM);Vl Remun Média Nom;Vl Remun Média (SM);CNAE 2.0 Subclasse;Sexo Trabalhador;Tamanho Estabelecimento;Tempo Emprego;Tipo Admissão;Tipo Estab;Tipo Estab;Tipo Defic;Tipo Vínculo;IBGE Subsetor;Vl Rem Janeiro SC;Vl Rem Fevereiro SC;Vl Rem Março SC;Vl Rem Abril SC;Vl Rem Maio SC;Vl Rem Junho SC;Vl Rem Julho SC;Vl Rem Agosto SC;Vl Rem Setembro SC;Vl Rem Outubro SC;Vl Rem Novembro SC;Ano Chegada Brasil;Ind Trab Intermitente;Ind Trab Parcial,"                9997;                9997;                9997;99;99;99;11;111415;84116;75116;                9997;0;08;05;00;03;02;                  01;  40;  74;0;0;08;12;000000;500690;10;1031;0;   0;99;9997;0000001550,00;000001,27;0000001446,66;000001,19;8411600;                  01;09;     4,6;01;01;CNPJ                ;00;35;24;000000000,00;000000000,00;000000000,00;000000000,00;000000000,00;"
E:\pdet\00_raw\pdet\microdados\RAIS\2022\RAIS_VINC_PUB_MG_ES_RJ.7z,RAIS_VINC_PUB_MG_ES_RJ.txt,7902534408,RAIS_VINCULOS,2022,MG_ES_RJ,cp1252,';',sim,60,RAIS_VINCULOS 2020-2025,OK (nº de colunas) / 3 rótulo(s) diferentes,pos 43: dicionário='Tipo Estab (2a ocorrencia)' arquivo='Tipo Estab' | pos 59: dicionário='Ind Trab Parcial' arquivo='Ind Trab Intermitente' | pos 60: dicionário='Ind Trab Intermitente' arquivo='Ind Trab Parcial',Bairros SP;Bairros Fortaleza;Bairros RJ;Causa Afastamento 1;Causa Afastamento 2;Causa Afastamento 3;Motivo Desligamento;CBO Ocupação 2002;CNAE 2.0 Classe;CNAE 95 Classe;Distritos SP;Vínculo Ativo 31/12;Faixa Etária;Faixa Hora Contrat;Faixa Remun Dezem (SM);Faixa Remun Média (SM);Faixa Tempo Emprego;Escolaridade após 2005;Qtd Hora Contr;Idade;Ind CEI Vinculado;Ind Simples;Mês Admissão;Mês Desligamento;Mun Trab;Município;Nacionalidade;Natureza Jurídica;Ind Portador Defic;Qtd Dias Afastamento;Raça Cor;Regiões Adm DF;Vl Remun Dezembro Nom;Vl Remun Dezembro (SM);Vl Remun Média Nom;Vl Remun Média (SM);CNAE 2.0 Subclasse;Sexo Trabalhador;Tamanho Estabelecimento;Tempo Emprego;Tipo Admissão;Tipo Estab;Tipo Estab;Tipo Defic;Tipo Vínculo;IBGE Subsetor;Vl Rem Janeiro SC;Vl Rem Fevereiro SC;Vl Rem Março SC;Vl Rem Abril SC;Vl Rem Maio SC;Vl Rem Junho SC;Vl Rem Julho SC;Vl Rem Agosto SC;Vl Rem Setembro SC;Vl Rem Outubro SC;Vl Rem Novembro SC;Ano Chegada Brasil;Ind Trab Intermitente;Ind Trab Parcial,"                9997;                9997;                9997;40;40;40;11;411010;84116;75116;                9997;0;08;05;00;02;04;                  01;  40;  67;0;0;00;09;314505;314505;10;1031;0;   0;99;9997;0000000000,00;000000,00;0000001186,75;000000,97;8411600;                  01;08;    19,9;00;01;CNPJ                ;00;35;24;000001212,00;000001212,00;000001212,00;000001212,00;000001212,00;"
E:\pdet\00_raw\pdet\microdados\RAIS\2022\RAIS_VINC_PUB_NI.7z,RAIS_VINC_PUB_NI.txt,1141944,RAIS_VINCULOS,2022,,cp1252,';',sim,60,RAIS_VINCULOS 2020-2025,OK (nº de colunas) / 3 rótulo(s) diferentes,pos 43: dicionário='Tipo Estab (2a ocorrencia)' arquivo='Tipo Estab' | pos 59: dicionário='Ind Trab Parcial' arquivo='Ind Trab Intermitente' | pos 60: dicionário='Ind Trab Intermitente' arquivo='Ind Trab Parcial',Bairros SP;Bairros Fortaleza;Bairros RJ;Causa Afastamento 1;Causa Afastamento 2;Causa Afastamento 3;Motivo Desligamento;CBO Ocupação 2002;CNAE 2.0 Classe;CNAE 95 Classe;Distritos SP;Vínculo Ativo 31/12;Faixa Etária;Faixa Hora Contrat;Faixa Remun Dezem (SM);Faixa Remun Média (SM);Faixa Tempo Emprego;Escolaridade após 2005;Qtd Hora Contr;Idade;Ind CEI Vinculado;Ind Simples;Mês Admissão;Mês Desligamento;Mun Trab;Município;Nacionalidade;Natureza Jurídica;Ind Portador Defic;Qtd Dias Afastamento;Raça Cor;Regiões Adm DF;Vl Remun Dezembro Nom;Vl Remun Dezembro (SM);Vl Remun Média Nom;Vl Remun Média (SM);CNAE 2.0 Subclasse;Sexo Trabalhador;Tamanho Estabelecimento;Tempo Emprego;Tipo Admissão;Tipo Estab;Tipo Estab;Tipo Defic;Tipo Vínculo;IBGE Subsetor;Vl Rem Janeiro SC;Vl Rem Fevereiro SC;Vl Rem Março SC;Vl Rem Abril SC;Vl Rem Maio SC;Vl Rem Junho SC;Vl Rem Julho SC;Vl Rem Agosto SC;Vl Rem Setembro SC;Vl Rem Outubro SC;Vl Rem Novembro SC;Ano Chegada Brasil;Ind Trab Intermitente;Ind Trab Parcial,"                9997;                9997;                9997;99;99;99;11;517420;43991;45217;                9997;0;06;05;00;02;01;                  01;  36;  42;0;0;04;05;231140;999999;10;2151;0;   0;09;9997;0000000000,00;000000,00;0000000686,80;000000,56;4399101;                  01;02;     0,7;02;01;CNPJ                ;00;10;15;000000000,00;000000000,00;000000000,00;000000686,80;000000000,00;"
E:\pdet\00_raw\pdet\microdados\RAIS\2022\RAIS_VINC_PUB_NORDESTE.7z,RAIS_VINC_PUB_NORDESTE.txt,6629461968,RAIS_VINCULOS,2022,NORDESTE,cp1252,';',sim,60,RAIS_VINCULOS 2020-2025,OK (nº de colunas) / 3 rótulo(s) diferentes,pos 43: dicionário='Tipo Estab (2a ocorrencia)' arquivo='Tipo Estab' | pos 59: dicionário='Ind Trab Parcial' arquivo='Ind Trab Intermitente' | pos 60: dicionário='Ind Trab Intermitente' arquivo='Ind Trab Parcial',Bairros SP;Bairros Fortaleza;Bairros RJ;Causa Afastamento 1;Causa Afastamento 2;Causa Afastamento 3;Motivo Desligamento;CBO Ocupação 2002;CNAE 2.0 Classe;CNAE 95 Classe;Distritos SP;Vínculo Ativo 31/12;Faixa Etária;Faixa Hora Contrat;Faixa Remun Dezem (SM);Faixa Remun Média (SM);Faixa Tempo Emprego;Escolaridade após 2005;Qtd Hora Contr;Idade;Ind CEI Vinculado;Ind Simples;Mês Admissão;Mês Desligamento;Mun Trab;Município;Nacionalidade;Natureza Jurídica;Ind Portador Defic;Qtd Dias Afastamento;Raça Cor;Regiões Adm DF;Vl Remun Dezembro Nom;Vl Remun Dezembro (SM);Vl Remun Média Nom;Vl Remun Média (SM);CNAE 2.0 Subclasse;Sexo Trabalhador;Tamanho Estabelecimento;Tempo Emprego;Tipo Admissão;Tipo Estab;Tipo Estab;Tipo Defic;Tipo Vínculo;IBGE Subsetor;Vl Rem Janeiro SC;Vl Rem Fevereiro SC;Vl Rem Março SC;Vl Rem Abril SC;Vl Rem Maio SC;Vl Rem Junho SC;Vl Rem Julho SC;Vl Rem Agosto SC;Vl Rem Setembro SC;Vl Rem Outubro SC;Vl Rem Novembro SC;Ano Chegada Brasil;Ind Trab Intermitente;Ind Trab Parcial,"                9997;                9997;                9997;99;99;99;12;517420;84116;75116;                9997;0;07;05;00;02;01;                  01;  40;  61;0;0;10;12;211180;211180;10;1031;0;   0;08;9997;0000001212,00;000001,00;0000001185,06;000000,97;8411600;                  01;09;     2,9;01;01;CNPJ                ;00;97;24;000000000,00;000000000,00;000000000,00;000000000,00;000000000,00;"
E:\pdet\00_raw\pdet\microdados\RAIS\2022\RAIS_VINC_PUB_NORTE.7z,RAIS_VINC_PUB_NORTE.txt,2203446416,RAIS_VINCULOS,2022,NORTE,cp1252,';',sim,60,RAIS_VINCULOS 2020-2025,OK (nº de colunas) / 3 rótulo(s) diferentes,pos 43: dicionário='Tipo Estab (2a ocorrencia)' arquivo='Tipo Estab' | pos 59: dicionário='Ind Trab Parcial' arquivo='Ind Trab Intermitente' | pos 60: dicionário='Ind Trab Intermitente' arquivo='Ind Trab Parcial',Bairros SP;Bairros Fortaleza;Bairros RJ;Causa Afastamento 1;Causa Afastamento 2;Causa Afastamento 3;Motivo Desligamento;CBO Ocupação 2002;CNAE 2.0 Classe;CNAE 95 Classe;Distritos SP;Vínculo Ativo 31/12;Faixa Etária;Faixa Hora Contrat;Faixa Remun Dezem (SM);Faixa Remun Média (SM);Faixa Tempo Emprego;Escolaridade após 2005;Qtd Hora Contr;Idade;Ind CEI Vinculado;Ind Simples;Mês Admissão;Mês Desligamento;Mun Trab;Município;Nacionalidade;Natureza Jurídica;Ind Portador Defic;Qtd Dias Afastamento;Raça Cor;Regiões Adm DF;Vl Remun Dezembro Nom;Vl Remun Dezembro (SM);Vl Remun Média Nom;Vl Remun Média (SM);CNAE 2.0 Subclasse;Sexo Trabalhador;Tamanho Estabelecimento;Tempo Emprego;Tipo Admissão;Tipo Estab;Tipo Estab;Tipo Defic;Tipo Vínculo;IBGE Subsetor;Vl Rem Janeiro SC;Vl Rem Fevereiro SC;Vl Rem Março SC;Vl Rem Abril SC;Vl Rem Maio SC;Vl Rem Junho SC;Vl Rem Julho SC;Vl Rem Agosto SC;Vl Rem Setembro SC;Vl Rem Outubro SC;Vl Rem Novembro SC;Ano Chegada Brasil;Ind Trab Intermitente;Ind Trab Parcial,"                9997;                9997;                9997;99;99;99;11;122305;84116;75116;                9997;0;07;05;00;99;05;                  01;  40;  56;0;0;00;01;110026;110026;10;1031;0;   0;99;9997;0000000000,00;000000,00;0000000000,00;000000,00;8411600;                  01;08;    28,5;00;01;CNPJ                ;00;31;24;000000083,33;000000000,00;000000000,00;000000000,00;000000000,00;"
E:\pdet\00_raw\pdet\microdados\RAIS\2022\RAIS_VINC_PUB_SP.7z,RAIS_VINC_PUB_SP.txt,10921853360,RAIS_VINCULOS,2022,SP,cp1252,';',sim,60,RAIS_VINCULOS 2020-2025,OK (nº de colunas) / 3 rótulo(s) diferentes,pos 43: dicionário='Tipo Estab (2a ocorrencia)' arquivo='Tipo Estab' | pos 59: dicionário='Ind Trab Parcial' arquivo='Ind Trab Intermitente' | pos 60: dicionário='Ind Trab Intermitente' arquivo='Ind Trab Parcial',Bairros SP;Bairros Fortaleza;Bairros RJ;Causa Afastamento 1;Causa Afastamento 2;Causa Afastamento 3;Motivo Desligamento;CBO Ocupação 2002;CNAE 2.0 Classe;CNAE 95 Classe;Distritos SP;Vínculo Ativo 31/12;Faixa Etária;Faixa Hora Contrat;Faixa Remun Dezem (SM);Faixa Remun Média (SM);Faixa Tempo Emprego;Escolaridade após 2005;Qtd Hora Contr;Idade;Ind CEI Vinculado;Ind Simples;Mês Admissão;Mês Desligamento;Mun Trab;Município;Nacionalidade;Natureza Jurídica;Ind Portador Defic;Qtd Dias Afastamento;Raça Cor;Regiões Adm DF;Vl Remun Dezembro Nom;Vl Remun Dezembro (SM);Vl Remun Média Nom;Vl Remun Média (SM);CNAE 2.0 Subclasse;Sexo Trabalhador;Tamanho Estabelecimento;Tempo Emprego;Tipo Admissão;Tipo Estab;Tipo Estab;Tipo Defic;Tipo Vínculo;IBGE Subsetor;Vl Rem Janeiro SC;Vl Rem Fevereiro SC;Vl Rem Março SC;Vl Rem Abril SC;Vl Rem Maio SC;Vl Rem Junho SC;Vl Rem Julho SC;Vl Rem Agosto SC;Vl Rem Setembro SC;Vl Rem Outubro SC;Vl Rem Novembro SC;Ano Chegada Brasil;Ind Trab Intermitente;Ind Trab Parcial,"                9999;                9997;                9997;99;99;99;21;717020;84116;75116;                9999;0;07;06;00;01;08;                  01;  44;  54;0;0;00;02;355160;355160;10;1031;0;   0;02;9997;0000000000,00;000000,00;0000000503,61;000000,41;8411600;                  01;09;   291,6;00;01;CNPJ                ;00;10;24;000000611,63;000000395,60;000000000,00;000000000,00;000000000,00;"
E:\pdet\00_raw\pdet\microdados\RAIS\2022\RAIS_VINC_PUB_SUL.7z,RAIS_VINC_PUB_SUL.txt,7002566760,RAIS_VINCULOS,2022,SUL,cp1252,';',sim,60,RAIS_VINCULOS 2020-2025,OK (nº de colunas) / 3 rótulo(s) diferentes,pos 43: dicionário='Tipo Estab (2a ocorrencia)' arquivo='Tipo Estab' | pos 59: dicionário='Ind Trab Parcial' arquivo='Ind Trab Intermitente' | pos 60: dicionário='Ind Trab Intermitente' arquivo='Ind Trab Parcial',Bairros SP;Bairros Fortaleza;Bairros RJ;Causa Afastamento 1;Causa Afastamento 2;Causa Afastamento 3;Motivo Desligamento;CBO Ocupação 2002;CNAE 2.0 Classe;CNAE 95 Classe;Distritos SP;Vínculo Ativo 31/12;Faixa Etária;Faixa Hora Contrat;Faixa Remun Dezem (SM);Faixa Remun Média (SM);Faixa Tempo Emprego;Escolaridade após 2005;Qtd Hora Contr;Idade;Ind CEI Vinculado;Ind Simples;Mês Admissão;Mês Desligamento;Mun Trab;Município;Nacionalidade;Natureza Jurídica;Ind Portador Defic;Qtd Dias Afastamento;Raça Cor;Regiões Adm DF;Vl Remun Dezembro Nom;Vl Remun Dezembro (SM);Vl Remun Média Nom;Vl Remun Média (SM);CNAE 2.0 Subclasse;Sexo Trabalhador;Tamanho Estabelecimento;Tempo Emprego;Tipo Admissão;Tipo Estab;Tipo Estab;Tipo Defic;Tipo Vínculo;IBGE Subsetor;Vl Rem Janeiro SC;Vl Rem Fevereiro SC;Vl Rem Março SC;Vl Rem Abril SC;Vl Rem Maio SC;Vl Rem Junho SC;Vl Rem Julho SC;Vl Rem Agosto SC;Vl Rem Setembro SC;Vl Rem Outubro SC;Vl Rem Novembro SC;Ano Chegada Brasil;Ind Trab Intermitente;Ind Trab Parcial,"                9997;                9997;                9997;99;99;99;11;410105;84116;75116;                9997;0;06;05;00;07;01;                  01;  40;  48;0;0;04;05;411915;411915;10;1066;0;   0;99;9997;0000000000,00;000000,00;0000005077,35;000004,18;8411600;                  01;06;     1,0;01;01;CNPJ                ;00;35;24;000000000,00;000000000,00;000000000,00;000007298,70;000002856,01;"
E:\pdet\00_raw\pdet\microdados\RAIS\2023\RAIS_ESTAB_PUB.7z,RAIS_ESTAB_PUB.COMT,1278057565,RAIS_ESTAB,2023,,cp1252,"','",sim,23,RAIS_ESTAB 2002-2013,OK (nº de colunas) / 23 rótulo(s) diferentes,pos 1: dicionário='BAIRRO_SP' arquivo='Bairros SP - Código' | pos 2: dicionário='BAIRRO FORT' arquivo='Bairros Fortaleza - Código' | pos 3: dicionário='BAIRRO_RJ' arquivo='Bairros RJ - Código' | pos 4: dicionário='CLAS CNAE 20' arquivo='CNAE 2.0 Classe - Código' | pos 5: dicionário='CLAS CNAE 95' arquivo='CNAE 95 Classe - Código' | pos 6: dicionário='DISTRITO_SP' arquivo='Distritos SP - Código',"Bairros SP - Código,Bairros Fortaleza - Código,Bairros RJ - Código,CNAE 2.0 Classe - Código,CNAE 95 Classe - Código,Distritos SP - Código,Qtd Vínculos CLT,Qtd Vínculos Ativos,Qtd Vínculos Estatutários,Ind Atividade Ano - Código,Ind CEI Vinculado - Código,Ind Estab Participante PAT - Código,Ind RAIS Negativa - Código,Ind Estab Participante SIMPLES - Código,Município - Código,Natureza Jurídica - Código,Região Adm DF - Código,CNAE 2.0 Subclasse - Codigo,Tamanho Estabelecimento - Código,Tipo Estabelecimento - Código,UF - Código,IBGE Subsetor - Código,CEP Estab","999997,999997,999997,"" 9609299"",9309,999997,0,0,0,1,0,9,0,0,354270,9999,999997,"" 9609299"",1,5,35,21,14430000"
E:\pdet\00_raw\pdet\microdados\RAIS\2023\RAIS_VINC_PUB_CENTRO_OESTE.7z,RAIS_VINC_PUB_CENTRO_OESTE.COMT,2209275466,RAIS_VINCULOS,2023,CENTRO_OESTE,cp1252,"','",sim,62,RAIS_VINCULOS 2020-2025,DIVERGE,"esperava 60 colunas, li 62","Bairros SP - Código,Bairros Fortaleza - Código,Bairros RJ - Código,Causa Afastamento 1 - Código,Causa Afastamento 2 - Código,Causa Afastamento 3 - Código,Motivo Desligamento - Código,CBO 2002 Ocupação - Código,CNAE 2.0 Classe - Código,CNAE 95 Classe - Código,Distritos SP - Código,Ind Vínculo Ativo 31/12 - Código,Faixa Etária - Código,Faixa Rem Média (SM) - Código,Faixa Hora Contrat - Código,Faixa Rem Dez (SM) - Código,Faixa Tempo Emprego - Código,Escolaridade Após 2005 - Código,Qtd Hora Contr,Idade,Ind CEI Vinculado - Código,Ind Estabelecimento Participante SIMPLES - Código,Mês Admissão - Código,Mês Desligamento - Código,Município Trab - Código,Município - Código,Nacionalidade - Código,Natureza Jurídica - Código,Ind Portador Defic - Código,Qtd Dias Afastamento,Raça Cor - Código,Região Adm DF - Código,Vl Rem Dezembro Nom,Vl Rem Dezembro (SM),Vl Rem Média Nom,Vl Rem Média (SM),CNAE 2.0 Subclasse - Codigo,Sexo - Código,Tamanho Estabelecimento - Código,Tempo Emprego,Tipo Admissão Trabalhador - Código,Tipo Estabelecimento - Código,Tipo Estabelecimento - Nome,Tipo Deficiência - Código,Tipo Vínculo - Código,IBGE Subsetor - Código,Vl Rem Janeiro SC,Vl Rem Fevereiro SC,Vl Rem Março SC,Vl Rem Abril SC,Vl Rem Maio SC,Vl Rem Junho SC,Vl Rem Julho SC,Vl Rem Agosto SC,Vl Rem Setembro SC,Vl Rem Outubro SC,Vl Rem Novembro SC,Ano Chegada Brasil,Ind Trabalho Intermitente - Código,Ind Trabalho Parcial - Código,Ind Vínculo Abandonado - Código,Categoria Trabalhador - Código","999997,999997,999997,999,999,999,21,763105,"" 13511"","" 17418"",999997,0,3,99,6,99,4,7,44,23,0,1,0,1,999999,530010,26,2135,0,0,8,999997,,.00,.00,.00,"" 1351100"",2,3,17.4,0,1,""CNPJ"",0,10,11,176.47,0,0,0,0,0,0,0,0,0,0,1198,0,0,0,101"
E:\pdet\00_raw\pdet\microdados\RAIS\2023\RAIS_VINC_PUB_MG_ES_RJ.7z,RAIS_VINC_PUB_MG_ES_RJ.COMT,4623606665,RAIS_VINCULOS,2023,MG_ES_RJ,cp1252,"','",sim,62,RAIS_VINCULOS 2020-2025,DIVERGE,"esperava 60 colunas, li 62","Bairros SP - Código,Bairros Fortaleza - Código,Bairros RJ - Código,Causa Afastamento 1 - Código,Causa Afastamento 2 - Código,Causa Afastamento 3 - Código,Motivo Desligamento - Código,CBO 2002 Ocupação - Código,CNAE 2.0 Classe - Código,CNAE 95 Classe - Código,Distritos SP - Código,Ind Vínculo Ativo 31/12 - Código,Faixa Etária - Código,Faixa Rem Média (SM) - Código,Faixa Hora Contrat - Código,Faixa Rem Dez (SM) - Código,Faixa Tempo Emprego - Código,Escolaridade Após 2005 - Código,Qtd Hora Contr,Idade,Ind CEI Vinculado - Código,Ind Estabelecimento Participante SIMPLES - Código,Mês Admissão - Código,Mês Desligamento - Código,Município Trab - Código,Município - Código,Nacionalidade - Código,Natureza Jurídica - Código,Ind Portador Defic - Código,Qtd Dias Afastamento,Raça Cor - Código,Região Adm DF - Código,Vl Rem Dezembro Nom,Vl Rem Dezembro (SM),Vl Rem Média Nom,Vl Rem Média (SM),CNAE 2.0 Subclasse - Codigo,Sexo - Código,Tamanho Estabelecimento - Código,Tempo Emprego,Tipo Admissão Trabalhador - Código,Tipo Estabelecimento - Código,Tipo Estabelecimento - Nome,Tipo Deficiência - Código,Tipo Vínculo - Código,IBGE Subsetor - Código,Vl Rem Janeiro SC,Vl Rem Fevereiro SC,Vl Rem Março SC,Vl Rem Abril SC,Vl Rem Maio SC,Vl Rem Junho SC,Vl Rem Julho SC,Vl Rem Agosto SC,Vl Rem Setembro SC,Vl Rem Outubro SC,Vl Rem Novembro SC,Ano Chegada Brasil,Ind Trabalho Intermitente - Código,Ind Trabalho Parcial - Código,Ind Vínculo Abandonado - Código,Categoria Trabalhador - Código","999997,999997,999997,999,999,999,0,142105,"" 47440"","" 52442"",999997,1,4,99,1,99,5,9,1,29,0,0,0,0,330070,330070,10,2135,0,0,2,999997,,.00,.00,.00,"" 4744099"",1,2,27.0,0,1,""CNPJ"",0,80,16,0,0,0,0,0,0,0,0,0,0,0,1198,0,0,1,721"
E:\pdet\00_raw\pdet\microdados\RAIS\2023\RAIS_VINC_PUB_NI.7z,RAIS_VINC_PUB_NI.COMT,579763,RAIS_VINCULOS,2023,,cp1252,"','",sim,62,RAIS_VINCULOS 2020-2025,DIVERGE,"esperava 60 colunas, li 62","Bairros SP - Código,Bairros Fortaleza - Código,Bairros RJ - Código,Causa Afastamento 1 - Código,Causa Afastamento 2 - Código,Causa Afastamento 3 - Código,Motivo Desligamento - Código,CBO 2002 Ocupação - Código,CNAE 2.0 Classe - Código,CNAE 95 Classe - Código,Distritos SP - Código,Ind Vínculo Ativo 31/12 - Código,Faixa Etária - Código,Faixa Rem Média (SM) - Código,Faixa Hora Contrat - Código,Faixa Rem Dez (SM) - Código,Faixa Tempo Emprego - Código,Escolaridade Após 2005 - Código,Qtd Hora Contr,Idade,Ind CEI Vinculado - Código,Ind Estabelecimento Participante SIMPLES - Código,Mês Admissão - Código,Mês Desligamento - Código,Município Trab - Código,Município - Código,Nacionalidade - Código,Natureza Jurídica - Código,Ind Portador Defic - Código,Qtd Dias Afastamento,Raça Cor - Código,Região Adm DF - Código,Vl Rem Dezembro Nom,Vl Rem Dezembro (SM),Vl Rem Média Nom,Vl Rem Média (SM),CNAE 2.0 Subclasse - Codigo,Sexo - Código,Tamanho Estabelecimento - Código,Tempo Emprego,Tipo Admissão Trabalhador - Código,Tipo Estabelecimento - Código,Tipo Estabelecimento - Nome,Tipo Deficiência - Código,Tipo Vínculo - Código,IBGE Subsetor - Código,Vl Rem Janeiro SC,Vl Rem Fevereiro SC,Vl Rem Março SC,Vl Rem Abril SC,Vl Rem Maio SC,Vl Rem Junho SC,Vl Rem Julho SC,Vl Rem Agosto SC,Vl Rem Setembro SC,Vl Rem Outubro SC,Vl Rem Novembro SC,Ano Chegada Brasil,Ind Trabalho Intermitente - Código,Ind Trabalho Parcial - Código,Ind Vínculo Abandonado - Código,Categoria Trabalhador - Código","999997,999997,999997,999,999,999,31,414140,"" 52117"","" 63126"",999997,0,7,4,6,99,2,9,44,58,0,0,3,3,999999,999999,10,2062,0,0,2,999997,,.00,2242.58,1.72,"" 5211799"",1,3,4.0,0,1,""CNPJ"",0,10,20,1959.00,2526.15,0,0,0,0,0,0,0,0,0,1198,0,0,0,101"
E:\pdet\00_raw\pdet\microdados\RAIS\2023\RAIS_VINC_PUB_NORDESTE.7z,RAIS_VINC_PUB_NORDESTE.COMT,3960569418,RAIS_VINCULOS,2023,NORDESTE,cp1252,"','",sim,62,RAIS_VINCULOS 2020-2025,DIVERGE,"esperava 60 colunas, li 62","Bairros SP - Código,Bairros Fortaleza - Código,Bairros RJ - Código,Causa Afastamento 1 - Código,Causa Afastamento 2 - Código,Causa Afastamento 3 - Código,Motivo Desligamento - Código,CBO 2002 Ocupação - Código,CNAE 2.0 Classe - Código,CNAE 95 Classe - Código,Distritos SP - Código,Ind Vínculo Ativo 31/12 - Código,Faixa Etária - Código,Faixa Rem Média (SM) - Código,Faixa Hora Contrat - Código,Faixa Rem Dez (SM) - Código,Faixa Tempo Emprego - Código,Escolaridade Após 2005 - Código,Qtd Hora Contr,Idade,Ind CEI Vinculado - Código,Ind Estabelecimento Participante SIMPLES - Código,Mês Admissão - Código,Mês Desligamento - Código,Município Trab - Código,Município - Código,Nacionalidade - Código,Natureza Jurídica - Código,Ind Portador Defic - Código,Qtd Dias Afastamento,Raça Cor - Código,Região Adm DF - Código,Vl Rem Dezembro Nom,Vl Rem Dezembro (SM),Vl Rem Média Nom,Vl Rem Média (SM),CNAE 2.0 Subclasse - Codigo,Sexo - Código,Tamanho Estabelecimento - Código,Tempo Emprego,Tipo Admissão Trabalhador - Código,Tipo Estabelecimento - Código,Tipo Estabelecimento - Nome,Tipo Deficiência - Código,Tipo Vínculo - Código,IBGE Subsetor - Código,Vl Rem Janeiro SC,Vl Rem Fevereiro SC,Vl Rem Março SC,Vl Rem Abril SC,Vl Rem Maio SC,Vl Rem Junho SC,Vl Rem Julho SC,Vl Rem Agosto SC,Vl Rem Setembro SC,Vl Rem Outubro SC,Vl Rem Novembro SC,Ano Chegada Brasil,Ind Trabalho Intermitente - Código,Ind Trabalho Parcial - Código,Ind Vínculo Abandonado - Código,Categoria Trabalhador - Código","999997,999997,999997,999,999,999,0,223605,"" 86500"","" 85154"",999997,1,5,8,6,8,3,9,44,36,0,1,2,0,999999,230440,10,2062,0,0,8,999997,7771.49,5.88,7770.51,5.90,"" 8650004"",2,4,11.0,2,1,""CNPJ"",0,10,22,0,7767.89,7767.89,7767.89,7771.49,7771.49,7771.49,7771.49,7771.49,7771.49,7771.49,1198,0,0,0,101"
E:\pdet\00_raw\pdet\microdados\RAIS\2023\RAIS_VINC_PUB_NORTE.7z,RAIS_VINC_PUB_NORTE.COMT,1326235599,RAIS_VINCULOS,2023,NORTE,cp1252,"','",sim,62,RAIS_VINCULOS 2020-2025,DIVERGE,"esperava 60 colunas, li 62","Bairros SP - Código,Bairros Fortaleza - Código,Bairros RJ - Código,Causa Afastamento 1 - Código,Causa Afastamento 2 - Código,Causa Afastamento 3 - Código,Motivo Desligamento - Código,CBO 2002 Ocupação - Código,CNAE 2.0 Classe - Código,CNAE 95 Classe - Código,Distritos SP - Código,Ind Vínculo Ativo 31/12 - Código,Faixa Etária - Código,Faixa Rem Média (SM) - Código,Faixa Hora Contrat - Código,Faixa Rem Dez (SM) - Código,Faixa Tempo Emprego - Código,Escolaridade Após 2005 - Código,Qtd Hora Contr,Idade,Ind CEI Vinculado - Código,Ind Estabelecimento Participante SIMPLES - Código,Mês Admissão - Código,Mês Desligamento - Código,Município Trab - Código,Município - Código,Nacionalidade - Código,Natureza Jurídica - Código,Ind Portador Defic - Código,Qtd Dias Afastamento,Raça Cor - Código,Região Adm DF - Código,Vl Rem Dezembro Nom,Vl Rem Dezembro (SM),Vl Rem Média Nom,Vl Rem Média (SM),CNAE 2.0 Subclasse - Codigo,Sexo - Código,Tamanho Estabelecimento - Código,Tempo Emprego,Tipo Admissão Trabalhador - Código,Tipo Estabelecimento - Código,Tipo Estabelecimento - Nome,Tipo Deficiência - Código,Tipo Vínculo - Código,IBGE Subsetor - Código,Vl Rem Janeiro SC,Vl Rem Fevereiro SC,Vl Rem Março SC,Vl Rem Abril SC,Vl Rem Maio SC,Vl Rem Junho SC,Vl Rem Julho SC,Vl Rem Agosto SC,Vl Rem Setembro SC,Vl Rem Outubro SC,Vl Rem Novembro SC,Ano Chegada Brasil,Ind Trabalho Intermitente - Código,Ind Trabalho Parcial - Código,Ind Vínculo Abandonado - Código,Categoria Trabalhador - Código","999997,999997,999997,999,999,999,0,517415,"" 82113"","" 74993"",999997,1,6,3,5,3,5,7,36,40,0,0,0,0,999999,130260,10,2062,0,0,8,999997,1949.40,1.47,1942.46,1.47,"" 8211300"",1,8,30.5,0,1,""CNPJ"",0,10,19,1840.43,1878.00,1913.70,1913.70,2180.40,2029.70,1913.70,1949.40,1913.70,1913.70,1913.70,1198,0,0,0,101"
E:\pdet\00_raw\pdet\microdados\RAIS\2023\RAIS_VINC_PUB_SP.7z,RAIS_VINC_PUB_SP.COMT,6270181840,RAIS_VINCULOS,2023,SP,cp1252,"','",sim,62,RAIS_VINCULOS 2020-2025,DIVERGE,"esperava 60 colunas, li 62","Bairros SP - Código,Bairros Fortaleza - Código,Bairros RJ - Código,Causa Afastamento 1 - Código,Causa Afastamento 2 - Código,Causa Afastamento 3 - Código,Motivo Desligamento - Código,CBO 2002 Ocupação - Código,CNAE 2.0 Classe - Código,CNAE 95 Classe - Código,Distritos SP - Código,Ind Vínculo Ativo 31/12 - Código,Faixa Etária - Código,Faixa Rem Média (SM) - Código,Faixa Hora Contrat - Código,Faixa Rem Dez (SM) - Código,Faixa Tempo Emprego - Código,Escolaridade Após 2005 - Código,Qtd Hora Contr,Idade,Ind CEI Vinculado - Código,Ind Estabelecimento Participante SIMPLES - Código,Mês Admissão - Código,Mês Desligamento - Código,Município Trab - Código,Município - Código,Nacionalidade - Código,Natureza Jurídica - Código,Ind Portador Defic - Código,Qtd Dias Afastamento,Raça Cor - Código,Região Adm DF - Código,Vl Rem Dezembro Nom,Vl Rem Dezembro (SM),Vl Rem Média Nom,Vl Rem Média (SM),CNAE 2.0 Subclasse - Codigo,Sexo - Código,Tamanho Estabelecimento - Código,Tempo Emprego,Tipo Admissão Trabalhador - Código,Tipo Estabelecimento - Código,Tipo Estabelecimento - Nome,Tipo Deficiência - Código,Tipo Vínculo - Código,IBGE Subsetor - Código,Vl Rem Janeiro SC,Vl Rem Fevereiro SC,Vl Rem Março SC,Vl Rem Abril SC,Vl Rem Maio SC,Vl Rem Junho SC,Vl Rem Julho SC,Vl Rem Agosto SC,Vl Rem Setembro SC,Vl Rem Outubro SC,Vl Rem Novembro SC,Ano Chegada Brasil,Ind Trabalho Intermitente - Código,Ind Trabalho Parcial - Código,Ind Vínculo Abandonado - Código,Categoria Trabalhador - Código","999997,999997,999997,999,999,999,0,514325,"" 84116"","" 75116"",999997,1,7,99,5,99,8,4,40,55,0,0,0,0,999999,355030,10,1147,0,0,4,999997,,.00,.00,.00,"" 8411600"",1,7,427.3,0,1,""CNPJ"",0,10,24,0,0,0,0,0,0,0,0,0,0,0,1198,0,0,0,101"
E:\pdet\00_raw\pdet\microdados\RAIS\2023\RAIS_VINC_PUB_SUL.7z,RAIS_VINC_PUB_SUL.COMT,4007229103,RAIS_VINCULOS,2023,SUL,cp1252,"','",sim,62,RAIS_VINCULOS 2020-2025,DIVERGE,"esperava 60 colunas, li 62","Bairros SP - Código,Bairros Fortaleza - Código,Bairros RJ - Código,Causa Afastamento 1 - Código,Causa Afastamento 2 - Código,Causa Afastamento 3 - Código,Motivo Desligamento - Código,CBO 2002 Ocupação - Código,CNAE 2.0 Classe - Código,CNAE 95 Classe - Código,Distritos SP - Código,Ind Vínculo Ativo 31/12 - Código,Faixa Etária - Código,Faixa Rem Média (SM) - Código,Faixa Hora Contrat - Código,Faixa Rem Dez (SM) - Código,Faixa Tempo Emprego - Código,Escolaridade Após 2005 - Código,Qtd Hora Contr,Idade,Ind CEI Vinculado - Código,Ind Estabelecimento Participante SIMPLES - Código,Mês Admissão - Código,Mês Desligamento - Código,Município Trab - Código,Município - Código,Nacionalidade - Código,Natureza Jurídica - Código,Ind Portador Defic - Código,Qtd Dias Afastamento,Raça Cor - Código,Região Adm DF - Código,Vl Rem Dezembro Nom,Vl Rem Dezembro (SM),Vl Rem Média Nom,Vl Rem Média (SM),CNAE 2.0 Subclasse - Codigo,Sexo - Código,Tamanho Estabelecimento - Código,Tempo Emprego,Tipo Admissão Trabalhador - Código,Tipo Estabelecimento - Código,Tipo Estabelecimento - Nome,Tipo Deficiência - Código,Tipo Vínculo - Código,IBGE Subsetor - Código,Vl Rem Janeiro SC,Vl Rem Fevereiro SC,Vl Rem Março SC,Vl Rem Abril SC,Vl Rem Maio SC,Vl Rem Junho SC,Vl Rem Julho SC,Vl Rem Agosto SC,Vl Rem Setembro SC,Vl Rem Outubro SC,Vl Rem Novembro SC,Ano Chegada Brasil,Ind Trabalho Intermitente - Código,Ind Trabalho Parcial - Código,Ind Vínculo Abandonado - Código,Categoria Trabalhador - Código","999997,999997,999997,999,999,999,21,521110,"" 62091"","" 72907"",999997,0,3,3,6,99,4,7,44,22,0,1,0,3,999999,411850,10,2062,0,0,2,999997,,.00,1903.58,1.46,"" 6209100"",1,4,14.2,0,1,""CNPJ"",0,10,19,2521.26,2454.72,734.76,0,0,0,0,0,0,0,0,1198,0,0,0,101"
E:\pdet\00_raw\pdet\microdados\RAIS\2024\RAIS_ESTAB_PUB.7z,RAIS_ESTAB_PUB.COMT,1431437349,RAIS_ESTAB,2024,,cp1252,"','",sim,23,RAIS_ESTAB 2002-2013,OK (nº de colunas) / 23 rótulo(s) diferentes,pos 1: dicionário='BAIRRO_SP' arquivo='Bairros SP - Código' | pos 2: dicionário='BAIRRO FORT' arquivo='Bairros Fortaleza - Código' | pos 3: dicionário='BAIRRO_RJ' arquivo='Bairros RJ - Código' | pos 4: dicionário='CLAS CNAE 20' arquivo='CNAE 2.0 Classe - Código' | pos 5: dicionário='CLAS CNAE 95' arquivo='CNAE 95 Classe - Código' | pos 6: dicionário='DISTRITO_SP' arquivo='Distritos SP - Código',"Bairros SP - Código,Bairros Fortaleza - Código,Bairros RJ - Código,CNAE 2.0 Classe - Código,CNAE 95 Classe - Código,Distritos SP - Código,Qtd Vínculos CLT,Qtd Vínculos Ativos,Qtd Vínculos Estatutários,Ind Atividade Ano - Código,Ind CEI Vinculado - Código,Ind Estab Participante PAT - Código,Ind RAIS Negativa - Código,Ind Estab Participante SIMPLES - Código,Município - Código,Natureza Jurídica - Código,Região Adm DF - Código,CNAE 2.0 Subclasse - Codigo,Tamanho Estabelecimento - Código,Tipo Estabelecimento - Código,UF - Código,IBGE Subsetor - Código,CEP Estab","999997,999997,999997,"" 4530703"",5030,999997,28,28,0,1,0,9,0,1,351880,2062,999997,"" 4530703"",5,1,35,16,7112000"
E:\pdet\00_raw\pdet\microdados\RAIS\2024\RAIS_VINC_PUB_CENTRO_OESTE.7z,RAIS_VINC_PUB_CENTRO_OESTE.COMT,2332489517,RAIS_VINCULOS,2024,CENTRO_OESTE,cp1252,"','",sim,62,RAIS_VINCULOS 2020-2025,DIVERGE,"esperava 60 colunas, li 62","Bairros SP - Código,Bairros Fortaleza - Código,Bairros RJ - Código,Causa Afastamento 1 - Código,Causa Afastamento 2 - Código,Causa Afastamento 3 - Código,Motivo Desligamento - Código,CBO 2002 Ocupação - Código,CNAE 2.0 Classe - Código,CNAE 95 Classe - Código,Distritos SP - Código,Ind Vínculo Ativo 31/12 - Código,Faixa Etária - Código,Faixa Rem Média (SM) - Código,Faixa Hora Contrat - Código,Faixa Rem Dez (SM) - Código,Faixa Tempo Emprego - Código,Escolaridade Após 2005 - Código,Qtd Hora Contr,Idade,Ind CEI Vinculado - Código,Ind Estabelecimento Participante SIMPLES - Código,Mês Admissão - Código,Mês Desligamento - Código,Município Trab - Código,Município - Código,Nacionalidade - Código,Natureza Jurídica - Código,Ind Portador Defic - Código,Qtd Dias Afastamento,Raça Cor - Código,Região Adm DF - Código,Vl Rem Dezembro Nom,Vl Rem Dezembro (SM),Vl Rem Média Nom,Vl Rem Média (SM),CNAE 2.0 Subclasse - Codigo,Sexo - Código,Tamanho Estabelecimento - Código,Tempo Emprego,Tipo Admissão Trabalhador - Código,Tipo Estabelecimento - Código,Tipo Estabelecimento - Nome,Tipo Deficiência - Código,Tipo Vínculo - Código,IBGE Subsetor - Código,Vl Rem Janeiro SC,Vl Rem Fevereiro SC,Vl Rem Março SC,Vl Rem Abril SC,Vl Rem Maio SC,Vl Rem Junho SC,Vl Rem Julho SC,Vl Rem Agosto SC,Vl Rem Setembro SC,Vl Rem Outubro SC,Vl Rem Novembro SC,Ano Chegada Brasil,Ind Trabalho Intermitente - Código,Ind Trabalho Parcial - Código,Ind Vínculo Abandonado - Código,Categoria Trabalhador - Código","999997,999997,999997,999,999,999,11,421125,"" 47121"","" 52132"",999997,0,4,99,6,99,1,7,44,28,0,1,0,1,999999,520870,10,2062,0,0,8,999997,,.00,.00,.00,"" 4712100"",2,2,1.4,0,1,""CNPJ"",0,60,16,0,0,0,0,0,0,0,0,0,0,0,1198,0,0,0,101"
E:\pdet\00_raw\pdet\microdados\RAIS\2024\RAIS_VINC_PUB_MG_ES_RJ.7z,RAIS_VINC_PUB_MG_ES_RJ.COMT,4864880258,RAIS_VINCULOS,2024,MG_ES_RJ,cp1252,"','",sim,62,RAIS_VINCULOS 2020-2025,DIVERGE,"esperava 60 colunas, li 62","Bairros SP - Código,Bairros Fortaleza - Código,Bairros RJ - Código,Causa Afastamento 1 - Código,Causa Afastamento 2 - Código,Causa Afastamento 3 - Código,Motivo Desligamento - Código,CBO 2002 Ocupação - Código,CNAE 2.0 Classe - Código,CNAE 95 Classe - Código,Distritos SP - Código,Ind Vínculo Ativo 31/12 - Código,Faixa Etária - Código,Faixa Rem Média (SM) - Código,Faixa Hora Contrat - Código,Faixa Rem Dez (SM) - Código,Faixa Tempo Emprego - Código,Escolaridade Após 2005 - Código,Qtd Hora Contr,Idade,Ind CEI Vinculado - Código,Ind Estabelecimento Participante SIMPLES - Código,Mês Admissão - Código,Mês Desligamento - Código,Município Trab - Código,Município - Código,Nacionalidade - Código,Natureza Jurídica - Código,Ind Portador Defic - Código,Qtd Dias Afastamento,Raça Cor - Código,Região Adm DF - Código,Vl Rem Dezembro Nom,Vl Rem Dezembro (SM),Vl Rem Média Nom,Vl Rem Média (SM),CNAE 2.0 Subclasse - Codigo,Sexo - Código,Tamanho Estabelecimento - Código,Tempo Emprego,Tipo Admissão Trabalhador - Código,Tipo Estabelecimento - Código,Tipo Estabelecimento - Nome,Tipo Deficiência - Código,Tipo Vínculo - Código,IBGE Subsetor - Código,Vl Rem Janeiro SC,Vl Rem Fevereiro SC,Vl Rem Março SC,Vl Rem Abril SC,Vl Rem Maio SC,Vl Rem Junho SC,Vl Rem Julho SC,Vl Rem Agosto SC,Vl Rem Setembro SC,Vl Rem Outubro SC,Vl Rem Novembro SC,Ano Chegada Brasil,Ind Trabalho Intermitente - Código,Ind Trabalho Parcial - Código,Ind Vínculo Abandonado - Código,Categoria Trabalhador - Código","999997,999997,999997,40,999,999,0,632605,""02306"","" 99999"",999997,1,5,99,6,99,6,7,44,39,0,1,0,0,999999,314545,10,2062,0,365,8,999997,,.00,.00,.00,""0230600"",1,6,58.6,0,1,""CNPJ"",0,20,19,0,0,0,0,0,0,0,0,0,0,0,1198,0,0,0,101"
E:\pdet\00_raw\pdet\microdados\RAIS\2024\RAIS_VINC_PUB_NI.7z,RAIS_VINC_PUB_NI.COMT,4358895,RAIS_VINCULOS,2024,,cp1252,"','",sim,62,RAIS_VINCULOS 2020-2025,DIVERGE,"esperava 60 colunas, li 62","Bairros SP - Código,Bairros Fortaleza - Código,Bairros RJ - Código,Causa Afastamento 1 - Código,Causa Afastamento 2 - Código,Causa Afastamento 3 - Código,Motivo Desligamento - Código,CBO 2002 Ocupação - Código,CNAE 2.0 Classe - Código,CNAE 95 Classe - Código,Distritos SP - Código,Ind Vínculo Ativo 31/12 - Código,Faixa Etária - Código,Faixa Rem Média (SM) - Código,Faixa Hora Contrat - Código,Faixa Rem Dez (SM) - Código,Faixa Tempo Emprego - Código,Escolaridade Após 2005 - Código,Qtd Hora Contr,Idade,Ind CEI Vinculado - Código,Ind Estabelecimento Participante SIMPLES - Código,Mês Admissão - Código,Mês Desligamento - Código,Município Trab - Código,Município - Código,Nacionalidade - Código,Natureza Jurídica - Código,Ind Portador Defic - Código,Qtd Dias Afastamento,Raça Cor - Código,Região Adm DF - Código,Vl Rem Dezembro Nom,Vl Rem Dezembro (SM),Vl Rem Média Nom,Vl Rem Média (SM),CNAE 2.0 Subclasse - Codigo,Sexo - Código,Tamanho Estabelecimento - Código,Tempo Emprego,Tipo Admissão Trabalhador - Código,Tipo Estabelecimento - Código,Tipo Estabelecimento - Nome,Tipo Deficiência - Código,Tipo Vínculo - Código,IBGE Subsetor - Código,Vl Rem Janeiro SC,Vl Rem Fevereiro SC,Vl Rem Março SC,Vl Rem Abril SC,Vl Rem Maio SC,Vl Rem Junho SC,Vl Rem Julho SC,Vl Rem Agosto SC,Vl Rem Setembro SC,Vl Rem Outubro SC,Vl Rem Novembro SC,Ano Chegada Brasil,Ind Trabalho Intermitente - Código,Ind Trabalho Parcial - Código,Ind Vínculo Abandonado - Código,Categoria Trabalhador - Código","999997,999997,999997,999,999,999,0,764105,"" 15319"","" 19313"",999997,1,7,3,6,3,5,4,44,51,0,1,0,0,999999,999999,10,2135,0,0,6,999997,1780.00,1.26,1799.44,1.27,"" 1531902"",1,2,30.6,0,1,""CNPJ"",0,10,12,1600.00,1600.00,1780.00,2215.11,1938.22,1780.00,1780.00,1780.00,1780.00,1780.00,1780.00,1198,0,0,0,101"
E:\pdet\00_raw\pdet\microdados\RAIS\2024\RAIS_VINC_PUB_NORDESTE.7z,RAIS_VINC_PUB_NORDESTE.COMT,4191644822,RAIS_VINCULOS,2024,NORDESTE,cp1252,"','",sim,62,RAIS_VINCULOS 2020-2025,DIVERGE,"esperava 60 colunas, li 62","Bairros SP - Código,Bairros Fortaleza - Código,Bairros RJ - Código,Causa Afastamento 1 - Código,Causa Afastamento 2 - Código,Causa Afastamento 3 - Código,Motivo Desligamento - Código,CBO 2002 Ocupação - Código,CNAE 2.0 Classe - Código,CNAE 95 Classe - Código,Distritos SP - Código,Ind Vínculo Ativo 31/12 - Código,Faixa Etária - Código,Faixa Rem Média (SM) - Código,Faixa Hora Contrat - Código,Faixa Rem Dez (SM) - Código,Faixa Tempo Emprego - Código,Escolaridade Após 2005 - Código,Qtd Hora Contr,Idade,Ind CEI Vinculado - Código,Ind Estabelecimento Participante SIMPLES - Código,Mês Admissão - Código,Mês Desligamento - Código,Município Trab - Código,Município - Código,Nacionalidade - Código,Natureza Jurídica - Código,Ind Portador Defic - Código,Qtd Dias Afastamento,Raça Cor - Código,Região Adm DF - Código,Vl Rem Dezembro Nom,Vl Rem Dezembro (SM),Vl Rem Média Nom,Vl Rem Média (SM),CNAE 2.0 Subclasse - Codigo,Sexo - Código,Tamanho Estabelecimento - Código,Tempo Emprego,Tipo Admissão Trabalhador - Código,Tipo Estabelecimento - Código,Tipo Estabelecimento - Nome,Tipo Deficiência - Código,Tipo Vínculo - Código,IBGE Subsetor - Código,Vl Rem Janeiro SC,Vl Rem Fevereiro SC,Vl Rem Março SC,Vl Rem Abril SC,Vl Rem Maio SC,Vl Rem Junho SC,Vl Rem Julho SC,Vl Rem Agosto SC,Vl Rem Setembro SC,Vl Rem Outubro SC,Vl Rem Novembro SC,Ano Chegada Brasil,Ind Trabalho Intermitente - Código,Ind Trabalho Parcial - Código,Ind Vínculo Abandonado - Código,Categoria Trabalhador - Código","999997,999997,999997,999,999,999,0,121010,"" 84116"","" 75116"",999997,1,7,10,5,10,8,9,40,62,0,0,0,0,999999,292740,10,1023,0,0,9,999997,16825.95,11.91,15208.36,10.77,"" 8411600"",2,7,215.4,0,1,""CNPJ"",0,35,24,14247.68,14247.68,15286.48,14247.68,14817.62,17092.56,16428.43,14619.70,14901.98,14892.25,14892.25,1198,0,0,0,302"
E:\pdet\00_raw\pdet\microdados\RAIS\2024\RAIS_VINC_PUB_NORTE.7z,RAIS_VINC_PUB_NORTE.COMT,1401390640,RAIS_VINCULOS,2024,NORTE,cp1252,"','",sim,62,RAIS_VINCULOS 2020-2025,DIVERGE,"esperava 60 colunas, li 62","Bairros SP - Código,Bairros Fortaleza - Código,Bairros RJ - Código,Causa Afastamento 1 - Código,Causa Afastamento 2 - Código,Causa Afastamento 3 - Código,Motivo Desligamento - Código,CBO 2002 Ocupação - Código,CNAE 2.0 Classe - Código,CNAE 95 Classe - Código,Distritos SP - Código,Ind Vínculo Ativo 31/12 - Código,Faixa Etária - Código,Faixa Rem Média (SM) - Código,Faixa Hora Contrat - Código,Faixa Rem Dez (SM) - Código,Faixa Tempo Emprego - Código,Escolaridade Após 2005 - Código,Qtd Hora Contr,Idade,Ind CEI Vinculado - Código,Ind Estabelecimento Participante SIMPLES - Código,Mês Admissão - Código,Mês Desligamento - Código,Município Trab - Código,Município - Código,Nacionalidade - Código,Natureza Jurídica - Código,Ind Portador Defic - Código,Qtd Dias Afastamento,Raça Cor - Código,Região Adm DF - Código,Vl Rem Dezembro Nom,Vl Rem Dezembro (SM),Vl Rem Média Nom,Vl Rem Média (SM),CNAE 2.0 Subclasse - Codigo,Sexo - Código,Tamanho Estabelecimento - Código,Tempo Emprego,Tipo Admissão Trabalhador - Código,Tipo Estabelecimento - Código,Tipo Estabelecimento - Nome,Tipo Deficiência - Código,Tipo Vínculo - Código,IBGE Subsetor - Código,Vl Rem Janeiro SC,Vl Rem Fevereiro SC,Vl Rem Março SC,Vl Rem Abril SC,Vl Rem Maio SC,Vl Rem Junho SC,Vl Rem Julho SC,Vl Rem Agosto SC,Vl Rem Setembro SC,Vl Rem Outubro SC,Vl Rem Novembro SC,Ano Chegada Brasil,Ind Trabalho Intermitente - Código,Ind Trabalho Parcial - Código,Ind Vínculo Abandonado - Código,Categoria Trabalhador - Código","999997,999997,999997,999,999,999,21,322205,"" 86305"","" 85138"",999997,0,3,5,6,99,2,7,44,24,0,0,5,9,999999,150140,10,2062,0,0,8,999997,,.00,2956.01,2.09,"" 8630503"",2,6,4.1,2,1,""CNPJ"",0,10,22,0,0,0,0,3325.00,3325.00,3325.00,3126.42,1678.61,0,0,1198,0,0,0,101"
E:\pdet\00_raw\pdet\microdados\RAIS\2024\RAIS_VINC_PUB_SP.7z,RAIS_VINC_PUB_SP.COMT,6622152048,RAIS_VINCULOS,2024,SP,cp1252,"','",sim,62,RAIS_VINCULOS 2020-2025,DIVERGE,"esperava 60 colunas, li 62","Bairros SP - Código,Bairros Fortaleza - Código,Bairros RJ - Código,Causa Afastamento 1 - Código,Causa Afastamento 2 - Código,Causa Afastamento 3 - Código,Motivo Desligamento - Código,CBO 2002 Ocupação - Código,CNAE 2.0 Classe - Código,CNAE 95 Classe - Código,Distritos SP - Código,Ind Vínculo Ativo 31/12 - Código,Faixa Etária - Código,Faixa Rem Média (SM) - Código,Faixa Hora Contrat - Código,Faixa Rem Dez (SM) - Código,Faixa Tempo Emprego - Código,Escolaridade Após 2005 - Código,Qtd Hora Contr,Idade,Ind CEI Vinculado - Código,Ind Estabelecimento Participante SIMPLES - Código,Mês Admissão - Código,Mês Desligamento - Código,Município Trab - Código,Município - Código,Nacionalidade - Código,Natureza Jurídica - Código,Ind Portador Defic - Código,Qtd Dias Afastamento,Raça Cor - Código,Região Adm DF - Código,Vl Rem Dezembro Nom,Vl Rem Dezembro (SM),Vl Rem Média Nom,Vl Rem Média (SM),CNAE 2.0 Subclasse - Codigo,Sexo - Código,Tamanho Estabelecimento - Código,Tempo Emprego,Tipo Admissão Trabalhador - Código,Tipo Estabelecimento - Código,Tipo Estabelecimento - Nome,Tipo Deficiência - Código,Tipo Vínculo - Código,IBGE Subsetor - Código,Vl Rem Janeiro SC,Vl Rem Fevereiro SC,Vl Rem Março SC,Vl Rem Abril SC,Vl Rem Maio SC,Vl Rem Junho SC,Vl Rem Julho SC,Vl Rem Agosto SC,Vl Rem Setembro SC,Vl Rem Outubro SC,Vl Rem Novembro SC,Ano Chegada Brasil,Ind Trabalho Intermitente - Código,Ind Trabalho Parcial - Código,Ind Vínculo Abandonado - Código,Categoria Trabalhador - Código","999997,999997,999997,999,999,999,0,521130,"" 82199"","" 74993"",999997,1,5,5,6,4,5,7,44,33,0,1,0,0,999999,353860,10,2062,0,0,9,999997,2795.50,1.97,2971.09,2.10,"" 8219999"",2,4,28.0,0,1,""CNPJ"",0,10,19,3032.05,2760.53,2964.17,2828.41,2851.03,2918.92,2624.76,2556.88,3940.16,3150.87,3229.75,1198,0,0,0,101"
E:\pdet\00_raw\pdet\microdados\RAIS\2024\RAIS_VINC_PUB_SUL.7z,RAIS_VINC_PUB_SUL.COMT,4203292541,RAIS_VINCULOS,2024,SUL,cp1252,"','",sim,62,RAIS_VINCULOS 2020-2025,DIVERGE,"esperava 60 colunas, li 62","Bairros SP - Código,Bairros Fortaleza - Código,Bairros RJ - Código,Causa Afastamento 1 - Código,Causa Afastamento 2 - Código,Causa Afastamento 3 - Código,Motivo Desligamento - Código,CBO 2002 Ocupação - Código,CNAE 2.0 Classe - Código,CNAE 95 Classe - Código,Distritos SP - Código,Ind Vínculo Ativo 31/12 - Código,Faixa Etária - Código,Faixa Rem Média (SM) - Código,Faixa Hora Contrat - Código,Faixa Rem Dez (SM) - Código,Faixa Tempo Emprego - Código,Escolaridade Após 2005 - Código,Qtd Hora Contr,Idade,Ind CEI Vinculado - Código,Ind Estabelecimento Participante SIMPLES - Código,Mês Admissão - Código,Mês Desligamento - Código,Município Trab - Código,Município - Código,Nacionalidade - Código,Natureza Jurídica - Código,Ind Portador Defic - Código,Qtd Dias Afastamento,Raça Cor - Código,Região Adm DF - Código,Vl Rem Dezembro Nom,Vl Rem Dezembro (SM),Vl Rem Média Nom,Vl Rem Média (SM),CNAE 2.0 Subclasse - Codigo,Sexo - Código,Tamanho Estabelecimento - Código,Tempo Emprego,Tipo Admissão Trabalhador - Código,Tipo Estabelecimento - Código,Tipo Estabelecimento - Nome,Tipo Deficiência - Código,Tipo Vínculo - Código,IBGE Subsetor - Código,Vl Rem Janeiro SC,Vl Rem Fevereiro SC,Vl Rem Março SC,Vl Rem Abril SC,Vl Rem Maio SC,Vl Rem Junho SC,Vl Rem Julho SC,Vl Rem Agosto SC,Vl Rem Setembro SC,Vl Rem Outubro SC,Vl Rem Novembro SC,Ano Chegada Brasil,Ind Trabalho Intermitente - Código,Ind Trabalho Parcial - Código,Ind Vínculo Abandonado - Código,Categoria Trabalhador - Código","999997,999997,999997,999,999,999,0,782510,"" 13405"","" 17507"",999997,1,7,99,6,99,8,3,44,61,0,0,0,0,999999,420290,10,2062,0,0,2,999997,,.00,.00,.00,"" 1340502"",1,8,201.9,0,1,""CNPJ"",0,10,11,0,0,0,0,0,0,0,0,0,0,0,1198,0,0,0,101"
E:\pdet\00_raw\pdet\microdados\RAIS\2025\RAIS_ESTAB_PUB.7z,RAIS_ESTAB_PUB.COMT,1463420298,RAIS_ESTAB,2025,,cp1252,"','",sim,23,RAIS_ESTAB 2002-2013,OK (nº de colunas) / 23 rótulo(s) diferentes,pos 1: dicionário='BAIRRO_SP' arquivo='Bairros SP - Código' | pos 2: dicionário='BAIRRO FORT' arquivo='Bairros Fortaleza - Código' | pos 3: dicionário='BAIRRO_RJ' arquivo='Bairros RJ - Código' | pos 4: dicionário='CLAS CNAE 20' arquivo='CNAE 2.0 Classe - Código' | pos 5: dicionário='CLAS CNAE 95' arquivo='CNAE 95 Classe - Código' | pos 6: dicionário='DISTRITO_SP' arquivo='Distritos SP - Código',"Bairros SP - Código,Bairros Fortaleza - Código,Bairros RJ - Código,CNAE 2.0 Classe - Código,CNAE 95 Classe - Código,Distritos SP - Código,Qtd Vínculos CLT,Qtd Vínculos Ativos,Qtd Vínculos Estatutários,Ind Atividade Ano - Código,Ind CEI Vinculado - Código,Ind Estab Participante PAT - Código,Ind RAIS Negativa - Código,Ind Estab Participante SIMPLES - Código,Município - Código,Natureza Jurídica - Código,Região Adm DF - Código,CNAE 2.0 Subclasse - Codigo,Tamanho Estabelecimento - Código,Tipo Estabelecimento - Código,UF - Código,IBGE Subsetor - Código,CEP Estab","999997,999997,999997,"" 5611203"",5522,999997,0,0,0,1,0,9,0,1,355030,2062,999997,"" 5611203"",1,1,35,21,1415002"
E:\pdet\00_raw\pdet\microdados\RAIS\2025\RAIS_VINC_PUB_CENTRO_OESTE.7z,RAIS_VINC_PUB_CENTRO_OESTE.COMT,2411041784,RAIS_VINCULOS,2025,CENTRO_OESTE,cp1252,"','",sim,62,RAIS_VINCULOS 2020-2025,DIVERGE,"esperava 60 colunas, li 62","Bairros SP - Código,Bairros Fortaleza - Código,Bairros RJ - Código,Causa Afastamento 1 - Código,Causa Afastamento 2 - Código,Causa Afastamento 3 - Código,Motivo Desligamento - Código,CBO 2002 Ocupação - Código,CNAE 2.0 Classe - Código,CNAE 95 Classe - Código,Distritos SP - Código,Ind Vínculo Ativo 31/12 - Código,Faixa Etária - Código,Faixa Rem Média (SM) - Código,Faixa Hora Contrat - Código,Faixa Rem Dez (SM) - Código,Faixa Tempo Emprego - Código,Escolaridade Após 2005 - Código,Qtd Hora Contr,Idade,Ind CEI Vinculado - Código,Ind Estabelecimento Participante SIMPLES - Código,Mês Admissão - Código,Mês Desligamento - Código,Município Trab - Código,Município - Código,Nacionalidade - Código,Natureza Jurídica - Código,Ind Portador Defic - Código,Qtd Dias Afastamento,Raça Cor - Código,Região Adm DF - Código,Vl Rem Dezembro Nom,Vl Rem Dezembro (SM),Vl Rem Média Nom,Vl Rem Média (SM),CNAE 2.0 Subclasse - Codigo,Sexo - Código,Tamanho Estabelecimento - Código,Tempo Emprego,Tipo Admissão Trabalhador - Código,Tipo Estabelecimento - Código,Tipo Estabelecimento - Nome,Tipo Deficiência - Código,Tipo Vínculo - Código,IBGE Subsetor - Código,Vl Rem Janeiro SC,Vl Rem Fevereiro SC,Vl Rem Março SC,Vl Rem Abril SC,Vl Rem Maio SC,Vl Rem Junho SC,Vl Rem Julho SC,Vl Rem Agosto SC,Vl Rem Setembro SC,Vl Rem Outubro SC,Vl Rem Novembro SC,Ano Chegada Brasil,Ind Trabalho Intermitente - Código,Ind Trabalho Parcial - Código,Ind Vínculo Abandonado - Código,Categoria Trabalhador - Código","999997,999997,999997,999,999,999,0,623020,""01512"","" 99999"",999997,1,6,99,6,99,7,7,44,44,0,0,0,0,999999,521000,10,9999,0,0,4,999997,,.00,.00,.00,""0151201"",1,5,101.0,0,5,""CAEPF"",0,25,25,0,0,0,0,0,0,0,0,0,0,0,1198,0,0,0,101"
E:\pdet\00_raw\pdet\microdados\RAIS\2025\RAIS_VINC_PUB_MG_ES_RJ.7z,RAIS_VINC_PUB_MG_ES_RJ.COMT,5002780017,RAIS_VINCULOS,2025,MG_ES_RJ,cp1252,"','",sim,62,RAIS_VINCULOS 2020-2025,DIVERGE,"esperava 60 colunas, li 62","Bairros SP - Código,Bairros Fortaleza - Código,Bairros RJ - Código,Causa Afastamento 1 - Código,Causa Afastamento 2 - Código,Causa Afastamento 3 - Código,Motivo Desligamento - Código,CBO 2002 Ocupação - Código,CNAE 2.0 Classe - Código,CNAE 95 Classe - Código,Distritos SP - Código,Ind Vínculo Ativo 31/12 - Código,Faixa Etária - Código,Faixa Rem Média (SM) - Código,Faixa Hora Contrat - Código,Faixa Rem Dez (SM) - Código,Faixa Tempo Emprego - Código,Escolaridade Após 2005 - Código,Qtd Hora Contr,Idade,Ind CEI Vinculado - Código,Ind Estabelecimento Participante SIMPLES - Código,Mês Admissão - Código,Mês Desligamento - Código,Município Trab - Código,Município - Código,Nacionalidade - Código,Natureza Jurídica - Código,Ind Portador Defic - Código,Qtd Dias Afastamento,Raça Cor - Código,Região Adm DF - Código,Vl Rem Dezembro Nom,Vl Rem Dezembro (SM),Vl Rem Média Nom,Vl Rem Média (SM),CNAE 2.0 Subclasse - Codigo,Sexo - Código,Tamanho Estabelecimento - Código,Tempo Emprego,Tipo Admissão Trabalhador - Código,Tipo Estabelecimento - Código,Tipo Estabelecimento - Nome,Tipo Deficiência - Código,Tipo Vínculo - Código,IBGE Subsetor - Código,Vl Rem Janeiro SC,Vl Rem Fevereiro SC,Vl Rem Março SC,Vl Rem Abril SC,Vl Rem Maio SC,Vl Rem Junho SC,Vl Rem Julho SC,Vl Rem Agosto SC,Vl Rem Setembro SC,Vl Rem Outubro SC,Vl Rem Novembro SC,Ano Chegada Brasil,Ind Trabalho Intermitente - Código,Ind Trabalho Parcial - Código,Ind Vínculo Abandonado - Código,Categoria Trabalhador - Código","999997,999997,999997,70,999,999,0,225125,"" 86607"","" 85154"",999997,1,5,99,3,99,7,9,16,34,0,0,0,0,999999,330390,10,3077,0,365,2,999997,,.00,.00,.00,"" 8660700"",1,10,80.0,0,1,""CNPJ"",0,10,22,0,0,0,0,0,0,0,0,0,0,0,1198,0,0,0,101"
E:\pdet\00_raw\pdet\microdados\RAIS\2025\RAIS_VINC_PUB_NI.7z,RAIS_VINC_PUB_NI.COMT,1622387,RAIS_VINCULOS,2025,,cp1252,"','",sim,62,RAIS_VINCULOS 2020-2025,DIVERGE,"esperava 60 colunas, li 62","Bairros SP - Código,Bairros Fortaleza - Código,Bairros RJ - Código,Causa Afastamento 1 - Código,Causa Afastamento 2 - Código,Causa Afastamento 3 - Código,Motivo Desligamento - Código,CBO 2002 Ocupação - Código,CNAE 2.0 Classe - Código,CNAE 95 Classe - Código,Distritos SP - Código,Ind Vínculo Ativo 31/12 - Código,Faixa Etária - Código,Faixa Rem Média (SM) - Código,Faixa Hora Contrat - Código,Faixa Rem Dez (SM) - Código,Faixa Tempo Emprego - Código,Escolaridade Após 2005 - Código,Qtd Hora Contr,Idade,Ind CEI Vinculado - Código,Ind Estabelecimento Participante SIMPLES - Código,Mês Admissão - Código,Mês Desligamento - Código,Município Trab - Código,Município - Código,Nacionalidade - Código,Natureza Jurídica - Código,Ind Portador Defic - Código,Qtd Dias Afastamento,Raça Cor - Código,Região Adm DF - Código,Vl Rem Dezembro Nom,Vl Rem Dezembro (SM),Vl Rem Média Nom,Vl Rem Média (SM),CNAE 2.0 Subclasse - Codigo,Sexo - Código,Tamanho Estabelecimento - Código,Tempo Emprego,Tipo Admissão Trabalhador - Código,Tipo Estabelecimento - Código,Tipo Estabelecimento - Nome,Tipo Deficiência - Código,Tipo Vínculo - Código,IBGE Subsetor - Código,Vl Rem Janeiro SC,Vl Rem Fevereiro SC,Vl Rem Março SC,Vl Rem Abril SC,Vl Rem Maio SC,Vl Rem Junho SC,Vl Rem Julho SC,Vl Rem Agosto SC,Vl Rem Setembro SC,Vl Rem Outubro SC,Vl Rem Novembro SC,Ano Chegada Brasil,Ind Trabalho Intermitente - Código,Ind Trabalho Parcial - Código,Ind Vínculo Abandonado - Código,Categoria Trabalhador - Código","999997,999997,999997,999,999,999,31,717020,"" 41204"","" 45217"",999997,0,5,3,6,99,1,2,44,33,1,0,4,6,999999,999999,10,9999,0,0,8,999997,,.00,1637.69,1.07,"" 4120400"",1,7,1.3,2,6,""CNO"",0,10,15,0,0,0,0,1637.69,0,0,0,0,0,0,1198,0,0,0,101"
E:\pdet\00_raw\pdet\microdados\RAIS\2025\RAIS_VINC_PUB_NORDESTE.7z,RAIS_VINC_PUB_NORDESTE.COMT,4494287267,RAIS_VINCULOS,2025,NORDESTE,cp1252,"','",sim,62,RAIS_VINCULOS 2020-2025,DIVERGE,"esperava 60 colunas, li 62","Bairros SP - Código,Bairros Fortaleza - Código,Bairros RJ - Código,Causa Afastamento 1 - Código,Causa Afastamento 2 - Código,Causa Afastamento 3 - Código,Motivo Desligamento - Código,CBO 2002 Ocupação - Código,CNAE 2.0 Classe - Código,CNAE 95 Classe - Código,Distritos SP - Código,Ind Vínculo Ativo 31/12 - Código,Faixa Etária - Código,Faixa Rem Média (SM) - Código,Faixa Hora Contrat - Código,Faixa Rem Dez (SM) - Código,Faixa Tempo Emprego - Código,Escolaridade Após 2005 - Código,Qtd Hora Contr,Idade,Ind CEI Vinculado - Código,Ind Estabelecimento Participante SIMPLES - Código,Mês Admissão - Código,Mês Desligamento - Código,Município Trab - Código,Município - Código,Nacionalidade - Código,Natureza Jurídica - Código,Ind Portador Defic - Código,Qtd Dias Afastamento,Raça Cor - Código,Região Adm DF - Código,Vl Rem Dezembro Nom,Vl Rem Dezembro (SM),Vl Rem Média Nom,Vl Rem Média (SM),CNAE 2.0 Subclasse - Codigo,Sexo - Código,Tamanho Estabelecimento - Código,Tempo Emprego,Tipo Admissão Trabalhador - Código,Tipo Estabelecimento - Código,Tipo Estabelecimento - Nome,Tipo Deficiência - Código,Tipo Vínculo - Código,IBGE Subsetor - Código,Vl Rem Janeiro SC,Vl Rem Fevereiro SC,Vl Rem Março SC,Vl Rem Abril SC,Vl Rem Maio SC,Vl Rem Junho SC,Vl Rem Julho SC,Vl Rem Agosto SC,Vl Rem Setembro SC,Vl Rem Outubro SC,Vl Rem Novembro SC,Ano Chegada Brasil,Ind Trabalho Intermitente - Código,Ind Trabalho Parcial - Código,Ind Vínculo Abandonado - Código,Categoria Trabalhador - Código","999997,999997,999997,999,999,999,0,715210,"" 41204"","" 45217"",999997,1,7,99,7,99,5,7,45,63,0,1,0,0,999999,261110,10,2062,0,0,8,999997,,.00,.00,.00,"" 4120400"",1,5,31.9,0,1,""CNPJ"",0,10,15,0,0,0,0,0,0,0,0,0,0,0,1198,0,0,0,101"
E:\pdet\00_raw\pdet\microdados\RAIS\2025\RAIS_VINC_PUB_NORTE.7z,RAIS_VINC_PUB_NORTE.COMT,1514078371,RAIS_VINCULOS,2025,NORTE,cp1252,"','",sim,62,RAIS_VINCULOS 2020-2025,DIVERGE,"esperava 60 colunas, li 62","Bairros SP - Código,Bairros Fortaleza - Código,Bairros RJ - Código,Causa Afastamento 1 - Código,Causa Afastamento 2 - Código,Causa Afastamento 3 - Código,Motivo Desligamento - Código,CBO 2002 Ocupação - Código,CNAE 2.0 Classe - Código,CNAE 95 Classe - Código,Distritos SP - Código,Ind Vínculo Ativo 31/12 - Código,Faixa Etária - Código,Faixa Rem Média (SM) - Código,Faixa Hora Contrat - Código,Faixa Rem Dez (SM) - Código,Faixa Tempo Emprego - Código,Escolaridade Após 2005 - Código,Qtd Hora Contr,Idade,Ind CEI Vinculado - Código,Ind Estabelecimento Participante SIMPLES - Código,Mês Admissão - Código,Mês Desligamento - Código,Município Trab - Código,Município - Código,Nacionalidade - Código,Natureza Jurídica - Código,Ind Portador Defic - Código,Qtd Dias Afastamento,Raça Cor - Código,Região Adm DF - Código,Vl Rem Dezembro Nom,Vl Rem Dezembro (SM),Vl Rem Média Nom,Vl Rem Média (SM),CNAE 2.0 Subclasse - Codigo,Sexo - Código,Tamanho Estabelecimento - Código,Tempo Emprego,Tipo Admissão Trabalhador - Código,Tipo Estabelecimento - Código,Tipo Estabelecimento - Nome,Tipo Deficiência - Código,Tipo Vínculo - Código,IBGE Subsetor - Código,Vl Rem Janeiro SC,Vl Rem Fevereiro SC,Vl Rem Março SC,Vl Rem Abril SC,Vl Rem Maio SC,Vl Rem Junho SC,Vl Rem Julho SC,Vl Rem Agosto SC,Vl Rem Setembro SC,Vl Rem Outubro SC,Vl Rem Novembro SC,Ano Chegada Brasil,Ind Trabalho Intermitente - Código,Ind Trabalho Parcial - Código,Ind Vínculo Abandonado - Código,Categoria Trabalhador - Código","999997,999997,999997,999,999,999,11,717020,"" 41204"","" 45217"",999997,0,6,4,6,99,4,7,44,41,1,0,0,8,999999,150140,10,9999,0,0,4,999997,,.00,3009.56,1.98,"" 4120400"",1,2,15.7,0,6,""CNO"",0,10,15,1569.34,2640.74,3151.66,3280.65,2577.48,4807.91,3039.14,101.20,0,0,0,1198,0,0,0,101"
E:\pdet\00_raw\pdet\microdados\RAIS\2025\RAIS_VINC_PUB_SP.7z,RAIS_VINC_PUB_SP.COMT,6848689624,RAIS_VINCULOS,2025,SP,cp1252,"','",sim,62,RAIS_VINCULOS 2020-2025,DIVERGE,"esperava 60 colunas, li 62","Bairros SP - Código,Bairros Fortaleza - Código,Bairros RJ - Código,Causa Afastamento 1 - Código,Causa Afastamento 2 - Código,Causa Afastamento 3 - Código,Motivo Desligamento - Código,CBO 2002 Ocupação - Código,CNAE 2.0 Classe - Código,CNAE 95 Classe - Código,Distritos SP - Código,Ind Vínculo Ativo 31/12 - Código,Faixa Etária - Código,Faixa Rem Média (SM) - Código,Faixa Hora Contrat - Código,Faixa Rem Dez (SM) - Código,Faixa Tempo Emprego - Código,Escolaridade Após 2005 - Código,Qtd Hora Contr,Idade,Ind CEI Vinculado - Código,Ind Estabelecimento Participante SIMPLES - Código,Mês Admissão - Código,Mês Desligamento - Código,Município Trab - Código,Município - Código,Nacionalidade - Código,Natureza Jurídica - Código,Ind Portador Defic - Código,Qtd Dias Afastamento,Raça Cor - Código,Região Adm DF - Código,Vl Rem Dezembro Nom,Vl Rem Dezembro (SM),Vl Rem Média Nom,Vl Rem Média (SM),CNAE 2.0 Subclasse - Codigo,Sexo - Código,Tamanho Estabelecimento - Código,Tempo Emprego,Tipo Admissão Trabalhador - Código,Tipo Estabelecimento - Código,Tipo Estabelecimento - Nome,Tipo Deficiência - Código,Tipo Vínculo - Código,IBGE Subsetor - Código,Vl Rem Janeiro SC,Vl Rem Fevereiro SC,Vl Rem Março SC,Vl Rem Abril SC,Vl Rem Maio SC,Vl Rem Junho SC,Vl Rem Julho SC,Vl Rem Agosto SC,Vl Rem Setembro SC,Vl Rem Outubro SC,Vl Rem Novembro SC,Ano Chegada Brasil,Ind Trabalho Intermitente - Código,Ind Trabalho Parcial - Código,Ind Vínculo Abandonado - Código,Categoria Trabalhador - Código","999997,999997,999997,999,999,999,0,911305,"" 33147"","" 29947"",999997,1,5,99,99,99,4,7,99,34,0,0,0,0,999999,353070,10,2062,0,0,2,999997,,.00,.00,.00,"" 3314713"",1,8,18.9,0,1,""CNPJ"",0,10,4,0,0,0,0,0,0,0,0,0,0,0,1198,1,0,0,111"
E:\pdet\00_raw\pdet\microdados\RAIS\2025\RAIS_VINC_PUB_SUL.7z,RAIS_VINC_PUB_SUL.COMT,4343637110,RAIS_VINCULOS,2025,SUL,cp1252,"','",sim,62,RAIS_VINCULOS 2020-2025,DIVERGE,"esperava 60 colunas, li 62","Bairros SP - Código,Bairros Fortaleza - Código,Bairros RJ - Código,Causa Afastamento 1 - Código,Causa Afastamento 2 - Código,Causa Afastamento 3 - Código,Motivo Desligamento - Código,CBO 2002 Ocupação - Código,CNAE 2.0 Classe - Código,CNAE 95 Classe - Código,Distritos SP - Código,Ind Vínculo Ativo 31/12 - Código,Faixa Etária - Código,Faixa Rem Média (SM) - Código,Faixa Hora Contrat - Código,Faixa Rem Dez (SM) - Código,Faixa Tempo Emprego - Código,Escolaridade Após 2005 - Código,Qtd Hora Contr,Idade,Ind CEI Vinculado - Código,Ind Estabelecimento Participante SIMPLES - Código,Mês Admissão - Código,Mês Desligamento - Código,Município Trab - Código,Município - Código,Nacionalidade - Código,Natureza Jurídica - Código,Ind Portador Defic - Código,Qtd Dias Afastamento,Raça Cor - Código,Região Adm DF - Código,Vl Rem Dezembro Nom,Vl Rem Dezembro (SM),Vl Rem Média Nom,Vl Rem Média (SM),CNAE 2.0 Subclasse - Codigo,Sexo - Código,Tamanho Estabelecimento - Código,Tempo Emprego,Tipo Admissão Trabalhador - Código,Tipo Estabelecimento - Código,Tipo Estabelecimento - Nome,Tipo Deficiência - Código,Tipo Vínculo - Código,IBGE Subsetor - Código,Vl Rem Janeiro SC,Vl Rem Fevereiro SC,Vl Rem Março SC,Vl Rem Abril SC,Vl Rem Maio SC,Vl Rem Junho SC,Vl Rem Julho SC,Vl Rem Agosto SC,Vl Rem Setembro SC,Vl Rem Outubro SC,Vl Rem Novembro SC,Ano Chegada Brasil,Ind Trabalho Intermitente - Código,Ind Trabalho Parcial - Código,Ind Vínculo Abandonado - Código,Categoria Trabalhador - Código","999997,999997,999997,999,999,999,0,422105,"" 47725"","" 52418"",999997,1,4,99,8,99,7,7,50,26,0,0,0,0,999999,431490,10,2062,0,0,2,999997,,.00,.00,.00,"" 4772500"",2,2,70.3,0,1,""CNPJ"",0,10,16,0,0,0,0,0,0,0,0,0,0,0,1198,0,0,1,101"
E:\pdet\00_raw\pdet\microdados\TRABALHO_DOMESTICO\RAIS_DOM_PUB_2015.7z,RAIS_DOM_PUB_2015.txt,116218295,RAIS_DOMESTICO,2015,,utf-8,';',?,16,RAIS_VINCULOS 2015-2015,DIVERGE,"esperava 57 colunas, li 16",muntrab;cdsexo;cdracacor;cdgrauinstr;cdmotivodeslig;qtdhrsem;tpjornada;cdcbo;sexoemp;munemp;DtAdm;DtDes;indvinculoativo3112;ano;idadetrab;idadeemp,3145901;2;3;5;;44;4;512115;1;;01/04/2004;;1;2015;44;58
E:\pdet\00_raw\pdet\microdados\TRABALHO_DOMESTICO\RAIS_DOM_PUB_2016.7z,RAIS_DOM_PUB_2016.txt,146282592,RAIS_DOMESTICO,2016,,utf-8,';',?,16,RAIS_VINCULOS 2016-2016,DIVERGE,"esperava 58 colunas, li 16",muntrab;cdsexo;cdracacor;cdgrauinstr;cdmotivodeslig;qtdhrsem;tpjornada;cdcbo;sexoemp;munemp;DtAdm;DtDes;indvinculoativo3112;ano;idadetrab;idadeemp,3145901;2;3;5;;44;4;512115;1;;01/04/2004;;1;2016;45;59
E:\pdet\00_raw\pdet\microdados\TRABALHO_DOMESTICO\RAIS_DOM_PUB_2017.7z,RAIS_DOM_PUB_2017.txt,145299616,RAIS_DOMESTICO,2017,,utf-8,';',?,16,RAIS_VINCULOS 2017-2017,DIVERGE,"esperava 60 colunas, li 16",muntrab;cdsexo;cdracacor;cdgrauinstr;cdmotivodeslig;qtdhrsem;tpjornada;cdcbo;sexoemp;munemp;DtAdm;DtDes;indvinculoativo3112;ano;idadetrab;idadeemp,3145901;2;3;5;;44;4;512115;1;;01/04/2004;;1;2017;46;60
