cnae_classe,desc_classe,cnae_grupo,desc_grupo,cnae_divisao,desc_divisao,cnae_secao,desc_secao
01113,CULTIVO DE CEREAIS,011,PRODUÇÃO DE LAVOURAS TEMPORÁRIAS,01,"AGRICULTURA, PECUÁRIA E SERVIÇOS RELACIONADOS",A,"AGRICULTURA, PECUÁRIA, PRODUÇÃO FLORESTAL, PESCA E AQÜICULTURA"
01121,CULTIVO DE ALGODÃO HERBÁCEO E DE OUTRAS FIBRAS DE LAVOURA TEMPORÁRIA,011,PRODUÇÃO DE LAVOURAS TEMPORÁRIAS,01,"AGRICULTURA, PECUÁRIA E SERVIÇOS RELACIONADOS",A,"AGRICULTURA, PECUÁRIA, PRODUÇÃO FLORESTAL, PESCA E AQÜICULTURA"
01130,CULTIVO DE CANA-DE-AÇÚCAR,011,PRODUÇÃO DE LAVOURAS TEMPORÁRIAS,01,"AGRICULTURA, PECUÁRIA E SERVIÇOS RELACIONADOS",A,"AGRICULTURA, PECUÁRIA, PRODUÇÃO FLORESTAL, PESCA E AQÜICULTURA"
01148,CULTIVO DE FUMO,011,PRODUÇÃO DE LAVOURAS TEMPORÁRIAS,01,"AGRICULTURA, PECUÁRIA E SERVIÇOS RELACIONADOS",A,"AGRICULTURA, PECUÁRIA, PRODUÇÃO FLORESTAL, PESCA E AQÜICULTURA"
01156,CULTIVO DE SOJA,011,PRODUÇÃO DE LAVOURAS TEMPORÁRIAS,01,"AGRICULTURA, PECUÁRIA E SERVIÇOS RELACIONADOS",A,"AGRICULTURA, PECUÁRIA, PRODUÇÃO FLORESTAL, PESCA E AQÜICULTURA"
01164,"CULTIVO DE OLEAGINOSAS DE LAVOURA TEMPORÁRIA, EXCETO SOJA",011,PRODUÇÃO DE LAVOURAS TEMPORÁRIAS,01,"AGRICULTURA, PECUÁRIA E SERVIÇOS RELACIONADOS",A,"AGRICULTURA, PECUÁRIA, PRODUÇÃO FLORESTAL, PESCA E AQÜICULTURA"
01199,CULTIVO DE PLANTAS DE LAVOURA TEMPORÁRIA NÃO ESPECIFICADAS ANTERIORMENTE,011,PRODUÇÃO DE LAVOURAS TEMPORÁRIAS,01,"AGRICULTURA, PECUÁRIA E SERVIÇOS RELACIONADOS",A,"AGRICULTURA, PECUÁRIA, PRODUÇÃO FLORESTAL, PESCA E AQÜICULTURA"
01211,HORTICULTURA,012,HORTICULTURA E FLORICULTURA,01,"AGRICULTURA, PECUÁRIA E SERVIÇOS RELACIONADOS",A,"AGRICULTURA, PECUÁRIA, PRODUÇÃO FLORESTAL, PESCA E AQÜICULTURA"
01229,CULTIVO DE FLORES E PLANTAS ORNAMENTAIS,012,HORTICULTURA E FLORICULTURA,01,"AGRICULTURA, PECUÁRIA E SERVIÇOS RELACIONADOS",A,"AGRICULTURA, PECUÁRIA, PRODUÇÃO FLORESTAL, PESCA E AQÜICULTURA"
01318,CULTIVO DE LARANJA,013,PRODUÇÃO DE LAVOURAS PERMANENTES,01,"AGRICULTURA, PECUÁRIA E SERVIÇOS RELACIONADOS",A,"AGRICULTURA, PECUÁRIA, PRODUÇÃO FLORESTAL, PESCA E AQÜICULTURA"
01326,CULTIVO DE UVA,013,PRODUÇÃO DE LAVOURAS PERMANENTES,01,"AGRICULTURA, PECUÁRIA E SERVIÇOS RELACIONADOS",A,"AGRICULTURA, PECUÁRIA, PRODUÇÃO FLORESTAL, PESCA E AQÜICULTURA"
01334,"CULTIVO DE FRUTAS DE LAVOURA PERMANENTE, EXCETO LARANJA E UVA",013,PRODUÇÃO DE LAVOURAS PERMANENTES,01,"AGRICULTURA, PECUÁRIA E SERVIÇOS RELACIONADOS",A,"AGRICULTURA, PECUÁRIA, PRODUÇÃO FLORESTAL, PESCA E AQÜICULTURA"
01342,CULTIVO DE CAFÉ,013,PRODUÇÃO DE LAVOURAS PERMANENTES,01,"AGRICULTURA, PECUÁRIA E SERVIÇOS RELACIONADOS",A,"AGRICULTURA, PECUÁRIA, PRODUÇÃO FLORESTAL, PESCA E AQÜICULTURA"
01351,CULTIVO DE CACAU,013,PRODUÇÃO DE LAVOURAS PERMANENTES,01,"AGRICULTURA, PECUÁRIA E SERVIÇOS RELACIONADOS",A,"AGRICULTURA, PECUÁRIA, PRODUÇÃO FLORESTAL, PESCA E AQÜICULTURA"
01393,CULTIVO DE PLANTAS DE LAVOURA PERMANENTE NÃO ESPECIFICADAS ANTERIORMENTE,013,PRODUÇÃO DE LAVOURAS PERMANENTES,01,"AGRICULTURA, PECUÁRIA E SERVIÇOS RELACIONADOS",A,"AGRICULTURA, PECUÁRIA, PRODUÇÃO FLORESTAL, PESCA E AQÜICULTURA"
01415,PRODUÇÃO DE SEMENTES CERTIFICADAS,014,PRODUÇÃO DE SEMENTES E MUDAS CERTIFICADAS,01,"AGRICULTURA, PECUÁRIA E SERVIÇOS RELACIONADOS",A,"AGRICULTURA, PECUÁRIA, PRODUÇÃO FLORESTAL, PESCA E AQÜICULTURA"
01423,"PRODUÇÃO DE MUDAS E OUTRAS FORMAS DE PROPAGAÇÃO VEGETAL, CERTIFICADAS",014,PRODUÇÃO DE SEMENTES E MUDAS CERTIFICADAS,01,"AGRICULTURA, PECUÁRIA E SERVIÇOS RELACIONADOS",A,"AGRICULTURA, PECUÁRIA, PRODUÇÃO FLORESTAL, PESCA E AQÜICULTURA"
01512,CRIAÇÃO DE BOVINOS,015,PECUÁRIA,01,"AGRICULTURA, PECUÁRIA E SERVIÇOS RELACIONADOS",A,"AGRICULTURA, PECUÁRIA, PRODUÇÃO FLORESTAL, PESCA E AQÜICULTURA"
01521,CRIAÇÃO DE OUTROS ANIMAIS DE GRANDE PORTE,015,PECUÁRIA,01,"AGRICULTURA, PECUÁRIA E SERVIÇOS RELACIONADOS",A,"AGRICULTURA, PECUÁRIA, PRODUÇÃO FLORESTAL, PESCA E AQÜICULTURA"
01539,CRIAÇÃO DE CAPRINOS E OVINOS,015,PECUÁRIA,01,"AGRICULTURA, PECUÁRIA E SERVIÇOS RELACIONADOS",A,"AGRICULTURA, PECUÁRIA, PRODUÇÃO FLORESTAL, PESCA E AQÜICULTURA"
01547,CRIAÇÃO DE SUÍNOS,015,PECUÁRIA,01,"AGRICULTURA, PECUÁRIA E SERVIÇOS RELACIONADOS",A,"AGRICULTURA, PECUÁRIA, PRODUÇÃO FLORESTAL, PESCA E AQÜICULTURA"
01555,CRIAÇÃO DE AVES,015,PECUÁRIA,01,"AGRICULTURA, PECUÁRIA E SERVIÇOS RELACIONADOS",A,"AGRICULTURA, PECUÁRIA, PRODUÇÃO FLORESTAL, PESCA E AQÜICULTURA"
01598,CRIAÇÃO DE ANIMAIS NÃO ESPECIFICADOS ANTERIORMENTE,015,PECUÁRIA,01,"AGRICULTURA, PECUÁRIA E SERVIÇOS RELACIONADOS",A,"AGRICULTURA, PECUÁRIA, PRODUÇÃO FLORESTAL, PESCA E AQÜICULTURA"
01610,ATIVIDADES DE APOIO À AGRICULTURA,016,ATIVIDADES DE APOIO À AGRICULTURA E À PECUÁRIA; ATIVIDADES DE PÓS-COLHEITA,01,"AGRICULTURA, PECUÁRIA E SERVIÇOS RELACIONADOS",A,"AGRICULTURA, PECUÁRIA, PRODUÇÃO FLORESTAL, PESCA E AQÜICULTURA"
01628,ATIVIDADES DE APOIO À PECUÁRIA,016,ATIVIDADES DE APOIO À AGRICULTURA E À PECUÁRIA; ATIVIDADES DE PÓS-COLHEITA,01,"AGRICULTURA, PECUÁRIA E SERVIÇOS RELACIONADOS",A,"AGRICULTURA, PECUÁRIA, PRODUÇÃO FLORESTAL, PESCA E AQÜICULTURA"
01636,ATIVIDADES DE PÓS-COLHEITA,016,ATIVIDADES DE APOIO À AGRICULTURA E À PECUÁRIA; ATIVIDADES DE PÓS-COLHEITA,01,"AGRICULTURA, PECUÁRIA E SERVIÇOS RELACIONADOS",A,"AGRICULTURA, PECUÁRIA, PRODUÇÃO FLORESTAL, PESCA E AQÜICULTURA"
01709,CAÇA E SERVIÇOS RELACIONADOS,017,CAÇA E SERVIÇOS RELACIONADOS,01,"AGRICULTURA, PECUÁRIA E SERVIÇOS RELACIONADOS",A,"AGRICULTURA, PECUÁRIA, PRODUÇÃO FLORESTAL, PESCA E AQÜICULTURA"
02101,PRODUÇÃO FLORESTAL - FLORESTAS PLANTADAS,021,PRODUÇÃO FLORESTAL - FLORESTAS PLANTADAS,02,PRODUÇÃO FLORESTAL,A,"AGRICULTURA, PECUÁRIA, PRODUÇÃO FLORESTAL, PESCA E AQÜICULTURA"
02209,PRODUÇÃO FLORESTAL - FLORESTAS NATIVAS,022,PRODUÇÃO FLORESTAL - FLORESTAS NATIVAS,02,PRODUÇÃO FLORESTAL,A,"AGRICULTURA, PECUÁRIA, PRODUÇÃO FLORESTAL, PESCA E AQÜICULTURA"
02306,ATIVIDADES DE APOIO À PRODUÇÃO FLORESTAL,023,ATIVIDADES DE APOIO À PRODUÇÃO FLORESTAL,02,PRODUÇÃO FLORESTAL,A,"AGRICULTURA, PECUÁRIA, PRODUÇÃO FLORESTAL, PESCA E AQÜICULTURA"
03116,PESCA EM ÁGUA SALGADA,031,PESCA,03,PESCA E AQÜICULTURA,A,"AGRICULTURA, PECUÁRIA, PRODUÇÃO FLORESTAL, PESCA E AQÜICULTURA"
03124,PESCA EM ÁGUA DOCE,031,PESCA,03,PESCA E AQÜICULTURA,A,"AGRICULTURA, PECUÁRIA, PRODUÇÃO FLORESTAL, PESCA E AQÜICULTURA"
03213,AQUICULTURA EM ÁGUA SALGADA E SALOBRA,032,AQÜICULTURA,03,PESCA E AQÜICULTURA,A,"AGRICULTURA, PECUÁRIA, PRODUÇÃO FLORESTAL, PESCA E AQÜICULTURA"
03221,AQUICULTURA EM ÁGUA DOCE,032,AQÜICULTURA,03,PESCA E AQÜICULTURA,A,"AGRICULTURA, PECUÁRIA, PRODUÇÃO FLORESTAL, PESCA E AQÜICULTURA"
05003,EXTRAÇÃO DE CARVÃO MINERAL,050,EXTRAÇÃO DE CARVÃO MINERAL,05,EXTRAÇÃO DE CARVÃO MINERAL,B,INDÚSTRIAS EXTRATIVAS
06000,EXTRAÇÃO DE PETRÓLEO E GÁS NATURAL,060,EXTRAÇÃO DE PETRÓLEO E GÁS NATURAL,06,EXTRAÇÃO DE PETRÓLEO E GÁS NATURAL,B,INDÚSTRIAS EXTRATIVAS
07103,EXTRAÇÃO DE MINÉRIO DE FERRO,071,EXTRAÇÃO DE MINÉRIO DE FERRO,07,EXTRAÇÃO DE MINERAIS METÁLICOS,B,INDÚSTRIAS EXTRATIVAS
07219,EXTRAÇÃO DE MINÉRIO DE ALUMÍNIO,072,EXTRAÇÃO DE MINERAIS METÁLICOS NÃO-FERROSOS,07,EXTRAÇÃO DE MINERAIS METÁLICOS,B,INDÚSTRIAS EXTRATIVAS
07227,EXTRAÇÃO DE MINÉRIO DE ESTANHO,072,EXTRAÇÃO DE MINERAIS METÁLICOS NÃO-FERROSOS,07,EXTRAÇÃO DE MINERAIS METÁLICOS,B,INDÚSTRIAS EXTRATIVAS
07235,EXTRAÇÃO DE MINÉRIO DE MANGANÊS,072,EXTRAÇÃO DE MINERAIS METÁLICOS NÃO-FERROSOS,07,EXTRAÇÃO DE MINERAIS METÁLICOS,B,INDÚSTRIAS EXTRATIVAS
07243,EXTRAÇÃO DE MINÉRIO DE METAIS PRECIOSOS,072,EXTRAÇÃO DE MINERAIS METÁLICOS NÃO-FERROSOS,07,EXTRAÇÃO DE MINERAIS METÁLICOS,B,INDÚSTRIAS EXTRATIVAS
07251,EXTRAÇÃO DE MINERAIS RADIOATIVOS,072,EXTRAÇÃO DE MINERAIS METÁLICOS NÃO-FERROSOS,07,EXTRAÇÃO DE MINERAIS METÁLICOS,B,INDÚSTRIAS EXTRATIVAS
07294,EXTRAÇÃO DE MINERAIS METÁLICOS NÃO FERROSOS NÃO ESPECIFICADOS ANTERIORMENTE,072,EXTRAÇÃO DE MINERAIS METÁLICOS NÃO-FERROSOS,07,EXTRAÇÃO DE MINERAIS METÁLICOS,B,INDÚSTRIAS EXTRATIVAS
08100,"EXTRAÇÃO DE PEDRA, AREIA E ARGILA",081,"EXTRAÇÃO DE PEDRA, AREIA E ARGILA",08,EXTRAÇÃO DE MINERAIS NÃO-METÁLICOS,B,INDÚSTRIAS EXTRATIVAS
08916,"EXTRAÇÃO DE MINERAIS PARA FABRICAÇÃO DE ADUBOS, FERTILIZANTES E OUTROS PRODUTOS QUÍMICOS",089,EXTRAÇÃO DE OUTROS MINERAIS NÃO-METÁLICOS,08,EXTRAÇÃO DE MINERAIS NÃO-METÁLICOS,B,INDÚSTRIAS EXTRATIVAS
08924,EXTRAÇÃO E REFINO DE SAL MARINHO E SAL-GEMA,089,EXTRAÇÃO DE OUTROS MINERAIS NÃO-METÁLICOS,08,EXTRAÇÃO DE MINERAIS NÃO-METÁLICOS,B,INDÚSTRIAS EXTRATIVAS
08932,EXTRAÇÃO DE GEMAS (PEDRAS PRECIOSAS E SEMIPRECIOSAS),089,EXTRAÇÃO DE OUTROS MINERAIS NÃO-METÁLICOS,08,EXTRAÇÃO DE MINERAIS NÃO-METÁLICOS,B,INDÚSTRIAS EXTRATIVAS
08991,EXTRAÇÃO DE MINERAIS NÃO METÁLICOS NÃO ESPECIFICADOS ANTERIORMENTE,089,EXTRAÇÃO DE OUTROS MINERAIS NÃO-METÁLICOS,08,EXTRAÇÃO DE MINERAIS NÃO-METÁLICOS,B,INDÚSTRIAS EXTRATIVAS
09106,ATIVIDADES DE APOIO À EXTRAÇÃO DE PETRÓLEO E GÁS NATURAL,091,ATIVIDADES DE APOIO À EXTRAÇÃO DE PETRÓLEO E GÁS NATURAL,09,ATIVIDADES DE APOIO À EXTRAÇÃO DE MINERAIS,B,INDÚSTRIAS EXTRATIVAS
09904,"ATIVIDADES DE APOIO À EXTRAÇÃO DE MINERAIS, EXCETO PETRÓLEO E GÁS NATURAL",099,"ATIVIDADES DE APOIO À EXTRAÇÃO DE MINERAIS, EXCETO PETRÓLEO E GÁS NATURAL",09,ATIVIDADES DE APOIO À EXTRAÇÃO DE MINERAIS,B,INDÚSTRIAS EXTRATIVAS
10112,"ABATE DE RESES, EXCETO SUÍNOS",101,ABATE E FABRICAÇÃO DE PRODUTOS DE CARNE,10,FABRICAÇÃO DE PRODUTOS ALIMENTÍCIOS,C,INDÚSTRIAS DE TRANSFORMAÇÃO
10121,"ABATE DE SUÍNOS, AVES E OUTROS PEQUENOS ANIMAIS",101,ABATE E FABRICAÇÃO DE PRODUTOS DE CARNE,10,FABRICAÇÃO DE PRODUTOS ALIMENTÍCIOS,C,INDÚSTRIAS DE TRANSFORMAÇÃO
10139,FABRICAÇÃO DE PRODUTOS DE CARNE,101,ABATE E FABRICAÇÃO DE PRODUTOS DE CARNE,10,FABRICAÇÃO DE PRODUTOS ALIMENTÍCIOS,C,INDÚSTRIAS DE TRANSFORMAÇÃO
10201,PRESERVAÇÃO DO PESCADO E FABRICAÇÃO DE PRODUTOS DO PESCADO,102,PRESERVAÇÃO DO PESCADO E FABRICAÇÃO DE PRODUTOS DO PESCADO,10,FABRICAÇÃO DE PRODUTOS ALIMENTÍCIOS,C,INDÚSTRIAS DE TRANSFORMAÇÃO
10317,FABRICAÇÃO DE CONSERVAS DE FRUTAS,103,"FABRICAÇÃO DE CONSERVAS DE FRUTAS, LEGUMES E OUTROS VEGETAIS",10,FABRICAÇÃO DE PRODUTOS ALIMENTÍCIOS,C,INDÚSTRIAS DE TRANSFORMAÇÃO
10325,FABRICAÇÃO DE CONSERVAS DE LEGUMES E OUTROS VEGETAIS,103,"FABRICAÇÃO DE CONSERVAS DE FRUTAS, LEGUMES E OUTROS VEGETAIS",10,FABRICAÇÃO DE PRODUTOS ALIMENTÍCIOS,C,INDÚSTRIAS DE TRANSFORMAÇÃO
10333,"FABRICAÇÃO DE SUCOS DE FRUTAS, HORTALIÇAS E LEGUMES",103,"FABRICAÇÃO DE CONSERVAS DE FRUTAS, LEGUMES E OUTROS VEGETAIS",10,FABRICAÇÃO DE PRODUTOS ALIMENTÍCIOS,C,INDÚSTRIAS DE TRANSFORMAÇÃO
10414,"FABRICAÇÃO DE ÓLEOS VEGETAIS EM BRUTO, EXCETO ÓLEO DE MILHO",104,FABRICAÇÃO DE ÓLEOS E GORDURAS VEGETAIS E ANIMAIS,10,FABRICAÇÃO DE PRODUTOS ALIMENTÍCIOS,C,INDÚSTRIAS DE TRANSFORMAÇÃO
10422,"FABRICAÇÃO DE ÓLEOS VEGETAIS REFINADOS, EXCETO ÓLEO DE MILHO",104,FABRICAÇÃO DE ÓLEOS E GORDURAS VEGETAIS E ANIMAIS,10,FABRICAÇÃO DE PRODUTOS ALIMENTÍCIOS,C,INDÚSTRIAS DE TRANSFORMAÇÃO
10431,FABRICAÇÃO DE MARGARINA E OUTRAS GORDURAS VEGETAIS E DE ÓLEOS NÃO COMESTÍVEIS DE ANIMAIS,104,FABRICAÇÃO DE ÓLEOS E GORDURAS VEGETAIS E ANIMAIS,10,FABRICAÇÃO DE PRODUTOS ALIMENTÍCIOS,C,INDÚSTRIAS DE TRANSFORMAÇÃO
10511,PREPARAÇÃO DO LEITE,105,LATICÍNIOS,10,FABRICAÇÃO DE PRODUTOS ALIMENTÍCIOS,C,INDÚSTRIAS DE TRANSFORMAÇÃO
10520,FABRICAÇÃO DE LATICÍNIOS,105,LATICÍNIOS,10,FABRICAÇÃO DE PRODUTOS ALIMENTÍCIOS,C,INDÚSTRIAS DE TRANSFORMAÇÃO
10538,FABRICAÇÃO DE SORVETES E OUTROS GELADOS COMESTÍVEIS,105,LATICÍNIOS,10,FABRICAÇÃO DE PRODUTOS ALIMENTÍCIOS,C,INDÚSTRIAS DE TRANSFORMAÇÃO
10619,BENEFICIAMENTO DE ARROZ E FABRICAÇÃO DE PRODUTOS DO ARROZ,106,"MOAGEM, FABRICAÇÃO DE PRODUTOS AMILÁCEOS E DE ALIMENTOS PARA ANIMAIS",10,FABRICAÇÃO DE PRODUTOS ALIMENTÍCIOS,C,INDÚSTRIAS DE TRANSFORMAÇÃO
10627,MOAGEM DE TRIGO E FABRICAÇÃO DE DERIVADOS,106,"MOAGEM, FABRICAÇÃO DE PRODUTOS AMILÁCEOS E DE ALIMENTOS PARA ANIMAIS",10,FABRICAÇÃO DE PRODUTOS ALIMENTÍCIOS,C,INDÚSTRIAS DE TRANSFORMAÇÃO
10635,FABRICAÇÃO DE FARINHA DE MANDIOCA E DERIVADOS,106,"MOAGEM, FABRICAÇÃO DE PRODUTOS AMILÁCEOS E DE ALIMENTOS PARA ANIMAIS",10,FABRICAÇÃO DE PRODUTOS ALIMENTÍCIOS,C,INDÚSTRIAS DE TRANSFORMAÇÃO
10643,"FABRICAÇÃO DE FARINHA DE MILHO E DERIVADOS, EXCETO ÓLEOS DE MILHO",106,"MOAGEM, FABRICAÇÃO DE PRODUTOS AMILÁCEOS E DE ALIMENTOS PARA ANIMAIS",10,FABRICAÇÃO DE PRODUTOS ALIMENTÍCIOS,C,INDÚSTRIAS DE TRANSFORMAÇÃO
10651,FABRICAÇÃO DE AMIDOS E FÉCULAS DE VEGETAIS E DE ÓLEOS DE MILHO,106,"MOAGEM, FABRICAÇÃO DE PRODUTOS AMILÁCEOS E DE ALIMENTOS PARA ANIMAIS",10,FABRICAÇÃO DE PRODUTOS ALIMENTÍCIOS,C,INDÚSTRIAS DE TRANSFORMAÇÃO
10660,FABRICAÇÃO DE ALIMENTOS PARA ANIMAIS,106,"MOAGEM, FABRICAÇÃO DE PRODUTOS AMILÁCEOS E DE ALIMENTOS PARA ANIMAIS",10,FABRICAÇÃO DE PRODUTOS ALIMENTÍCIOS,C,INDÚSTRIAS DE TRANSFORMAÇÃO
10694,MOAGEM E FABRICAÇÃO DE PRODUTOS DE ORIGEM VEGETAL NÃO ESPECIFICADOS ANTERIORMENTE,106,"MOAGEM, FABRICAÇÃO DE PRODUTOS AMILÁCEOS E DE ALIMENTOS PARA ANIMAIS",10,FABRICAÇÃO DE PRODUTOS ALIMENTÍCIOS,C,INDÚSTRIAS DE TRANSFORMAÇÃO
10716,FABRICAÇÃO DE AÇÚCAR EM BRUTO,107,FABRICAÇÃO E REFINO DE AÇÚCAR,10,FABRICAÇÃO DE PRODUTOS ALIMENTÍCIOS,C,INDÚSTRIAS DE TRANSFORMAÇÃO
10724,FABRICAÇÃO DE AÇÚCAR REFINADO,107,FABRICAÇÃO E REFINO DE AÇÚCAR,10,FABRICAÇÃO DE PRODUTOS ALIMENTÍCIOS,C,INDÚSTRIAS DE TRANSFORMAÇÃO
10813,TORREFAÇÃO E MOAGEM DE CAFÉ,108,TORREFAÇÃO E MOAGEM DE CAFÉ,10,FABRICAÇÃO DE PRODUTOS ALIMENTÍCIOS,C,INDÚSTRIAS DE TRANSFORMAÇÃO
10821,FABRICAÇÃO DE PRODUTOS À BASE DE CAFÉ,108,TORREFAÇÃO E MOAGEM DE CAFÉ,10,FABRICAÇÃO DE PRODUTOS ALIMENTÍCIOS,C,INDÚSTRIAS DE TRANSFORMAÇÃO
10911,FABRICAÇÃO DE PRODUTOS DE PANIFICAÇÃO,109,FABRICAÇÃO DE OUTROS PRODUTOS ALIMENTÍCIOS,10,FABRICAÇÃO DE PRODUTOS ALIMENTÍCIOS,C,INDÚSTRIAS DE TRANSFORMAÇÃO
10929,FABRICAÇÃO DE BISCOITOS E BOLACHAS,109,FABRICAÇÃO DE OUTROS PRODUTOS ALIMENTÍCIOS,10,FABRICAÇÃO DE PRODUTOS ALIMENTÍCIOS,C,INDÚSTRIAS DE TRANSFORMAÇÃO
10937,"FABRICAÇÃO DE PRODUTOS DERIVADOS DO CACAU, DE CHOCOLATES E CONFEITOS",109,FABRICAÇÃO DE OUTROS PRODUTOS ALIMENTÍCIOS,10,FABRICAÇÃO DE PRODUTOS ALIMENTÍCIOS,C,INDÚSTRIAS DE TRANSFORMAÇÃO
10945,FABRICAÇÃO DE MASSAS ALIMENTÍCIAS,109,FABRICAÇÃO DE OUTROS PRODUTOS ALIMENTÍCIOS,10,FABRICAÇÃO DE PRODUTOS ALIMENTÍCIOS,C,INDÚSTRIAS DE TRANSFORMAÇÃO
10953,"FABRICAÇÃO DE ESPECIARIAS, MOLHOS, TEMPEROS E CONDIMENTOS",109,FABRICAÇÃO DE OUTROS PRODUTOS ALIMENTÍCIOS,10,FABRICAÇÃO DE PRODUTOS ALIMENTÍCIOS,C,INDÚSTRIAS DE TRANSFORMAÇÃO
10961,FABRICAÇÃO DE ALIMENTOS E PRATOS PRONTOS,109,FABRICAÇÃO DE OUTROS PRODUTOS ALIMENTÍCIOS,10,FABRICAÇÃO DE PRODUTOS ALIMENTÍCIOS,C,INDÚSTRIAS DE TRANSFORMAÇÃO
10996,FABRICAÇÃO DE PRODUTOS ALIMENTÍCIOS NÃO ESPECIFICADOS ANTERIORMENTE,109,FABRICAÇÃO DE OUTROS PRODUTOS ALIMENTÍCIOS,10,FABRICAÇÃO DE PRODUTOS ALIMENTÍCIOS,C,INDÚSTRIAS DE TRANSFORMAÇÃO
11119,FABRICAÇÃO DE AGUARDENTES E OUTRAS BEBIDAS DESTILADAS,111,FABRICAÇÃO DE BEBIDAS ALCOÓLICAS,11,FABRICAÇÃO DE BEBIDAS,C,INDÚSTRIAS DE TRANSFORMAÇÃO
11127,FABRICAÇÃO DE VINHO,111,FABRICAÇÃO DE BEBIDAS ALCOÓLICAS,11,FABRICAÇÃO DE BEBIDAS,C,INDÚSTRIAS DE TRANSFORMAÇÃO
11135,"FABRICAÇÃO DE MALTE, CERVEJAS E CHOPES",111,FABRICAÇÃO DE BEBIDAS ALCOÓLICAS,11,FABRICAÇÃO DE BEBIDAS,C,INDÚSTRIAS DE TRANSFORMAÇÃO
11216,FABRICAÇÃO DE ÁGUAS ENVASADAS,112,FABRICAÇÃO DE BEBIDAS NÃO-ALCOÓLICAS,11,FABRICAÇÃO DE BEBIDAS,C,INDÚSTRIAS DE TRANSFORMAÇÃO
11224,FABRICAÇÃO DE REFRIGERANTES E DE OUTRAS BEBIDAS NÃO ALCOÓLICAS,112,FABRICAÇÃO DE BEBIDAS NÃO-ALCOÓLICAS,11,FABRICAÇÃO DE BEBIDAS,C,INDÚSTRIAS DE TRANSFORMAÇÃO
12107,PROCESSAMENTO INDUSTRIAL DO FUMO,121,PROCESSAMENTO INDUSTRIAL DO FUMO,12,FABRICAÇÃO DE PRODUTOS DO FUMO,C,INDÚSTRIAS DE TRANSFORMAÇÃO
12204,FABRICAÇÃO DE PRODUTOS DO FUMO,122,FABRICAÇÃO DE PRODUTOS DO FUMO,12,FABRICAÇÃO DE PRODUTOS DO FUMO,C,INDÚSTRIAS DE TRANSFORMAÇÃO
13111,PREPARAÇÃO E FIAÇÃO DE FIBRAS DE ALGODÃO,131,PREPARAÇÃO E FIAÇÃO DE FIBRAS TÊXTEIS,13,FABRICAÇÃO DE PRODUTOS TÊXTEIS,C,INDÚSTRIAS DE TRANSFORMAÇÃO
13120,"PREPARAÇÃO E FIAÇÃO DE FIBRAS TÊXTEIS NATURAIS, EXCETO ALGODÃO",131,PREPARAÇÃO E FIAÇÃO DE FIBRAS TÊXTEIS,13,FABRICAÇÃO DE PRODUTOS TÊXTEIS,C,INDÚSTRIAS DE TRANSFORMAÇÃO
13138,FIAÇÃO DE FIBRAS ARTIFICIAIS E SINTÉTICAS,131,PREPARAÇÃO E FIAÇÃO DE FIBRAS TÊXTEIS,13,FABRICAÇÃO DE PRODUTOS TÊXTEIS,C,INDÚSTRIAS DE TRANSFORMAÇÃO
13146,FABRICAÇÃO DE LINHAS PARA COSTURAR E BORDAR,131,PREPARAÇÃO E FIAÇÃO DE FIBRAS TÊXTEIS,13,FABRICAÇÃO DE PRODUTOS TÊXTEIS,C,INDÚSTRIAS DE TRANSFORMAÇÃO
13219,TECELAGEM DE FIOS DE ALGODÃO,132,"TECELAGEM, EXCETO MALHA",13,FABRICAÇÃO DE PRODUTOS TÊXTEIS,C,INDÚSTRIAS DE TRANSFORMAÇÃO
13227,"TECELAGEM DE FIOS DE FIBRAS TÊXTEIS NATURAIS, EXCETO ALGODÃO",132,"TECELAGEM, EXCETO MALHA",13,FABRICAÇÃO DE PRODUTOS TÊXTEIS,C,INDÚSTRIAS DE TRANSFORMAÇÃO
13235,TECELAGEM DE FIOS DE FIBRAS ARTIFICIAIS E SINTÉTICAS,132,"TECELAGEM, EXCETO MALHA",13,FABRICAÇÃO DE PRODUTOS TÊXTEIS,C,INDÚSTRIAS DE TRANSFORMAÇÃO
13308,FABRICAÇÃO DE TECIDOS DE MALHA,133,FABRICAÇÃO DE TECIDOS DE MALHA,13,FABRICAÇÃO DE PRODUTOS TÊXTEIS,C,INDÚSTRIAS DE TRANSFORMAÇÃO
13405,"ACABAMENTOS EM FIOS, TECIDOS E ARTEFATOS TÊXTEIS",134,"ACABAMENTOS EM FIOS, TECIDOS E ARTEFATOS TÊXTEIS",13,FABRICAÇÃO DE PRODUTOS TÊXTEIS,C,INDÚSTRIAS DE TRANSFORMAÇÃO
13511,FABRICAÇÃO DE ARTEFATOS TÊXTEIS PARA USO DOMÉSTICO,135,"FABRICAÇÃO DE ARTEFATOS TÊXTEIS, EXCETO VESTUÁRIO",13,FABRICAÇÃO DE PRODUTOS TÊXTEIS,C,INDÚSTRIAS DE TRANSFORMAÇÃO
13529,FABRICAÇÃO DE ARTEFATOS DE TAPEÇARIA,135,"FABRICAÇÃO DE ARTEFATOS TÊXTEIS, EXCETO VESTUÁRIO",13,FABRICAÇÃO DE PRODUTOS TÊXTEIS,C,INDÚSTRIAS DE TRANSFORMAÇÃO
13537,FABRICAÇÃO DE ARTEFATOS DE CORDOARIA,135,"FABRICAÇÃO DE ARTEFATOS TÊXTEIS, EXCETO VESTUÁRIO",13,FABRICAÇÃO DE PRODUTOS TÊXTEIS,C,INDÚSTRIAS DE TRANSFORMAÇÃO
13545,"FABRICAÇÃO DE TECIDOS ESPECIAIS, INCLUSIVE ARTEFATOS",135,"FABRICAÇÃO DE ARTEFATOS TÊXTEIS, EXCETO VESTUÁRIO",13,FABRICAÇÃO DE PRODUTOS TÊXTEIS,C,INDÚSTRIAS DE TRANSFORMAÇÃO
13596,FABRICAÇÃO DE OUTROS PRODUTOS TÊXTEIS NÃO ESPECIFICADOS ANTERIORMENTE,135,"FABRICAÇÃO DE ARTEFATOS TÊXTEIS, EXCETO VESTUÁRIO",13,FABRICAÇÃO DE PRODUTOS TÊXTEIS,C,INDÚSTRIAS DE TRANSFORMAÇÃO
14118,CONFECÇÃO DE ROUPAS ÍNTIMAS,141,CONFECÇÃO DE ARTIGOS DO VESTUÁRIO E ACESSÓRIOS,14,CONFECÇÃO DE ARTIGOS DO VESTUÁRIO E ACESSÓRIOS,C,INDÚSTRIAS DE TRANSFORMAÇÃO
14126,"CONFECÇÃO DE PEÇAS DE VESTUÁRIO, EXCETO ROUPAS ÍNTIMAS",141,CONFECÇÃO DE ARTIGOS DO VESTUÁRIO E ACESSÓRIOS,14,CONFECÇÃO DE ARTIGOS DO VESTUÁRIO E ACESSÓRIOS,C,INDÚSTRIAS DE TRANSFORMAÇÃO
14134,CONFECÇÃO DE ROUPAS PROFISSIONAIS,141,CONFECÇÃO DE ARTIGOS DO VESTUÁRIO E ACESSÓRIOS,14,CONFECÇÃO DE ARTIGOS DO VESTUÁRIO E ACESSÓRIOS,C,INDÚSTRIAS DE TRANSFORMAÇÃO
14142,"FABRICAÇÃO DE ACESSÓRIOS DO VESTUÁRIO, EXCETO PARA SEGURANÇA E PROTEÇÃO",141,CONFECÇÃO DE ARTIGOS DO VESTUÁRIO E ACESSÓRIOS,14,CONFECÇÃO DE ARTIGOS DO VESTUÁRIO E ACESSÓRIOS,C,INDÚSTRIAS DE TRANSFORMAÇÃO
14215,FABRICAÇÃO DE MEIAS,142,FABRICAÇÃO DE ARTIGOS DE MALHARIA E TRICOTAGEM,14,CONFECÇÃO DE ARTIGOS DO VESTUÁRIO E ACESSÓRIOS,C,INDÚSTRIAS DE TRANSFORMAÇÃO
14223,"FABRICAÇÃO DE ARTIGOS DO VESTUÁRIO, PRODUZIDOS EM MALHARIAS E TRICOTAGENS, EXCETO MEIAS",142,FABRICAÇÃO DE ARTIGOS DE MALHARIA E TRICOTAGEM,14,CONFECÇÃO DE ARTIGOS DO VESTUÁRIO E ACESSÓRIOS,C,INDÚSTRIAS DE TRANSFORMAÇÃO
15106,CURTIMENTO E OUTRAS PREPARAÇÕES DE COURO,151,CURTIMENTO E OUTRAS PREPARAÇÕES DE COURO,15,"PREPARAÇÃO DE COUROS E FABRICAÇÃO DE ARTEFATOS DE COURO, ARTIGOS PARA VIAGEM E CALÇADOS",C,INDÚSTRIAS DE TRANSFORMAÇÃO
15211,"FABRICAÇÃO DE ARTIGOS PARA VIAGEM, BOLSAS E SEMELHANTES DE QUALQUER MATERIAL",152,FABRICAÇÃO DE ARTIGOS PARA VIAGEM E DE ARTEFATOS DIVERSOS DE COURO,15,"PREPARAÇÃO DE COUROS E FABRICAÇÃO DE ARTEFATOS DE COURO, ARTIGOS PARA VIAGEM E CALÇADOS",C,INDÚSTRIAS DE TRANSFORMAÇÃO
15297,FABRICAÇÃO DE ARTEFATOS DE COURO NÃO ESPECIFICADOS ANTERIORMENTE,152,FABRICAÇÃO DE ARTIGOS PARA VIAGEM E DE ARTEFATOS DIVERSOS DE COURO,15,"PREPARAÇÃO DE COUROS E FABRICAÇÃO DE ARTEFATOS DE COURO, ARTIGOS PARA VIAGEM E CALÇADOS",C,INDÚSTRIAS DE TRANSFORMAÇÃO
15319,FABRICAÇÃO DE CALÇADOS DE COURO,153,FABRICAÇÃO DE CALÇADOS,15,"PREPARAÇÃO DE COUROS E FABRICAÇÃO DE ARTEFATOS DE COURO, ARTIGOS PARA VIAGEM E CALÇADOS",C,INDÚSTRIAS DE TRANSFORMAÇÃO
15327,FABRICAÇÃO DE TÊNIS DE QUALQUER MATERIAL,153,FABRICAÇÃO DE CALÇADOS,15,"PREPARAÇÃO DE COUROS E FABRICAÇÃO DE ARTEFATOS DE COURO, ARTIGOS PARA VIAGEM E CALÇADOS",C,INDÚSTRIAS DE TRANSFORMAÇÃO
15335,FABRICAÇÃO DE CALÇADOS DE MATERIAL SINTÉTICO,153,FABRICAÇÃO DE CALÇADOS,15,"PREPARAÇÃO DE COUROS E FABRICAÇÃO DE ARTEFATOS DE COURO, ARTIGOS PARA VIAGEM E CALÇADOS",C,INDÚSTRIAS DE TRANSFORMAÇÃO
15394,FABRICAÇÃO DE CALÇADOS DE MATERIAIS NÃO ESPECIFICADOS ANTERIORMENTE,153,FABRICAÇÃO DE CALÇADOS,15,"PREPARAÇÃO DE COUROS E FABRICAÇÃO DE ARTEFATOS DE COURO, ARTIGOS PARA VIAGEM E CALÇADOS",C,INDÚSTRIAS DE TRANSFORMAÇÃO
15408,"FABRICAÇÃO DE PARTES PARA CALÇADOS, DE QUALQUER MATERIAL",154,"FABRICAÇÃO DE PARTES PARA CALÇADOS, DE QUALQUER MATERIAL",15,"PREPARAÇÃO DE COUROS E FABRICAÇÃO DE ARTEFATOS DE COURO, ARTIGOS PARA VIAGEM E CALÇADOS",C,INDÚSTRIAS DE TRANSFORMAÇÃO
16102,DESDOBRAMENTO DE MADEIRA,161,DESDOBRAMENTO DE MADEIRA,16,FABRICAÇÃO DE PRODUTOS DE MADEIRA,C,INDÚSTRIAS DE TRANSFORMAÇÃO
16218,"FABRICAÇÃO DE MADEIRA LAMINADA E DE CHAPAS DE MADEIRA COMPENSADA, PRENSADA E AGLOMERADA",162,"FABRICAÇÃO DE PRODUTOS DE MADEIRA, CORTIÇA E MATERIAL TRANÇADO, EXCETO MÓVEIS",16,FABRICAÇÃO DE PRODUTOS DE MADEIRA,C,INDÚSTRIAS DE TRANSFORMAÇÃO
16226,FABRICAÇÃO DE ESTRUTURAS DE MADEIRA E DE ARTIGOS DE CARPINTARIA PARA CONSTRUÇÃO,162,"FABRICAÇÃO DE PRODUTOS DE MADEIRA, CORTIÇA E MATERIAL TRANÇADO, EXCETO MÓVEIS",16,FABRICAÇÃO DE PRODUTOS DE MADEIRA,C,INDÚSTRIAS DE TRANSFORMAÇÃO
16234,FABRICAÇÃO DE ARTEFATOS DE TANOARIA E DE EMBALAGENS DE MADEIRA,162,"FABRICAÇÃO DE PRODUTOS DE MADEIRA, CORTIÇA E MATERIAL TRANÇADO, EXCETO MÓVEIS",16,FABRICAÇÃO DE PRODUTOS DE MADEIRA,C,INDÚSTRIAS DE TRANSFORMAÇÃO
16293,"FABRICAÇÃO DE ARTEFATOS DE MADEIRA, PALHA, CORTIÇA, VIME E MATERIAL TRANÇADO NÃO ESPECIFICADOS ANTERIORMENTE, EXCETO MÓVEIS",162,"FABRICAÇÃO DE PRODUTOS DE MADEIRA, CORTIÇA E MATERIAL TRANÇADO, EXCETO MÓVEIS",16,FABRICAÇÃO DE PRODUTOS DE MADEIRA,C,INDÚSTRIAS DE TRANSFORMAÇÃO
17109,FABRICAÇÃO DE CELULOSE E OUTRAS PASTAS PARA A FABRICAÇÃO DE PAPEL,171,FABRICAÇÃO DE CELULOSE E OUTRAS PASTAS PARA A FABRICAÇÃO DE PAPEL,17,"FABRICAÇÃO DE CELULOSE, PAPEL E PRODUTOS DE PAPEL",C,INDÚSTRIAS DE TRANSFORMAÇÃO
17214,FABRICAÇÃO DE PAPEL,172,"FABRICAÇÃO DE PAPEL, CARTOLINA E PAPEL-CARTÃO",17,"FABRICAÇÃO DE CELULOSE, PAPEL E PRODUTOS DE PAPEL",C,INDÚSTRIAS DE TRANSFORMAÇÃO
17222,FABRICAÇÃO DE CARTOLINA E PAPEL-CARTÃO,172,"FABRICAÇÃO DE PAPEL, CARTOLINA E PAPEL-CARTÃO",17,"FABRICAÇÃO DE CELULOSE, PAPEL E PRODUTOS DE PAPEL",C,INDÚSTRIAS DE TRANSFORMAÇÃO
17311,FABRICAÇÃO DE EMBALAGENS DE PAPEL,173,"FABRICAÇÃO DE EMBALAGENS DE PAPEL, CARTOLINA, PAPEL-CARTÃO E PAPELÃO ONDULADO",17,"FABRICAÇÃO DE CELULOSE, PAPEL E PRODUTOS DE PAPEL",C,INDÚSTRIAS DE TRANSFORMAÇÃO
17320,FABRICAÇÃO DE EMBALAGENS DE CARTOLINA E PAPEL-CARTÃO,173,"FABRICAÇÃO DE EMBALAGENS DE PAPEL, CARTOLINA, PAPEL-CARTÃO E PAPELÃO ONDULADO",17,"FABRICAÇÃO DE CELULOSE, PAPEL E PRODUTOS DE PAPEL",C,INDÚSTRIAS DE TRANSFORMAÇÃO
17338,FABRICAÇÃO DE CHAPAS E DE EMBALAGENS DE PAPELÃO ONDULADO,173,"FABRICAÇÃO DE EMBALAGENS DE PAPEL, CARTOLINA, PAPEL-CARTÃO E PAPELÃO ONDULADO",17,"FABRICAÇÃO DE CELULOSE, PAPEL E PRODUTOS DE PAPEL",C,INDÚSTRIAS DE TRANSFORMAÇÃO
17419,"FABRICAÇÃO DE PRODUTOS DE PAPEL, CARTOLINA, PAPEL CARTÃO E PAPELÃO ONDULADO PARA USO COMERCIAL E DE ESCRITÓRIO",174,"FABRICAÇÃO DE PRODUTOS DIVERSOS DE PAPEL, CARTOLINA, PAPEL-CARTÃO E PAPELÃO ONDULADO",17,"FABRICAÇÃO DE CELULOSE, PAPEL E PRODUTOS DE PAPEL",C,INDÚSTRIAS DE TRANSFORMAÇÃO
17427,FABRICAÇÃO DE PRODUTOS DE PAPEL PARA USOS DOMÉSTICO E HIGIÊNICO-SANITÁRIO,174,"FABRICAÇÃO DE PRODUTOS DIVERSOS DE PAPEL, CARTOLINA, PAPEL-CARTÃO E PAPELÃO ONDULADO",17,"FABRICAÇÃO DE CELULOSE, PAPEL E PRODUTOS DE PAPEL",C,INDÚSTRIAS DE TRANSFORMAÇÃO
17494,"FABRICAÇÃO DE PRODUTOS DE PASTAS CELULÓSICAS, PAPEL, CARTOLINA, PAPEL-CARTÃO E PAPELÃO ONDULADO NÃO ESPECIFICADOS ANTERIORMENTE",174,"FABRICAÇÃO DE PRODUTOS DIVERSOS DE PAPEL, CARTOLINA, PAPEL-CARTÃO E PAPELÃO ONDULADO",17,"FABRICAÇÃO DE CELULOSE, PAPEL E PRODUTOS DE PAPEL",C,INDÚSTRIAS DE TRANSFORMAÇÃO
18113,"IMPRESSÃO DE JORNAIS, LIVROS, REVISTAS E OUTRAS PUBLICAÇÕES PERIÓDICAS",181,ATIVIDADE DE IMPRESSÃO,18,IMPRESSÃO E REPRODUÇÃO DE GRAVAÇÕES,C,INDÚSTRIAS DE TRANSFORMAÇÃO
18121,IMPRESSÃO DE MATERIAL DE SEGURANÇA,181,ATIVIDADE DE IMPRESSÃO,18,IMPRESSÃO E REPRODUÇÃO DE GRAVAÇÕES,C,INDÚSTRIAS DE TRANSFORMAÇÃO
18130,IMPRESSÃO DE MATERIAIS PARA OUTROS USOS,181,ATIVIDADE DE IMPRESSÃO,18,IMPRESSÃO E REPRODUÇÃO DE GRAVAÇÕES,C,INDÚSTRIAS DE TRANSFORMAÇÃO
18211,SERVIÇOS DE PRÉ-IMPRESSÃO,182,SERVIÇOS DE PRÉ-IMPRESSÃO E ACABAMENTOS GRÁFICOS,18,IMPRESSÃO E REPRODUÇÃO DE GRAVAÇÕES,C,INDÚSTRIAS DE TRANSFORMAÇÃO
18229,SERVIÇOS DE ACABAMENTOS GRÁFICOS,182,SERVIÇOS DE PRÉ-IMPRESSÃO E ACABAMENTOS GRÁFICOS,18,IMPRESSÃO E REPRODUÇÃO DE GRAVAÇÕES,C,INDÚSTRIAS DE TRANSFORMAÇÃO
18300,REPRODUÇÃO DE MATERIAIS GRAVADOS EM QUALQUER SUPORTE,183,REPRODUÇÃO DE MATERIAIS GRAVADOS EM QUALQUER SUPORTE,18,IMPRESSÃO E REPRODUÇÃO DE GRAVAÇÕES,C,INDÚSTRIAS DE TRANSFORMAÇÃO
19101,COQUERIAS,191,COQUERIAS,19,"FABRICAÇÃO DE COQUE, DE PRODUTOS DERIVADOS DO PETRÓLEO E DE BIOCOMBUSTÍVEIS",C,INDÚSTRIAS DE TRANSFORMAÇÃO
19217,FABRICAÇÃO DE PRODUTOS DO REFINO DE PETRÓLEO,192,FABRICAÇÃO DE PRODUTOS DERIVADOS DO PETRÓLEO,19,"FABRICAÇÃO DE COQUE, DE PRODUTOS DERIVADOS DO PETRÓLEO E DE BIOCOMBUSTÍVEIS",C,INDÚSTRIAS DE TRANSFORMAÇÃO
19225,"FABRICAÇÃO DE PRODUTOS DERIVADOS DO PETRÓLEO, EXCETO PRODUTOS DO REFINO",192,FABRICAÇÃO DE PRODUTOS DERIVADOS DO PETRÓLEO,19,"FABRICAÇÃO DE COQUE, DE PRODUTOS DERIVADOS DO PETRÓLEO E DE BIOCOMBUSTÍVEIS",C,INDÚSTRIAS DE TRANSFORMAÇÃO
19314,FABRICAÇÃO DE ÁLCOOL,193,FABRICAÇÃO DE BIOCOMBUSTÍVEIS,19,"FABRICAÇÃO DE COQUE, DE PRODUTOS DERIVADOS DO PETRÓLEO E DE BIOCOMBUSTÍVEIS",C,INDÚSTRIAS DE TRANSFORMAÇÃO
19322,"FABRICAÇÃO DE BIOCOMBUSTÍVEIS, EXCETO ÁLCOOL",193,FABRICAÇÃO DE BIOCOMBUSTÍVEIS,19,"FABRICAÇÃO DE COQUE, DE PRODUTOS DERIVADOS DO PETRÓLEO E DE BIOCOMBUSTÍVEIS",C,INDÚSTRIAS DE TRANSFORMAÇÃO
20118,FABRICAÇÃO DE CLORO E ÁLCALIS,201,FABRICAÇÃO DE PRODUTOS QUÍMICOS INORGÂNICOS,20,FABRICAÇÃO DE PRODUTOS QUÍMICOS,C,INDÚSTRIAS DE TRANSFORMAÇÃO
20126,FABRICAÇÃO DE INTERMEDIÁRIOS PARA FERTILIZANTES,201,FABRICAÇÃO DE PRODUTOS QUÍMICOS INORGÂNICOS,20,FABRICAÇÃO DE PRODUTOS QUÍMICOS,C,INDÚSTRIAS DE TRANSFORMAÇÃO
20134,FABRICAÇÃO DE ADUBOS E FERTILIZANTES,201,FABRICAÇÃO DE PRODUTOS QUÍMICOS INORGÂNICOS,20,FABRICAÇÃO DE PRODUTOS QUÍMICOS,C,INDÚSTRIAS DE TRANSFORMAÇÃO
20142,FABRICAÇÃO DE GASES INDUSTRIAIS,201,FABRICAÇÃO DE PRODUTOS QUÍMICOS INORGÂNICOS,20,FABRICAÇÃO DE PRODUTOS QUÍMICOS,C,INDÚSTRIAS DE TRANSFORMAÇÃO
20193,FABRICAÇÃO DE PRODUTOS QUÍMICOS INORGÂNICOS NÃO ESPECIFICADOS ANTERIORMENTE,201,FABRICAÇÃO DE PRODUTOS QUÍMICOS INORGÂNICOS,20,FABRICAÇÃO DE PRODUTOS QUÍMICOS,C,INDÚSTRIAS DE TRANSFORMAÇÃO
20215,FABRICAÇÃO DE PRODUTOS PETROQUÍMICOS BÁSICOS,202,FABRICAÇÃO DE PRODUTOS QUÍMICOS ORGÂNICOS,20,FABRICAÇÃO DE PRODUTOS QUÍMICOS,C,INDÚSTRIAS DE TRANSFORMAÇÃO
20223,"FABRICAÇÃO DE INTERMEDIÁRIOS PARA PLASTIFICANTES, RESINAS E FIBRAS",202,FABRICAÇÃO DE PRODUTOS QUÍMICOS ORGÂNICOS,20,FABRICAÇÃO DE PRODUTOS QUÍMICOS,C,INDÚSTRIAS DE TRANSFORMAÇÃO
20291,FABRICAÇÃO DE PRODUTOS QUÍMICOS ORGÂNICOS NÃO ESPECIFICADOS ANTERIORMENTE,202,FABRICAÇÃO DE PRODUTOS QUÍMICOS ORGÂNICOS,20,FABRICAÇÃO DE PRODUTOS QUÍMICOS,C,INDÚSTRIAS DE TRANSFORMAÇÃO
20312,FABRICAÇÃO DE RESINAS TERMOPLÁSTICAS,203,FABRICAÇÃO DE RESINAS E ELASTÔMEROS,20,FABRICAÇÃO DE PRODUTOS QUÍMICOS,C,INDÚSTRIAS DE TRANSFORMAÇÃO
20321,FABRICAÇÃO DE RESINAS TERMOFIXAS,203,FABRICAÇÃO DE RESINAS E ELASTÔMEROS,20,FABRICAÇÃO DE PRODUTOS QUÍMICOS,C,INDÚSTRIAS DE TRANSFORMAÇÃO
20339,FABRICAÇÃO DE ELASTÔMEROS,203,FABRICAÇÃO DE RESINAS E ELASTÔMEROS,20,FABRICAÇÃO DE PRODUTOS QUÍMICOS,C,INDÚSTRIAS DE TRANSFORMAÇÃO
20401,FABRICAÇÃO DE FIBRAS ARTIFICIAIS E SINTÉTICAS,204,FABRICAÇÃO DE FIBRAS ARTIFICIAIS E SINTÉTICAS,20,FABRICAÇÃO DE PRODUTOS QUÍMICOS,C,INDÚSTRIAS DE TRANSFORMAÇÃO
20517,FABRICAÇÃO DE DEFENSIVOS AGRÍCOLAS,205,FABRICAÇÃO DE DEFENSIVOS AGRÍCOLAS E DESINFESTANTES DOMISSANITÁRIOS,20,FABRICAÇÃO DE PRODUTOS QUÍMICOS,C,INDÚSTRIAS DE TRANSFORMAÇÃO
20525,FABRICAÇÃO DE DESINFESTANTES DOMISSANITÁRIOS,205,FABRICAÇÃO DE DEFENSIVOS AGRÍCOLAS E DESINFESTANTES DOMISSANITÁRIOS,20,FABRICAÇÃO DE PRODUTOS QUÍMICOS,C,INDÚSTRIAS DE TRANSFORMAÇÃO
20614,FABRICAÇÃO DE SABÕES E DETERGENTES SINTÉTICOS,206,"FABRICAÇÃO DE SABÕES, DETERGENTES, PRODUTOS DE LIMPEZA, COSMÉTICOS, PRODUTOS DE PERFUMARIA E DE HIGIENE PESSOAL",20,FABRICAÇÃO DE PRODUTOS QUÍMICOS,C,INDÚSTRIAS DE TRANSFORMAÇÃO
20622,FABRICAÇÃO DE PRODUTOS DE LIMPEZA E POLIMENTO,206,"FABRICAÇÃO DE SABÕES, DETERGENTES, PRODUTOS DE LIMPEZA, COSMÉTICOS, PRODUTOS DE PERFUMARIA E DE HIGIENE PESSOAL",20,FABRICAÇÃO DE PRODUTOS QUÍMICOS,C,INDÚSTRIAS DE TRANSFORMAÇÃO
20631,"FABRICAÇÃO DE COSMÉTICOS, PRODUTOS DE PERFUMARIA E DE HIGIENE PESSOAL",206,"FABRICAÇÃO DE SABÕES, DETERGENTES, PRODUTOS DE LIMPEZA, COSMÉTICOS, PRODUTOS DE PERFUMARIA E DE HIGIENE PESSOAL",20,FABRICAÇÃO DE PRODUTOS QUÍMICOS,C,INDÚSTRIAS DE TRANSFORMAÇÃO
20711,"FABRICAÇÃO DE TINTAS, VERNIZES, ESMALTES E LACAS",207,"FABRICAÇÃO DE TINTAS, VERNIZES, ESMALTES, LACAS E PRODUTOS AFINS",20,FABRICAÇÃO DE PRODUTOS QUÍMICOS,C,INDÚSTRIAS DE TRANSFORMAÇÃO
20720,FABRICAÇÃO DE TINTAS DE IMPRESSÃO,207,"FABRICAÇÃO DE TINTAS, VERNIZES, ESMALTES, LACAS E PRODUTOS AFINS",20,FABRICAÇÃO DE PRODUTOS QUÍMICOS,C,INDÚSTRIAS DE TRANSFORMAÇÃO
20738,"FABRICAÇÃO DE IMPERMEABILIZANTES, SOLVENTES E PRODUTOS AFINS",207,"FABRICAÇÃO DE TINTAS, VERNIZES, ESMALTES, LACAS E PRODUTOS AFINS",20,FABRICAÇÃO DE PRODUTOS QUÍMICOS,C,INDÚSTRIAS DE TRANSFORMAÇÃO
20916,FABRICAÇÃO DE ADESIVOS E SELANTES,209,FABRICAÇÃO DE PRODUTOS E PREPARADOS QUÍMICOS DIVERSOS,20,FABRICAÇÃO DE PRODUTOS QUÍMICOS,C,INDÚSTRIAS DE TRANSFORMAÇÃO
20924,FABRICAÇÃO DE EXPLOSIVOS,209,FABRICAÇÃO DE PRODUTOS E PREPARADOS QUÍMICOS DIVERSOS,20,FABRICAÇÃO DE PRODUTOS QUÍMICOS,C,INDÚSTRIAS DE TRANSFORMAÇÃO
20932,FABRICAÇÃO DE ADITIVOS DE USO INDUSTRIAL,209,FABRICAÇÃO DE PRODUTOS E PREPARADOS QUÍMICOS DIVERSOS,20,FABRICAÇÃO DE PRODUTOS QUÍMICOS,C,INDÚSTRIAS DE TRANSFORMAÇÃO
20941,FABRICAÇÃO DE CATALISADORES,209,FABRICAÇÃO DE PRODUTOS E PREPARADOS QUÍMICOS DIVERSOS,20,FABRICAÇÃO DE PRODUTOS QUÍMICOS,C,INDÚSTRIAS DE TRANSFORMAÇÃO
20991,FABRICAÇÃO DE PRODUTOS QUÍMICOS NÃO ESPECIFICADOS ANTERIORMENTE,209,FABRICAÇÃO DE PRODUTOS E PREPARADOS QUÍMICOS DIVERSOS,20,FABRICAÇÃO DE PRODUTOS QUÍMICOS,C,INDÚSTRIAS DE TRANSFORMAÇÃO
21106,FABRICAÇÃO DE PRODUTOS FARMOQUÍMICOS,211,FABRICAÇÃO DE PRODUTOS FARMOQUÍMICOS,21,FABRICAÇÃO DE PRODUTOS FARMOQUÍMICOS E FARMACÊUTICOS,C,INDÚSTRIAS DE TRANSFORMAÇÃO
21211,FABRICAÇÃO DE MEDICAMENTOS PARA USO HUMANO,212,FABRICAÇÃO DE PRODUTOS FARMACÊUTICOS,21,FABRICAÇÃO DE PRODUTOS FARMOQUÍMICOS E FARMACÊUTICOS,C,INDÚSTRIAS DE TRANSFORMAÇÃO
21220,FABRICAÇÃO DE MEDICAMENTOS PARA USO VETERINÁRIO,212,FABRICAÇÃO DE PRODUTOS FARMACÊUTICOS,21,FABRICAÇÃO DE PRODUTOS FARMOQUÍMICOS E FARMACÊUTICOS,C,INDÚSTRIAS DE TRANSFORMAÇÃO
21238,FABRICAÇÃO DE PREPARAÇÕES FARMACÊUTICAS,212,FABRICAÇÃO DE PRODUTOS FARMACÊUTICOS,21,FABRICAÇÃO DE PRODUTOS FARMOQUÍMICOS E FARMACÊUTICOS,C,INDÚSTRIAS DE TRANSFORMAÇÃO
22111,FABRICAÇÃO DE PNEUMÁTICOS E DE CÂMARAS-DE-AR,221,FABRICAÇÃO DE PRODUTOS DE BORRACHA,22,FABRICAÇÃO DE PRODUTOS DE BORRACHA E DE MATERIAL PLÁSTICO,C,INDÚSTRIAS DE TRANSFORMAÇÃO
22129,REFORMA DE PNEUMÁTICOS USADOS,221,FABRICAÇÃO DE PRODUTOS DE BORRACHA,22,FABRICAÇÃO DE PRODUTOS DE BORRACHA E DE MATERIAL PLÁSTICO,C,INDÚSTRIAS DE TRANSFORMAÇÃO
22196,FABRICAÇÃO DE ARTEFATOS DE BORRACHA NÃO ESPECIFICADOS ANTERIORMENTE,221,FABRICAÇÃO DE PRODUTOS DE BORRACHA,22,FABRICAÇÃO DE PRODUTOS DE BORRACHA E DE MATERIAL PLÁSTICO,C,INDÚSTRIAS DE TRANSFORMAÇÃO
22218,FABRICAÇÃO DE LAMINADOS PLANOS E TUBULARES DE MATERIAL PLÁSTICO,222,FABRICAÇÃO DE PRODUTOS DE MATERIAL PLÁSTICO,22,FABRICAÇÃO DE PRODUTOS DE BORRACHA E DE MATERIAL PLÁSTICO,C,INDÚSTRIAS DE TRANSFORMAÇÃO
22226,FABRICAÇÃO DE EMBALAGENS DE MATERIAL PLÁSTICO,222,FABRICAÇÃO DE PRODUTOS DE MATERIAL PLÁSTICO,22,FABRICAÇÃO DE PRODUTOS DE BORRACHA E DE MATERIAL PLÁSTICO,C,INDÚSTRIAS DE TRANSFORMAÇÃO
22234,FABRICAÇÃO DE TUBOS E ACESSÓRIOS DE MATERIAL PLÁSTICO PARA USO NA CONSTRUÇÃO,222,FABRICAÇÃO DE PRODUTOS DE MATERIAL PLÁSTICO,22,FABRICAÇÃO DE PRODUTOS DE BORRACHA E DE MATERIAL PLÁSTICO,C,INDÚSTRIAS DE TRANSFORMAÇÃO
22293,FABRICAÇÃO DE ARTEFATOS DE MATERIAL PLÁSTICO NÃO ESPECIFICADOS ANTERIORMENTE,222,FABRICAÇÃO DE PRODUTOS DE MATERIAL PLÁSTICO,22,FABRICAÇÃO DE PRODUTOS DE BORRACHA E DE MATERIAL PLÁSTICO,C,INDÚSTRIAS DE TRANSFORMAÇÃO
23117,FABRICAÇÃO DE VIDRO PLANO E DE SEGURANÇA,231,FABRICAÇÃO DE VIDRO E DE PRODUTOS DO VIDRO,23,FABRICAÇÃO DE PRODUTOS DE MINERAIS NÃO-METÁLICOS,C,INDÚSTRIAS DE TRANSFORMAÇÃO
23125,FABRICAÇÃO DE EMBALAGENS DE VIDRO,231,FABRICAÇÃO DE VIDRO E DE PRODUTOS DO VIDRO,23,FABRICAÇÃO DE PRODUTOS DE MINERAIS NÃO-METÁLICOS,C,INDÚSTRIAS DE TRANSFORMAÇÃO
23192,FABRICAÇÃO DE ARTIGOS DE VIDRO,231,FABRICAÇÃO DE VIDRO E DE PRODUTOS DO VIDRO,23,FABRICAÇÃO DE PRODUTOS DE MINERAIS NÃO-METÁLICOS,C,INDÚSTRIAS DE TRANSFORMAÇÃO
23206,FABRICAÇÃO DE CIMENTO,232,FABRICAÇÃO DE CIMENTO,23,FABRICAÇÃO DE PRODUTOS DE MINERAIS NÃO-METÁLICOS,C,INDÚSTRIAS DE TRANSFORMAÇÃO
23303,"FABRICAÇÃO DE ARTEFATOS DE CONCRETO, CIMENTO, FIBROCIMENTO, GESSO E MATERIAIS SEMELHANTES",233,"FABRICAÇÃO DE ARTEFATOS DE CONCRETO, CIMENTO, FIBROCIMENTO, GESSO E MATERIAIS SEMELHANTES",23,FABRICAÇÃO DE PRODUTOS DE MINERAIS NÃO-METÁLICOS,C,INDÚSTRIAS DE TRANSFORMAÇÃO
23419,FABRICAÇÃO DE PRODUTOS CERÂMICOS REFRATÁRIOS,234,FABRICAÇÃO DE PRODUTOS CERÂMICOS,23,FABRICAÇÃO DE PRODUTOS DE MINERAIS NÃO-METÁLICOS,C,INDÚSTRIAS DE TRANSFORMAÇÃO
23427,FABRICAÇÃO DE PRODUTOS CERÂMICOS NÃO REFRATÁRIOS PARA USO ESTRUTURAL NA CONSTRUÇÃO,234,FABRICAÇÃO DE PRODUTOS CERÂMICOS,23,FABRICAÇÃO DE PRODUTOS DE MINERAIS NÃO-METÁLICOS,C,INDÚSTRIAS DE TRANSFORMAÇÃO
23494,FABRICAÇÃO DE PRODUTOS CERÂMICOS NÃO REFRATÁRIOS NÃO ESPECIFICADOS ANTERIORMENTE,234,FABRICAÇÃO DE PRODUTOS CERÂMICOS,23,FABRICAÇÃO DE PRODUTOS DE MINERAIS NÃO-METÁLICOS,C,INDÚSTRIAS DE TRANSFORMAÇÃO
23915,APARELHAMENTO E OUTROS TRABALHOS EM PEDRAS,239,APARELHAMENTO DE PEDRAS E FABRICAÇÃO DE OUTROS PRODUTOS DE MINERAIS NÃO-METÁLICOS,23,FABRICAÇÃO DE PRODUTOS DE MINERAIS NÃO-METÁLICOS,C,INDÚSTRIAS DE TRANSFORMAÇÃO
23923,FABRICAÇÃO DE CAL E GESSO,239,APARELHAMENTO DE PEDRAS E FABRICAÇÃO DE OUTROS PRODUTOS DE MINERAIS NÃO-METÁLICOS,23,FABRICAÇÃO DE PRODUTOS DE MINERAIS NÃO-METÁLICOS,C,INDÚSTRIAS DE TRANSFORMAÇÃO
23991,FABRICAÇÃO DE PRODUTOS DE MINERAIS NÃO METÁLICOS NÃO ESPECIFICADOS ANTERIORMENTE,239,APARELHAMENTO DE PEDRAS E FABRICAÇÃO DE OUTROS PRODUTOS DE MINERAIS NÃO-METÁLICOS,23,FABRICAÇÃO DE PRODUTOS DE MINERAIS NÃO-METÁLICOS,C,INDÚSTRIAS DE TRANSFORMAÇÃO
24113,PRODUÇÃO DE FERRO-GUSA,241,PRODUÇÃO DE FERRO-GUSA E DE FERROLIGAS,24,METALURGIA,C,INDÚSTRIAS DE TRANSFORMAÇÃO
24121,PRODUÇÃO DE FERROLIGAS,241,PRODUÇÃO DE FERRO-GUSA E DE FERROLIGAS,24,METALURGIA,C,INDÚSTRIAS DE TRANSFORMAÇÃO
24211,PRODUÇÃO DE SEMIACABADOS DE AÇO,242,SIDERURGIA,24,METALURGIA,C,INDÚSTRIAS DE TRANSFORMAÇÃO
24229,PRODUÇÃO DE LAMINADOS PLANOS DE AÇO,242,SIDERURGIA,24,METALURGIA,C,INDÚSTRIAS DE TRANSFORMAÇÃO
24237,PRODUÇÃO DE LAMINADOS LONGOS DE AÇO,242,SIDERURGIA,24,METALURGIA,C,INDÚSTRIAS DE TRANSFORMAÇÃO
24245,"PRODUÇÃO DE RELAMINADOS, TREFILADOS E PERFILADOS DE AÇO",242,SIDERURGIA,24,METALURGIA,C,INDÚSTRIAS DE TRANSFORMAÇÃO
24318,PRODUÇÃO DE TUBOS DE AÇO COM COSTURA,243,"PRODUÇÃO DE TUBOS DE AÇO, EXCETO TUBOS SEM COSTURA",24,METALURGIA,C,INDÚSTRIAS DE TRANSFORMAÇÃO
24393,PRODUÇÃO DE OUTROS TUBOS DE FERRO E AÇO,243,"PRODUÇÃO DE TUBOS DE AÇO, EXCETO TUBOS SEM COSTURA",24,METALURGIA,C,INDÚSTRIAS DE TRANSFORMAÇÃO
24415,METALURGIA DO ALUMÍNIO E SUAS LIGAS,244,METALURGIA DOS METAIS NÃO-FERROSOS,24,METALURGIA,C,INDÚSTRIAS DE TRANSFORMAÇÃO
24423,METALURGIA DOS METAIS PRECIOSOS,244,METALURGIA DOS METAIS NÃO-FERROSOS,24,METALURGIA,C,INDÚSTRIAS DE TRANSFORMAÇÃO
24431,METALURGIA DO COBRE,244,METALURGIA DOS METAIS NÃO-FERROSOS,24,METALURGIA,C,INDÚSTRIAS DE TRANSFORMAÇÃO
24491,METALURGIA DOS METAIS NÃO FERROSOS E SUAS LIGAS NÃO ESPECIFICADOS ANTERIORMENTE,244,METALURGIA DOS METAIS NÃO-FERROSOS,24,METALURGIA,C,INDÚSTRIAS DE TRANSFORMAÇÃO
24512,FUNDIÇÃO DE FERRO E AÇO,245,FUNDIÇÃO,24,METALURGIA,C,INDÚSTRIAS DE TRANSFORMAÇÃO
24521,FUNDIÇÃO DE METAIS NÃO FERROSOS E SUAS LIGAS,245,FUNDIÇÃO,24,METALURGIA,C,INDÚSTRIAS DE TRANSFORMAÇÃO
25110,FABRICAÇÃO DE ESTRUTURAS METÁLICAS,251,FABRICAÇÃO DE ESTRUTURAS METÁLICAS E OBRAS DE CALDEIRARIA PESADA,25,"FABRICAÇÃO DE PRODUTOS DE METAL, EXCETO MÁQUINAS  E EQUIPAMENTOS",C,INDÚSTRIAS DE TRANSFORMAÇÃO
25128,FABRICAÇÃO DE ESQUADRIAS DE METAL,251,FABRICAÇÃO DE ESTRUTURAS METÁLICAS E OBRAS DE CALDEIRARIA PESADA,25,"FABRICAÇÃO DE PRODUTOS DE METAL, EXCETO MÁQUINAS  E EQUIPAMENTOS",C,INDÚSTRIAS DE TRANSFORMAÇÃO
25136,FABRICAÇÃO DE OBRAS DE CALDEIRARIA PESADA,251,FABRICAÇÃO DE ESTRUTURAS METÁLICAS E OBRAS DE CALDEIRARIA PESADA,25,"FABRICAÇÃO DE PRODUTOS DE METAL, EXCETO MÁQUINAS  E EQUIPAMENTOS",C,INDÚSTRIAS DE TRANSFORMAÇÃO
25217,"FABRICAÇÃO DE TANQUES, RESERVATÓRIOS METÁLICOS E CALDEIRAS PARA AQUECIMENTO CENTRAL",252,"FABRICAÇÃO DE TANQUES, RESERVATÓRIOS METÁLICOS E CALDEIRAS",25,"FABRICAÇÃO DE PRODUTOS DE METAL, EXCETO MÁQUINAS  E EQUIPAMENTOS",C,INDÚSTRIAS DE TRANSFORMAÇÃO
25225,"FABRICAÇÃO DE CALDEIRAS GERADORAS DE VAPOR, EXCETO PARA AQUECIMENTO CENTRAL E PARA VEÍCULOS",252,"FABRICAÇÃO DE TANQUES, RESERVATÓRIOS METÁLICOS E CALDEIRAS",25,"FABRICAÇÃO DE PRODUTOS DE METAL, EXCETO MÁQUINAS  E EQUIPAMENTOS",C,INDÚSTRIAS DE TRANSFORMAÇÃO
25314,PRODUÇÃO DE FORJADOS DE AÇO E DE METAIS NÃO FERROSOS E SUAS LIGAS,253,"FORJARIA, ESTAMPARIA, METALURGIA DO PÓ E SERVIÇOS DE TRATAMENTO DE METAIS",25,"FABRICAÇÃO DE PRODUTOS DE METAL, EXCETO MÁQUINAS  E EQUIPAMENTOS",C,INDÚSTRIAS DE TRANSFORMAÇÃO
25322,PRODUÇÃO DE ARTEFATOS ESTAMPADOS DE METAL; METALURGIA DO PÓ,253,"FORJARIA, ESTAMPARIA, METALURGIA DO PÓ E SERVIÇOS DE TRATAMENTO DE METAIS",25,"FABRICAÇÃO DE PRODUTOS DE METAL, EXCETO MÁQUINAS  E EQUIPAMENTOS",C,INDÚSTRIAS DE TRANSFORMAÇÃO
25390,"SERVIÇOS DE USINAGEM, SOLDA, TRATAMENTO E REVESTIMENTO EM METAIS",253,"FORJARIA, ESTAMPARIA, METALURGIA DO PÓ E SERVIÇOS DE TRATAMENTO DE METAIS",25,"FABRICAÇÃO DE PRODUTOS DE METAL, EXCETO MÁQUINAS  E EQUIPAMENTOS",C,INDÚSTRIAS DE TRANSFORMAÇÃO
25411,FABRICAÇÃO DE ARTIGOS DE CUTELARIA,254,"FABRICAÇÃO DE ARTIGOS DE CUTELARIA, DE SERRALHERIA E FERRAMENTAS",25,"FABRICAÇÃO DE PRODUTOS DE METAL, EXCETO MÁQUINAS  E EQUIPAMENTOS",C,INDÚSTRIAS DE TRANSFORMAÇÃO
25420,"FABRICAÇÃO DE ARTIGOS DE SERRALHERIA, EXCETO ESQUADRIAS",254,"FABRICAÇÃO DE ARTIGOS DE CUTELARIA, DE SERRALHERIA E FERRAMENTAS",25,"FABRICAÇÃO DE PRODUTOS DE METAL, EXCETO MÁQUINAS  E EQUIPAMENTOS",C,INDÚSTRIAS DE TRANSFORMAÇÃO
25438,FABRICAÇÃO DE FERRAMENTAS,254,"FABRICAÇÃO DE ARTIGOS DE CUTELARIA, DE SERRALHERIA E FERRAMENTAS",25,"FABRICAÇÃO DE PRODUTOS DE METAL, EXCETO MÁQUINAS  E EQUIPAMENTOS",C,INDÚSTRIAS DE TRANSFORMAÇÃO
25501,"FABRICAÇÃO DE EQUIPAMENTO BÉLICO PESADO, ARMAS E MUNIÇÕES",255,"FABRICAÇÃO DE EQUIPAMENTO BÉLICO PESADO, ARMAS E MUNIÇÕES",25,"FABRICAÇÃO DE PRODUTOS DE METAL, EXCETO MÁQUINAS  E EQUIPAMENTOS",C,INDÚSTRIAS DE TRANSFORMAÇÃO
25918,FABRICAÇÃO DE EMBALAGENS METÁLICAS,259,FABRICAÇÃO DE PRODUTOS DE METAL NÃO ESPECIFICADOS ANTERIORMENTE,25,"FABRICAÇÃO DE PRODUTOS DE METAL, EXCETO MÁQUINAS  E EQUIPAMENTOS",C,INDÚSTRIAS DE TRANSFORMAÇÃO
25926,FABRICAÇÃO DE PRODUTOS DE TREFILADOS DE METAL,259,FABRICAÇÃO DE PRODUTOS DE METAL NÃO ESPECIFICADOS ANTERIORMENTE,25,"FABRICAÇÃO DE PRODUTOS DE METAL, EXCETO MÁQUINAS  E EQUIPAMENTOS",C,INDÚSTRIAS DE TRANSFORMAÇÃO
25934,FABRICAÇÃO DE ARTIGOS DE METAL PARA USO DOMÉSTICO E PESSOAL,259,FABRICAÇÃO DE PRODUTOS DE METAL NÃO ESPECIFICADOS ANTERIORMENTE,25,"FABRICAÇÃO DE PRODUTOS DE METAL, EXCETO MÁQUINAS  E EQUIPAMENTOS",C,INDÚSTRIAS DE TRANSFORMAÇÃO
25993,FABRICAÇÃO DE PRODUTOS DE METAL NÃO ESPECIFICADOS ANTERIORMENTE,259,FABRICAÇÃO DE PRODUTOS DE METAL NÃO ESPECIFICADOS ANTERIORMENTE,25,"FABRICAÇÃO DE PRODUTOS DE METAL, EXCETO MÁQUINAS  E EQUIPAMENTOS",C,INDÚSTRIAS DE TRANSFORMAÇÃO
26108,FABRICAÇÃO DE COMPONENTES ELETRÔNICOS,261,FABRICAÇÃO DE COMPONENTES ELETRÔNICOS,26,"FABRICAÇÃO DE EQUIPAMENTOS DE INFORMÁTICA, PRODUTOS ELETRÔNICOS E ÓPTICOS",C,INDÚSTRIAS DE TRANSFORMAÇÃO
26213,FABRICAÇÃO DE EQUIPAMENTOS DE INFORMÁTICA,262,FABRICAÇÃO DE EQUIPAMENTOS DE INFORMÁTICA E PERIFÉRICOS,26,"FABRICAÇÃO DE EQUIPAMENTOS DE INFORMÁTICA, PRODUTOS ELETRÔNICOS E ÓPTICOS",C,INDÚSTRIAS DE TRANSFORMAÇÃO
26221,FABRICAÇÃO DE PERIFÉRICOS PARA EQUIPAMENTOS DE INFORMÁTICA,262,FABRICAÇÃO DE EQUIPAMENTOS DE INFORMÁTICA E PERIFÉRICOS,26,"FABRICAÇÃO DE EQUIPAMENTOS DE INFORMÁTICA, PRODUTOS ELETRÔNICOS E ÓPTICOS",C,INDÚSTRIAS DE TRANSFORMAÇÃO
26311,FABRICAÇÃO DE EQUIPAMENTOS TRANSMISSORES DE COMUNICAÇÃO,263,FABRICAÇÃO DE EQUIPAMENTOS DE COMUNICAÇÃO,26,"FABRICAÇÃO DE EQUIPAMENTOS DE INFORMÁTICA, PRODUTOS ELETRÔNICOS E ÓPTICOS",C,INDÚSTRIAS DE TRANSFORMAÇÃO
26329,FABRICAÇÃO DE APARELHOS TELEFÔNICOS E DE OUTROS EQUIPAMENTOS DE COMUNICAÇÃO,263,FABRICAÇÃO DE EQUIPAMENTOS DE COMUNICAÇÃO,26,"FABRICAÇÃO DE EQUIPAMENTOS DE INFORMÁTICA, PRODUTOS ELETRÔNICOS E ÓPTICOS",C,INDÚSTRIAS DE TRANSFORMAÇÃO
26400,"FABRICAÇÃO DE APARELHOS DE RECEPÇÃO, REPRODUÇÃO, GRAVAÇÃO E AMPLIFICAÇÃO DE ÁUDIO E VÍDEO",264,"FABRICAÇÃO DE APARELHOS DE RECEPÇÃO, REPRODUÇÃO, GRAVAÇÃO E AMPLIFICAÇÃO DE ÁUDIO E VÍDEO",26,"FABRICAÇÃO DE EQUIPAMENTOS DE INFORMÁTICA, PRODUTOS ELETRÔNICOS E ÓPTICOS",C,INDÚSTRIAS DE TRANSFORMAÇÃO
26515,"FABRICAÇÃO DE APARELHOS E EQUIPAMENTOS DE MEDIDA, TESTE E CONTROLE",265,"FABRICAÇÃO DE APARELHOS E INSTRUMENTOS DE MEDIDA, TESTE E CONTROLE; CRONÔMETROS E RELÓGIOS",26,"FABRICAÇÃO DE EQUIPAMENTOS DE INFORMÁTICA, PRODUTOS ELETRÔNICOS E ÓPTICOS",C,INDÚSTRIAS DE TRANSFORMAÇÃO
26523,FABRICAÇÃO DE CRONÔMETROS E RELÓGIOS,265,"FABRICAÇÃO DE APARELHOS E INSTRUMENTOS DE MEDIDA, TESTE E CONTROLE; CRONÔMETROS E RELÓGIOS",26,"FABRICAÇÃO DE EQUIPAMENTOS DE INFORMÁTICA, PRODUTOS ELETRÔNICOS E ÓPTICOS",C,INDÚSTRIAS DE TRANSFORMAÇÃO
26604,FABRICAÇÃO DE APARELHOS ELETROMÉDICOS E ELETROTERAPÊUTICOS E EQUIPAMENTOS DE IRRADIAÇÃO,266,FABRICAÇÃO DE APARELHOS ELETROMÉDICOS E ELETROTERAPÊUTICOS E EQUIPAMENTOS DE IRRADIAÇÃO,26,"FABRICAÇÃO DE EQUIPAMENTOS DE INFORMÁTICA, PRODUTOS ELETRÔNICOS E ÓPTICOS",C,INDÚSTRIAS DE TRANSFORMAÇÃO
26701,"FABRICAÇÃO DE EQUIPAMENTOS E INSTRUMENTOS ÓPTICOS, FOTOGRÁFICOS E CINEMATOGRÁFICOS",267,"FABRICAÇÃO DE EQUIPAMENTOS E INSTRUMENTOS ÓPTICOS, FOTOGRÁFICOS E CINEMATOGRÁFICOS",26,"FABRICAÇÃO DE EQUIPAMENTOS DE INFORMÁTICA, PRODUTOS ELETRÔNICOS E ÓPTICOS",C,INDÚSTRIAS DE TRANSFORMAÇÃO
26809,"FABRICAÇÃO DE MÍDIAS VIRGENS, MAGNÉTICAS E ÓPTICAS",268,"FABRICAÇÃO DE MÍDIAS VIRGENS, MAGNÉTICAS E ÓPTICAS",26,"FABRICAÇÃO DE EQUIPAMENTOS DE INFORMÁTICA, PRODUTOS ELETRÔNICOS E ÓPTICOS",C,INDÚSTRIAS DE TRANSFORMAÇÃO
27104,"FABRICAÇÃO DE GERADORES, TRANSFORMADORES E MOTORES ELÉTRICOS",271,"FABRICAÇÃO DE GERADORES, TRANSFORMADORES E MOTORES ELÉTRICOS",27,"FABRICAÇÃO DE MÁQUINAS, APARELHOS E MATERIAIS ELÉTRICOS",C,INDÚSTRIAS DE TRANSFORMAÇÃO
27210,"FABRICAÇÃO DE PILHAS, BATERIAS E ACUMULADORES ELÉTRICOS, EXCETO PARA VEÍCULOS AUTOMOTORES",272,"FABRICAÇÃO DE PILHAS, BATERIAS E ACUMULADORES ELÉTRICOS",27,"FABRICAÇÃO DE MÁQUINAS, APARELHOS E MATERIAIS ELÉTRICOS",C,INDÚSTRIAS DE TRANSFORMAÇÃO
27228,FABRICAÇÃO DE BATERIAS E ACUMULADORES PARA VEÍCULOS AUTOMOTORES,272,"FABRICAÇÃO DE PILHAS, BATERIAS E ACUMULADORES ELÉTRICOS",27,"FABRICAÇÃO DE MÁQUINAS, APARELHOS E MATERIAIS ELÉTRICOS",C,INDÚSTRIAS DE TRANSFORMAÇÃO
27317,FABRICAÇÃO DE APARELHOS E EQUIPAMENTOS PARA DISTRIBUIÇÃO E CONTROLE DE ENERGIA ELÉTRICA,273,FABRICAÇÃO DE EQUIPAMENTOS PARA DISTRIBUIÇÃO E CONTROLE DE ENERGIA ELÉTRICA,27,"FABRICAÇÃO DE MÁQUINAS, APARELHOS E MATERIAIS ELÉTRICOS",C,INDÚSTRIAS DE TRANSFORMAÇÃO
27325,FABRICAÇÃO DE MATERIAL ELÉTRICO PARA INSTALAÇÕES EM CIRCUITO DE CONSUMO,273,FABRICAÇÃO DE EQUIPAMENTOS PARA DISTRIBUIÇÃO E CONTROLE DE ENERGIA ELÉTRICA,27,"FABRICAÇÃO DE MÁQUINAS, APARELHOS E MATERIAIS ELÉTRICOS",C,INDÚSTRIAS DE TRANSFORMAÇÃO
27333,"FABRICAÇÃO DE FIOS, CABOS E CONDUTORES ELÉTRICOS ISOLADOS",273,FABRICAÇÃO DE EQUIPAMENTOS PARA DISTRIBUIÇÃO E CONTROLE DE ENERGIA ELÉTRICA,27,"FABRICAÇÃO DE MÁQUINAS, APARELHOS E MATERIAIS ELÉTRICOS",C,INDÚSTRIAS DE TRANSFORMAÇÃO
27406,FABRICAÇÃO DE LÂMPADAS E OUTROS EQUIPAMENTOS DE ILUMINAÇÃO,274,FABRICAÇÃO DE LÂMPADAS E OUTROS EQUIPAMENTOS DE ILUMINAÇÃO,27,"FABRICAÇÃO DE MÁQUINAS, APARELHOS E MATERIAIS ELÉTRICOS",C,INDÚSTRIAS DE TRANSFORMAÇÃO
27511,"FABRICAÇÃO DE FOGÕES, REFRIGERADORES E MÁQUINAS DE LAVAR E SECAR PARA USO DOMÉSTICO",275,FABRICAÇÃO DE ELETRODOMÉSTICOS,27,"FABRICAÇÃO DE MÁQUINAS, APARELHOS E MATERIAIS ELÉTRICOS",C,INDÚSTRIAS DE TRANSFORMAÇÃO
27597,FABRICAÇÃO DE APARELHOS ELETRODOMÉSTICOS NÃO ESPECIFICADOS ANTERIORMENTE,275,FABRICAÇÃO DE ELETRODOMÉSTICOS,27,"FABRICAÇÃO DE MÁQUINAS, APARELHOS E MATERIAIS ELÉTRICOS",C,INDÚSTRIAS DE TRANSFORMAÇÃO
27902,FABRICAÇÃO DE EQUIPAMENTOS E APARELHOS ELÉTRICOS NÃO ESPECIFICADOS ANTERIORMENTE,279,FABRICAÇÃO DE EQUIPAMENTOS E APARELHOS ELÉTRICOS NÃO ESPECIFICADOS ANTERIORMENTE,27,"FABRICAÇÃO DE MÁQUINAS, APARELHOS E MATERIAIS ELÉTRICOS",C,INDÚSTRIAS DE TRANSFORMAÇÃO
28119,"FABRICAÇÃO DE MOTORES E TURBINAS, EXCETO PARA AVIÕES E VEÍCULOS RODOVIÁRIOS",281,"FABRICAÇÃO DE MOTORES, BOMBAS, COMPRESSORES E EQUIPAMENTOS DE TRANSMISSÃO",28,FABRICAÇÃO DE MÁQUINAS E EQUIPAMENTOS,C,INDÚSTRIAS DE TRANSFORMAÇÃO
28127,"FABRICAÇÃO DE EQUIPAMENTOS HIDRÁULICOS E PNEUMÁTICOS, EXCETO VÁLVULAS",281,"FABRICAÇÃO DE MOTORES, BOMBAS, COMPRESSORES E EQUIPAMENTOS DE TRANSMISSÃO",28,FABRICAÇÃO DE MÁQUINAS E EQUIPAMENTOS,C,INDÚSTRIAS DE TRANSFORMAÇÃO
28135,"FABRICAÇÃO DE VÁLVULAS, REGISTROS E DISPOSITIVOS SEMELHANTES",281,"FABRICAÇÃO DE MOTORES, BOMBAS, COMPRESSORES E EQUIPAMENTOS DE TRANSMISSÃO",28,FABRICAÇÃO DE MÁQUINAS E EQUIPAMENTOS,C,INDÚSTRIAS DE TRANSFORMAÇÃO
28143,FABRICAÇÃO DE COMPRESSORES,281,"FABRICAÇÃO DE MOTORES, BOMBAS, COMPRESSORES E EQUIPAMENTOS DE TRANSMISSÃO",28,FABRICAÇÃO DE MÁQUINAS E EQUIPAMENTOS,C,INDÚSTRIAS DE TRANSFORMAÇÃO
28151,FABRICAÇÃO DE EQUIPAMENTOS DE TRANSMISSÃO PARA FINS INDUSTRIAIS,281,"FABRICAÇÃO DE MOTORES, BOMBAS, COMPRESSORES E EQUIPAMENTOS DE TRANSMISSÃO",28,FABRICAÇÃO DE MÁQUINAS E EQUIPAMENTOS,C,INDÚSTRIAS DE TRANSFORMAÇÃO
28216,FABRICAÇÃO DE APARELHOS E EQUIPAMENTOS PARA INSTALAÇÕES TÉRMICAS,282,FABRICAÇÃO DE MÁQUINAS E EQUIPAMENTOS DE USO GERAL,28,FABRICAÇÃO DE MÁQUINAS E EQUIPAMENTOS,C,INDÚSTRIAS DE TRANSFORMAÇÃO
28224,"FABRICAÇÃO DE MÁQUINAS, EQUIPAMENTOS E APARELHOS PARA TRANSPORTE E ELEVAÇÃO DE CARGAS E PESSOAS",282,FABRICAÇÃO DE MÁQUINAS E EQUIPAMENTOS DE USO GERAL,28,FABRICAÇÃO DE MÁQUINAS E EQUIPAMENTOS,C,INDÚSTRIAS DE TRANSFORMAÇÃO
28232,FABRICAÇÃO DE MÁQUINAS E APARELHOS DE REFRIGERAÇÃO E VENTILAÇÃO PARA USO INDUSTRIAL E COMERCIAL,282,FABRICAÇÃO DE MÁQUINAS E EQUIPAMENTOS DE USO GERAL,28,FABRICAÇÃO DE MÁQUINAS E EQUIPAMENTOS,C,INDÚSTRIAS DE TRANSFORMAÇÃO
28241,FABRICAÇÃO DE APARELHOS E EQUIPAMENTOS DE AR CONDICIONADO,282,FABRICAÇÃO DE MÁQUINAS E EQUIPAMENTOS DE USO GERAL,28,FABRICAÇÃO DE MÁQUINAS E EQUIPAMENTOS,C,INDÚSTRIAS DE TRANSFORMAÇÃO
28259,FABRICAÇÃO DE MÁQUINAS E EQUIPAMENTOS PARA SANEAMENTO BÁSICO E AMBIENTAL,282,FABRICAÇÃO DE MÁQUINAS E EQUIPAMENTOS DE USO GERAL,28,FABRICAÇÃO DE MÁQUINAS E EQUIPAMENTOS,C,INDÚSTRIAS DE TRANSFORMAÇÃO
28291,FABRICAÇÃO DE MÁQUINAS E EQUIPAMENTOS DE USO GERAL NÃO ESPECIFICADOS ANTERIORMENTE,282,FABRICAÇÃO DE MÁQUINAS E EQUIPAMENTOS DE USO GERAL,28,FABRICAÇÃO DE MÁQUINAS E EQUIPAMENTOS,C,INDÚSTRIAS DE TRANSFORMAÇÃO
28313,FABRICAÇÃO DE TRATORES AGRÍCOLAS,283,FABRICAÇÃO DE TRATORES E DE MÁQUINAS E EQUIPAMENTOS PARA A AGRICULTURA E PECUÁRIA,28,FABRICAÇÃO DE MÁQUINAS E EQUIPAMENTOS,C,INDÚSTRIAS DE TRANSFORMAÇÃO
28321,FABRICAÇÃO DE EQUIPAMENTOS PARA IRRIGAÇÃO AGRÍCOLA,283,FABRICAÇÃO DE TRATORES E DE MÁQUINAS E EQUIPAMENTOS PARA A AGRICULTURA E PECUÁRIA,28,FABRICAÇÃO DE MÁQUINAS E EQUIPAMENTOS,C,INDÚSTRIAS DE TRANSFORMAÇÃO
28330,"FABRICAÇÃO DE MÁQUINAS E EQUIPAMENTOS PARA A AGRICULTURA E PECUÁRIA, EXCETO PARA IRRIGAÇÃO",283,FABRICAÇÃO DE TRATORES E DE MÁQUINAS E EQUIPAMENTOS PARA A AGRICULTURA E PECUÁRIA,28,FABRICAÇÃO DE MÁQUINAS E EQUIPAMENTOS,C,INDÚSTRIAS DE TRANSFORMAÇÃO
28402,FABRICAÇÃO DE MÁQUINAS-FERRAMENTA,284,FABRICAÇÃO DE MÁQUINAS-FERRAMENTA,28,FABRICAÇÃO DE MÁQUINAS E EQUIPAMENTOS,C,INDÚSTRIAS DE TRANSFORMAÇÃO
28518,FABRICAÇÃO DE MÁQUINAS E EQUIPAMENTOS PARA A PROSPECÇÃO E EXTRAÇÃO DE PETRÓLEO,285,FABRICAÇÃO DE MÁQUINAS E EQUIPAMENTOS DE USO NA EXTRAÇÃO MINERAL E NA CONSTRUÇÃO,28,FABRICAÇÃO DE MÁQUINAS E EQUIPAMENTOS,C,INDÚSTRIAS DE TRANSFORMAÇÃO
28526,"FABRICAÇÃO DE OUTRAS MÁQUINAS E EQUIPAMENTOS PARA USO NA EXTRAÇÃO MINERAL, EXCETO NA EXTRAÇÃO DE PETRÓLEO",285,FABRICAÇÃO DE MÁQUINAS E EQUIPAMENTOS DE USO NA EXTRAÇÃO MINERAL E NA CONSTRUÇÃO,28,FABRICAÇÃO DE MÁQUINAS E EQUIPAMENTOS,C,INDÚSTRIAS DE TRANSFORMAÇÃO
28534,"FABRICAÇÃO DE TRATORES, EXCETO AGRÍCOLAS",285,FABRICAÇÃO DE MÁQUINAS E EQUIPAMENTOS DE USO NA EXTRAÇÃO MINERAL E NA CONSTRUÇÃO,28,FABRICAÇÃO DE MÁQUINAS E EQUIPAMENTOS,C,INDÚSTRIAS DE TRANSFORMAÇÃO
28542,"FABRICAÇÃO DE MÁQUINAS E EQUIPAMENTOS PARA TERRAPLENAGEM, PAVIMENTAÇÃO E CONSTRUÇÃO, EXCETO TRATORES",285,FABRICAÇÃO DE MÁQUINAS E EQUIPAMENTOS DE USO NA EXTRAÇÃO MINERAL E NA CONSTRUÇÃO,28,FABRICAÇÃO DE MÁQUINAS E EQUIPAMENTOS,C,INDÚSTRIAS DE TRANSFORMAÇÃO
28615,"FABRICAÇÃO DE MÁQUINAS PARA A INDÚSTRIA METALÚRGICA, EXCETO MÁQUINAS-FERRAMENTA",286,FABRICAÇÃO DE MÁQUINAS E EQUIPAMENTOS DE USO INDUSTRIAL ESPECÍFICO,28,FABRICAÇÃO DE MÁQUINAS E EQUIPAMENTOS,C,INDÚSTRIAS DE TRANSFORMAÇÃO
28623,"FABRICAÇÃO DE MÁQUINAS E EQUIPAMENTOS PARA AS INDÚSTRIAS DE ALIMENTOS, BEBIDAS E FUMO",286,FABRICAÇÃO DE MÁQUINAS E EQUIPAMENTOS DE USO INDUSTRIAL ESPECÍFICO,28,FABRICAÇÃO DE MÁQUINAS E EQUIPAMENTOS,C,INDÚSTRIAS DE TRANSFORMAÇÃO
28631,FABRICAÇÃO DE MÁQUINAS E EQUIPAMENTOS PARA A INDÚSTRIA TÊXTIL,286,FABRICAÇÃO DE MÁQUINAS E EQUIPAMENTOS DE USO INDUSTRIAL ESPECÍFICO,28,FABRICAÇÃO DE MÁQUINAS E EQUIPAMENTOS,C,INDÚSTRIAS DE TRANSFORMAÇÃO
28640,"FABRICAÇÃO DE MÁQUINAS E EQUIPAMENTOS PARA AS INDÚSTRIAS DO VESTUÁRIO, DO COURO E DE CALÇADOS",286,FABRICAÇÃO DE MÁQUINAS E EQUIPAMENTOS DE USO INDUSTRIAL ESPECÍFICO,28,FABRICAÇÃO DE MÁQUINAS E EQUIPAMENTOS,C,INDÚSTRIAS DE TRANSFORMAÇÃO
28658,"FABRICAÇÃO DE MÁQUINAS E EQUIPAMENTOS PARA AS INDÚSTRIAS DE CELULOSE, PAPEL E PAPELÃO E ARTEFATOS",286,FABRICAÇÃO DE MÁQUINAS E EQUIPAMENTOS DE USO INDUSTRIAL ESPECÍFICO,28,FABRICAÇÃO DE MÁQUINAS E EQUIPAMENTOS,C,INDÚSTRIAS DE TRANSFORMAÇÃO
28666,FABRICAÇÃO DE MÁQUINAS E EQUIPAMENTOS PARA A INDÚSTRIA DO PLÁSTICO,286,FABRICAÇÃO DE MÁQUINAS E EQUIPAMENTOS DE USO INDUSTRIAL ESPECÍFICO,28,FABRICAÇÃO DE MÁQUINAS E EQUIPAMENTOS,C,INDÚSTRIAS DE TRANSFORMAÇÃO
28691,FABRICAÇÃO DE MÁQUINAS E EQUIPAMENTOS PARA USO INDUSTRIAL ESPECÍFICO NÃO ESPECIFICADOS ANTERIORMENTE,286,FABRICAÇÃO DE MÁQUINAS E EQUIPAMENTOS DE USO INDUSTRIAL ESPECÍFICO,28,FABRICAÇÃO DE MÁQUINAS E EQUIPAMENTOS,C,INDÚSTRIAS DE TRANSFORMAÇÃO
29107,"FABRICAÇÃO DE AUTOMÓVEIS, CAMIONETAS E UTILITÁRIOS",291,"FABRICAÇÃO DE AUTOMÓVEIS, CAMIONETAS E UTILITÁRIOS",29,"FABRICAÇÃO DE VEÍCULOS AUTOMOTORES, REBOQUES E CARROCERIAS",C,INDÚSTRIAS DE TRANSFORMAÇÃO
29204,FABRICAÇÃO DE CAMINHÕES E ÔNIBUS,292,FABRICAÇÃO DE CAMINHÕES E ÔNIBUS,29,"FABRICAÇÃO DE VEÍCULOS AUTOMOTORES, REBOQUES E CARROCERIAS",C,INDÚSTRIAS DE TRANSFORMAÇÃO
29301,"FABRICAÇÃO DE CABINES, CARROCERIAS E REBOQUES PARA VEÍCULOS AUTOMOTORES",293,"FABRICAÇÃO DE CABINES, CARROCERIAS E REBOQUES PARA VEÍCULOS AUTOMOTORES",29,"FABRICAÇÃO DE VEÍCULOS AUTOMOTORES, REBOQUES E CARROCERIAS",C,INDÚSTRIAS DE TRANSFORMAÇÃO
29417,FABRICAÇÃO DE PEÇAS E ACESSÓRIOS PARA O SISTEMA MOTOR DE VEÍCULOS AUTOMOTORES,294,FABRICAÇÃO DE PEÇAS E ACESSÓRIOS PARA VEÍCULOS AUTOMOTORES,29,"FABRICAÇÃO DE VEÍCULOS AUTOMOTORES, REBOQUES E CARROCERIAS",C,INDÚSTRIAS DE TRANSFORMAÇÃO
29425,FABRICAÇÃO DE PEÇAS E ACESSÓRIOS PARA OS SISTEMAS DE MARCHA E TRANSMISSÃO DE VEÍCULOS AUTOMOTORES,294,FABRICAÇÃO DE PEÇAS E ACESSÓRIOS PARA VEÍCULOS AUTOMOTORES,29,"FABRICAÇÃO DE VEÍCULOS AUTOMOTORES, REBOQUES E CARROCERIAS",C,INDÚSTRIAS DE TRANSFORMAÇÃO
29433,FABRICAÇÃO DE PEÇAS E ACESSÓRIOS PARA O SISTEMA DE FREIOS DE VEÍCULOS AUTOMOTORES,294,FABRICAÇÃO DE PEÇAS E ACESSÓRIOS PARA VEÍCULOS AUTOMOTORES,29,"FABRICAÇÃO DE VEÍCULOS AUTOMOTORES, REBOQUES E CARROCERIAS",C,INDÚSTRIAS DE TRANSFORMAÇÃO
29441,FABRICAÇÃO DE PEÇAS E ACESSÓRIOS PARA O SISTEMA DE DIREÇÃO E SUSPENSÃO DE VEÍCULOS AUTOMOTORES,294,FABRICAÇÃO DE PEÇAS E ACESSÓRIOS PARA VEÍCULOS AUTOMOTORES,29,"FABRICAÇÃO DE VEÍCULOS AUTOMOTORES, REBOQUES E CARROCERIAS",C,INDÚSTRIAS DE TRANSFORMAÇÃO
29450,"FABRICAÇÃO DE MATERIAL ELÉTRICO E ELETRÔNICO PARA VEÍCULOS AUTOMOTORES, EXCETO BATERIAS",294,FABRICAÇÃO DE PEÇAS E ACESSÓRIOS PARA VEÍCULOS AUTOMOTORES,29,"FABRICAÇÃO DE VEÍCULOS AUTOMOTORES, REBOQUES E CARROCERIAS",C,INDÚSTRIAS DE TRANSFORMAÇÃO
29492,FABRICAÇÃO DE PEÇAS E ACESSÓRIOS PARA VEÍCULOS AUTOMOTORES NÃO ESPECIFICADOS ANTERIORMENTE,294,FABRICAÇÃO DE PEÇAS E ACESSÓRIOS PARA VEÍCULOS AUTOMOTORES,29,"FABRICAÇÃO DE VEÍCULOS AUTOMOTORES, REBOQUES E CARROCERIAS",C,INDÚSTRIAS DE TRANSFORMAÇÃO
29506,RECONDICIONAMENTO E RECUPERAÇÃO DE MOTORES PARA VEÍCULOS AUTOMOTORES,295,RECONDICIONAMENTO E RECUPERAÇÃO DE MOTORES PARA VEÍCULOS AUTOMOTORES,29,"FABRICAÇÃO DE VEÍCULOS AUTOMOTORES, REBOQUES E CARROCERIAS",C,INDÚSTRIAS DE TRANSFORMAÇÃO
30113,CONSTRUÇÃO DE EMBARCAÇÕES E ESTRUTURAS FLUTUANTES,301,CONSTRUÇÃO DE EMBARCAÇÕES,30,"FABRICAÇÃO DE OUTROS EQUIPAMENTOS DE TRANSPORTE, EXCETO VEÍCULOS AUTOMOTORES",C,INDÚSTRIAS DE TRANSFORMAÇÃO
30121,CONSTRUÇÃO DE EMBARCAÇÕES PARA ESPORTE E LAZER,301,CONSTRUÇÃO DE EMBARCAÇÕES,30,"FABRICAÇÃO DE OUTROS EQUIPAMENTOS DE TRANSPORTE, EXCETO VEÍCULOS AUTOMOTORES",C,INDÚSTRIAS DE TRANSFORMAÇÃO
30318,"FABRICAÇÃO DE LOCOMOTIVAS, VAGÕES E OUTROS MATERIAIS RODANTES",303,FABRICAÇÃO DE VEÍCULOS FERROVIÁRIOS,30,"FABRICAÇÃO DE OUTROS EQUIPAMENTOS DE TRANSPORTE, EXCETO VEÍCULOS AUTOMOTORES",C,INDÚSTRIAS DE TRANSFORMAÇÃO
30326,FABRICAÇÃO DE PEÇAS E ACESSÓRIOS PARA VEÍCULOS FERROVIÁRIOS,303,FABRICAÇÃO DE VEÍCULOS FERROVIÁRIOS,30,"FABRICAÇÃO DE OUTROS EQUIPAMENTOS DE TRANSPORTE, EXCETO VEÍCULOS AUTOMOTORES",C,INDÚSTRIAS DE TRANSFORMAÇÃO
30415,FABRICAÇÃO DE AERONAVES,304,FABRICAÇÃO DE AERONAVES,30,"FABRICAÇÃO DE OUTROS EQUIPAMENTOS DE TRANSPORTE, EXCETO VEÍCULOS AUTOMOTORES",C,INDÚSTRIAS DE TRANSFORMAÇÃO
30423,"FABRICAÇÃO DE TURBINAS, MOTORES E OUTROS COMPONENTES E PEÇAS PARA AERONAVES",304,FABRICAÇÃO DE AERONAVES,30,"FABRICAÇÃO DE OUTROS EQUIPAMENTOS DE TRANSPORTE, EXCETO VEÍCULOS AUTOMOTORES",C,INDÚSTRIAS DE TRANSFORMAÇÃO
30504,FABRICAÇÃO DE VEÍCULOS MILITARES DE COMBATE,305,FABRICAÇÃO DE VEÍCULOS MILITARES DE COMBATE,30,"FABRICAÇÃO DE OUTROS EQUIPAMENTOS DE TRANSPORTE, EXCETO VEÍCULOS AUTOMOTORES",C,INDÚSTRIAS DE TRANSFORMAÇÃO
30911,FABRICAÇÃO DE MOTOCICLETAS,309,FABRICAÇÃO DE EQUIPAMENTOS DE TRANSPORTE NÃO ESPECIFICADOS ANTERIORMENTE,30,"FABRICAÇÃO DE OUTROS EQUIPAMENTOS DE TRANSPORTE, EXCETO VEÍCULOS AUTOMOTORES",C,INDÚSTRIAS DE TRANSFORMAÇÃO
30920,FABRICAÇÃO DE BICICLETAS E TRICICLOS NÃO MOTORIZADOS,309,FABRICAÇÃO DE EQUIPAMENTOS DE TRANSPORTE NÃO ESPECIFICADOS ANTERIORMENTE,30,"FABRICAÇÃO DE OUTROS EQUIPAMENTOS DE TRANSPORTE, EXCETO VEÍCULOS AUTOMOTORES",C,INDÚSTRIAS DE TRANSFORMAÇÃO
30997,FABRICAÇÃO DE EQUIPAMENTOS DE TRANSPORTE NÃO ESPECIFICADOS ANTERIORMENTE,309,FABRICAÇÃO DE EQUIPAMENTOS DE TRANSPORTE NÃO ESPECIFICADOS ANTERIORMENTE,30,"FABRICAÇÃO DE OUTROS EQUIPAMENTOS DE TRANSPORTE, EXCETO VEÍCULOS AUTOMOTORES",C,INDÚSTRIAS DE TRANSFORMAÇÃO
31012,FABRICAÇÃO DE MÓVEIS COM PREDOMINÂNCIA DE MADEIRA,310,FABRICAÇÃO DE MÓVEIS,31,FABRICAÇÃO DE MÓVEIS,C,INDÚSTRIAS DE TRANSFORMAÇÃO
31021,FABRICAÇÃO DE MÓVEIS COM PREDOMINÂNCIA DE METAL,310,FABRICAÇÃO DE MÓVEIS,31,FABRICAÇÃO DE MÓVEIS,C,INDÚSTRIAS DE TRANSFORMAÇÃO
31039,"FABRICAÇÃO DE MÓVEIS DE OUTROS MATERIAIS, EXCETO MADEIRA E METAL",310,FABRICAÇÃO DE MÓVEIS,31,FABRICAÇÃO DE MÓVEIS,C,INDÚSTRIAS DE TRANSFORMAÇÃO
31047,FABRICAÇÃO DE COLCHÕES,310,FABRICAÇÃO DE MÓVEIS,31,FABRICAÇÃO DE MÓVEIS,C,INDÚSTRIAS DE TRANSFORMAÇÃO
32116,LAPIDAÇÃO DE GEMAS E FABRICAÇÃO DE ARTEFATOS DE OURIVESARIA E JOALHERIA,321,"FABRICAÇÃO DE ARTIGOS DE JOALHERIA, BIJUTERIA E SEMELHANTES",32,FABRICAÇÃO DE PRODUTOS DIVERSOS,C,INDÚSTRIAS DE TRANSFORMAÇÃO
32124,FABRICAÇÃO DE BIJUTERIAS E ARTEFATOS SEMELHANTES,321,"FABRICAÇÃO DE ARTIGOS DE JOALHERIA, BIJUTERIA E SEMELHANTES",32,FABRICAÇÃO DE PRODUTOS DIVERSOS,C,INDÚSTRIAS DE TRANSFORMAÇÃO
32205,FABRICAÇÃO DE INSTRUMENTOS MUSICAIS,322,FABRICAÇÃO DE INSTRUMENTOS MUSICAIS,32,FABRICAÇÃO DE PRODUTOS DIVERSOS,C,INDÚSTRIAS DE TRANSFORMAÇÃO
32302,FABRICAÇÃO DE ARTEFATOS PARA PESCA E ESPORTE,323,FABRICAÇÃO DE ARTEFATOS PARA PESCA E ESPORTE,32,FABRICAÇÃO DE PRODUTOS DIVERSOS,C,INDÚSTRIAS DE TRANSFORMAÇÃO
32400,FABRICAÇÃO DE BRINQUEDOS E JOGOS RECREATIVOS,324,FABRICAÇÃO DE BRINQUEDOS E JOGOS RECREATIVOS,32,FABRICAÇÃO DE PRODUTOS DIVERSOS,C,INDÚSTRIAS DE TRANSFORMAÇÃO
32507,FABRICAÇÃO DE INSTRUMENTOS E MATERIAIS PARA USO MÉDICO E ODONTOLÓGICO E DE ARTIGOS ÓPTICOS,325,FABRICAÇÃO DE INSTRUMENTOS E MATERIAIS PARA USO MÉDICO E ODONTOLÓGICO E DE ARTIGOS ÓPTICOS,32,FABRICAÇÃO DE PRODUTOS DIVERSOS,C,INDÚSTRIAS DE TRANSFORMAÇÃO
32914,"FABRICAÇÃO DE ESCOVAS, PINCÉIS E VASSOURAS",329,FABRICAÇÃO DE PRODUTOS DIVERSOS,32,FABRICAÇÃO DE PRODUTOS DIVERSOS,C,INDÚSTRIAS DE TRANSFORMAÇÃO
32922,FABRICAÇÃO DE EQUIPAMENTOS E ACESSÓRIOS PARA SEGURANÇA E PROTEÇÃO PESSOAL E PROFISSIONAL,329,FABRICAÇÃO DE PRODUTOS DIVERSOS,32,FABRICAÇÃO DE PRODUTOS DIVERSOS,C,INDÚSTRIAS DE TRANSFORMAÇÃO
32990,FABRICAÇÃO DE PRODUTOS DIVERSOS NÃO ESPECIFICADOS ANTERIORMENTE,329,FABRICAÇÃO DE PRODUTOS DIVERSOS,32,FABRICAÇÃO DE PRODUTOS DIVERSOS,C,INDÚSTRIAS DE TRANSFORMAÇÃO
33112,"MANUTENÇÃO E REPARAÇÃO DE TANQUES, RESERVATÓRIOS METÁLICOS E CALDEIRAS, EXCETO PARA VEÍCULOS",331,MANUTENÇÃO E REPARAÇÃO DE MÁQUINAS E EQUIPAMENTOS,33,"MANUTENÇÃO, REPARAÇÃO E INSTALAÇÃO DE MÁQUINAS E EQUIPAMENTOS",C,INDÚSTRIAS DE TRANSFORMAÇÃO
33121,MANUTENÇÃO E REPARAÇÃO DE EQUIPAMENTOS ELETRÔNICOS E ÓPTICOS,331,MANUTENÇÃO E REPARAÇÃO DE MÁQUINAS E EQUIPAMENTOS,33,"MANUTENÇÃO, REPARAÇÃO E INSTALAÇÃO DE MÁQUINAS E EQUIPAMENTOS",C,INDÚSTRIAS DE TRANSFORMAÇÃO
33139,MANUTENÇÃO E REPARAÇÃO DE MÁQUINAS E EQUIPAMENTOS ELÉTRICOS,331,MANUTENÇÃO E REPARAÇÃO DE MÁQUINAS E EQUIPAMENTOS,33,"MANUTENÇÃO, REPARAÇÃO E INSTALAÇÃO DE MÁQUINAS E EQUIPAMENTOS",C,INDÚSTRIAS DE TRANSFORMAÇÃO
33147,MANUTENÇÃO E REPARAÇÃO DE MÁQUINAS E EQUIPAMENTOS DA INDÚSTRIA MECÂNICA,331,MANUTENÇÃO E REPARAÇÃO DE MÁQUINAS E EQUIPAMENTOS,33,"MANUTENÇÃO, REPARAÇÃO E INSTALAÇÃO DE MÁQUINAS E EQUIPAMENTOS",C,INDÚSTRIAS DE TRANSFORMAÇÃO
33155,MANUTENÇÃO E REPARAÇÃO DE VEÍCULOS FERROVIÁRIOS,331,MANUTENÇÃO E REPARAÇÃO DE MÁQUINAS E EQUIPAMENTOS,33,"MANUTENÇÃO, REPARAÇÃO E INSTALAÇÃO DE MÁQUINAS E EQUIPAMENTOS",C,INDÚSTRIAS DE TRANSFORMAÇÃO
33163,MANUTENÇÃO E REPARAÇÃO DE AERONAVES,331,MANUTENÇÃO E REPARAÇÃO DE MÁQUINAS E EQUIPAMENTOS,33,"MANUTENÇÃO, REPARAÇÃO E INSTALAÇÃO DE MÁQUINAS E EQUIPAMENTOS",C,INDÚSTRIAS DE TRANSFORMAÇÃO
33171,MANUTENÇÃO E REPARAÇÃO DE EMBARCAÇÕES,331,MANUTENÇÃO E REPARAÇÃO DE MÁQUINAS E EQUIPAMENTOS,33,"MANUTENÇÃO, REPARAÇÃO E INSTALAÇÃO DE MÁQUINAS E EQUIPAMENTOS",C,INDÚSTRIAS DE TRANSFORMAÇÃO
33198,MANUTENÇÃO E REPARAÇÃO DE EQUIPAMENTOS E PRODUTOS NÃO ESPECIFICADOS ANTERIORMENTE,331,MANUTENÇÃO E REPARAÇÃO DE MÁQUINAS E EQUIPAMENTOS,33,"MANUTENÇÃO, REPARAÇÃO E INSTALAÇÃO DE MÁQUINAS E EQUIPAMENTOS",C,INDÚSTRIAS DE TRANSFORMAÇÃO
33210,INSTALAÇÃO DE MÁQUINAS E EQUIPAMENTOS INDUSTRIAIS,332,INSTALAÇÃO DE MÁQUINAS E EQUIPAMENTOS,33,"MANUTENÇÃO, REPARAÇÃO E INSTALAÇÃO DE MÁQUINAS E EQUIPAMENTOS",C,INDÚSTRIAS DE TRANSFORMAÇÃO
33295,INSTALAÇÃO DE EQUIPAMENTOS NÃO ESPECIFICADOS ANTERIORMENTE,332,INSTALAÇÃO DE MÁQUINAS E EQUIPAMENTOS,33,"MANUTENÇÃO, REPARAÇÃO E INSTALAÇÃO DE MÁQUINAS E EQUIPAMENTOS",C,INDÚSTRIAS DE TRANSFORMAÇÃO
35115,GERAÇÃO DE ENERGIA ELÉTRICA,351,"GERAÇÃO, TRANSMISSÃO E DISTRIBUIÇÃO DE ENERGIA ELÉTRICA",35,"ELETRICIDADE, GÁS E OUTRAS UTILIDADES",D,ELETRICIDADE E GÁS
35123,TRANSMISSÃO DE ENERGIA ELÉTRICA,351,"GERAÇÃO, TRANSMISSÃO E DISTRIBUIÇÃO DE ENERGIA ELÉTRICA",35,"ELETRICIDADE, GÁS E OUTRAS UTILIDADES",D,ELETRICIDADE E GÁS
35131,COMÉRCIO ATACADISTA DE ENERGIA ELÉTRICA,351,"GERAÇÃO, TRANSMISSÃO E DISTRIBUIÇÃO DE ENERGIA ELÉTRICA",35,"ELETRICIDADE, GÁS E OUTRAS UTILIDADES",D,ELETRICIDADE E GÁS
35140,DISTRIBUIÇÃO DE ENERGIA ELÉTRICA,351,"GERAÇÃO, TRANSMISSÃO E DISTRIBUIÇÃO DE ENERGIA ELÉTRICA",35,"ELETRICIDADE, GÁS E OUTRAS UTILIDADES",D,ELETRICIDADE E GÁS
35204,PRODUÇÃO DE GÁS; PROCESSAMENTO DE GÁS NATURAL; DISTRIBUIÇÃO DE COMBUSTÍVEIS GASOSOS POR REDES URBANAS,352,PRODUÇÃO E DISTRIBUIÇÃO DE COMBUSTÍVEIS GASOSOS POR REDES URBANAS,35,"ELETRICIDADE, GÁS E OUTRAS UTILIDADES",D,ELETRICIDADE E GÁS
35301,"PRODUÇÃO E DISTRIBUIÇÃO DE VAPOR, ÁGUA QUENTE E AR CONDICIONADO",353,"PRODUÇÃO E DISTRIBUIÇÃO DE VAPOR, ÁGUA QUENTE E AR CONDICIONADO",35,"ELETRICIDADE, GÁS E OUTRAS UTILIDADES",D,ELETRICIDADE E GÁS
36006,"CAPTAÇÃO, TRATAMENTO E DISTRIBUIÇÃO DE ÁGUA",360,"CAPTAÇÃO, TRATAMENTO E DISTRIBUIÇÃO DE ÁGUA",36,"CAPTAÇÃO, TRATAMENTO E DISTRIBUIÇÃO DE ÁGUA",E,"ÁGUA, ESGOTO, ATIVIDADES DE GESTÃO DE RESÍDUOS E DESCONTAMINAÇÃO"
37011,GESTÃO DE REDES DE ESGOTO,370,ESGOTO E ATIVIDADES RELACIONADAS,37,ESGOTO E ATIVIDADES RELACIONADAS,E,"ÁGUA, ESGOTO, ATIVIDADES DE GESTÃO DE RESÍDUOS E DESCONTAMINAÇÃO"
37029,"ATIVIDADES RELACIONADAS A ESGOTO, EXCETO A GESTÃO DE REDES",370,ESGOTO E ATIVIDADES RELACIONADAS,37,ESGOTO E ATIVIDADES RELACIONADAS,E,"ÁGUA, ESGOTO, ATIVIDADES DE GESTÃO DE RESÍDUOS E DESCONTAMINAÇÃO"
38114,COLETA DE RESÍDUOS NÃO PERIGOSOS,381,COLETA DE RESÍDUOS,38,"COLETA, TRATAMENTO E DISPOSIÇÃO DE RESÍDUOS; RECUPERAÇÃO DE MATERIAIS",E,"ÁGUA, ESGOTO, ATIVIDADES DE GESTÃO DE RESÍDUOS E DESCONTAMINAÇÃO"
38122,COLETA DE RESÍDUOS PERIGOSOS,381,COLETA DE RESÍDUOS,38,"COLETA, TRATAMENTO E DISPOSIÇÃO DE RESÍDUOS; RECUPERAÇÃO DE MATERIAIS",E,"ÁGUA, ESGOTO, ATIVIDADES DE GESTÃO DE RESÍDUOS E DESCONTAMINAÇÃO"
38211,TRATAMENTO E DISPOSIÇÃO DE RESÍDUOS NÃO PERIGOSOS,382,TRATAMENTO E DISPOSIÇÃO DE RESÍDUOS,38,"COLETA, TRATAMENTO E DISPOSIÇÃO DE RESÍDUOS; RECUPERAÇÃO DE MATERIAIS",E,"ÁGUA, ESGOTO, ATIVIDADES DE GESTÃO DE RESÍDUOS E DESCONTAMINAÇÃO"
38220,TRATAMENTO E DISPOSIÇÃO DE RESÍDUOS PERIGOSOS,382,TRATAMENTO E DISPOSIÇÃO DE RESÍDUOS,38,"COLETA, TRATAMENTO E DISPOSIÇÃO DE RESÍDUOS; RECUPERAÇÃO DE MATERIAIS",E,"ÁGUA, ESGOTO, ATIVIDADES DE GESTÃO DE RESÍDUOS E DESCONTAMINAÇÃO"
38319,RECUPERAÇÃO DE MATERIAIS METÁLICOS,383,RECUPERAÇÃO DE MATERIAIS,38,"COLETA, TRATAMENTO E DISPOSIÇÃO DE RESÍDUOS; RECUPERAÇÃO DE MATERIAIS",E,"ÁGUA, ESGOTO, ATIVIDADES DE GESTÃO DE RESÍDUOS E DESCONTAMINAÇÃO"
38327,RECUPERAÇÃO DE MATERIAIS PLÁSTICOS,383,RECUPERAÇÃO DE MATERIAIS,38,"COLETA, TRATAMENTO E DISPOSIÇÃO DE RESÍDUOS; RECUPERAÇÃO DE MATERIAIS",E,"ÁGUA, ESGOTO, ATIVIDADES DE GESTÃO DE RESÍDUOS E DESCONTAMINAÇÃO"
38394,RECUPERAÇÃO DE MATERIAIS NÃO ESPECIFICADOS ANTERIORMENTE,383,RECUPERAÇÃO DE MATERIAIS,38,"COLETA, TRATAMENTO E DISPOSIÇÃO DE RESÍDUOS; RECUPERAÇÃO DE MATERIAIS",E,"ÁGUA, ESGOTO, ATIVIDADES DE GESTÃO DE RESÍDUOS E DESCONTAMINAÇÃO"
39005,DESCONTAMINAÇÃO E OUTROS SERVIÇOS DE GESTÃO DE RESÍDUOS,390,DESCONTAMINAÇÃO E OUTROS SERVIÇOS DE GESTÃO DE RESÍDUOS,39,DESCONTAMINAÇÃO E OUTROS SERVIÇOS DE GESTÃO DE RESÍDUOS,E,"ÁGUA, ESGOTO, ATIVIDADES DE GESTÃO DE RESÍDUOS E DESCONTAMINAÇÃO"
41107,INCORPORAÇÃO DE EMPREENDIMENTOS IMOBILIÁRIOS,411,INCORPORAÇÃO DE EMPREENDIMENTOS IMOBILIÁRIOS,41,CONSTRUÇÃO DE EDIFÍCIOS,F,CONSTRUÇÃO
41204,CONSTRUÇÃO DE EDIFÍCIOS,412,CONSTRUÇÃO DE EDIFÍCIOS,41,CONSTRUÇÃO DE EDIFÍCIOS,F,CONSTRUÇÃO
42111,CONSTRUÇÃO DE RODOVIAS E FERROVIAS,421,"CONSTRUÇÃO DE RODOVIAS, FERROVIAS, OBRAS URBANAS E OBRAS-DE-ARTE ESPECIAIS",42,OBRAS DE INFRA-ESTRUTURA,F,CONSTRUÇÃO
42120,CONSTRUÇÃO DE OBRAS DE ARTE ESPECIAIS,421,"CONSTRUÇÃO DE RODOVIAS, FERROVIAS, OBRAS URBANAS E OBRAS-DE-ARTE ESPECIAIS",42,OBRAS DE INFRA-ESTRUTURA,F,CONSTRUÇÃO
42138,"OBRAS DE URBANIZAÇÃO - RUAS, PRAÇAS E CALÇADAS",421,"CONSTRUÇÃO DE RODOVIAS, FERROVIAS, OBRAS URBANAS E OBRAS-DE-ARTE ESPECIAIS",42,OBRAS DE INFRA-ESTRUTURA,F,CONSTRUÇÃO
42219,OBRAS PARA GERAÇÃO E DISTRIBUIÇÃO DE ENERGIA ELÉTRICA E PARA TELECOMUNICAÇÕES,422,"OBRAS DE INFRA-ESTRUTURA PARA ENERGIA ELÉTRICA, TELECOMUNICAÇÕES, ÁGUA, ESGOTO E TRANSPORTE POR DUTOS",42,OBRAS DE INFRA-ESTRUTURA,F,CONSTRUÇÃO
42227,"CONSTRUÇÃO DE REDES DE ABASTECIMENTO DE ÁGUA, COLETA DE ESGOTO E CONSTRUÇÕES CORRELATAS",422,"OBRAS DE INFRA-ESTRUTURA PARA ENERGIA ELÉTRICA, TELECOMUNICAÇÕES, ÁGUA, ESGOTO E TRANSPORTE POR DUTOS",42,OBRAS DE INFRA-ESTRUTURA,F,CONSTRUÇÃO
42235,"CONSTRUÇÃO DE REDES DE TRANSPORTES POR DUTOS, EXCETO PARA ÁGUA E ESGOTO",422,"OBRAS DE INFRA-ESTRUTURA PARA ENERGIA ELÉTRICA, TELECOMUNICAÇÕES, ÁGUA, ESGOTO E TRANSPORTE POR DUTOS",42,OBRAS DE INFRA-ESTRUTURA,F,CONSTRUÇÃO
42910,"OBRAS PORTUÁRIAS, MARÍTIMAS E FLUVIAIS",429,CONSTRUÇÃO DE OUTRAS OBRAS DE INFRA-ESTRUTURA,42,OBRAS DE INFRA-ESTRUTURA,F,CONSTRUÇÃO
42928,MONTAGEM DE INSTALAÇÕES INDUSTRIAIS E DE ESTRUTURAS METÁLICAS,429,CONSTRUÇÃO DE OUTRAS OBRAS DE INFRA-ESTRUTURA,42,OBRAS DE INFRA-ESTRUTURA,F,CONSTRUÇÃO
42995,OBRAS DE ENGENHARIA CIVIL NÃO ESPECIFICADAS ANTERIORMENTE,429,CONSTRUÇÃO DE OUTRAS OBRAS DE INFRA-ESTRUTURA,42,OBRAS DE INFRA-ESTRUTURA,F,CONSTRUÇÃO
43118,DEMOLIÇÃO E PREPARAÇÃO DE CANTEIROS DE OBRAS,431,DEMOLIÇÃO E PREPARAÇÃO DO TERRENO,43,SERVIÇOS ESPECIALIZADOS PARA CONSTRUÇÃO,F,CONSTRUÇÃO
43126,PERFURAÇÕES E SONDAGENS,431,DEMOLIÇÃO E PREPARAÇÃO DO TERRENO,43,SERVIÇOS ESPECIALIZADOS PARA CONSTRUÇÃO,F,CONSTRUÇÃO
43134,OBRAS DE TERRAPLENAGEM,431,DEMOLIÇÃO E PREPARAÇÃO DO TERRENO,43,SERVIÇOS ESPECIALIZADOS PARA CONSTRUÇÃO,F,CONSTRUÇÃO
43193,SERVIÇOS DE PREPARAÇÃO DO TERRENO NÃO ESPECIFICADOS ANTERIORMENTE,431,DEMOLIÇÃO E PREPARAÇÃO DO TERRENO,43,SERVIÇOS ESPECIALIZADOS PARA CONSTRUÇÃO,F,CONSTRUÇÃO
43215,INSTALAÇÕES ELÉTRICAS,432,"INSTALAÇÕES ELÉTRICAS, HIDRÁULICAS E OUTRAS INSTALAÇÕES EM CONSTRUÇÕES",43,SERVIÇOS ESPECIALIZADOS PARA CONSTRUÇÃO,F,CONSTRUÇÃO
43223,"INSTALAÇÕES HIDRÁULICAS, DE SISTEMAS DE VENTILAÇÃO E REFRIGERAÇÃO",432,"INSTALAÇÕES ELÉTRICAS, HIDRÁULICAS E OUTRAS INSTALAÇÕES EM CONSTRUÇÕES",43,SERVIÇOS ESPECIALIZADOS PARA CONSTRUÇÃO,F,CONSTRUÇÃO
43291,OBRAS DE INSTALAÇÕES EM CONSTRUÇÕES NÃO ESPECIFICADAS ANTERIORMENTE,432,"INSTALAÇÕES ELÉTRICAS, HIDRÁULICAS E OUTRAS INSTALAÇÕES EM CONSTRUÇÕES",43,SERVIÇOS ESPECIALIZADOS PARA CONSTRUÇÃO,F,CONSTRUÇÃO
43304,OBRAS DE ACABAMENTO,433,OBRAS DE ACABAMENTO,43,SERVIÇOS ESPECIALIZADOS PARA CONSTRUÇÃO,F,CONSTRUÇÃO
43916,OBRAS DE FUNDAÇÕES,439,OUTROS SERVIÇOS ESPECIALIZADOS PARA CONSTRUÇÃO,43,SERVIÇOS ESPECIALIZADOS PARA CONSTRUÇÃO,F,CONSTRUÇÃO
43991,SERVIÇOS ESPECIALIZADOS PARA CONSTRUÇÃO NÃO ESPECIFICADOS ANTERIORMENTE,439,OUTROS SERVIÇOS ESPECIALIZADOS PARA CONSTRUÇÃO,43,SERVIÇOS ESPECIALIZADOS PARA CONSTRUÇÃO,F,CONSTRUÇÃO
45111,COMÉRCIO A VAREJO E POR ATACADO DE VEÍCULOS AUTOMOTORES,451,COMÉRCIO DE VEÍCULOS AUTOMOTORES,45,COMÉRCIO E REPARAÇÃO DE VEÍCULOS AUTOMOTORES E MOTOCICLETAS,G,COMÉRCIO; REPARAÇÃO DE VEÍCULOS AUTOMOTORES E MOTOCICLETAS
45129,REPRESENTANTES COMERCIAIS E AGENTES DO COMÉRCIO DE VEÍCULOS AUTOMOTORES,451,COMÉRCIO DE VEÍCULOS AUTOMOTORES,45,COMÉRCIO E REPARAÇÃO DE VEÍCULOS AUTOMOTORES E MOTOCICLETAS,G,COMÉRCIO; REPARAÇÃO DE VEÍCULOS AUTOMOTORES E MOTOCICLETAS
45200,MANUTENÇÃO E REPARAÇÃO DE VEÍCULOS AUTOMOTORES,452,MANUTENÇÃO E REPARAÇÃO DE VEÍCULOS AUTOMOTORES,45,COMÉRCIO E REPARAÇÃO DE VEÍCULOS AUTOMOTORES E MOTOCICLETAS,G,COMÉRCIO; REPARAÇÃO DE VEÍCULOS AUTOMOTORES E MOTOCICLETAS
45307,COMÉRCIO DE PEÇAS E ACESSÓRIOS PARA VEÍCULOS AUTOMOTORES,453,COMÉRCIO DE PEÇAS E ACESSÓRIOS PARA VEÍCULOS AUTOMOTORES,45,COMÉRCIO E REPARAÇÃO DE VEÍCULOS AUTOMOTORES E MOTOCICLETAS,G,COMÉRCIO; REPARAÇÃO DE VEÍCULOS AUTOMOTORES E MOTOCICLETAS
45412,"COMÉRCIO POR ATACADO E A VAREJO DE MOTOCICLETAS, PEÇAS E ACESSÓRIOS",454,"COMÉRCIO, MANUTENÇÃO E REPARAÇÃO DE MOTOCICLETAS, PEÇAS E ACESSÓRIOS",45,COMÉRCIO E REPARAÇÃO DE VEÍCULOS AUTOMOTORES E MOTOCICLETAS,G,COMÉRCIO; REPARAÇÃO DE VEÍCULOS AUTOMOTORES E MOTOCICLETAS
45421,"REPRESENTANTES COMERCIAIS E AGENTES DO COMÉRCIO DE MOTOCICLETAS, PEÇAS E ACESSÓRIOS",454,"COMÉRCIO, MANUTENÇÃO E REPARAÇÃO DE MOTOCICLETAS, PEÇAS E ACESSÓRIOS",45,COMÉRCIO E REPARAÇÃO DE VEÍCULOS AUTOMOTORES E MOTOCICLETAS,G,COMÉRCIO; REPARAÇÃO DE VEÍCULOS AUTOMOTORES E MOTOCICLETAS
45439,MANUTENÇÃO E REPARAÇÃO DE MOTOCICLETAS,454,"COMÉRCIO, MANUTENÇÃO E REPARAÇÃO DE MOTOCICLETAS, PEÇAS E ACESSÓRIOS",45,COMÉRCIO E REPARAÇÃO DE VEÍCULOS AUTOMOTORES E MOTOCICLETAS,G,COMÉRCIO; REPARAÇÃO DE VEÍCULOS AUTOMOTORES E MOTOCICLETAS
46117,REPRESENTANTES COMERCIAIS E AGENTES DO COMÉRCIO DE MATÉRIAS-PRIMAS AGRÍCOLAS E ANIMAIS VIVOS,461,"REPRESENTANTES COMERCIAIS E AGENTES DO COMÉRCIO, EXCETO DE VEÍCULOS AUTOMOTORES E MOTOCICLETAS",46,"COMÉRCIO POR ATACADO, EXCETO VEÍCULOS AUTOMOTORES E MOTOCICLETAS",G,COMÉRCIO; REPARAÇÃO DE VEÍCULOS AUTOMOTORES E MOTOCICLETAS
46125,"REPRESENTANTES COMERCIAIS E AGENTES DO COMÉRCIO DE COMBUSTÍVEIS, MINERAIS, PRODUTOS SIDERÚRGICOS E QUÍMICOS",461,"REPRESENTANTES COMERCIAIS E AGENTES DO COMÉRCIO, EXCETO DE VEÍCULOS AUTOMOTORES E MOTOCICLETAS",46,"COMÉRCIO POR ATACADO, EXCETO VEÍCULOS AUTOMOTORES E MOTOCICLETAS",G,COMÉRCIO; REPARAÇÃO DE VEÍCULOS AUTOMOTORES E MOTOCICLETAS
46133,"REPRESENTANTES COMERCIAIS E AGENTES DO COMÉRCIO DE MADEIRA, MATERIAL DE CONSTRUÇÃO E FERRAGENS",461,"REPRESENTANTES COMERCIAIS E AGENTES DO COMÉRCIO, EXCETO DE VEÍCULOS AUTOMOTORES E MOTOCICLETAS",46,"COMÉRCIO POR ATACADO, EXCETO VEÍCULOS AUTOMOTORES E MOTOCICLETAS",G,COMÉRCIO; REPARAÇÃO DE VEÍCULOS AUTOMOTORES E MOTOCICLETAS
46141,"REPRESENTANTES COMERCIAIS E AGENTES DO COMÉRCIO DE MÁQUINAS, EQUIPAMENTOS, EMBARCAÇÕES E AERONAVES",461,"REPRESENTANTES COMERCIAIS E AGENTES DO COMÉRCIO, EXCETO DE VEÍCULOS AUTOMOTORES E MOTOCICLETAS",46,"COMÉRCIO POR ATACADO, EXCETO VEÍCULOS AUTOMOTORES E MOTOCICLETAS",G,COMÉRCIO; REPARAÇÃO DE VEÍCULOS AUTOMOTORES E MOTOCICLETAS
46150,"REPRESENTANTES COMERCIAIS E AGENTES DO COMÉRCIO DE ELETRODOMÉSTICOS, MÓVEIS E ARTIGOS DE USO DOMÉSTICO",461,"REPRESENTANTES COMERCIAIS E AGENTES DO COMÉRCIO, EXCETO DE VEÍCULOS AUTOMOTORES E MOTOCICLETAS",46,"COMÉRCIO POR ATACADO, EXCETO VEÍCULOS AUTOMOTORES E MOTOCICLETAS",G,COMÉRCIO; REPARAÇÃO DE VEÍCULOS AUTOMOTORES E MOTOCICLETAS
46168,"REPRESENTANTES COMERCIAIS E AGENTES DO COMÉRCIO DE TÊXTEIS, VESTUÁRIO, CALÇADOS E ARTIGOS DE VIAGEM",461,"REPRESENTANTES COMERCIAIS E AGENTES DO COMÉRCIO, EXCETO DE VEÍCULOS AUTOMOTORES E MOTOCICLETAS",46,"COMÉRCIO POR ATACADO, EXCETO VEÍCULOS AUTOMOTORES E MOTOCICLETAS",G,COMÉRCIO; REPARAÇÃO DE VEÍCULOS AUTOMOTORES E MOTOCICLETAS
46176,"REPRESENTANTES COMERCIAIS E AGENTES DO COMÉRCIO DE PRODUTOS ALIMENTÍCIOS, BEBIDAS E FUMO",461,"REPRESENTANTES COMERCIAIS E AGENTES DO COMÉRCIO, EXCETO DE VEÍCULOS AUTOMOTORES E MOTOCICLETAS",46,"COMÉRCIO POR ATACADO, EXCETO VEÍCULOS AUTOMOTORES E MOTOCICLETAS",G,COMÉRCIO; REPARAÇÃO DE VEÍCULOS AUTOMOTORES E MOTOCICLETAS
46184,REPRESENTANTES COMERCIAIS E AGENTES DO COMÉRCIO ESPECIALIZADO EM PRODUTOS NÃO ESPECIFICADOS ANTERIORMENTE,461,"REPRESENTANTES COMERCIAIS E AGENTES DO COMÉRCIO, EXCETO DE VEÍCULOS AUTOMOTORES E MOTOCICLETAS",46,"COMÉRCIO POR ATACADO, EXCETO VEÍCULOS AUTOMOTORES E MOTOCICLETAS",G,COMÉRCIO; REPARAÇÃO DE VEÍCULOS AUTOMOTORES E MOTOCICLETAS
46192,REPRESENTANTES COMERCIAIS E AGENTES DO COMÉRCIO DE MERCADORIAS EM GERAL NÃO ESPECIALIZADO,461,"REPRESENTANTES COMERCIAIS E AGENTES DO COMÉRCIO, EXCETO DE VEÍCULOS AUTOMOTORES E MOTOCICLETAS",46,"COMÉRCIO POR ATACADO, EXCETO VEÍCULOS AUTOMOTORES E MOTOCICLETAS",G,COMÉRCIO; REPARAÇÃO DE VEÍCULOS AUTOMOTORES E MOTOCICLETAS
46214,COMÉRCIO ATACADISTA DE CAFÉ EM GRÃO,462,COMÉRCIO ATACADISTA DE MATÉRIAS-PRIMAS AGRÍCOLAS E ANIMAIS VIVOS,46,"COMÉRCIO POR ATACADO, EXCETO VEÍCULOS AUTOMOTORES E MOTOCICLETAS",G,COMÉRCIO; REPARAÇÃO DE VEÍCULOS AUTOMOTORES E MOTOCICLETAS
46222,COMÉRCIO ATACADISTA DE SOJA,462,COMÉRCIO ATACADISTA DE MATÉRIAS-PRIMAS AGRÍCOLAS E ANIMAIS VIVOS,46,"COMÉRCIO POR ATACADO, EXCETO VEÍCULOS AUTOMOTORES E MOTOCICLETAS",G,COMÉRCIO; REPARAÇÃO DE VEÍCULOS AUTOMOTORES E MOTOCICLETAS
46231,"COMÉRCIO ATACADISTA DE ANIMAIS VIVOS, ALIMENTOS PARA ANIMAIS E MATÉRIAS-PRIMAS AGRÍCOLAS, EXCETO CAFÉ E SOJA",462,COMÉRCIO ATACADISTA DE MATÉRIAS-PRIMAS AGRÍCOLAS E ANIMAIS VIVOS,46,"COMÉRCIO POR ATACADO, EXCETO VEÍCULOS AUTOMOTORES E MOTOCICLETAS",G,COMÉRCIO; REPARAÇÃO DE VEÍCULOS AUTOMOTORES E MOTOCICLETAS
46311,COMÉRCIO ATACADISTA DE LEITE E LATICÍNIOS,463,"COMÉRCIO ATACADISTA ESPECIALIZADO EM PRODUTOS ALIMENTÍCIOS, BEBIDAS E FUMO",46,"COMÉRCIO POR ATACADO, EXCETO VEÍCULOS AUTOMOTORES E MOTOCICLETAS",G,COMÉRCIO; REPARAÇÃO DE VEÍCULOS AUTOMOTORES E MOTOCICLETAS
46320,"COMÉRCIO ATACADISTA DE CEREAIS E LEGUMINOSAS BENEFICIADOS, FARINHAS, AMIDOS E FÉCULAS",463,"COMÉRCIO ATACADISTA ESPECIALIZADO EM PRODUTOS ALIMENTÍCIOS, BEBIDAS E FUMO",46,"COMÉRCIO POR ATACADO, EXCETO VEÍCULOS AUTOMOTORES E MOTOCICLETAS",G,COMÉRCIO; REPARAÇÃO DE VEÍCULOS AUTOMOTORES E MOTOCICLETAS
46338,COMÉRCIO ATACADISTA DE HORTIFRUTIGRANJEIROS,463,"COMÉRCIO ATACADISTA ESPECIALIZADO EM PRODUTOS ALIMENTÍCIOS, BEBIDAS E FUMO",46,"COMÉRCIO POR ATACADO, EXCETO VEÍCULOS AUTOMOTORES E MOTOCICLETAS",G,COMÉRCIO; REPARAÇÃO DE VEÍCULOS AUTOMOTORES E MOTOCICLETAS
46346,"COMÉRCIO ATACADISTA DE CARNES, PRODUTOS DA CARNE E PESCADO",463,"COMÉRCIO ATACADISTA ESPECIALIZADO EM PRODUTOS ALIMENTÍCIOS, BEBIDAS E FUMO",46,"COMÉRCIO POR ATACADO, EXCETO VEÍCULOS AUTOMOTORES E MOTOCICLETAS",G,COMÉRCIO; REPARAÇÃO DE VEÍCULOS AUTOMOTORES E MOTOCICLETAS
46354,COMÉRCIO ATACADISTA DE BEBIDAS,463,"COMÉRCIO ATACADISTA ESPECIALIZADO EM PRODUTOS ALIMENTÍCIOS, BEBIDAS E FUMO",46,"COMÉRCIO POR ATACADO, EXCETO VEÍCULOS AUTOMOTORES E MOTOCICLETAS",G,COMÉRCIO; REPARAÇÃO DE VEÍCULOS AUTOMOTORES E MOTOCICLETAS
46362,COMÉRCIO ATACADISTA DE PRODUTOS DO FUMO,463,"COMÉRCIO ATACADISTA ESPECIALIZADO EM PRODUTOS ALIMENTÍCIOS, BEBIDAS E FUMO",46,"COMÉRCIO POR ATACADO, EXCETO VEÍCULOS AUTOMOTORES E MOTOCICLETAS",G,COMÉRCIO; REPARAÇÃO DE VEÍCULOS AUTOMOTORES E MOTOCICLETAS
46371,COMÉRCIO ATACADISTA ESPECIALIZADO EM PRODUTOS ALIMENTÍCIOS NÃO ESPECIFICADOS ANTERIORMENTE,463,"COMÉRCIO ATACADISTA ESPECIALIZADO EM PRODUTOS ALIMENTÍCIOS, BEBIDAS E FUMO",46,"COMÉRCIO POR ATACADO, EXCETO VEÍCULOS AUTOMOTORES E MOTOCICLETAS",G,COMÉRCIO; REPARAÇÃO DE VEÍCULOS AUTOMOTORES E MOTOCICLETAS
46397,COMÉRCIO ATACADISTA DE PRODUTOS ALIMENTÍCIOS EM GERAL,463,"COMÉRCIO ATACADISTA ESPECIALIZADO EM PRODUTOS ALIMENTÍCIOS, BEBIDAS E FUMO",46,"COMÉRCIO POR ATACADO, EXCETO VEÍCULOS AUTOMOTORES E MOTOCICLETAS",G,COMÉRCIO; REPARAÇÃO DE VEÍCULOS AUTOMOTORES E MOTOCICLETAS
46419,"COMÉRCIO ATACADISTA DE TECIDOS, ARTEFATOS DE TECIDOS E DE ARMARINHO",464,COMÉRCIO ATACADISTA DE PRODUTOS DE CONSUMO NÃO-ALIMENTAR,46,"COMÉRCIO POR ATACADO, EXCETO VEÍCULOS AUTOMOTORES E MOTOCICLETAS",G,COMÉRCIO; REPARAÇÃO DE VEÍCULOS AUTOMOTORES E MOTOCICLETAS
46427,COMÉRCIO ATACADISTA DE ARTIGOS DO VESTUÁRIO E ACESSÓRIOS,464,COMÉRCIO ATACADISTA DE PRODUTOS DE CONSUMO NÃO-ALIMENTAR,46,"COMÉRCIO POR ATACADO, EXCETO VEÍCULOS AUTOMOTORES E MOTOCICLETAS",G,COMÉRCIO; REPARAÇÃO DE VEÍCULOS AUTOMOTORES E MOTOCICLETAS
46435,COMÉRCIO ATACADISTA DE CALÇADOS E ARTIGOS DE VIAGEM,464,COMÉRCIO ATACADISTA DE PRODUTOS DE CONSUMO NÃO-ALIMENTAR,46,"COMÉRCIO POR ATACADO, EXCETO VEÍCULOS AUTOMOTORES E MOTOCICLETAS",G,COMÉRCIO; REPARAÇÃO DE VEÍCULOS AUTOMOTORES E MOTOCICLETAS
46443,COMÉRCIO ATACADISTA DE PRODUTOS FARMACÊUTICOS PARA USO HUMANO E VETERINÁRIO,464,COMÉRCIO ATACADISTA DE PRODUTOS DE CONSUMO NÃO-ALIMENTAR,46,"COMÉRCIO POR ATACADO, EXCETO VEÍCULOS AUTOMOTORES E MOTOCICLETAS",G,COMÉRCIO; REPARAÇÃO DE VEÍCULOS AUTOMOTORES E MOTOCICLETAS
46451,"COMÉRCIO ATACADISTA DE INSTRUMENTOS E MATERIAIS PARA USO MÉDICO, CIRÚRGICO, ORTOPÉDICO E ODONTOLÓGICO",464,COMÉRCIO ATACADISTA DE PRODUTOS DE CONSUMO NÃO-ALIMENTAR,46,"COMÉRCIO POR ATACADO, EXCETO VEÍCULOS AUTOMOTORES E MOTOCICLETAS",G,COMÉRCIO; REPARAÇÃO DE VEÍCULOS AUTOMOTORES E MOTOCICLETAS
46460,"COMÉRCIO ATACADISTA DE COSMÉTICOS, PRODUTOS DE PERFUMARIA E DE HIGIENE PESSOAL",464,COMÉRCIO ATACADISTA DE PRODUTOS DE CONSUMO NÃO-ALIMENTAR,46,"COMÉRCIO POR ATACADO, EXCETO VEÍCULOS AUTOMOTORES E MOTOCICLETAS",G,COMÉRCIO; REPARAÇÃO DE VEÍCULOS AUTOMOTORES E MOTOCICLETAS
46478,"COMÉRCIO ATACADISTA DE ARTIGOS DE ESCRITÓRIO E DE PAPELARIA; LIVROS, JORNAIS E OUTRAS PUBLICAÇÕES",464,COMÉRCIO ATACADISTA DE PRODUTOS DE CONSUMO NÃO-ALIMENTAR,46,"COMÉRCIO POR ATACADO, EXCETO VEÍCULOS AUTOMOTORES E MOTOCICLETAS",G,COMÉRCIO; REPARAÇÃO DE VEÍCULOS AUTOMOTORES E MOTOCICLETAS
46494,COMÉRCIO ATACADISTA DE EQUIPAMENTOS E ARTIGOS DE USO PESSOAL E DOMÉSTICO NÃO ESPECIFICADOS ANTERIORMENTE,464,COMÉRCIO ATACADISTA DE PRODUTOS DE CONSUMO NÃO-ALIMENTAR,46,"COMÉRCIO POR ATACADO, EXCETO VEÍCULOS AUTOMOTORES E MOTOCICLETAS",G,COMÉRCIO; REPARAÇÃO DE VEÍCULOS AUTOMOTORES E MOTOCICLETAS
46516,"COMÉRCIO ATACADISTA DE COMPUTADORES, PERIFÉRICOS E SUPRIMENTOS DE INFORMÁTICA",465,COMÉRCIO ATACADISTA DE EQUIPAMENTOS E PRODUTOS DE TECNOLOGIAS DE INFORMAÇÃO E COMUNICAÇÃO,46,"COMÉRCIO POR ATACADO, EXCETO VEÍCULOS AUTOMOTORES E MOTOCICLETAS",G,COMÉRCIO; REPARAÇÃO DE VEÍCULOS AUTOMOTORES E MOTOCICLETAS
46524,COMÉRCIO ATACADISTA DE COMPONENTES ELETRÔNICOS E EQUIPAMENTOS DE TELEFONIA E COMUNICAÇÃO,465,COMÉRCIO ATACADISTA DE EQUIPAMENTOS E PRODUTOS DE TECNOLOGIAS DE INFORMAÇÃO E COMUNICAÇÃO,46,"COMÉRCIO POR ATACADO, EXCETO VEÍCULOS AUTOMOTORES E MOTOCICLETAS",G,COMÉRCIO; REPARAÇÃO DE VEÍCULOS AUTOMOTORES E MOTOCICLETAS
46613,"COMÉRCIO ATACADISTA DE MÁQUINAS, APARELHOS E EQUIPAMENTOS PARA USO AGROPECUÁRIO; PARTES E PEÇAS",466,"COMÉRCIO ATACADISTA DE MÁQUINAS, APARELHOS E EQUIPAMENTOS, EXCETO DE TECNOLOGIAS DE INFORMAÇÃO E COMUNICAÇÃO",46,"COMÉRCIO POR ATACADO, EXCETO VEÍCULOS AUTOMOTORES E MOTOCICLETAS",G,COMÉRCIO; REPARAÇÃO DE VEÍCULOS AUTOMOTORES E MOTOCICLETAS
46621,"COMÉRCIO ATACADISTA DE MÁQUINAS, EQUIPAMENTOS PARA TERRAPLENAGEM, MINERAÇÃO E CONSTRUÇÃO; PARTES E PEÇAS",466,"COMÉRCIO ATACADISTA DE MÁQUINAS, APARELHOS E EQUIPAMENTOS, EXCETO DE TECNOLOGIAS DE INFORMAÇÃO E COMUNICAÇÃO",46,"COMÉRCIO POR ATACADO, EXCETO VEÍCULOS AUTOMOTORES E MOTOCICLETAS",G,COMÉRCIO; REPARAÇÃO DE VEÍCULOS AUTOMOTORES E MOTOCICLETAS
46630,COMÉRCIO ATACADISTA DE MÁQUINAS E EQUIPAMENTOS PARA USO INDUSTRIAL; PARTES E PEÇAS,466,"COMÉRCIO ATACADISTA DE MÁQUINAS, APARELHOS E EQUIPAMENTOS, EXCETO DE TECNOLOGIAS DE INFORMAÇÃO E COMUNICAÇÃO",46,"COMÉRCIO POR ATACADO, EXCETO VEÍCULOS AUTOMOTORES E MOTOCICLETAS",G,COMÉRCIO; REPARAÇÃO DE VEÍCULOS AUTOMOTORES E MOTOCICLETAS
46648,"COMÉRCIO ATACADISTA DE MÁQUINAS, APARELHOS E EQUIPAMENTOS PARA USO ODONTO-MÉDICO-HOSPITALAR; PARTES E PEÇAS",466,"COMÉRCIO ATACADISTA DE MÁQUINAS, APARELHOS E EQUIPAMENTOS, EXCETO DE TECNOLOGIAS DE INFORMAÇÃO E COMUNICAÇÃO",46,"COMÉRCIO POR ATACADO, EXCETO VEÍCULOS AUTOMOTORES E MOTOCICLETAS",G,COMÉRCIO; REPARAÇÃO DE VEÍCULOS AUTOMOTORES E MOTOCICLETAS
46656,COMÉRCIO ATACADISTA DE MÁQUINAS E EQUIPAMENTOS PARA USO COMERCIAL; PARTES E PEÇAS,466,"COMÉRCIO ATACADISTA DE MÁQUINAS, APARELHOS E EQUIPAMENTOS, EXCETO DE TECNOLOGIAS DE INFORMAÇÃO E COMUNICAÇÃO",46,"COMÉRCIO POR ATACADO, EXCETO VEÍCULOS AUTOMOTORES E MOTOCICLETAS",G,COMÉRCIO; REPARAÇÃO DE VEÍCULOS AUTOMOTORES E MOTOCICLETAS
46699,"COMÉRCIO ATACADISTA DE MÁQUINAS, APARELHOS E EQUIPAMENTOS NÃO ESPECIFICADOS ANTERIORMENTE; PARTES E PEÇAS",466,"COMÉRCIO ATACADISTA DE MÁQUINAS, APARELHOS E EQUIPAMENTOS, EXCETO DE TECNOLOGIAS DE INFORMAÇÃO E COMUNICAÇÃO",46,"COMÉRCIO POR ATACADO, EXCETO VEÍCULOS AUTOMOTORES E MOTOCICLETAS",G,COMÉRCIO; REPARAÇÃO DE VEÍCULOS AUTOMOTORES E MOTOCICLETAS
46711,COMÉRCIO ATACADISTA DE MADEIRA E PRODUTOS DERIVADOS,467,"COMÉRCIO ATACADISTA DE MADEIRA, FERRAGENS, FERRAMENTAS, MATERIAL ELÉTRICO E MATERIAL DE CONSTRUÇÃO",46,"COMÉRCIO POR ATACADO, EXCETO VEÍCULOS AUTOMOTORES E MOTOCICLETAS",G,COMÉRCIO; REPARAÇÃO DE VEÍCULOS AUTOMOTORES E MOTOCICLETAS
46729,COMÉRCIO ATACADISTA DE FERRAGENS E FERRAMENTAS,467,"COMÉRCIO ATACADISTA DE MADEIRA, FERRAGENS, FERRAMENTAS, MATERIAL ELÉTRICO E MATERIAL DE CONSTRUÇÃO",46,"COMÉRCIO POR ATACADO, EXCETO VEÍCULOS AUTOMOTORES E MOTOCICLETAS",G,COMÉRCIO; REPARAÇÃO DE VEÍCULOS AUTOMOTORES E MOTOCICLETAS
46737,COMÉRCIO ATACADISTA DE MATERIAL ELÉTRICO,467,"COMÉRCIO ATACADISTA DE MADEIRA, FERRAGENS, FERRAMENTAS, MATERIAL ELÉTRICO E MATERIAL DE CONSTRUÇÃO",46,"COMÉRCIO POR ATACADO, EXCETO VEÍCULOS AUTOMOTORES E MOTOCICLETAS",G,COMÉRCIO; REPARAÇÃO DE VEÍCULOS AUTOMOTORES E MOTOCICLETAS
46745,COMÉRCIO ATACADISTA DE CIMENTO,467,"COMÉRCIO ATACADISTA DE MADEIRA, FERRAGENS, FERRAMENTAS, MATERIAL ELÉTRICO E MATERIAL DE CONSTRUÇÃO",46,"COMÉRCIO POR ATACADO, EXCETO VEÍCULOS AUTOMOTORES E MOTOCICLETAS",G,COMÉRCIO; REPARAÇÃO DE VEÍCULOS AUTOMOTORES E MOTOCICLETAS
46796,COMÉRCIO ATACADISTA ESPECIALIZADO DE MATERIAIS DE CONSTRUÇÃO NÃO ESPECIFICADOS ANTERIORMENTE E DE MATERIAIS DE CONSTRUÇÃO EM GERAL,467,"COMÉRCIO ATACADISTA DE MADEIRA, FERRAGENS, FERRAMENTAS, MATERIAL ELÉTRICO E MATERIAL DE CONSTRUÇÃO",46,"COMÉRCIO POR ATACADO, EXCETO VEÍCULOS AUTOMOTORES E MOTOCICLETAS",G,COMÉRCIO; REPARAÇÃO DE VEÍCULOS AUTOMOTORES E MOTOCICLETAS
46818,"COMÉRCIO ATACADISTA DE COMBUSTÍVEIS SÓLIDOS, LÍQUIDOS E GASOSOS, EXCETO GÁS NATURAL E GLP",468,COMÉRCIO ATACADISTA ESPECIALIZADO EM OUTROS PRODUTOS,46,"COMÉRCIO POR ATACADO, EXCETO VEÍCULOS AUTOMOTORES E MOTOCICLETAS",G,COMÉRCIO; REPARAÇÃO DE VEÍCULOS AUTOMOTORES E MOTOCICLETAS
46826,COMÉRCIO ATACADISTA DE GÁS LIQUEFEITO DE PETRÓLEO (GLP),468,COMÉRCIO ATACADISTA ESPECIALIZADO EM OUTROS PRODUTOS,46,"COMÉRCIO POR ATACADO, EXCETO VEÍCULOS AUTOMOTORES E MOTOCICLETAS",G,COMÉRCIO; REPARAÇÃO DE VEÍCULOS AUTOMOTORES E MOTOCICLETAS
46834,"COMÉRCIO ATACADISTA DE DEFENSIVOS AGRÍCOLAS, ADUBOS, FERTILIZANTES E CORRETIVOS DO SOLO",468,COMÉRCIO ATACADISTA ESPECIALIZADO EM OUTROS PRODUTOS,46,"COMÉRCIO POR ATACADO, EXCETO VEÍCULOS AUTOMOTORES E MOTOCICLETAS",G,COMÉRCIO; REPARAÇÃO DE VEÍCULOS AUTOMOTORES E MOTOCICLETAS
46842,"COMÉRCIO ATACADISTA DE PRODUTOS QUÍMICOS E PETROQUÍMICOS, EXCETO AGROQUÍMICOS",468,COMÉRCIO ATACADISTA ESPECIALIZADO EM OUTROS PRODUTOS,46,"COMÉRCIO POR ATACADO, EXCETO VEÍCULOS AUTOMOTORES E MOTOCICLETAS",G,COMÉRCIO; REPARAÇÃO DE VEÍCULOS AUTOMOTORES E MOTOCICLETAS
46851,"COMÉRCIO ATACADISTA DE PRODUTOS SIDERÚRGICOS E METALÚRGICOS, EXCETO PARA CONSTRUÇÃO",468,COMÉRCIO ATACADISTA ESPECIALIZADO EM OUTROS PRODUTOS,46,"COMÉRCIO POR ATACADO, EXCETO VEÍCULOS AUTOMOTORES E MOTOCICLETAS",G,COMÉRCIO; REPARAÇÃO DE VEÍCULOS AUTOMOTORES E MOTOCICLETAS
46869,COMÉRCIO ATACADISTA DE PAPEL E PAPELÃO EM BRUTO E DE EMBALAGENS,468,COMÉRCIO ATACADISTA ESPECIALIZADO EM OUTROS PRODUTOS,46,"COMÉRCIO POR ATACADO, EXCETO VEÍCULOS AUTOMOTORES E MOTOCICLETAS",G,COMÉRCIO; REPARAÇÃO DE VEÍCULOS AUTOMOTORES E MOTOCICLETAS
46877,COMÉRCIO ATACADISTA DE RESÍDUOS E SUCATAS,468,COMÉRCIO ATACADISTA ESPECIALIZADO EM OUTROS PRODUTOS,46,"COMÉRCIO POR ATACADO, EXCETO VEÍCULOS AUTOMOTORES E MOTOCICLETAS",G,COMÉRCIO; REPARAÇÃO DE VEÍCULOS AUTOMOTORES E MOTOCICLETAS
46893,COMÉRCIO ATACADISTA ESPECIALIZADO DE OUTROS PRODUTOS INTERMEDIÁRIOS NÃO ESPECIFICADOS ANTERIORMENTE,468,COMÉRCIO ATACADISTA ESPECIALIZADO EM OUTROS PRODUTOS,46,"COMÉRCIO POR ATACADO, EXCETO VEÍCULOS AUTOMOTORES E MOTOCICLETAS",G,COMÉRCIO; REPARAÇÃO DE VEÍCULOS AUTOMOTORES E MOTOCICLETAS
46915,"COMÉRCIO ATACADISTA DE MERCADORIAS EM GERAL, COM PREDOMINÂNCIA DE PRODUTOS ALIMENTÍCIOS",469,COMÉRCIO ATACADISTA NÃO-ESPECIALIZADO,46,"COMÉRCIO POR ATACADO, EXCETO VEÍCULOS AUTOMOTORES E MOTOCICLETAS",G,COMÉRCIO; REPARAÇÃO DE VEÍCULOS AUTOMOTORES E MOTOCICLETAS
46923,"COMÉRCIO ATACADISTA DE MERCADORIAS EM GERAL, COM PREDOMINÂNCIA DE INSUMOS AGROPECUÁRIOS",469,COMÉRCIO ATACADISTA NÃO-ESPECIALIZADO,46,"COMÉRCIO POR ATACADO, EXCETO VEÍCULOS AUTOMOTORES E MOTOCICLETAS",G,COMÉRCIO; REPARAÇÃO DE VEÍCULOS AUTOMOTORES E MOTOCICLETAS
46931,"COMÉRCIO ATACADISTA DE MERCADORIAS EM GERAL, SEM PREDOMINÂNCIA DE ALIMENTOS OU DE INSUMOS AGROPECUÁRIOS",469,COMÉRCIO ATACADISTA NÃO-ESPECIALIZADO,46,"COMÉRCIO POR ATACADO, EXCETO VEÍCULOS AUTOMOTORES E MOTOCICLETAS",G,COMÉRCIO; REPARAÇÃO DE VEÍCULOS AUTOMOTORES E MOTOCICLETAS
47113,"COMÉRCIO VAREJISTA DE MERCADORIAS EM GERAL, COM PREDOMINÂNCIA DE PRODUTOS ALIMENTÍCIOS - HIPERMERCADOS E SUPERMERCADOS",471,COMÉRCIO VAREJISTA NÃO-ESPECIALIZADO,47,COMÉRCIO VAREJISTA,G,COMÉRCIO; REPARAÇÃO DE VEÍCULOS AUTOMOTORES E MOTOCICLETAS
47121,"COMÉRCIO VAREJISTA DE MERCADORIAS EM GERAL, COM PREDOMINÂNCIA DE PRODUTOS ALIMENTÍCIOS - MINIMERCADOS, MERCEARIAS E ARMAZÉNS",471,COMÉRCIO VAREJISTA NÃO-ESPECIALIZADO,47,COMÉRCIO VAREJISTA,G,COMÉRCIO; REPARAÇÃO DE VEÍCULOS AUTOMOTORES E MOTOCICLETAS
47130,"COMÉRCIO VAREJISTA DE MERCADORIAS EM GERAL, SEM PREDOMINÂNCIA DE PRODUTOS ALIMENTÍCIOS",471,COMÉRCIO VAREJISTA NÃO-ESPECIALIZADO,47,COMÉRCIO VAREJISTA,G,COMÉRCIO; REPARAÇÃO DE VEÍCULOS AUTOMOTORES E MOTOCICLETAS
47211,"COMÉRCIO VAREJISTA DE PRODUTOS DE PADARIA, LATICÍNIO, DOCES, BALAS E SEMELHANTES",472,"COMÉRCIO VAREJISTA DE PRODUTOS ALIMENTÍCIOS, BEBIDAS E FUMO",47,COMÉRCIO VAREJISTA,G,COMÉRCIO; REPARAÇÃO DE VEÍCULOS AUTOMOTORES E MOTOCICLETAS
47229,COMÉRCIO VAREJISTA DE CARNES E PESCADOS - AÇOUGUES E PEIXARIAS,472,"COMÉRCIO VAREJISTA DE PRODUTOS ALIMENTÍCIOS, BEBIDAS E FUMO",47,COMÉRCIO VAREJISTA,G,COMÉRCIO; REPARAÇÃO DE VEÍCULOS AUTOMOTORES E MOTOCICLETAS
47237,COMÉRCIO VAREJISTA DE BEBIDAS,472,"COMÉRCIO VAREJISTA DE PRODUTOS ALIMENTÍCIOS, BEBIDAS E FUMO",47,COMÉRCIO VAREJISTA,G,COMÉRCIO; REPARAÇÃO DE VEÍCULOS AUTOMOTORES E MOTOCICLETAS
47245,COMÉRCIO VAREJISTA DE HORTIFRUTIGRANJEIROS,472,"COMÉRCIO VAREJISTA DE PRODUTOS ALIMENTÍCIOS, BEBIDAS E FUMO",47,COMÉRCIO VAREJISTA,G,COMÉRCIO; REPARAÇÃO DE VEÍCULOS AUTOMOTORES E MOTOCICLETAS
47296,COMÉRCIO VAREJISTA DE PRODUTOS ALIMENTÍCIOS EM GERAL OU ESPECIALIZADO EM PRODUTOS ALIMENTÍCIOS NÃO ESPECIFICADOS ANTERIORMENTE; PRODUTOS DO FUMO,472,"COMÉRCIO VAREJISTA DE PRODUTOS ALIMENTÍCIOS, BEBIDAS E FUMO",47,COMÉRCIO VAREJISTA,G,COMÉRCIO; REPARAÇÃO DE VEÍCULOS AUTOMOTORES E MOTOCICLETAS
47318,COMÉRCIO VAREJISTA DE COMBUSTÍVEIS PARA VEÍCULOS AUTOMOTORES,473,COMÉRCIO VAREJISTA DE COMBUSTÍVEIS PARA VEÍCULOS AUTOMOTORES,47,COMÉRCIO VAREJISTA,G,COMÉRCIO; REPARAÇÃO DE VEÍCULOS AUTOMOTORES E MOTOCICLETAS
47326,COMÉRCIO VAREJISTA DE LUBRIFICANTES,473,COMÉRCIO VAREJISTA DE COMBUSTÍVEIS PARA VEÍCULOS AUTOMOTORES,47,COMÉRCIO VAREJISTA,G,COMÉRCIO; REPARAÇÃO DE VEÍCULOS AUTOMOTORES E MOTOCICLETAS
47415,COMÉRCIO VAREJISTA DE TINTAS E MATERIAIS PARA PINTURA,474,COMÉRCIO VAREJISTA DE MATERIAL DE CONSTRUÇÃO,47,COMÉRCIO VAREJISTA,G,COMÉRCIO; REPARAÇÃO DE VEÍCULOS AUTOMOTORES E MOTOCICLETAS
47423,COMÉRCIO VAREJISTA DE MATERIAL ELÉTRICO,474,COMÉRCIO VAREJISTA DE MATERIAL DE CONSTRUÇÃO,47,COMÉRCIO VAREJISTA,G,COMÉRCIO; REPARAÇÃO DE VEÍCULOS AUTOMOTORES E MOTOCICLETAS
47431,COMÉRCIO VAREJISTA DE VIDROS,474,COMÉRCIO VAREJISTA DE MATERIAL DE CONSTRUÇÃO,47,COMÉRCIO VAREJISTA,G,COMÉRCIO; REPARAÇÃO DE VEÍCULOS AUTOMOTORES E MOTOCICLETAS
47440,"COMÉRCIO VAREJISTA DE FERRAGENS, MADEIRA E MATERIAIS DE CONSTRUÇÃO",474,COMÉRCIO VAREJISTA DE MATERIAL DE CONSTRUÇÃO,47,COMÉRCIO VAREJISTA,G,COMÉRCIO; REPARAÇÃO DE VEÍCULOS AUTOMOTORES E MOTOCICLETAS
47512,COMÉRCIO VAREJISTA ESPECIALIZADO DE EQUIPAMENTOS E SUPRIMENTOS DE INFORMÁTICA,475,COMÉRCIO VAREJISTA DE EQUIPAMENTOS DE INFORMÁTICA E COMUNICAÇÃO; EQUIPAMENTOS E ARTIGOS DE USO DOMÉSTICO,47,COMÉRCIO VAREJISTA,G,COMÉRCIO; REPARAÇÃO DE VEÍCULOS AUTOMOTORES E MOTOCICLETAS
47521,COMÉRCIO VAREJISTA ESPECIALIZADO DE EQUIPAMENTOS DE TELEFONIA E COMUNICAÇÃO,475,COMÉRCIO VAREJISTA DE EQUIPAMENTOS DE INFORMÁTICA E COMUNICAÇÃO; EQUIPAMENTOS E ARTIGOS DE USO DOMÉSTICO,47,COMÉRCIO VAREJISTA,G,COMÉRCIO; REPARAÇÃO DE VEÍCULOS AUTOMOTORES E MOTOCICLETAS
47539,COMÉRCIO VAREJISTA ESPECIALIZADO DE ELETRODOMÉSTICOS E EQUIPAMENTOS DE ÁUDIO E VÍDEO,475,COMÉRCIO VAREJISTA DE EQUIPAMENTOS DE INFORMÁTICA E COMUNICAÇÃO; EQUIPAMENTOS E ARTIGOS DE USO DOMÉSTICO,47,COMÉRCIO VAREJISTA,G,COMÉRCIO; REPARAÇÃO DE VEÍCULOS AUTOMOTORES E MOTOCICLETAS
47547,"COMÉRCIO VAREJISTA ESPECIALIZADO DE MÓVEIS, COLCHOARIA E ARTIGOS DE ILUMINAÇÃO",475,COMÉRCIO VAREJISTA DE EQUIPAMENTOS DE INFORMÁTICA E COMUNICAÇÃO; EQUIPAMENTOS E ARTIGOS DE USO DOMÉSTICO,47,COMÉRCIO VAREJISTA,G,COMÉRCIO; REPARAÇÃO DE VEÍCULOS AUTOMOTORES E MOTOCICLETAS
47555,"COMÉRCIO VAREJISTA ESPECIALIZADO DE TECIDOS E ARTIGOS DE CAMA, MESA E BANHO",475,COMÉRCIO VAREJISTA DE EQUIPAMENTOS DE INFORMÁTICA E COMUNICAÇÃO; EQUIPAMENTOS E ARTIGOS DE USO DOMÉSTICO,47,COMÉRCIO VAREJISTA,G,COMÉRCIO; REPARAÇÃO DE VEÍCULOS AUTOMOTORES E MOTOCICLETAS
47563,COMÉRCIO VAREJISTA ESPECIALIZADO DE INSTRUMENTOS MUSICAIS E ACESSÓRIOS,475,COMÉRCIO VAREJISTA DE EQUIPAMENTOS DE INFORMÁTICA E COMUNICAÇÃO; EQUIPAMENTOS E ARTIGOS DE USO DOMÉSTICO,47,COMÉRCIO VAREJISTA,G,COMÉRCIO; REPARAÇÃO DE VEÍCULOS AUTOMOTORES E MOTOCICLETAS
47571,"COMÉRCIO VAREJISTA ESPECIALIZADO DE PEÇAS E ACESSÓRIOS PARA APARELHOS ELETROELETRÔNICOS PARA USO DOMÉSTICO, EXCETO INFORMÁTICA E COMUNICAÇÃO",475,COMÉRCIO VAREJISTA DE EQUIPAMENTOS DE INFORMÁTICA E COMUNICAÇÃO; EQUIPAMENTOS E ARTIGOS DE USO DOMÉSTICO,47,COMÉRCIO VAREJISTA,G,COMÉRCIO; REPARAÇÃO DE VEÍCULOS AUTOMOTORES E MOTOCICLETAS
47598,COMÉRCIO VAREJISTA DE ARTIGOS DE USO DOMÉSTICO NÃO ESPECIFICADOS ANTERIORMENTE,475,COMÉRCIO VAREJISTA DE EQUIPAMENTOS DE INFORMÁTICA E COMUNICAÇÃO; EQUIPAMENTOS E ARTIGOS DE USO DOMÉSTICO,47,COMÉRCIO VAREJISTA,G,COMÉRCIO; REPARAÇÃO DE VEÍCULOS AUTOMOTORES E MOTOCICLETAS
47610,"COMÉRCIO VAREJISTA DE LIVROS, JORNAIS, REVISTAS E PAPELARIA",476,"COMÉRCIO VAREJISTA DE ARTIGOS CULTURAIS, RECREATIVOS E ESPORTIVOS",47,COMÉRCIO VAREJISTA,G,COMÉRCIO; REPARAÇÃO DE VEÍCULOS AUTOMOTORES E MOTOCICLETAS
47628,"COMÉRCIO VAREJISTA DE DISCOS, CDS, DVDS E FITAS",476,"COMÉRCIO VAREJISTA DE ARTIGOS CULTURAIS, RECREATIVOS E ESPORTIVOS",47,COMÉRCIO VAREJISTA,G,COMÉRCIO; REPARAÇÃO DE VEÍCULOS AUTOMOTORES E MOTOCICLETAS
47636,COMÉRCIO VAREJISTA DE ARTIGOS RECREATIVOS E ESPORTIVOS,476,"COMÉRCIO VAREJISTA DE ARTIGOS CULTURAIS, RECREATIVOS E ESPORTIVOS",47,COMÉRCIO VAREJISTA,G,COMÉRCIO; REPARAÇÃO DE VEÍCULOS AUTOMOTORES E MOTOCICLETAS
47717,COMÉRCIO VAREJISTA DE PRODUTOS FARMACÊUTICOS PARA USO HUMANO E VETERINÁRIO,477,"COMÉRCIO VAREJISTA DE PRODUTOS FARMACÊUTICOS, PERFUMARIA E COSMÉTICOS E ARTIGOS MÉDICOS, ÓPTICOS E ORTOPÉDICOS",47,COMÉRCIO VAREJISTA,G,COMÉRCIO; REPARAÇÃO DE VEÍCULOS AUTOMOTORES E MOTOCICLETAS
47725,"COMÉRCIO VAREJISTA DE COSMÉTICOS, PRODUTOS DE PERFUMARIA E DE HIGIENE PESSOAL",477,"COMÉRCIO VAREJISTA DE PRODUTOS FARMACÊUTICOS, PERFUMARIA E COSMÉTICOS E ARTIGOS MÉDICOS, ÓPTICOS E ORTOPÉDICOS",47,COMÉRCIO VAREJISTA,G,COMÉRCIO; REPARAÇÃO DE VEÍCULOS AUTOMOTORES E MOTOCICLETAS
47733,COMÉRCIO VAREJISTA DE ARTIGOS MÉDICOS E ORTOPÉDICOS,477,"COMÉRCIO VAREJISTA DE PRODUTOS FARMACÊUTICOS, PERFUMARIA E COSMÉTICOS E ARTIGOS MÉDICOS, ÓPTICOS E ORTOPÉDICOS",47,COMÉRCIO VAREJISTA,G,COMÉRCIO; REPARAÇÃO DE VEÍCULOS AUTOMOTORES E MOTOCICLETAS
47741,COMÉRCIO VAREJISTA DE ARTIGOS DE ÓPTICA,477,"COMÉRCIO VAREJISTA DE PRODUTOS FARMACÊUTICOS, PERFUMARIA E COSMÉTICOS E ARTIGOS MÉDICOS, ÓPTICOS E ORTOPÉDICOS",47,COMÉRCIO VAREJISTA,G,COMÉRCIO; REPARAÇÃO DE VEÍCULOS AUTOMOTORES E MOTOCICLETAS
47814,COMÉRCIO VAREJISTA DE ARTIGOS DO VESTUÁRIO E ACESSÓRIOS,478,COMÉRCIO VAREJISTA DE PRODUTOS NOVOS NÃO ESPECIFICADOS ANTERIORMENTE E DE PRODUTOS USADOS,47,COMÉRCIO VAREJISTA,G,COMÉRCIO; REPARAÇÃO DE VEÍCULOS AUTOMOTORES E MOTOCICLETAS
47822,COMÉRCIO VAREJISTA DE CALÇADOS E ARTIGOS DE VIAGEM,478,COMÉRCIO VAREJISTA DE PRODUTOS NOVOS NÃO ESPECIFICADOS ANTERIORMENTE E DE PRODUTOS USADOS,47,COMÉRCIO VAREJISTA,G,COMÉRCIO; REPARAÇÃO DE VEÍCULOS AUTOMOTORES E MOTOCICLETAS
47831,COMÉRCIO VAREJISTA DE JOIAS E RELÓGIOS,478,COMÉRCIO VAREJISTA DE PRODUTOS NOVOS NÃO ESPECIFICADOS ANTERIORMENTE E DE PRODUTOS USADOS,47,COMÉRCIO VAREJISTA,G,COMÉRCIO; REPARAÇÃO DE VEÍCULOS AUTOMOTORES E MOTOCICLETAS
47849,COMÉRCIO VAREJISTA DE GÁS LIQUEFEITO DE PETRÓLEO (GLP),478,COMÉRCIO VAREJISTA DE PRODUTOS NOVOS NÃO ESPECIFICADOS ANTERIORMENTE E DE PRODUTOS USADOS,47,COMÉRCIO VAREJISTA,G,COMÉRCIO; REPARAÇÃO DE VEÍCULOS AUTOMOTORES E MOTOCICLETAS
47857,COMÉRCIO VAREJISTA DE ARTIGOS USADOS,478,COMÉRCIO VAREJISTA DE PRODUTOS NOVOS NÃO ESPECIFICADOS ANTERIORMENTE E DE PRODUTOS USADOS,47,COMÉRCIO VAREJISTA,G,COMÉRCIO; REPARAÇÃO DE VEÍCULOS AUTOMOTORES E MOTOCICLETAS
47890,COMÉRCIO VAREJISTA DE OUTROS PRODUTOS NOVOS NÃO ESPECIFICADOS ANTERIORMENTE,478,COMÉRCIO VAREJISTA DE PRODUTOS NOVOS NÃO ESPECIFICADOS ANTERIORMENTE E DE PRODUTOS USADOS,47,COMÉRCIO VAREJISTA,G,COMÉRCIO; REPARAÇÃO DE VEÍCULOS AUTOMOTORES E MOTOCICLETAS
47903,COMÉRCIO AMBULANTE E OUTROS TIPOS DE COMÉRCIO VAREJISTA,479,COMÉRCIO AMBULANTE E OUTROS TIPOS DE COMÉRCIO VAREJISTA,47,COMÉRCIO VAREJISTA,G,COMÉRCIO; REPARAÇÃO DE VEÍCULOS AUTOMOTORES E MOTOCICLETAS
49116,TRANSPORTE FERROVIÁRIO DE CARGA,491,TRANSPORTE FERROVIÁRIO E METROFERROVIÁRIO,49,TRANSPORTE TERRESTRE,H,"TRANSPORTE, ARMAZENAGEM E CORREIO"
49124,TRANSPORTE METROFERROVIÁRIO DE PASSAGEIROS,491,TRANSPORTE FERROVIÁRIO E METROFERROVIÁRIO,49,TRANSPORTE TERRESTRE,H,"TRANSPORTE, ARMAZENAGEM E CORREIO"
49213,"TRANSPORTE RODOVIÁRIO COLETIVO DE PASSAGEIROS, COM ITINERÁRIO FIXO, MUNICIPAL E EM REGIÃO METROPOLITANA",492,TRANSPORTE RODOVIÁRIO DE PASSAGEIROS,49,TRANSPORTE TERRESTRE,H,"TRANSPORTE, ARMAZENAGEM E CORREIO"
49221,"TRANSPORTE RODOVIÁRIO COLETIVO DE PASSAGEIROS, COM ITINERÁRIO FIXO, INTERMUNICIPAL, INTERESTADUAL E INTERNACIONAL",492,TRANSPORTE RODOVIÁRIO DE PASSAGEIROS,49,TRANSPORTE TERRESTRE,H,"TRANSPORTE, ARMAZENAGEM E CORREIO"
49230,TRANSPORTE RODOVIÁRIO DE TÁXI,492,TRANSPORTE RODOVIÁRIO DE PASSAGEIROS,49,TRANSPORTE TERRESTRE,H,"TRANSPORTE, ARMAZENAGEM E CORREIO"
49248,TRANSPORTE ESCOLAR,492,TRANSPORTE RODOVIÁRIO DE PASSAGEIROS,49,TRANSPORTE TERRESTRE,H,"TRANSPORTE, ARMAZENAGEM E CORREIO"
49299,"TRANSPORTE RODOVIÁRIO COLETIVO DE PASSAGEIROS, SOB REGIME DE FRETAMENTO, E OUTROS TRANSPORTES RODOVIÁRIOS NÃO ESPECIFICADOS ANTERIORMENTE",492,TRANSPORTE RODOVIÁRIO DE PASSAGEIROS,49,TRANSPORTE TERRESTRE,H,"TRANSPORTE, ARMAZENAGEM E CORREIO"
49302,TRANSPORTE RODOVIÁRIO DE CARGA,493,TRANSPORTE RODOVIÁRIO DE CARGA,49,TRANSPORTE TERRESTRE,H,"TRANSPORTE, ARMAZENAGEM E CORREIO"
49400,TRANSPORTE DUTOVIÁRIO,494,TRANSPORTE DUTOVIÁRIO,49,TRANSPORTE TERRESTRE,H,"TRANSPORTE, ARMAZENAGEM E CORREIO"
49507,"TRENS TURÍSTICOS, TELEFÉRICOS E SIMILARES",495,"TRENS TURÍSTICOS, TELEFÉRICOS E SIMILARES",49,TRANSPORTE TERRESTRE,H,"TRANSPORTE, ARMAZENAGEM E CORREIO"
50114,TRANSPORTE MARÍTIMO DE CABOTAGEM,501,TRANSPORTE MARÍTIMO DE CABOTAGEM E LONGO CURSO,50,TRANSPORTE AQUAVIÁRIO,H,"TRANSPORTE, ARMAZENAGEM E CORREIO"
50122,TRANSPORTE MARÍTIMO DE LONGO CURSO,501,TRANSPORTE MARÍTIMO DE CABOTAGEM E LONGO CURSO,50,TRANSPORTE AQUAVIÁRIO,H,"TRANSPORTE, ARMAZENAGEM E CORREIO"
50211,TRANSPORTE POR NAVEGAÇÃO INTERIOR DE CARGA,502,TRANSPORTE POR NAVEGAÇÃO INTERIOR,50,TRANSPORTE AQUAVIÁRIO,H,"TRANSPORTE, ARMAZENAGEM E CORREIO"
50220,TRANSPORTE POR NAVEGAÇÃO INTERIOR DE PASSAGEIROS EM LINHAS REGULARES,502,TRANSPORTE POR NAVEGAÇÃO INTERIOR,50,TRANSPORTE AQUAVIÁRIO,H,"TRANSPORTE, ARMAZENAGEM E CORREIO"
50301,NAVEGAÇÃO DE APOIO,503,NAVEGAÇÃO DE APOIO,50,TRANSPORTE AQUAVIÁRIO,H,"TRANSPORTE, ARMAZENAGEM E CORREIO"
50912,TRANSPORTE POR NAVEGAÇÃO DE TRAVESSIA,509,OUTROS TRANSPORTES AQUAVIÁRIOS,50,TRANSPORTE AQUAVIÁRIO,H,"TRANSPORTE, ARMAZENAGEM E CORREIO"
50998,TRANSPORTES AQUAVIÁRIOS NÃO ESPECIFICADOS ANTERIORMENTE,509,OUTROS TRANSPORTES AQUAVIÁRIOS,50,TRANSPORTE AQUAVIÁRIO,H,"TRANSPORTE, ARMAZENAGEM E CORREIO"
51111,TRANSPORTE AÉREO DE PASSAGEIROS REGULAR,511,TRANSPORTE AÉREO DE PASSAGEIROS,51,TRANSPORTE AÉREO,H,"TRANSPORTE, ARMAZENAGEM E CORREIO"
51129,TRANSPORTE AÉREO DE PASSAGEIROS NÃO REGULAR,511,TRANSPORTE AÉREO DE PASSAGEIROS,51,TRANSPORTE AÉREO,H,"TRANSPORTE, ARMAZENAGEM E CORREIO"
51200,TRANSPORTE AÉREO DE CARGA,512,TRANSPORTE AÉREO DE CARGA,51,TRANSPORTE AÉREO,H,"TRANSPORTE, ARMAZENAGEM E CORREIO"
51307,TRANSPORTE ESPACIAL,513,TRANSPORTE ESPACIAL,51,TRANSPORTE AÉREO,H,"TRANSPORTE, ARMAZENAGEM E CORREIO"
52117,ARMAZENAMENTO,521,"ARMAZENAMENTO, CARGA E DESCARGA",52,ARMAZENAMENTO E ATIVIDADES AUXILIARES DOS TRANSPORTES,H,"TRANSPORTE, ARMAZENAGEM E CORREIO"
52125,CARGA E DESCARGA,521,"ARMAZENAMENTO, CARGA E DESCARGA",52,ARMAZENAMENTO E ATIVIDADES AUXILIARES DOS TRANSPORTES,H,"TRANSPORTE, ARMAZENAGEM E CORREIO"
52214,"CONCESSIONÁRIAS DE RODOVIAS, PONTES, TÚNEIS E SERVIÇOS RELACIONADOS",522,ATIVIDADES AUXILIARES DOS TRANSPORTES TERRESTRES,52,ARMAZENAMENTO E ATIVIDADES AUXILIARES DOS TRANSPORTES,H,"TRANSPORTE, ARMAZENAGEM E CORREIO"
52222,TERMINAIS RODOVIÁRIOS E FERROVIÁRIOS,522,ATIVIDADES AUXILIARES DOS TRANSPORTES TERRESTRES,52,ARMAZENAMENTO E ATIVIDADES AUXILIARES DOS TRANSPORTES,H,"TRANSPORTE, ARMAZENAGEM E CORREIO"
52231,ESTACIONAMENTO DE VEÍCULOS,522,ATIVIDADES AUXILIARES DOS TRANSPORTES TERRESTRES,52,ARMAZENAMENTO E ATIVIDADES AUXILIARES DOS TRANSPORTES,H,"TRANSPORTE, ARMAZENAGEM E CORREIO"
52290,ATIVIDADES AUXILIARES DOS TRANSPORTES TERRESTRES NÃO ESPECIFICADAS ANTERIORMENTE,522,ATIVIDADES AUXILIARES DOS TRANSPORTES TERRESTRES,52,ARMAZENAMENTO E ATIVIDADES AUXILIARES DOS TRANSPORTES,H,"TRANSPORTE, ARMAZENAGEM E CORREIO"
52311,GESTÃO DE PORTOS E TERMINAIS,523,ATIVIDADES AUXILIARES DOS TRANSPORTES AQUAVIÁRIOS,52,ARMAZENAMENTO E ATIVIDADES AUXILIARES DOS TRANSPORTES,H,"TRANSPORTE, ARMAZENAGEM E CORREIO"
52320,ATIVIDADES DE AGENCIAMENTO MARÍTIMO,523,ATIVIDADES AUXILIARES DOS TRANSPORTES AQUAVIÁRIOS,52,ARMAZENAMENTO E ATIVIDADES AUXILIARES DOS TRANSPORTES,H,"TRANSPORTE, ARMAZENAGEM E CORREIO"
52397,ATIVIDADES AUXILIARES DOS TRANSPORTES AQUAVIÁRIOS NÃO ESPECIFICADAS ANTERIORMENTE,523,ATIVIDADES AUXILIARES DOS TRANSPORTES AQUAVIÁRIOS,52,ARMAZENAMENTO E ATIVIDADES AUXILIARES DOS TRANSPORTES,H,"TRANSPORTE, ARMAZENAGEM E CORREIO"
52401,ATIVIDADES AUXILIARES DOS TRANSPORTES AÉREOS,524,ATIVIDADES AUXILIARES DOS TRANSPORTES AÉREOS,52,ARMAZENAMENTO E ATIVIDADES AUXILIARES DOS TRANSPORTES,H,"TRANSPORTE, ARMAZENAGEM E CORREIO"
52508,ATIVIDADES RELACIONADAS À ORGANIZAÇÃO DO TRANSPORTE DE CARGA,525,ATIVIDADES RELACIONADAS À ORGANIZAÇÃO DO TRANSPORTE DE CARGA,52,ARMAZENAMENTO E ATIVIDADES AUXILIARES DOS TRANSPORTES,H,"TRANSPORTE, ARMAZENAGEM E CORREIO"
53105,ATIVIDADES DE CORREIO,531,ATIVIDADES DE CORREIO,53,CORREIO E OUTRAS ATIVIDADES DE ENTREGA,H,"TRANSPORTE, ARMAZENAGEM E CORREIO"
53202,ATIVIDADES DE MALOTE E DE ENTREGA,532,ATIVIDADES DE MALOTE E DE ENTREGA,53,CORREIO E OUTRAS ATIVIDADES DE ENTREGA,H,"TRANSPORTE, ARMAZENAGEM E CORREIO"
55108,HOTÉIS E SIMILARES,551,HOTÉIS E SIMILARES,55,ALOJAMENTO,I,ALOJAMENTO E ALIMENTAÇÃO
55906,OUTROS TIPOS DE ALOJAMENTO NÃO ESPECIFICADOS ANTERIORMENTE,559,OUTROS TIPOS DE ALOJAMENTO NÃO ESPECIFICADOS ANTERIORMENTE,55,ALOJAMENTO,I,ALOJAMENTO E ALIMENTAÇÃO
56112,RESTAURANTES E OUTROS ESTABELECIMENTOS DE SERVIÇOS DE ALIMENTAÇÃO E BEBIDAS,561,RESTAURANTES E OUTROS SERVIÇOS DE ALIMENTAÇÃO E BEBIDAS,56,ALIMENTAÇÃO,I,ALOJAMENTO E ALIMENTAÇÃO
56121,SERVIÇOS AMBULANTES DE ALIMENTAÇÃO,561,RESTAURANTES E OUTROS SERVIÇOS DE ALIMENTAÇÃO E BEBIDAS,56,ALIMENTAÇÃO,I,ALOJAMENTO E ALIMENTAÇÃO
56201,"SERVIÇOS DE CATERING, BUFÊ E OUTROS SERVIÇOS DE COMIDA PREPARADA",562,"SERVIÇOS DE CATERING, BUFÊ E OUTROS SERVIÇOS DE COMIDA PREPARADA",56,ALIMENTAÇÃO,I,ALOJAMENTO E ALIMENTAÇÃO
58115,EDIÇÃO DE LIVROS,581,"EDIÇÃO DE LIVROS, JORNAIS, REVISTAS E OUTRAS ATIVIDADES DE EDIÇÃO",58,EDIÇÃO E EDIÇÃO INTEGRADA À IMPRESSÃO,J,INFORMAÇÃO E COMUNICAÇÃO
58123,EDIÇÃO DE JORNAIS,581,"EDIÇÃO DE LIVROS, JORNAIS, REVISTAS E OUTRAS ATIVIDADES DE EDIÇÃO",58,EDIÇÃO E EDIÇÃO INTEGRADA À IMPRESSÃO,J,INFORMAÇÃO E COMUNICAÇÃO
58131,EDIÇÃO DE REVISTAS,581,"EDIÇÃO DE LIVROS, JORNAIS, REVISTAS E OUTRAS ATIVIDADES DE EDIÇÃO",58,EDIÇÃO E EDIÇÃO INTEGRADA À IMPRESSÃO,J,INFORMAÇÃO E COMUNICAÇÃO
58191,"EDIÇÃO DE CADASTROS, LISTAS E DE OUTROS PRODUTOS GRÁFICOS",581,"EDIÇÃO DE LIVROS, JORNAIS, REVISTAS E OUTRAS ATIVIDADES DE EDIÇÃO",58,EDIÇÃO E EDIÇÃO INTEGRADA À IMPRESSÃO,J,INFORMAÇÃO E COMUNICAÇÃO
58212,EDIÇÃO INTEGRADA À IMPRESSÃO DE LIVROS,582,"EDIÇÃO INTEGRADA À IMPRESSÃO DE LIVROS, JORNAIS, REVISTAS E OUTRAS PUBLICAÇÕES",58,EDIÇÃO E EDIÇÃO INTEGRADA À IMPRESSÃO,J,INFORMAÇÃO E COMUNICAÇÃO
58221,EDIÇÃO INTEGRADA À IMPRESSÃO DE JORNAIS,582,"EDIÇÃO INTEGRADA À IMPRESSÃO DE LIVROS, JORNAIS, REVISTAS E OUTRAS PUBLICAÇÕES",58,EDIÇÃO E EDIÇÃO INTEGRADA À IMPRESSÃO,J,INFORMAÇÃO E COMUNICAÇÃO
58239,EDIÇÃO INTEGRADA À IMPRESSÃO DE REVISTAS,582,"EDIÇÃO INTEGRADA À IMPRESSÃO DE LIVROS, JORNAIS, REVISTAS E OUTRAS PUBLICAÇÕES",58,EDIÇÃO E EDIÇÃO INTEGRADA À IMPRESSÃO,J,INFORMAÇÃO E COMUNICAÇÃO
58298,"EDIÇÃO INTEGRADA À IMPRESSÃO DE CADASTROS, LISTAS E DE OUTROS PRODUTOS GRÁFICOS",582,"EDIÇÃO INTEGRADA À IMPRESSÃO DE LIVROS, JORNAIS, REVISTAS E OUTRAS PUBLICAÇÕES",58,EDIÇÃO E EDIÇÃO INTEGRADA À IMPRESSÃO,J,INFORMAÇÃO E COMUNICAÇÃO
59111,"ATIVIDADES DE PRODUÇÃO CINEMATOGRÁFICA, DE VÍDEOS E DE PROGRAMAS DE TELEVISÃO",591,"ATIVIDADES CINEMATOGRÁFICAS, PRODUÇÃO DE VÍDEOS E DE PROGRAMAS DE TELEVISÃO",59,"ATIVIDADES CINEMATOGRÁFICAS, PRODUÇÃO DE VÍDEOS E DE PROGRAMAS DE TELEVISÃO; GRAVAÇÃO DE SOM E EDIÇÃO DE MÚSICA",J,INFORMAÇÃO E COMUNICAÇÃO
59120,"ATIVIDADES DE PÓS-PRODUÇÃO CINEMATOGRÁFICA, DE VÍDEOS E DE PROGRAMAS DE TELEVISÃO",591,"ATIVIDADES CINEMATOGRÁFICAS, PRODUÇÃO DE VÍDEOS E DE PROGRAMAS DE TELEVISÃO",59,"ATIVIDADES CINEMATOGRÁFICAS, PRODUÇÃO DE VÍDEOS E DE PROGRAMAS DE TELEVISÃO; GRAVAÇÃO DE SOM E EDIÇÃO DE MÚSICA",J,INFORMAÇÃO E COMUNICAÇÃO
59138,"DISTRIBUIÇÃO CINEMATOGRÁFICA, DE VÍDEO E DE PROGRAMAS DE TELEVISÃO",591,"ATIVIDADES CINEMATOGRÁFICAS, PRODUÇÃO DE VÍDEOS E DE PROGRAMAS DE TELEVISÃO",59,"ATIVIDADES CINEMATOGRÁFICAS, PRODUÇÃO DE VÍDEOS E DE PROGRAMAS DE TELEVISÃO; GRAVAÇÃO DE SOM E EDIÇÃO DE MÚSICA",J,INFORMAÇÃO E COMUNICAÇÃO
59146,ATIVIDADES DE EXIBIÇÃO CINEMATOGRÁFICA,591,"ATIVIDADES CINEMATOGRÁFICAS, PRODUÇÃO DE VÍDEOS E DE PROGRAMAS DE TELEVISÃO",59,"ATIVIDADES CINEMATOGRÁFICAS, PRODUÇÃO DE VÍDEOS E DE PROGRAMAS DE TELEVISÃO; GRAVAÇÃO DE SOM E EDIÇÃO DE MÚSICA",J,INFORMAÇÃO E COMUNICAÇÃO
59201,ATIVIDADES DE GRAVAÇÃO DE SOM E DE EDIÇÃO DE MÚSICA,592,ATIVIDADES DE GRAVAÇÃO DE SOM E DE EDIÇÃO DE MÚSICA,59,"ATIVIDADES CINEMATOGRÁFICAS, PRODUÇÃO DE VÍDEOS E DE PROGRAMAS DE TELEVISÃO; GRAVAÇÃO DE SOM E EDIÇÃO DE MÚSICA",J,INFORMAÇÃO E COMUNICAÇÃO
60101,ATIVIDADES DE RÁDIO,601,ATIVIDADES DE RÁDIO,60,ATIVIDADES DE RÁDIO E DE TELEVISÃO,J,INFORMAÇÃO E COMUNICAÇÃO
60217,ATIVIDADES DE TELEVISÃO ABERTA,602,ATIVIDADES DE TELEVISÃO,60,ATIVIDADES DE RÁDIO E DE TELEVISÃO,J,INFORMAÇÃO E COMUNICAÇÃO
60225,PROGRAMADORAS E ATIVIDADES RELACIONADAS À TELEVISÃO POR ASSINATURA,602,ATIVIDADES DE TELEVISÃO,60,ATIVIDADES DE RÁDIO E DE TELEVISÃO,J,INFORMAÇÃO E COMUNICAÇÃO
61108,TELECOMUNICAÇÕES POR FIO,611,TELECOMUNICAÇÕES POR FIO,61,TELECOMUNICAÇÕES,J,INFORMAÇÃO E COMUNICAÇÃO
61205,TELECOMUNICAÇÕES SEM FIO,612,TELECOMUNICAÇÕES SEM FIO,61,TELECOMUNICAÇÕES,J,INFORMAÇÃO E COMUNICAÇÃO
61302,TELECOMUNICAÇÕES POR SATÉLITE,613,TELECOMUNICAÇÕES POR SATÉLITE,61,TELECOMUNICAÇÕES,J,INFORMAÇÃO E COMUNICAÇÃO
61418,OPERADORAS DE TELEVISÃO POR ASSINATURA POR CABO,614,OPERADORAS DE TELEVISÃO POR ASSINATURA,61,TELECOMUNICAÇÕES,J,INFORMAÇÃO E COMUNICAÇÃO
61426,OPERADORAS DE TELEVISÃO POR ASSINATURA POR MICRO-ONDAS,614,OPERADORAS DE TELEVISÃO POR ASSINATURA,61,TELECOMUNICAÇÕES,J,INFORMAÇÃO E COMUNICAÇÃO
61434,OPERADORAS DE TELEVISÃO POR ASSINATURA POR SATÉLITE,614,OPERADORAS DE TELEVISÃO POR ASSINATURA,61,TELECOMUNICAÇÕES,J,INFORMAÇÃO E COMUNICAÇÃO
61906,OUTRAS ATIVIDADES DE TELECOMUNICAÇÕES,619,OUTRAS ATIVIDADES DE TELECOMUNICAÇÕES,61,TELECOMUNICAÇÕES,J,INFORMAÇÃO E COMUNICAÇÃO
62015,DESENVOLVIMENTO DE PROGRAMAS DE COMPUTADOR SOB ENCOMENDA,620,ATIVIDADES DOS SERVIÇOS DE TECNOLOGIA DA INFORMAÇÃO,62,ATIVIDADES DOS SERVIÇOS DE TECNOLOGIA DA INFORMAÇÃO,J,INFORMAÇÃO E COMUNICAÇÃO
62023,DESENVOLVIMENTO E LICENCIAMENTO DE PROGRAMAS DE COMPUTADOR CUSTOMIZÁVEIS,620,ATIVIDADES DOS SERVIÇOS DE TECNOLOGIA DA INFORMAÇÃO,62,ATIVIDADES DOS SERVIÇOS DE TECNOLOGIA DA INFORMAÇÃO,J,INFORMAÇÃO E COMUNICAÇÃO
62031,DESENVOLVIMENTO E LICENCIAMENTO DE PROGRAMAS DE COMPUTADOR NÃO CUSTOMIZÁVEIS,620,ATIVIDADES DOS SERVIÇOS DE TECNOLOGIA DA INFORMAÇÃO,62,ATIVIDADES DOS SERVIÇOS DE TECNOLOGIA DA INFORMAÇÃO,J,INFORMAÇÃO E COMUNICAÇÃO
62040,CONSULTORIA EM TECNOLOGIA DA INFORMAÇÃO,620,ATIVIDADES DOS SERVIÇOS DE TECNOLOGIA DA INFORMAÇÃO,62,ATIVIDADES DOS SERVIÇOS DE TECNOLOGIA DA INFORMAÇÃO,J,INFORMAÇÃO E COMUNICAÇÃO
62091,"SUPORTE TÉCNICO, MANUTENÇÃO E OUTROS SERVIÇOS EM TECNOLOGIA DA INFORMAÇÃO",620,ATIVIDADES DOS SERVIÇOS DE TECNOLOGIA DA INFORMAÇÃO,62,ATIVIDADES DOS SERVIÇOS DE TECNOLOGIA DA INFORMAÇÃO,J,INFORMAÇÃO E COMUNICAÇÃO
63119,"TRATAMENTO DE DADOS, PROVEDORES DE SERVIÇOS DE APLICAÇÃO E SERVIÇOS DE HOSPEDAGEM NA INTERNET",631,"TRATAMENTO DE DADOS, HOSPEDAGEM NA INTERNET E OUTRAS ATIVIDADES RELACIONADAS",63,ATIVIDADES DE PRESTAÇÃO DE SERVIÇOS DE INFORMAÇÃO,J,INFORMAÇÃO E COMUNICAÇÃO
63194,"PORTAIS, PROVEDORES DE CONTEÚDO E OUTROS SERVIÇOS DE INFORMAÇÃO NA INTERNET",631,"TRATAMENTO DE DADOS, HOSPEDAGEM NA INTERNET E OUTRAS ATIVIDADES RELACIONADAS",63,ATIVIDADES DE PRESTAÇÃO DE SERVIÇOS DE INFORMAÇÃO,J,INFORMAÇÃO E COMUNICAÇÃO
63917,AGÊNCIAS DE NOTÍCIAS,639,OUTRAS ATIVIDADES DE PRESTAÇÃO DE SERVIÇOS DE INFORMAÇÃO,63,ATIVIDADES DE PRESTAÇÃO DE SERVIÇOS DE INFORMAÇÃO,J,INFORMAÇÃO E COMUNICAÇÃO
63992,OUTRAS ATIVIDADES DE PRESTAÇÃO DE SERVIÇOS DE INFORMAÇÃO NÃO ESPECIFICADAS ANTERIORMENTE,639,OUTRAS ATIVIDADES DE PRESTAÇÃO DE SERVIÇOS DE INFORMAÇÃO,63,ATIVIDADES DE PRESTAÇÃO DE SERVIÇOS DE INFORMAÇÃO,J,INFORMAÇÃO E COMUNICAÇÃO
64107,BANCO CENTRAL,641,BANCO CENTRAL,64,ATIVIDADES DE SERVIÇOS FINANCEIROS,K,"ATIVIDADES FINANCEIRAS, DE SEGUROS E SERVIÇOS RELACIONADOS"
64212,BANCOS COMERCIAIS,642,INTERMEDIAÇÃO MONETÁRIA - DEPÓSITOS À VISTA,64,ATIVIDADES DE SERVIÇOS FINANCEIROS,K,"ATIVIDADES FINANCEIRAS, DE SEGUROS E SERVIÇOS RELACIONADOS"
64221,"BANCOS MÚLTIPLOS, COM CARTEIRA COMERCIAL",642,INTERMEDIAÇÃO MONETÁRIA - DEPÓSITOS À VISTA,64,ATIVIDADES DE SERVIÇOS FINANCEIROS,K,"ATIVIDADES FINANCEIRAS, DE SEGUROS E SERVIÇOS RELACIONADOS"
64239,CAIXAS ECONÔMICAS,642,INTERMEDIAÇÃO MONETÁRIA - DEPÓSITOS À VISTA,64,ATIVIDADES DE SERVIÇOS FINANCEIROS,K,"ATIVIDADES FINANCEIRAS, DE SEGUROS E SERVIÇOS RELACIONADOS"
64247,CRÉDITO COOPERATIVO,642,INTERMEDIAÇÃO MONETÁRIA - DEPÓSITOS À VISTA,64,ATIVIDADES DE SERVIÇOS FINANCEIROS,K,"ATIVIDADES FINANCEIRAS, DE SEGUROS E SERVIÇOS RELACIONADOS"
64310,"BANCOS MÚLTIPLOS, SEM CARTEIRA COMERCIAL",643,INTERMEDIAÇÃO NÃO-MONETÁRIA - OUTROS INSTRUMENTOS DE CAPTAÇÃO,64,ATIVIDADES DE SERVIÇOS FINANCEIROS,K,"ATIVIDADES FINANCEIRAS, DE SEGUROS E SERVIÇOS RELACIONADOS"
64328,BANCOS DE INVESTIMENTO,643,INTERMEDIAÇÃO NÃO-MONETÁRIA - OUTROS INSTRUMENTOS DE CAPTAÇÃO,64,ATIVIDADES DE SERVIÇOS FINANCEIROS,K,"ATIVIDADES FINANCEIRAS, DE SEGUROS E SERVIÇOS RELACIONADOS"
64336,BANCOS DE DESENVOLVIMENTO,643,INTERMEDIAÇÃO NÃO-MONETÁRIA - OUTROS INSTRUMENTOS DE CAPTAÇÃO,64,ATIVIDADES DE SERVIÇOS FINANCEIROS,K,"ATIVIDADES FINANCEIRAS, DE SEGUROS E SERVIÇOS RELACIONADOS"
64344,AGÊNCIAS DE FOMENTO,643,INTERMEDIAÇÃO NÃO-MONETÁRIA - OUTROS INSTRUMENTOS DE CAPTAÇÃO,64,ATIVIDADES DE SERVIÇOS FINANCEIROS,K,"ATIVIDADES FINANCEIRAS, DE SEGUROS E SERVIÇOS RELACIONADOS"
64352,CRÉDITO IMOBILIÁRIO,643,INTERMEDIAÇÃO NÃO-MONETÁRIA - OUTROS INSTRUMENTOS DE CAPTAÇÃO,64,ATIVIDADES DE SERVIÇOS FINANCEIROS,K,"ATIVIDADES FINANCEIRAS, DE SEGUROS E SERVIÇOS RELACIONADOS"
64361,"SOCIEDADES DE CRÉDITO, FINANCIAMENTO E INVESTIMENTO - FINANCEIRAS",643,INTERMEDIAÇÃO NÃO-MONETÁRIA - OUTROS INSTRUMENTOS DE CAPTAÇÃO,64,ATIVIDADES DE SERVIÇOS FINANCEIROS,K,"ATIVIDADES FINANCEIRAS, DE SEGUROS E SERVIÇOS RELACIONADOS"
64379,SOCIEDADES DE CRÉDITO AO MICROEMPREENDEDOR,643,INTERMEDIAÇÃO NÃO-MONETÁRIA - OUTROS INSTRUMENTOS DE CAPTAÇÃO,64,ATIVIDADES DE SERVIÇOS FINANCEIROS,K,"ATIVIDADES FINANCEIRAS, DE SEGUROS E SERVIÇOS RELACIONADOS"
64387,BANCOS DE CAMBIO E OUTRAS INSTITUIÇÕES DE INTERMEDIAÇÃO NÃO MONETÁRIA,643,INTERMEDIAÇÃO NÃO-MONETÁRIA - OUTROS INSTRUMENTOS DE CAPTAÇÃO,64,ATIVIDADES DE SERVIÇOS FINANCEIROS,K,"ATIVIDADES FINANCEIRAS, DE SEGUROS E SERVIÇOS RELACIONADOS"
64409,ARRENDAMENTO MERCANTIL,644,ARRENDAMENTO MERCANTIL,64,ATIVIDADES DE SERVIÇOS FINANCEIROS,K,"ATIVIDADES FINANCEIRAS, DE SEGUROS E SERVIÇOS RELACIONADOS"
64506,SOCIEDADES DE CAPITALIZAÇÃO,645,SOCIEDADES DE CAPITALIZAÇÃO,64,ATIVIDADES DE SERVIÇOS FINANCEIROS,K,"ATIVIDADES FINANCEIRAS, DE SEGUROS E SERVIÇOS RELACIONADOS"
64611,HOLDINGS DE INSTITUIÇÕES FINANCEIRAS,646,ATIVIDADES DE SOCIEDADES DE PARTICIPAÇÃO,64,ATIVIDADES DE SERVIÇOS FINANCEIROS,K,"ATIVIDADES FINANCEIRAS, DE SEGUROS E SERVIÇOS RELACIONADOS"
64620,HOLDINGS DE INSTITUIÇÕES NÃO FINANCEIRAS,646,ATIVIDADES DE SOCIEDADES DE PARTICIPAÇÃO,64,ATIVIDADES DE SERVIÇOS FINANCEIROS,K,"ATIVIDADES FINANCEIRAS, DE SEGUROS E SERVIÇOS RELACIONADOS"
64638,"OUTRAS SOCIEDADES DE PARTICIPAÇÃO, EXCETO HOLDINGS",646,ATIVIDADES DE SOCIEDADES DE PARTICIPAÇÃO,64,ATIVIDADES DE SERVIÇOS FINANCEIROS,K,"ATIVIDADES FINANCEIRAS, DE SEGUROS E SERVIÇOS RELACIONADOS"
64701,FUNDOS DE INVESTIMENTO,647,FUNDOS DE INVESTIMENTO,64,ATIVIDADES DE SERVIÇOS FINANCEIROS,K,"ATIVIDADES FINANCEIRAS, DE SEGUROS E SERVIÇOS RELACIONADOS"
64913,SOCIEDADES DE FOMENTO MERCANTIL - FACTORING,649,ATIVIDADES DE SERVIÇOS FINANCEIROS NÃO ESPECIFICADAS ANTERIORMENTE,64,ATIVIDADES DE SERVIÇOS FINANCEIROS,K,"ATIVIDADES FINANCEIRAS, DE SEGUROS E SERVIÇOS RELACIONADOS"
64921,SECURITIZAÇÃO DE CRÉDITOS,649,ATIVIDADES DE SERVIÇOS FINANCEIROS NÃO ESPECIFICADAS ANTERIORMENTE,64,ATIVIDADES DE SERVIÇOS FINANCEIROS,K,"ATIVIDADES FINANCEIRAS, DE SEGUROS E SERVIÇOS RELACIONADOS"
64930,ADMINISTRAÇÃO DE CONSÓRCIOS PARA AQUISIÇÃO DE BENS E DIREITOS,649,ATIVIDADES DE SERVIÇOS FINANCEIROS NÃO ESPECIFICADAS ANTERIORMENTE,64,ATIVIDADES DE SERVIÇOS FINANCEIROS,K,"ATIVIDADES FINANCEIRAS, DE SEGUROS E SERVIÇOS RELACIONADOS"
64999,OUTRAS ATIVIDADES DE SERVIÇOS FINANCEIROS NÃO ESPECIFICADAS ANTERIORMENTE,649,ATIVIDADES DE SERVIÇOS FINANCEIROS NÃO ESPECIFICADAS ANTERIORMENTE,64,ATIVIDADES DE SERVIÇOS FINANCEIROS,K,"ATIVIDADES FINANCEIRAS, DE SEGUROS E SERVIÇOS RELACIONADOS"
65111,SEGUROS DE VIDA,651,SEGUROS DE VIDA E NÃO-VIDA,65,"SEGUROS, RESSEGUROS, PREVIDÊNCIA COMPLEMENTAR E PLANOS DE SAÚDE",K,"ATIVIDADES FINANCEIRAS, DE SEGUROS E SERVIÇOS RELACIONADOS"
65120,SEGUROS NÃO VIDA,651,SEGUROS DE VIDA E NÃO-VIDA,65,"SEGUROS, RESSEGUROS, PREVIDÊNCIA COMPLEMENTAR E PLANOS DE SAÚDE",K,"ATIVIDADES FINANCEIRAS, DE SEGUROS E SERVIÇOS RELACIONADOS"
65201,SEGUROS-SAÚDE,652,SEGUROS-SAÚDE,65,"SEGUROS, RESSEGUROS, PREVIDÊNCIA COMPLEMENTAR E PLANOS DE SAÚDE",K,"ATIVIDADES FINANCEIRAS, DE SEGUROS E SERVIÇOS RELACIONADOS"
65308,RESSEGUROS,653,RESSEGUROS,65,"SEGUROS, RESSEGUROS, PREVIDÊNCIA COMPLEMENTAR E PLANOS DE SAÚDE",K,"ATIVIDADES FINANCEIRAS, DE SEGUROS E SERVIÇOS RELACIONADOS"
65413,PREVIDÊNCIA COMPLEMENTAR FECHADA,654,PREVIDÊNCIA COMPLEMENTAR,65,"SEGUROS, RESSEGUROS, PREVIDÊNCIA COMPLEMENTAR E PLANOS DE SAÚDE",K,"ATIVIDADES FINANCEIRAS, DE SEGUROS E SERVIÇOS RELACIONADOS"
65421,PREVIDÊNCIA COMPLEMENTAR ABERTA,654,PREVIDÊNCIA COMPLEMENTAR,65,"SEGUROS, RESSEGUROS, PREVIDÊNCIA COMPLEMENTAR E PLANOS DE SAÚDE",K,"ATIVIDADES FINANCEIRAS, DE SEGUROS E SERVIÇOS RELACIONADOS"
65502,PLANOS DE SAÚDE,655,PLANOS DE SAÚDE,65,"SEGUROS, RESSEGUROS, PREVIDÊNCIA COMPLEMENTAR E PLANOS DE SAÚDE",K,"ATIVIDADES FINANCEIRAS, DE SEGUROS E SERVIÇOS RELACIONADOS"
66118,ADMINISTRAÇÃO DE BOLSAS E MERCADOS DE BALCÃO ORGANIZADOS,661,ATIVIDADES AUXILIARES DOS SERVIÇOS FINANCEIROS,66,"ATIVIDADES AUXILIARES DOS SERVIÇOS FINANCEIROS, SEGUROS, PREVIDÊNCIA COMPLEMENTAR E PLANOS DE SAÚDE",K,"ATIVIDADES FINANCEIRAS, DE SEGUROS E SERVIÇOS RELACIONADOS"
66126,"ATIVIDADES DE INTERMEDIÁRIOS EM TRANSAÇÕES DE TÍTULOS, VALORES MOBILIÁRIOS E MERCADORIAS",661,ATIVIDADES AUXILIARES DOS SERVIÇOS FINANCEIROS,66,"ATIVIDADES AUXILIARES DOS SERVIÇOS FINANCEIROS, SEGUROS, PREVIDÊNCIA COMPLEMENTAR E PLANOS DE SAÚDE",K,"ATIVIDADES FINANCEIRAS, DE SEGUROS E SERVIÇOS RELACIONADOS"
66134,ADMINISTRAÇÃO DE CARTÕES DE CRÉDITO,661,ATIVIDADES AUXILIARES DOS SERVIÇOS FINANCEIROS,66,"ATIVIDADES AUXILIARES DOS SERVIÇOS FINANCEIROS, SEGUROS, PREVIDÊNCIA COMPLEMENTAR E PLANOS DE SAÚDE",K,"ATIVIDADES FINANCEIRAS, DE SEGUROS E SERVIÇOS RELACIONADOS"
66193,ATIVIDADES AUXILIARES DOS SERVIÇOS FINANCEIROS NÃO ESPECIFICADAS ANTERIORMENTE,661,ATIVIDADES AUXILIARES DOS SERVIÇOS FINANCEIROS,66,"ATIVIDADES AUXILIARES DOS SERVIÇOS FINANCEIROS, SEGUROS, PREVIDÊNCIA COMPLEMENTAR E PLANOS DE SAÚDE",K,"ATIVIDADES FINANCEIRAS, DE SEGUROS E SERVIÇOS RELACIONADOS"
66215,AVALIAÇÃO DE RISCOS E PERDAS,662,"ATIVIDADES AUXILIARES DOS SEGUROS, DA PREVIDÊNCIA COMPLEMENTAR E DOS PLANOS DE SAÚDE",66,"ATIVIDADES AUXILIARES DOS SERVIÇOS FINANCEIROS, SEGUROS, PREVIDÊNCIA COMPLEMENTAR E PLANOS DE SAÚDE",K,"ATIVIDADES FINANCEIRAS, DE SEGUROS E SERVIÇOS RELACIONADOS"
66223,"CORRETORES E AGENTES DE SEGUROS, DE PLANOS DE PREVIDÊNCIA COMPLEMENTAR E DE SAÚDE",662,"ATIVIDADES AUXILIARES DOS SEGUROS, DA PREVIDÊNCIA COMPLEMENTAR E DOS PLANOS DE SAÚDE",66,"ATIVIDADES AUXILIARES DOS SERVIÇOS FINANCEIROS, SEGUROS, PREVIDÊNCIA COMPLEMENTAR E PLANOS DE SAÚDE",K,"ATIVIDADES FINANCEIRAS, DE SEGUROS E SERVIÇOS RELACIONADOS"
66291,"ATIVIDADES AUXILIARES DOS SEGUROS, DA PREVIDÊNCIA COMPLEMENTAR E DOS PLANOS DE SAÚDE NÃO ESPECIFICADAS ANTERIORMENTE",662,"ATIVIDADES AUXILIARES DOS SEGUROS, DA PREVIDÊNCIA COMPLEMENTAR E DOS PLANOS DE SAÚDE",66,"ATIVIDADES AUXILIARES DOS SERVIÇOS FINANCEIROS, SEGUROS, PREVIDÊNCIA COMPLEMENTAR E PLANOS DE SAÚDE",K,"ATIVIDADES FINANCEIRAS, DE SEGUROS E SERVIÇOS RELACIONADOS"
66304,ATIVIDADES DE ADMINISTRAÇÃO DE FUNDOS POR CONTRATO OU COMISSÃO,663,ATIVIDADES DE ADMINISTRAÇÃO DE FUNDOS POR CONTRATO OU COMISSÃO,66,"ATIVIDADES AUXILIARES DOS SERVIÇOS FINANCEIROS, SEGUROS, PREVIDÊNCIA COMPLEMENTAR E PLANOS DE SAÚDE",K,"ATIVIDADES FINANCEIRAS, DE SEGUROS E SERVIÇOS RELACIONADOS"
68102,ATIVIDADES IMOBILIÁRIAS DE IMÓVEIS PRÓPRIOS,681,ATIVIDADES IMOBILIÁRIAS DE IMÓVEIS PRÓPRIOS,68,ATIVIDADES IMOBILIÁRIAS,L,ATIVIDADES IMOBILIÁRIAS
68218,"INTERMEDIAÇÃO NA COMPRA, VENDA E ALUGUEL DE IMÓVEIS",682,ATIVIDADES IMOBILIÁRIAS POR CONTRATO OU COMISSÃO,68,ATIVIDADES IMOBILIÁRIAS,L,ATIVIDADES IMOBILIÁRIAS
68226,GESTÃO E ADMINISTRAÇÃO DA PROPRIEDADE IMOBILIÁRIA,682,ATIVIDADES IMOBILIÁRIAS POR CONTRATO OU COMISSÃO,68,ATIVIDADES IMOBILIÁRIAS,L,ATIVIDADES IMOBILIÁRIAS
69117,"ATIVIDADES JURÍDICAS, EXCETO CARTÓRIOS",691,ATIVIDADES JURÍDICAS,69,"ATIVIDADES JURÍDICAS, DE CONTABILIDADE E DE AUDITORIA",M,"ATIVIDADES PROFISSIONAIS, CIENTÍFICAS E TÉCNICAS"
69125,CARTÓRIOS,691,ATIVIDADES JURÍDICAS,69,"ATIVIDADES JURÍDICAS, DE CONTABILIDADE E DE AUDITORIA",M,"ATIVIDADES PROFISSIONAIS, CIENTÍFICAS E TÉCNICAS"
69206,"ATIVIDADES DE CONTABILIDADE, CONSULTORIA E AUDITORIA CONTÁBIL E TRIBUTÁRIA",692,"ATIVIDADES DE CONTABILIDADE, CONSULTORIA E AUDITORIA CONTÁBIL E TRIBUTÁRIA",69,"ATIVIDADES JURÍDICAS, DE CONTABILIDADE E DE AUDITORIA",M,"ATIVIDADES PROFISSIONAIS, CIENTÍFICAS E TÉCNICAS"
70107,SEDES DE EMPRESAS E UNIDADES ADMINISTRATIVAS LOCAIS,701,SEDES DE EMPRESAS E UNIDADES ADMINISTRATIVAS LOCAIS,70,ATIVIDADES DE SEDES DE EMPRESAS E DE CONSULTORIA EM GESTÃO EMPRESARIAL,M,"ATIVIDADES PROFISSIONAIS, CIENTÍFICAS E TÉCNICAS"
70204,ATIVIDADES DE CONSULTORIA EM GESTÃO EMPRESARIAL,702,ATIVIDADES DE CONSULTORIA EM GESTÃO EMPRESARIAL,70,ATIVIDADES DE SEDES DE EMPRESAS E DE CONSULTORIA EM GESTÃO EMPRESARIAL,M,"ATIVIDADES PROFISSIONAIS, CIENTÍFICAS E TÉCNICAS"
71111,SERVIÇOS DE ARQUITETURA,711,SERVIÇOS DE ARQUITETURA E ENGENHARIA E ATIVIDADES TÉCNICAS RELACIONADAS,71,SERVIÇOS DE ARQUITETURA E ENGENHARIA; TESTES E ANÁLISES TÉCNICAS,M,"ATIVIDADES PROFISSIONAIS, CIENTÍFICAS E TÉCNICAS"
71120,SERVIÇOS DE ENGENHARIA,711,SERVIÇOS DE ARQUITETURA E ENGENHARIA E ATIVIDADES TÉCNICAS RELACIONADAS,71,SERVIÇOS DE ARQUITETURA E ENGENHARIA; TESTES E ANÁLISES TÉCNICAS,M,"ATIVIDADES PROFISSIONAIS, CIENTÍFICAS E TÉCNICAS"
71197,ATIVIDADES TÉCNICAS RELACIONADAS À ARQUITETURA E ENGENHARIA,711,SERVIÇOS DE ARQUITETURA E ENGENHARIA E ATIVIDADES TÉCNICAS RELACIONADAS,71,SERVIÇOS DE ARQUITETURA E ENGENHARIA; TESTES E ANÁLISES TÉCNICAS,M,"ATIVIDADES PROFISSIONAIS, CIENTÍFICAS E TÉCNICAS"
71201,TESTES E ANÁLISES TÉCNICAS,712,TESTES E ANÁLISES TÉCNICAS,71,SERVIÇOS DE ARQUITETURA E ENGENHARIA; TESTES E ANÁLISES TÉCNICAS,M,"ATIVIDADES PROFISSIONAIS, CIENTÍFICAS E TÉCNICAS"
72100,PESQUISA E DESENVOLVIMENTO EXPERIMENTAL EM CIÊNCIAS FÍSICAS E NATURAIS,721,PESQUISA E DESENVOLVIMENTO EXPERIMENTAL EM CIÊNCIAS FÍSICAS E NATURAIS,72,PESQUISA E DESENVOLVIMENTO CIENTÍFICO,M,"ATIVIDADES PROFISSIONAIS, CIENTÍFICAS E TÉCNICAS"
72207,PESQUISA E DESENVOLVIMENTO EXPERIMENTAL EM CIÊNCIAS SOCIAIS E HUMANAS,722,PESQUISA E DESENVOLVIMENTO EXPERIMENTAL EM CIÊNCIAS SOCIAIS E HUMANAS,72,PESQUISA E DESENVOLVIMENTO CIENTÍFICO,M,"ATIVIDADES PROFISSIONAIS, CIENTÍFICAS E TÉCNICAS"
73114,AGÊNCIAS DE PUBLICIDADE,731,PUBLICIDADE,73,PUBLICIDADE E PESQUISA DE MERCADO,M,"ATIVIDADES PROFISSIONAIS, CIENTÍFICAS E TÉCNICAS"
73122,"AGENCIAMENTO DE ESPAÇOS PARA PUBLICIDADE, EXCETO EM VEÍCULOS DE COMUNICAÇÃO",731,PUBLICIDADE,73,PUBLICIDADE E PESQUISA DE MERCADO,M,"ATIVIDADES PROFISSIONAIS, CIENTÍFICAS E TÉCNICAS"
73190,ATIVIDADES DE PUBLICIDADE NÃO ESPECIFICADAS ANTERIORMENTE,731,PUBLICIDADE,73,PUBLICIDADE E PESQUISA DE MERCADO,M,"ATIVIDADES PROFISSIONAIS, CIENTÍFICAS E TÉCNICAS"
73203,PESQUISAS DE MERCADO E DE OPINIÃO PÚBLICA,732,PESQUISAS DE MERCADO E DE OPINIÃO PÚBLICA,73,PUBLICIDADE E PESQUISA DE MERCADO,M,"ATIVIDADES PROFISSIONAIS, CIENTÍFICAS E TÉCNICAS"
74102,DESIGN E DECORAÇÃO DE INTERIORES,741,DESIGN E DECORAÇÃO DE INTERIORES,74,"OUTRAS ATIVIDADES PROFISSIONAIS, CIENTÍFICAS E TÉCNICAS",M,"ATIVIDADES PROFISSIONAIS, CIENTÍFICAS E TÉCNICAS"
74200,ATIVIDADES FOTOGRÁFICAS E SIMILARES,742,ATIVIDADES FOTOGRÁFICAS E SIMILARES,74,"OUTRAS ATIVIDADES PROFISSIONAIS, CIENTÍFICAS E TÉCNICAS",M,"ATIVIDADES PROFISSIONAIS, CIENTÍFICAS E TÉCNICAS"
74901,"ATIVIDADES PROFISSIONAIS, CIENTÍFICAS E TÉCNICAS NÃO ESPECIFICADAS ANTERIORMENTE",749,"ATIVIDADES PROFISSIONAIS, CIENTÍFICAS E TÉCNICAS NÃO ESPECIFICADAS ANTERIORMENTE",74,"OUTRAS ATIVIDADES PROFISSIONAIS, CIENTÍFICAS E TÉCNICAS",M,"ATIVIDADES PROFISSIONAIS, CIENTÍFICAS E TÉCNICAS"
75001,ATIVIDADES VETERINÁRIAS,750,ATIVIDADES VETERINÁRIAS,75,ATIVIDADES VETERINÁRIAS,M,"ATIVIDADES PROFISSIONAIS, CIENTÍFICAS E TÉCNICAS"
77110,LOCAÇÃO DE AUTOMÓVEIS SEM CONDUTOR,771,LOCAÇÃO DE MEIOS DE TRANSPORTE SEM CONDUTOR,77,ALUGUÉIS NÃO-IMOBILIÁRIOS E GESTÃO DE ATIVOS INTANGÍVEIS NÃO-FINANCEIROS,N,ATIVIDADES ADMINISTRATIVAS E SERVIÇOS COMPLEMENTARES
77195,"LOCAÇÃO DE MEIOS DE TRANSPORTE, EXCETO AUTOMÓVEIS, SEM CONDUTOR",771,LOCAÇÃO DE MEIOS DE TRANSPORTE SEM CONDUTOR,77,ALUGUÉIS NÃO-IMOBILIÁRIOS E GESTÃO DE ATIVOS INTANGÍVEIS NÃO-FINANCEIROS,N,ATIVIDADES ADMINISTRATIVAS E SERVIÇOS COMPLEMENTARES
77217,ALUGUEL DE EQUIPAMENTOS RECREATIVOS E ESPORTIVOS,772,ALUGUEL DE OBJETOS PESSOAIS E DOMÉSTICOS,77,ALUGUÉIS NÃO-IMOBILIÁRIOS E GESTÃO DE ATIVOS INTANGÍVEIS NÃO-FINANCEIROS,N,ATIVIDADES ADMINISTRATIVAS E SERVIÇOS COMPLEMENTARES
77225,"ALUGUEL DE FITAS DE VÍDEO, DVDS E SIMILARES",772,ALUGUEL DE OBJETOS PESSOAIS E DOMÉSTICOS,77,ALUGUÉIS NÃO-IMOBILIÁRIOS E GESTÃO DE ATIVOS INTANGÍVEIS NÃO-FINANCEIROS,N,ATIVIDADES ADMINISTRATIVAS E SERVIÇOS COMPLEMENTARES
77233,"ALUGUEL DE OBJETOS DO VESTUÁRIO, JOIAS E ACESSÓRIOS",772,ALUGUEL DE OBJETOS PESSOAIS E DOMÉSTICOS,77,ALUGUÉIS NÃO-IMOBILIÁRIOS E GESTÃO DE ATIVOS INTANGÍVEIS NÃO-FINANCEIROS,N,ATIVIDADES ADMINISTRATIVAS E SERVIÇOS COMPLEMENTARES
77292,ALUGUEL DE OBJETOS PESSOAIS E DOMÉSTICOS NÃO ESPECIFICADOS ANTERIORMENTE,772,ALUGUEL DE OBJETOS PESSOAIS E DOMÉSTICOS,77,ALUGUÉIS NÃO-IMOBILIÁRIOS E GESTÃO DE ATIVOS INTANGÍVEIS NÃO-FINANCEIROS,N,ATIVIDADES ADMINISTRATIVAS E SERVIÇOS COMPLEMENTARES
77314,ALUGUEL DE MÁQUINAS E EQUIPAMENTOS AGRÍCOLAS SEM OPERADOR,773,ALUGUEL DE MÁQUINAS E EQUIPAMENTOS SEM OPERADOR,77,ALUGUÉIS NÃO-IMOBILIÁRIOS E GESTÃO DE ATIVOS INTANGÍVEIS NÃO-FINANCEIROS,N,ATIVIDADES ADMINISTRATIVAS E SERVIÇOS COMPLEMENTARES
77322,ALUGUEL DE MÁQUINAS E EQUIPAMENTOS PARA CONSTRUÇÃO SEM OPERADOR,773,ALUGUEL DE MÁQUINAS E EQUIPAMENTOS SEM OPERADOR,77,ALUGUÉIS NÃO-IMOBILIÁRIOS E GESTÃO DE ATIVOS INTANGÍVEIS NÃO-FINANCEIROS,N,ATIVIDADES ADMINISTRATIVAS E SERVIÇOS COMPLEMENTARES
77331,ALUGUEL DE MÁQUINAS E EQUIPAMENTOS PARA ESCRITÓRIOS,773,ALUGUEL DE MÁQUINAS E EQUIPAMENTOS SEM OPERADOR,77,ALUGUÉIS NÃO-IMOBILIÁRIOS E GESTÃO DE ATIVOS INTANGÍVEIS NÃO-FINANCEIROS,N,ATIVIDADES ADMINISTRATIVAS E SERVIÇOS COMPLEMENTARES
77390,ALUGUEL DE MÁQUINAS E EQUIPAMENTOS NÃO ESPECIFICADOS ANTERIORMENTE,773,ALUGUEL DE MÁQUINAS E EQUIPAMENTOS SEM OPERADOR,77,ALUGUÉIS NÃO-IMOBILIÁRIOS E GESTÃO DE ATIVOS INTANGÍVEIS NÃO-FINANCEIROS,N,ATIVIDADES ADMINISTRATIVAS E SERVIÇOS COMPLEMENTARES
77403,GESTÃO DE ATIVOS INTANGÍVEIS NÃO FINANCEIROS,774,GESTÃO DE ATIVOS INTANGÍVEIS NÃO-FINANCEIROS,77,ALUGUÉIS NÃO-IMOBILIÁRIOS E GESTÃO DE ATIVOS INTANGÍVEIS NÃO-FINANCEIROS,N,ATIVIDADES ADMINISTRATIVAS E SERVIÇOS COMPLEMENTARES
78108,SELEÇÃO E AGENCIAMENTO DE MÃO DE OBRA,781,SELEÇÃO E AGENCIAMENTO DE MÃO-DE-OBRA,78,"SELEÇÃO, AGENCIAMENTO E LOCAÇÃO DE MÃO-DE-OBRA",N,ATIVIDADES ADMINISTRATIVAS E SERVIÇOS COMPLEMENTARES
78205,LOCAÇÃO DE MÃO DE OBRA TEMPORÁRIA,782,LOCAÇÃO DE MÃO-DE-OBRA TEMPORÁRIA,78,"SELEÇÃO, AGENCIAMENTO E LOCAÇÃO DE MÃO-DE-OBRA",N,ATIVIDADES ADMINISTRATIVAS E SERVIÇOS COMPLEMENTARES
78302,FORNECIMENTO E GESTÃO DE RECURSOS HUMANOS PARA TERCEIROS,783,FORNECIMENTO E GESTÃO DE RECURSOS HUMANOS PARA TERCEIROS,78,"SELEÇÃO, AGENCIAMENTO E LOCAÇÃO DE MÃO-DE-OBRA",N,ATIVIDADES ADMINISTRATIVAS E SERVIÇOS COMPLEMENTARES
79112,AGÊNCIAS DE VIAGENS,791,AGÊNCIAS DE VIAGENS E OPERADORES TURÍSTICOS,79,"AGÊNCIAS DE VIAGENS, OPERADORES TURÍSTICOS E SERVIÇOS DE RESERVAS",N,ATIVIDADES ADMINISTRATIVAS E SERVIÇOS COMPLEMENTARES
79121,OPERADORES TURÍSTICOS,791,AGÊNCIAS DE VIAGENS E OPERADORES TURÍSTICOS,79,"AGÊNCIAS DE VIAGENS, OPERADORES TURÍSTICOS E SERVIÇOS DE RESERVAS",N,ATIVIDADES ADMINISTRATIVAS E SERVIÇOS COMPLEMENTARES
79902,SERVIÇOS DE RESERVAS E OUTROS SERVIÇOS DE TURISMO NÃO ESPECIFICADOS ANTERIORMENTE,799,SERVIÇOS DE RESERVAS E OUTROS SERVIÇOS DE TURISMO NÃO ESPECIFICADOS ANTERIORMENTE,79,"AGÊNCIAS DE VIAGENS, OPERADORES TURÍSTICOS E SERVIÇOS DE RESERVAS",N,ATIVIDADES ADMINISTRATIVAS E SERVIÇOS COMPLEMENTARES
80111,ATIVIDADES DE VIGILÂNCIA E SEGURANÇA PRIVADA,801,"ATIVIDADES DE VIGILÂNCIA, SEGURANÇA PRIVADA E TRANSPORTE DE VALORES",80,"ATIVIDADES DE VIGILÂNCIA, SEGURANÇA E INVESTIGAÇÃO",N,ATIVIDADES ADMINISTRATIVAS E SERVIÇOS COMPLEMENTARES
80129,ATIVIDADES DE TRANSPORTE DE VALORES,801,"ATIVIDADES DE VIGILÂNCIA, SEGURANÇA PRIVADA E TRANSPORTE DE VALORES",80,"ATIVIDADES DE VIGILÂNCIA, SEGURANÇA E INVESTIGAÇÃO",N,ATIVIDADES ADMINISTRATIVAS E SERVIÇOS COMPLEMENTARES
80200,ATIVIDADES DE MONITORAMENTO DE SISTEMAS DE SEGURANÇA,802,ATIVIDADES DE MONITORAMENTO DE SISTEMAS DE SEGURANÇA,80,"ATIVIDADES DE VIGILÂNCIA, SEGURANÇA E INVESTIGAÇÃO",N,ATIVIDADES ADMINISTRATIVAS E SERVIÇOS COMPLEMENTARES
80307,ATIVIDADES DE INVESTIGAÇÃO PARTICULAR,803,ATIVIDADES DE INVESTIGAÇÃO PARTICULAR,80,"ATIVIDADES DE VIGILÂNCIA, SEGURANÇA E INVESTIGAÇÃO",N,ATIVIDADES ADMINISTRATIVAS E SERVIÇOS COMPLEMENTARES
81117,"SERVIÇOS COMBINADOS PARA APOIO A EDIFÍCIOS, EXCETO CONDOMÍNIOS PREDIAIS",811,SERVIÇOS COMBINADOS PARA APOIO A EDIFÍCIOS,81,SERVIÇOS PARA EDIFÍCIOS E ATIVIDADES PAISAGÍSTICAS,N,ATIVIDADES ADMINISTRATIVAS E SERVIÇOS COMPLEMENTARES
81125,CONDOMÍNIOS PREDIAIS,811,SERVIÇOS COMBINADOS PARA APOIO A EDIFÍCIOS,81,SERVIÇOS PARA EDIFÍCIOS E ATIVIDADES PAISAGÍSTICAS,N,ATIVIDADES ADMINISTRATIVAS E SERVIÇOS COMPLEMENTARES
81214,LIMPEZA EM PRÉDIOS E EM DOMICÍLIOS,812,ATIVIDADES DE LIMPEZA,81,SERVIÇOS PARA EDIFÍCIOS E ATIVIDADES PAISAGÍSTICAS,N,ATIVIDADES ADMINISTRATIVAS E SERVIÇOS COMPLEMENTARES
81222,IMUNIZAÇÃO E CONTROLE DE PRAGAS URBANAS,812,ATIVIDADES DE LIMPEZA,81,SERVIÇOS PARA EDIFÍCIOS E ATIVIDADES PAISAGÍSTICAS,N,ATIVIDADES ADMINISTRATIVAS E SERVIÇOS COMPLEMENTARES
81290,ATIVIDADES DE LIMPEZA NÃO ESPECIFICADAS ANTERIORMENTE,812,ATIVIDADES DE LIMPEZA,81,SERVIÇOS PARA EDIFÍCIOS E ATIVIDADES PAISAGÍSTICAS,N,ATIVIDADES ADMINISTRATIVAS E SERVIÇOS COMPLEMENTARES
81303,ATIVIDADES PAISAGÍSTICAS,813,ATIVIDADES PAISAGÍSTICAS,81,SERVIÇOS PARA EDIFÍCIOS E ATIVIDADES PAISAGÍSTICAS,N,ATIVIDADES ADMINISTRATIVAS E SERVIÇOS COMPLEMENTARES
82113,SERVIÇOS COMBINADOS DE ESCRITÓRIO E APOIO ADMINISTRATIVO,821,SERVIÇOS DE ESCRITÓRIO E APOIO ADMINISTRATIVO,82,"SERVIÇOS DE ESCRITÓRIO, DE APOIO ADMINISTRATIVO E OUTROS SERVIÇOS PRESTADOS PRINCIPALMENTE ÀS EMPRESAS",N,ATIVIDADES ADMINISTRATIVAS E SERVIÇOS COMPLEMENTARES
82199,"FOTOCÓPIAS, PREPARAÇÃO DE DOCUMENTOS E OUTROS SERVIÇOS ESPECIALIZADOS DE APOIO ADMINISTRATIVO",821,SERVIÇOS DE ESCRITÓRIO E APOIO ADMINISTRATIVO,82,"SERVIÇOS DE ESCRITÓRIO, DE APOIO ADMINISTRATIVO E OUTROS SERVIÇOS PRESTADOS PRINCIPALMENTE ÀS EMPRESAS",N,ATIVIDADES ADMINISTRATIVAS E SERVIÇOS COMPLEMENTARES
82202,ATIVIDADES DE TELEATENDIMENTO,822,ATIVIDADES DE TELEATENDIMENTO,82,"SERVIÇOS DE ESCRITÓRIO, DE APOIO ADMINISTRATIVO E OUTROS SERVIÇOS PRESTADOS PRINCIPALMENTE ÀS EMPRESAS",N,ATIVIDADES ADMINISTRATIVAS E SERVIÇOS COMPLEMENTARES
82300,"ATIVIDADES DE ORGANIZAÇÃO DE EVENTOS, EXCETO CULTURAIS E ESPORTIVOS",823,"ATIVIDADES DE ORGANIZAÇÃO DE EVENTOS, EXCETO CULTURAIS E ESPORTIVOS",82,"SERVIÇOS DE ESCRITÓRIO, DE APOIO ADMINISTRATIVO E OUTROS SERVIÇOS PRESTADOS PRINCIPALMENTE ÀS EMPRESAS",N,ATIVIDADES ADMINISTRATIVAS E SERVIÇOS COMPLEMENTARES
82911,ATIVIDADES DE COBRANÇAS E INFORMAÇÕES CADASTRAIS,829,OUTRAS ATIVIDADES DE SERVIÇOS PRESTADOS PRINCIPALMENTE ÀS EMPRESAS,82,"SERVIÇOS DE ESCRITÓRIO, DE APOIO ADMINISTRATIVO E OUTROS SERVIÇOS PRESTADOS PRINCIPALMENTE ÀS EMPRESAS",N,ATIVIDADES ADMINISTRATIVAS E SERVIÇOS COMPLEMENTARES
82920,ENVASAMENTO E EMPACOTAMENTO SOB CONTRATO,829,OUTRAS ATIVIDADES DE SERVIÇOS PRESTADOS PRINCIPALMENTE ÀS EMPRESAS,82,"SERVIÇOS DE ESCRITÓRIO, DE APOIO ADMINISTRATIVO E OUTROS SERVIÇOS PRESTADOS PRINCIPALMENTE ÀS EMPRESAS",N,ATIVIDADES ADMINISTRATIVAS E SERVIÇOS COMPLEMENTARES
82997,ATIVIDADES DE SERVIÇOS PRESTADOS PRINCIPALMENTE ÀS EMPRESAS NÃO ESPECIFICADAS ANTERIORMENTE,829,OUTRAS ATIVIDADES DE SERVIÇOS PRESTADOS PRINCIPALMENTE ÀS EMPRESAS,82,"SERVIÇOS DE ESCRITÓRIO, DE APOIO ADMINISTRATIVO E OUTROS SERVIÇOS PRESTADOS PRINCIPALMENTE ÀS EMPRESAS",N,ATIVIDADES ADMINISTRATIVAS E SERVIÇOS COMPLEMENTARES
84116,ADMINISTRAÇÃO PÚBLICA EM GERAL,841,ADMINISTRAÇÃO DO ESTADO E DA POLÍTICA ECONÔMICA E SOCIAL,84,"ADMINISTRAÇÃO PÚBLICA, DEFESA E SEGURIDADE SOCIAL",O,"ADMINISTRAÇÃO PÚBLICA, DEFESA E SEGURIDADE SOCIAL"
84124,"REGULAÇÃO DAS ATIVIDADES DE SAÚDE, EDUCAÇÃO, SERVIÇOS CULTURAIS E OUTROS SERVIÇOS SOCIAIS",841,ADMINISTRAÇÃO DO ESTADO E DA POLÍTICA ECONÔMICA E SOCIAL,84,"ADMINISTRAÇÃO PÚBLICA, DEFESA E SEGURIDADE SOCIAL",O,"ADMINISTRAÇÃO PÚBLICA, DEFESA E SEGURIDADE SOCIAL"
84132,REGULAÇÃO DAS ATIVIDADES ECONÔMICAS,841,ADMINISTRAÇÃO DO ESTADO E DA POLÍTICA ECONÔMICA E SOCIAL,84,"ADMINISTRAÇÃO PÚBLICA, DEFESA E SEGURIDADE SOCIAL",O,"ADMINISTRAÇÃO PÚBLICA, DEFESA E SEGURIDADE SOCIAL"
84213,RELAÇÕES EXTERIORES,842,SERVIÇOS COLETIVOS PRESTADOS PELA ADMINISTRAÇÃO PÚBLICA,84,"ADMINISTRAÇÃO PÚBLICA, DEFESA E SEGURIDADE SOCIAL",O,"ADMINISTRAÇÃO PÚBLICA, DEFESA E SEGURIDADE SOCIAL"
84221,DEFESA,842,SERVIÇOS COLETIVOS PRESTADOS PELA ADMINISTRAÇÃO PÚBLICA,84,"ADMINISTRAÇÃO PÚBLICA, DEFESA E SEGURIDADE SOCIAL",O,"ADMINISTRAÇÃO PÚBLICA, DEFESA E SEGURIDADE SOCIAL"
84230,JUSTIÇA,842,SERVIÇOS COLETIVOS PRESTADOS PELA ADMINISTRAÇÃO PÚBLICA,84,"ADMINISTRAÇÃO PÚBLICA, DEFESA E SEGURIDADE SOCIAL",O,"ADMINISTRAÇÃO PÚBLICA, DEFESA E SEGURIDADE SOCIAL"
84248,SEGURANÇA E ORDEM PÚBLICA,842,SERVIÇOS COLETIVOS PRESTADOS PELA ADMINISTRAÇÃO PÚBLICA,84,"ADMINISTRAÇÃO PÚBLICA, DEFESA E SEGURIDADE SOCIAL",O,"ADMINISTRAÇÃO PÚBLICA, DEFESA E SEGURIDADE SOCIAL"
84256,DEFESA CIVIL,842,SERVIÇOS COLETIVOS PRESTADOS PELA ADMINISTRAÇÃO PÚBLICA,84,"ADMINISTRAÇÃO PÚBLICA, DEFESA E SEGURIDADE SOCIAL",O,"ADMINISTRAÇÃO PÚBLICA, DEFESA E SEGURIDADE SOCIAL"
84302,SEGURIDADE SOCIAL OBRIGATÓRIA,843,SEGURIDADE SOCIAL OBRIGATÓRIA,84,"ADMINISTRAÇÃO PÚBLICA, DEFESA E SEGURIDADE SOCIAL",O,"ADMINISTRAÇÃO PÚBLICA, DEFESA E SEGURIDADE SOCIAL"
85112,EDUCAÇÃO INFANTIL - CRECHE,851,EDUCAÇÃO INFANTIL E ENSINO FUNDAMENTAL,85,EDUCAÇÃO,P,EDUCAÇÃO
85121,EDUCAÇÃO INFANTIL - PRÉ-ESCOLA,851,EDUCAÇÃO INFANTIL E ENSINO FUNDAMENTAL,85,EDUCAÇÃO,P,EDUCAÇÃO
85139,ENSINO FUNDAMENTAL,851,EDUCAÇÃO INFANTIL E ENSINO FUNDAMENTAL,85,EDUCAÇÃO,P,EDUCAÇÃO
85201,ENSINO MÉDIO,852,ENSINO MÉDIO,85,EDUCAÇÃO,P,EDUCAÇÃO
85317,EDUCAÇÃO SUPERIOR - GRADUAÇÃO,853,EDUCAÇÃO SUPERIOR,85,EDUCAÇÃO,P,EDUCAÇÃO
85325,EDUCAÇÃO SUPERIOR - GRADUAÇÃO E PÓS-GRADUAÇÃO,853,EDUCAÇÃO SUPERIOR,85,EDUCAÇÃO,P,EDUCAÇÃO
85333,EDUCAÇÃO SUPERIOR - PÓS-GRADUAÇÃO E EXTENSÃO,853,EDUCAÇÃO SUPERIOR,85,EDUCAÇÃO,P,EDUCAÇÃO
85414,EDUCAÇÃO PROFISSIONAL DE NÍVEL TÉCNICO,854,EDUCAÇÃO PROFISSIONAL DE NÍVEL TÉCNICO E TECNOLÓGICO,85,EDUCAÇÃO,P,EDUCAÇÃO
85422,EDUCAÇÃO PROFISSIONAL DE NÍVEL TECNOLÓGICO,854,EDUCAÇÃO PROFISSIONAL DE NÍVEL TÉCNICO E TECNOLÓGICO,85,EDUCAÇÃO,P,EDUCAÇÃO
85503,ATIVIDADES DE APOIO À EDUCAÇÃO,855,ATIVIDADES DE APOIO À EDUCAÇÃO,85,EDUCAÇÃO,P,EDUCAÇÃO
85911,ENSINO DE ESPORTES,859,OUTRAS ATIVIDADES DE ENSINO,85,EDUCAÇÃO,P,EDUCAÇÃO
85929,ENSINO DE ARTE E CULTURA,859,OUTRAS ATIVIDADES DE ENSINO,85,EDUCAÇÃO,P,EDUCAÇÃO
85937,ENSINO DE IDIOMAS,859,OUTRAS ATIVIDADES DE ENSINO,85,EDUCAÇÃO,P,EDUCAÇÃO
85996,ATIVIDADES DE ENSINO NÃO ESPECIFICADAS ANTERIORMENTE,859,OUTRAS ATIVIDADES DE ENSINO,85,EDUCAÇÃO,P,EDUCAÇÃO
86101,ATIVIDADES DE ATENDIMENTO HOSPITALAR,861,ATIVIDADES DE ATENDIMENTO HOSPITALAR,86,ATIVIDADES DE ATENÇÃO À SAÚDE HUMANA,Q,SAÚDE HUMANA E SERVIÇOS SOCIAIS
86216,SERVIÇOS MÓVEIS DE ATENDIMENTO A URGÊNCIAS,862,SERVIÇOS MÓVEIS DE ATENDIMENTO A URGÊNCIAS E DE REMOÇÃO DE PACIENTES,86,ATIVIDADES DE ATENÇÃO À SAÚDE HUMANA,Q,SAÚDE HUMANA E SERVIÇOS SOCIAIS
86224,"SERVIÇOS DE REMOÇÃO DE PACIENTES, EXCETO OS SERVIÇOS MÓVEIS DE ATENDIMENTO A URGÊNCIAS",862,SERVIÇOS MÓVEIS DE ATENDIMENTO A URGÊNCIAS E DE REMOÇÃO DE PACIENTES,86,ATIVIDADES DE ATENÇÃO À SAÚDE HUMANA,Q,SAÚDE HUMANA E SERVIÇOS SOCIAIS
86305,ATIVIDADES DE ATENÇÃO AMBULATORIAL EXECUTADAS POR MÉDICOS E ODONTÓLOGOS,863,ATIVIDADES DE ATENÇÃO AMBULATORIAL EXECUTADAS POR MÉDICOS E ODONTÓLOGOS,86,ATIVIDADES DE ATENÇÃO À SAÚDE HUMANA,Q,SAÚDE HUMANA E SERVIÇOS SOCIAIS
86402,ATIVIDADES DE SERVIÇOS DE COMPLEMENTAÇÃO DIAGNÓSTICA E TERAPÊUTICA,864,ATIVIDADES DE SERVIÇOS DE COMPLEMENTAÇÃO DIAGNÓSTICA E TERAPÊUTICA,86,ATIVIDADES DE ATENÇÃO À SAÚDE HUMANA,Q,SAÚDE HUMANA E SERVIÇOS SOCIAIS
86500,"ATIVIDADES DE PROFISSIONAIS DA ÁREA DE SAÚDE, EXCETO MÉDICOS E ODONTÓLOGOS",865,"ATIVIDADES DE PROFISSIONAIS DA ÁREA DE SAÚDE, EXCETO MÉDICOS E ODONTÓLOGOS",86,ATIVIDADES DE ATENÇÃO À SAÚDE HUMANA,Q,SAÚDE HUMANA E SERVIÇOS SOCIAIS
86607,ATIVIDADES DE APOIO À GESTÃO DE SAÚDE,866,ATIVIDADES DE APOIO À GESTÃO DE SAÚDE,86,ATIVIDADES DE ATENÇÃO À SAÚDE HUMANA,Q,SAÚDE HUMANA E SERVIÇOS SOCIAIS
86909,ATIVIDADES DE ATENÇÃO À SAÚDE HUMANA NÃO ESPECIFICADAS ANTERIORMENTE,869,ATIVIDADES DE ATENÇÃO À SAÚDE HUMANA NÃO ESPECIFICADAS ANTERIORMENTE,86,ATIVIDADES DE ATENÇÃO À SAÚDE HUMANA,Q,SAÚDE HUMANA E SERVIÇOS SOCIAIS
87115,"ATIVIDADES DE ASSISTÊNCIA A IDOSOS, DEFICIENTES FÍSICOS, IMUNODEPRIMIDOS E CONVALESCENTES PRESTADAS EM RESIDÊNCIAS COLETIVAS E PARTICULARES",871,"ATIVIDADES DE ASSISTÊNCIA A IDOSOS, DEFICIENTES FÍSICOS, IMUNODEPRIMIDOS E CONVALESCENTES, E DE INFRA-ESTRUTURA E APOIO A PACIENTES PRESTADAS EM RESIDÊNCIAS COLETIVAS E PARTICULARES",87,"ATIVIDADES DE ATENÇÃO À SAÚDE HUMANA INTEGRADAS COM ASSISTÊNCIA SOCIAL, PRESTADAS EM RESIDÊNCIAS COLETIVAS E PARTICULARES",Q,SAÚDE HUMANA E SERVIÇOS SOCIAIS
87123,ATIVIDADES DE FORNECIMENTO DE INFRAESTRUTURA DE APOIO E ASSISTÊNCIA A PACIENTE NO DOMICÍLIO,871,"ATIVIDADES DE ASSISTÊNCIA A IDOSOS, DEFICIENTES FÍSICOS, IMUNODEPRIMIDOS E CONVALESCENTES, E DE INFRA-ESTRUTURA E APOIO A PACIENTES PRESTADAS EM RESIDÊNCIAS COLETIVAS E PARTICULARES",87,"ATIVIDADES DE ATENÇÃO À SAÚDE HUMANA INTEGRADAS COM ASSISTÊNCIA SOCIAL, PRESTADAS EM RESIDÊNCIAS COLETIVAS E PARTICULARES",Q,SAÚDE HUMANA E SERVIÇOS SOCIAIS
87204,"ATIVIDADES DE ASSISTÊNCIA PSICOSSOCIAL E À SAÚDE A PORTADORES DE DISTÚRBIOS PSÍQUICOS, DEFICIÊNCIA MENTAL E DEPENDÊNCIA QUÍMICA",872,"ATIVIDADES DE ASSISTÊNCIA PSICOSSOCIAL E À SAÚDE A PORTADORES DE DISTÚRBIOS PSÍQUICOS, DEFICIÊNCIA MENTAL E DEPENDÊNCIA QUÍMICA",87,"ATIVIDADES DE ATENÇÃO À SAÚDE HUMANA INTEGRADAS COM ASSISTÊNCIA SOCIAL, PRESTADAS EM RESIDÊNCIAS COLETIVAS E PARTICULARES",Q,SAÚDE HUMANA E SERVIÇOS SOCIAIS
87301,ATIVIDADES DE ASSISTÊNCIA SOCIAL PRESTADAS EM RESIDÊNCIAS COLETIVAS E PARTICULARES,873,ATIVIDADES DE ASSISTÊNCIA SOCIAL PRESTADAS EM RESIDÊNCIAS COLETIVAS E PARTICULARES,87,"ATIVIDADES DE ATENÇÃO À SAÚDE HUMANA INTEGRADAS COM ASSISTÊNCIA SOCIAL, PRESTADAS EM RESIDÊNCIAS COLETIVAS E PARTICULARES",Q,SAÚDE HUMANA E SERVIÇOS SOCIAIS
88006,SERVIÇOS DE ASSISTÊNCIA SOCIAL SEM ALOJAMENTO,880,SERVIÇOS DE ASSISTÊNCIA SOCIAL SEM ALOJAMENTO,88,SERVIÇOS DE ASSISTÊNCIA SOCIAL SEM ALOJAMENTO,Q,SAÚDE HUMANA E SERVIÇOS SOCIAIS
90019,"ARTES CÊNICAS, ESPETÁCULOS E ATIVIDADES COMPLEMENTARES",900,"ATIVIDADES ARTÍSTICAS, CRIATIVAS E DE ESPETÁCULOS",90,"ATIVIDADES ARTÍSTICAS, CRIATIVAS E DE ESPETÁCULOS",R,"ARTES, CULTURA, ESPORTE E RECREAÇÃO"
90027,CRIAÇÃO ARTÍSTICA,900,"ATIVIDADES ARTÍSTICAS, CRIATIVAS E DE ESPETÁCULOS",90,"ATIVIDADES ARTÍSTICAS, CRIATIVAS E DE ESPETÁCULOS",R,"ARTES, CULTURA, ESPORTE E RECREAÇÃO"
90035,"GESTÃO DE ESPAÇOS PARA ARTES CÊNICAS, ESPETÁCULOS E OUTRAS ATIVIDADES ARTÍSTICAS",900,"ATIVIDADES ARTÍSTICAS, CRIATIVAS E DE ESPETÁCULOS",90,"ATIVIDADES ARTÍSTICAS, CRIATIVAS E DE ESPETÁCULOS",R,"ARTES, CULTURA, ESPORTE E RECREAÇÃO"
91015,ATIVIDADES DE BIBLIOTECAS E ARQUIVOS,910,ATIVIDADES LIGADAS AO PATRIMÔNIO CULTURAL E AMBIENTAL,91,ATIVIDADES LIGADAS AO PATRIMÔNIO CULTURAL E AMBIENTAL,R,"ARTES, CULTURA, ESPORTE E RECREAÇÃO"
91023,"ATIVIDADES DE MUSEUS E DE EXPLORAÇÃO, RESTAURAÇÃO ARTÍSTICA E CONSERVAÇÃO DE LUGARES E PRÉDIOS HISTÓRICOS E ATRAÇÕES SIMILARES",910,ATIVIDADES LIGADAS AO PATRIMÔNIO CULTURAL E AMBIENTAL,91,ATIVIDADES LIGADAS AO PATRIMÔNIO CULTURAL E AMBIENTAL,R,"ARTES, CULTURA, ESPORTE E RECREAÇÃO"
91031,"ATIVIDADES DE JARDINS BOTÂNICOS, ZOOLÓGICOS, PARQUES NACIONAIS, RESERVAS ECOLÓGICAS E ÁREAS DE PROTEÇÃO AMBIENTAL",910,ATIVIDADES LIGADAS AO PATRIMÔNIO CULTURAL E AMBIENTAL,91,ATIVIDADES LIGADAS AO PATRIMÔNIO CULTURAL E AMBIENTAL,R,"ARTES, CULTURA, ESPORTE E RECREAÇÃO"
92003,ATIVIDADES DE EXPLORAÇÃO DE JOGOS DE AZAR E APOSTAS,920,ATIVIDADES DE EXPLORAÇÃO DE JOGOS DE AZAR E APOSTAS,92,ATIVIDADES DE EXPLORAÇÃO DE JOGOS DE AZAR E APOSTAS,R,"ARTES, CULTURA, ESPORTE E RECREAÇÃO"
93115,GESTÃO DE INSTALAÇÕES DE ESPORTES,931,ATIVIDADES ESPORTIVAS,93,ATIVIDADES ESPORTIVAS E DE RECREAÇÃO E LAZER,R,"ARTES, CULTURA, ESPORTE E RECREAÇÃO"
93123,"CLUBES SOCIAIS, ESPORTIVOS E SIMILARES",931,ATIVIDADES ESPORTIVAS,93,ATIVIDADES ESPORTIVAS E DE RECREAÇÃO E LAZER,R,"ARTES, CULTURA, ESPORTE E RECREAÇÃO"
93131,ATIVIDADES DE CONDICIONAMENTO FÍSICO,931,ATIVIDADES ESPORTIVAS,93,ATIVIDADES ESPORTIVAS E DE RECREAÇÃO E LAZER,R,"ARTES, CULTURA, ESPORTE E RECREAÇÃO"
93191,ATIVIDADES ESPORTIVAS NÃO ESPECIFICADAS ANTERIORMENTE,931,ATIVIDADES ESPORTIVAS,93,ATIVIDADES ESPORTIVAS E DE RECREAÇÃO E LAZER,R,"ARTES, CULTURA, ESPORTE E RECREAÇÃO"
93212,PARQUES DE DIVERSÃO E PARQUES TEMÁTICOS,932,ATIVIDADES DE RECREAÇÃO E LAZER,93,ATIVIDADES ESPORTIVAS E DE RECREAÇÃO E LAZER,R,"ARTES, CULTURA, ESPORTE E RECREAÇÃO"
93298,ATIVIDADES DE RECREAÇÃO E LAZER NÃO ESPECIFICADAS ANTERIORMENTE,932,ATIVIDADES DE RECREAÇÃO E LAZER,93,ATIVIDADES ESPORTIVAS E DE RECREAÇÃO E LAZER,R,"ARTES, CULTURA, ESPORTE E RECREAÇÃO"
94111,ATIVIDADES DE ORGANIZAÇÕES ASSOCIATIVAS PATRONAIS E EMPRESARIAIS,941,"ATIVIDADES DE ORGANIZAÇÕES ASSOCIATIVAS PATRONAIS, EMPRESARIAIS E PROFISSIONAIS",94,ATIVIDADES DE ORGANIZAÇÕES ASSOCIATIVAS,S,OUTRAS ATIVIDADES DE SERVIÇOS
94120,ATIVIDADES DE ORGANIZAÇÕES ASSOCIATIVAS PROFISSIONAIS,941,"ATIVIDADES DE ORGANIZAÇÕES ASSOCIATIVAS PATRONAIS, EMPRESARIAIS E PROFISSIONAIS",94,ATIVIDADES DE ORGANIZAÇÕES ASSOCIATIVAS,S,OUTRAS ATIVIDADES DE SERVIÇOS
94201,ATIVIDADES DE ORGANIZAÇÕES SINDICAIS,942,ATIVIDADES DE ORGANIZAÇÕES SINDICAIS,94,ATIVIDADES DE ORGANIZAÇÕES ASSOCIATIVAS,S,OUTRAS ATIVIDADES DE SERVIÇOS
94308,ATIVIDADES DE ASSOCIAÇÕES DE DEFESA DE DIREITOS SOCIAIS,943,ATIVIDADES DE ASSOCIAÇÕES DE DEFESA DE DIREITOS SOCIAIS,94,ATIVIDADES DE ORGANIZAÇÕES ASSOCIATIVAS,S,OUTRAS ATIVIDADES DE SERVIÇOS
94910,ATIVIDADES DE ORGANIZAÇÕES RELIGIOSAS,949,ATIVIDADES DE ORGANIZAÇÕES ASSOCIATIVAS NÃO ESPECIFICADAS ANTERIORMENTE,94,ATIVIDADES DE ORGANIZAÇÕES ASSOCIATIVAS,S,OUTRAS ATIVIDADES DE SERVIÇOS
94928,ATIVIDADES DE ORGANIZAÇÕES POLÍTICAS,949,ATIVIDADES DE ORGANIZAÇÕES ASSOCIATIVAS NÃO ESPECIFICADAS ANTERIORMENTE,94,ATIVIDADES DE ORGANIZAÇÕES ASSOCIATIVAS,S,OUTRAS ATIVIDADES DE SERVIÇOS
94936,ATIVIDADES DE ORGANIZAÇÕES ASSOCIATIVAS LIGADAS À CULTURA E À ARTE,949,ATIVIDADES DE ORGANIZAÇÕES ASSOCIATIVAS NÃO ESPECIFICADAS ANTERIORMENTE,94,ATIVIDADES DE ORGANIZAÇÕES ASSOCIATIVAS,S,OUTRAS ATIVIDADES DE SERVIÇOS
94995,ATIVIDADES ASSOCIATIVAS NÃO ESPECIFICADAS ANTERIORMENTE,949,ATIVIDADES DE ORGANIZAÇÕES ASSOCIATIVAS NÃO ESPECIFICADAS ANTERIORMENTE,94,ATIVIDADES DE ORGANIZAÇÕES ASSOCIATIVAS,S,OUTRAS ATIVIDADES DE SERVIÇOS
95118,REPARAÇÃO E MANUTENÇÃO DE COMPUTADORES E DE EQUIPAMENTOS PERIFÉRICOS,951,REPARAÇÃO E MANUTENÇÃO DE EQUIPAMENTOS DE INFORMÁTICA E COMUNICAÇÃO,95,REPARAÇÃO E MANUTENÇÃO DE EQUIPAMENTOS DE INFORMÁTICA E COMUNICAÇÃO E DE OBJETOS PESSOAIS E DOMÉSTICOS,S,OUTRAS ATIVIDADES DE SERVIÇOS
95126,REPARAÇÃO E MANUTENÇÃO DE EQUIPAMENTOS DE COMUNICAÇÃO,951,REPARAÇÃO E MANUTENÇÃO DE EQUIPAMENTOS DE INFORMÁTICA E COMUNICAÇÃO,95,REPARAÇÃO E MANUTENÇÃO DE EQUIPAMENTOS DE INFORMÁTICA E COMUNICAÇÃO E DE OBJETOS PESSOAIS E DOMÉSTICOS,S,OUTRAS ATIVIDADES DE SERVIÇOS
95215,REPARAÇÃO E MANUTENÇÃO DE EQUIPAMENTOS ELETROELETRÔNICOS DE USO PESSOAL E DOMÉSTICO,952,REPARAÇÃO E MANUTENÇÃO DE OBJETOS E EQUIPAMENTOS PESSOAIS E DOMÉSTICOS,95,REPARAÇÃO E MANUTENÇÃO DE EQUIPAMENTOS DE INFORMÁTICA E COMUNICAÇÃO E DE OBJETOS PESSOAIS E DOMÉSTICOS,S,OUTRAS ATIVIDADES DE SERVIÇOS
95291,REPARAÇÃO E MANUTENÇÃO DE OBJETOS E EQUIPAMENTOS PESSOAIS E DOMÉSTICOS NÃO ESPECIFICADOS ANTERIORMENTE,952,REPARAÇÃO E MANUTENÇÃO DE OBJETOS E EQUIPAMENTOS PESSOAIS E DOMÉSTICOS,95,REPARAÇÃO E MANUTENÇÃO DE EQUIPAMENTOS DE INFORMÁTICA E COMUNICAÇÃO E DE OBJETOS PESSOAIS E DOMÉSTICOS,S,OUTRAS ATIVIDADES DE SERVIÇOS
96017,"LAVANDERIAS, TINTURARIAS E TOALHEIROS",960,OUTRAS ATIVIDADES DE SERVIÇOS PESSOAIS,96,OUTRAS ATIVIDADES DE SERVIÇOS PESSOAIS,S,OUTRAS ATIVIDADES DE SERVIÇOS
96025,CABELEIREIROS E OUTRAS ATIVIDADES DE TRATAMENTO DE BELEZA,960,OUTRAS ATIVIDADES DE SERVIÇOS PESSOAIS,96,OUTRAS ATIVIDADES DE SERVIÇOS PESSOAIS,S,OUTRAS ATIVIDADES DE SERVIÇOS
96033,ATIVIDADES FUNERÁRIAS E SERVIÇOS RELACIONADOS,960,OUTRAS ATIVIDADES DE SERVIÇOS PESSOAIS,96,OUTRAS ATIVIDADES DE SERVIÇOS PESSOAIS,S,OUTRAS ATIVIDADES DE SERVIÇOS
96092,ATIVIDADES DE SERVIÇOS PESSOAIS NÃO ESPECIFICADAS ANTERIORMENTE,960,OUTRAS ATIVIDADES DE SERVIÇOS PESSOAIS,96,OUTRAS ATIVIDADES DE SERVIÇOS PESSOAIS,S,OUTRAS ATIVIDADES DE SERVIÇOS
97005,SERVIÇOS DOMÉSTICOS,970,SERVIÇOS DOMÉSTICOS,97,SERVIÇOS DOMÉSTICOS,T,SERVIÇOS DOMÉSTICOS
99008,ORGANISMOS INTERNACIONAIS E OUTRAS INSTITUIÇÕES EXTRATERRITORIAIS,990,ORGANISMOS INTERNACIONAIS E OUTRAS INSTITUIÇÕES EXTRATERRITORIAIS,99,ORGANISMOS INTERNACIONAIS E OUTRAS INSTITUIÇÕES EXTRATERRITORIAIS,U,ORGANISMOS INTERNACIONAIS E OUTRAS INSTITUIÇÕES EXTRATERRITORIAIS
