caminho,diretorio,arquivo,extensao,bytes,modificado_em,base,ano,mes,recorte,fonte_meta
/pdet/microdados/COMUNICADO_microdados.pdf,/pdet/microdados,COMUNICADO_microdados.pdf,pdf,77037,04-25-16 10:47AM,AUXILIAR_DOC,,,,LIST
/pdet/microdados/NOTA_TECNICA_microdados.pdf,/pdet/microdados,NOTA_TECNICA_microdados.pdf,pdf,135423,04-25-16 10:47AM,AUXILIAR_DOC,,,,LIST
/pdet/microdados/CAGED/CAGEDEST_layout_Atualizado.xls,/pdet/microdados/CAGED,CAGEDEST_layout_Atualizado.xls,xls,1323008,06-21-18 03:05PM,AUXILIAR_DOC,,,,LIST
/pdet/microdados/CAGED_AJUSTES/1Comunicado_Qtd_registros_por_arquivo.xls,/pdet/microdados/CAGED_AJUSTES,1Comunicado_Qtd_registros_por_arquivo.xls,xls,352768,11-07-17 12:39PM,AUXILIAR_DOC,,,,LIST
/pdet/microdados/CAGED_AJUSTES/2CAGEDEST_AjustesForaPrazo_layout_Atualizado.xls,/pdet/microdados/CAGED_AJUSTES,2CAGEDEST_AjustesForaPrazo_layout_Atualizado.xls,xls,1257984,12-19-19 06:46PM,AUXILIAR_DOC,,,,LIST
/pdet/microdados/NOVO CAGED/Comunicado - Grupamento de Atividades Econômicas.pdf,/pdet/microdados/NOVO CAGED,Comunicado - Grupamento de Atividades Econômicas.pdf,pdf,345046,06-05-20 05:49PM,AUXILIAR_DOC,,,,LIST
/pdet/microdados/NOVO CAGED/Layout Não-identificado Novo Caged Movimentação.xlsx,/pdet/microdados/NOVO CAGED,Layout Não-identificado Novo Caged Movimentação.xlsx,xlsx,293931,08-31-22 11:59AM,AUXILIAR_DOC,,,,LIST
/pdet/microdados/NOVO CAGED/Leia-me.txt,/pdet/microdados/NOVO CAGED,Leia-me.txt,txt,1084,11-30-21 03:56PM,AUXILIAR_DOC,,,,LIST
/pdet/microdados/NOVO CAGED/Sobre o Novo Caged.pdf,/pdet/microdados/NOVO CAGED,Sobre o Novo Caged.pdf,pdf,83781,11-30-21 03:56PM,AUXILIAR_DOC,,,,LIST
/pdet/microdados/TRABALHO_DOMESTICO/Layout Público RAIS eSocial Doméstica.xlsx,/pdet/microdados/TRABALHO_DOMESTICO,Layout Público RAIS eSocial Doméstica.xlsx,xlsx,374883,08-12-25 11:02AM,AUXILIAR_DOC,,,,LIST
/pdet/microdados/TRABALHO_DOMESTICO/RAIS_DOM_PUB_2015.7z,/pdet/microdados/TRABALHO_DOMESTICO,RAIS_DOM_PUB_2015.7z,7z,19009188,08-12-25 11:03AM,RAIS_OUTRO,2015,,,LIST
/pdet/microdados/TRABALHO_DOMESTICO/RAIS_DOM_PUB_2016.7z,/pdet/microdados/TRABALHO_DOMESTICO,RAIS_DOM_PUB_2016.7z,7z,23985089,08-12-25 11:03AM,RAIS_OUTRO,2016,,,LIST
/pdet/microdados/TRABALHO_DOMESTICO/RAIS_DOM_PUB_2017.7z,/pdet/microdados/TRABALHO_DOMESTICO,RAIS_DOM_PUB_2017.7z,7z,23864834,08-12-25 11:03AM,RAIS_OUTRO,2017,,,LIST
/pdet/microdados/TRABALHO_DOMESTICO/RAIS_DOM_PUB_2018.7z,/pdet/microdados/TRABALHO_DOMESTICO,RAIS_DOM_PUB_2018.7z,7z,23557263,08-12-25 11:03AM,RAIS_OUTRO,2018,,,LIST
/pdet/microdados/TRABALHO_DOMESTICO/RAIS_DOM_PUB_2019.7z,/pdet/microdados/TRABALHO_DOMESTICO,RAIS_DOM_PUB_2019.7z,7z,31685269,08-12-25 11:03AM,RAIS_OUTRO,2019,,,LIST
/pdet/microdados/TRABALHO_DOMESTICO/RAIS_DOM_PUB_2020.7z,/pdet/microdados/TRABALHO_DOMESTICO,RAIS_DOM_PUB_2020.7z,7z,29764772,08-12-25 11:03AM,RAIS_OUTRO,2020,,,LIST
/pdet/microdados/TRABALHO_DOMESTICO/RAIS_DOM_PUB_2021.7z,/pdet/microdados/TRABALHO_DOMESTICO,RAIS_DOM_PUB_2021.7z,7z,29325050,08-12-25 11:03AM,RAIS_OUTRO,2021,,,LIST
/pdet/microdados/TRABALHO_DOMESTICO/RAIS_DOM_PUB_2022.7z,/pdet/microdados/TRABALHO_DOMESTICO,RAIS_DOM_PUB_2022.7z,7z,29035467,08-12-25 11:03AM,RAIS_OUTRO,2022,,,LIST
/pdet/microdados/TRABALHO_DOMESTICO/RAIS_DOM_PUB_2023.7z,/pdet/microdados/TRABALHO_DOMESTICO,RAIS_DOM_PUB_2023.7z,7z,26910350,08-12-25 11:03AM,RAIS_OUTRO,2023,,,LIST
/pdet/microdados/TRABALHO_DOMESTICO/RAIS_DOM_PUB_2024.7z,/pdet/microdados/TRABALHO_DOMESTICO,RAIS_DOM_PUB_2024.7z,7z,24661244,08-12-25 11:03AM,RAIS_OUTRO,2024,,,LIST
/pdet/microdados/TRABALHO_DOMESTICO/RAIS_DOM_PUB_2025.7z,/pdet/microdados/TRABALHO_DOMESTICO,RAIS_DOM_PUB_2025.7z,7z,23632356,04-10-26 10:03AM,RAIS_OUTRO,2025,,,LIST
/pdet/microdados/CAGED/2007/CAGEDEST_012007.7z,/pdet/microdados/CAGED/2007,CAGEDEST_012007.7z,7z,21713433,08-21-17 06:33PM,CAGED_ANTIGO,2007,,,LIST
/pdet/microdados/CAGED/2007/CAGEDEST_022007.7z,/pdet/microdados/CAGED/2007,CAGEDEST_022007.7z,7z,21188560,08-21-17 06:33PM,CAGED_ANTIGO,2007,,,LIST
/pdet/microdados/CAGED/2007/CAGEDEST_032007.7z,/pdet/microdados/CAGED/2007,CAGEDEST_032007.7z,7z,23528287,08-21-17 06:33PM,CAGED_ANTIGO,2007,,,LIST
/pdet/microdados/CAGED/2007/CAGEDEST_042007.7z,/pdet/microdados/CAGED/2007,CAGEDEST_042007.7z,7z,21854411,08-21-17 06:33PM,CAGED_ANTIGO,2007,,,LIST
/pdet/microdados/CAGED/2007/CAGEDEST_052007.7z,/pdet/microdados/CAGED/2007,CAGEDEST_052007.7z,7z,23408072,08-21-17 06:33PM,CAGED_ANTIGO,2007,,,LIST
/pdet/microdados/CAGED/2007/CAGEDEST_062007.7z,/pdet/microdados/CAGED/2007,CAGEDEST_062007.7z,7z,21987284,08-21-17 06:33PM,CAGED_ANTIGO,2007,,,LIST
/pdet/microdados/CAGED/2007/CAGEDEST_072007.7z,/pdet/microdados/CAGED/2007,CAGEDEST_072007.7z,7z,22451067,08-21-17 06:33PM,CAGED_ANTIGO,2007,,,LIST
/pdet/microdados/CAGED/2007/CAGEDEST_082007.7z,/pdet/microdados/CAGED/2007,CAGEDEST_082007.7z,7z,23622908,08-21-17 06:33PM,CAGED_ANTIGO,2007,,,LIST
/pdet/microdados/CAGED/2007/CAGEDEST_092007.7z,/pdet/microdados/CAGED/2007,CAGEDEST_092007.7z,7z,21839287,08-21-17 06:33PM,CAGED_ANTIGO,2007,,,LIST
/pdet/microdados/CAGED/2007/CAGEDEST_102007.7z,/pdet/microdados/CAGED/2007,CAGEDEST_102007.7z,7z,23488912,08-21-17 06:33PM,CAGED_ANTIGO,2007,,,LIST
/pdet/microdados/CAGED/2007/CAGEDEST_112007.7z,/pdet/microdados/CAGED/2007,CAGEDEST_112007.7z,7z,22070263,08-21-17 06:33PM,CAGED_ANTIGO,2007,,,LIST
/pdet/microdados/CAGED/2007/CAGEDEST_122007.7z,/pdet/microdados/CAGED/2007,CAGEDEST_122007.7z,7z,20526980,08-21-17 06:33PM,CAGED_ANTIGO,2007,,,LIST
/pdet/microdados/CAGED/2008/CAGEDEST_012008.7z,/pdet/microdados/CAGED/2008,CAGEDEST_012008.7z,7z,24826994,08-21-17 06:34PM,CAGED_ANTIGO,2008,,,LIST
/pdet/microdados/CAGED/2008/CAGEDEST_022008.7z,/pdet/microdados/CAGED/2008,CAGEDEST_022008.7z,7z,25545872,08-21-17 06:34PM,CAGED_ANTIGO,2008,,,LIST
/pdet/microdados/CAGED/2008/CAGEDEST_032008.7z,/pdet/microdados/CAGED/2008,CAGEDEST_032008.7z,7z,26630395,08-21-17 06:34PM,CAGED_ANTIGO,2008,,,LIST
/pdet/microdados/CAGED/2008/CAGEDEST_042008.7z,/pdet/microdados/CAGED/2008,CAGEDEST_042008.7z,7z,26814497,08-21-17 06:34PM,CAGED_ANTIGO,2008,,,LIST
/pdet/microdados/CAGED/2008/CAGEDEST_052008.7z,/pdet/microdados/CAGED/2008,CAGEDEST_052008.7z,7z,25834189,08-21-17 06:34PM,CAGED_ANTIGO,2008,,,LIST
/pdet/microdados/CAGED/2008/CAGEDEST_062008.7z,/pdet/microdados/CAGED/2008,CAGEDEST_062008.7z,7z,26534349,08-21-17 06:34PM,CAGED_ANTIGO,2008,,,LIST
/pdet/microdados/CAGED/2008/CAGEDEST_072008.7z,/pdet/microdados/CAGED/2008,CAGEDEST_072008.7z,7z,28079597,08-21-17 06:34PM,CAGED_ANTIGO,2008,,,LIST
/pdet/microdados/CAGED/2008/CAGEDEST_082008.7z,/pdet/microdados/CAGED/2008,CAGEDEST_082008.7z,7z,27488397,08-21-17 06:34PM,CAGED_ANTIGO,2008,,,LIST
/pdet/microdados/CAGED/2008/CAGEDEST_092008.7z,/pdet/microdados/CAGED/2008,CAGEDEST_092008.7z,7z,28006680,08-21-17 06:34PM,CAGED_ANTIGO,2008,,,LIST
/pdet/microdados/CAGED/2008/CAGEDEST_102008.7z,/pdet/microdados/CAGED/2008,CAGEDEST_102008.7z,7z,28449606,08-21-17 06:34PM,CAGED_ANTIGO,2008,,,LIST
/pdet/microdados/CAGED/2008/CAGEDEST_112008.7z,/pdet/microdados/CAGED/2008,CAGEDEST_112008.7z,7z,26032747,08-21-17 06:34PM,CAGED_ANTIGO,2008,,,LIST
/pdet/microdados/CAGED/2008/CAGEDEST_122008.7z,/pdet/microdados/CAGED/2008,CAGEDEST_122008.7z,7z,23889720,08-21-17 06:34PM,CAGED_ANTIGO,2008,,,LIST
/pdet/microdados/CAGED/2009/CAGEDEST_012009.7z,/pdet/microdados/CAGED/2009,CAGEDEST_012009.7z,7z,23692079,04-25-16 10:51AM,CAGED_ANTIGO,2009,,,LIST
/pdet/microdados/CAGED/2009/CAGEDEST_022009.7z,/pdet/microdados/CAGED/2009,CAGEDEST_022009.7z,7z,23013704,04-25-16 10:51AM,CAGED_ANTIGO,2009,,,LIST
/pdet/microdados/CAGED/2009/CAGEDEST_032009.7z,/pdet/microdados/CAGED/2009,CAGEDEST_032009.7z,7z,25675446,04-25-16 10:51AM,CAGED_ANTIGO,2009,,,LIST
/pdet/microdados/CAGED/2009/CAGEDEST_042009.7z,/pdet/microdados/CAGED/2009,CAGEDEST_042009.7z,7z,23787188,04-25-16 10:51AM,CAGED_ANTIGO,2009,,,LIST
/pdet/microdados/CAGED/2009/CAGEDEST_052009.7z,/pdet/microdados/CAGED/2009,CAGEDEST_052009.7z,7z,23773237,04-25-16 10:51AM,CAGED_ANTIGO,2009,,,LIST
/pdet/microdados/CAGED/2009/CAGEDEST_062009.7z,/pdet/microdados/CAGED/2009,CAGEDEST_062009.7z,7z,24040676,04-25-16 10:51AM,CAGED_ANTIGO,2009,,,LIST
/pdet/microdados/CAGED/2009/CAGEDEST_072009.7z,/pdet/microdados/CAGED/2009,CAGEDEST_072009.7z,7z,24614926,04-25-16 10:52AM,CAGED_ANTIGO,2009,,,LIST
/pdet/microdados/CAGED/2009/CAGEDEST_082009.7z,/pdet/microdados/CAGED/2009,CAGEDEST_082009.7z,7z,24575614,04-25-16 10:52AM,CAGED_ANTIGO,2009,,,LIST
/pdet/microdados/CAGED/2009/CAGEDEST_092009.7z,/pdet/microdados/CAGED/2009,CAGEDEST_092009.7z,7z,24974505,04-25-16 10:52AM,CAGED_ANTIGO,2009,,,LIST
/pdet/microdados/CAGED/2009/CAGEDEST_102009.7z,/pdet/microdados/CAGED/2009,CAGEDEST_102009.7z,7z,24364243,04-25-16 10:52AM,CAGED_ANTIGO,2009,,,LIST
/pdet/microdados/CAGED/2009/CAGEDEST_112009.7z,/pdet/microdados/CAGED/2009,CAGEDEST_112009.7z,7z,23662948,04-25-16 10:52AM,CAGED_ANTIGO,2009,,,LIST
/pdet/microdados/CAGED/2009/CAGEDEST_122009.7z,/pdet/microdados/CAGED/2009,CAGEDEST_122009.7z,7z,22862044,04-25-16 10:52AM,CAGED_ANTIGO,2009,,,LIST
/pdet/microdados/CAGED/2010/CAGEDEST_012010.7z,/pdet/microdados/CAGED/2010,CAGEDEST_012010.7z,7z,24942019,04-25-16 10:52AM,CAGED_ANTIGO,2010,,,LIST
/pdet/microdados/CAGED/2010/CAGEDEST_022010.7z,/pdet/microdados/CAGED/2010,CAGEDEST_022010.7z,7z,26885285,04-25-16 10:53AM,CAGED_ANTIGO,2010,,,LIST
/pdet/microdados/CAGED/2010/CAGEDEST_032010.7z,/pdet/microdados/CAGED/2010,CAGEDEST_032010.7z,7z,31394920,04-25-16 10:53AM,CAGED_ANTIGO,2010,,,LIST
/pdet/microdados/CAGED/2010/CAGEDEST_042010.7z,/pdet/microdados/CAGED/2010,CAGEDEST_042010.7z,7z,28408369,04-25-16 10:53AM,CAGED_ANTIGO,2010,,,LIST
/pdet/microdados/CAGED/2010/CAGEDEST_052010.7z,/pdet/microdados/CAGED/2010,CAGEDEST_052010.7z,7z,29071778,04-25-16 10:53AM,CAGED_ANTIGO,2010,,,LIST
/pdet/microdados/CAGED/2010/CAGEDEST_062010.7z,/pdet/microdados/CAGED/2010,CAGEDEST_062010.7z,7z,28789796,04-25-16 10:53AM,CAGED_ANTIGO,2010,,,LIST
/pdet/microdados/CAGED/2010/CAGEDEST_072010.7z,/pdet/microdados/CAGED/2010,CAGEDEST_072010.7z,7z,29091762,04-25-16 10:53AM,CAGED_ANTIGO,2010,,,LIST
/pdet/microdados/CAGED/2010/CAGEDEST_082010.7z,/pdet/microdados/CAGED/2010,CAGEDEST_082010.7z,7z,30047419,04-25-16 10:54AM,CAGED_ANTIGO,2010,,,LIST
/pdet/microdados/CAGED/2010/CAGEDEST_092010.7z,/pdet/microdados/CAGED/2010,CAGEDEST_092010.7z,7z,29572594,04-25-16 10:54AM,CAGED_ANTIGO,2010,,,LIST
/pdet/microdados/CAGED/2010/CAGEDEST_102010.7z,/pdet/microdados/CAGED/2010,CAGEDEST_102010.7z,7z,28729992,04-25-16 10:54AM,CAGED_ANTIGO,2010,,,LIST
/pdet/microdados/CAGED/2010/CAGEDEST_112010.7z,/pdet/microdados/CAGED/2010,CAGEDEST_112010.7z,7z,28408833,04-25-16 10:54AM,CAGED_ANTIGO,2010,,,LIST
/pdet/microdados/CAGED/2010/CAGEDEST_122010.7z,/pdet/microdados/CAGED/2010,CAGEDEST_122010.7z,7z,25716416,04-25-16 10:54AM,CAGED_ANTIGO,2010,,,LIST
/pdet/microdados/CAGED/2011/CAGEDEST_012011.7z,/pdet/microdados/CAGED/2011,CAGEDEST_012011.7z,7z,28966301,04-25-16 10:54AM,CAGED_ANTIGO,2011,,,LIST
/pdet/microdados/CAGED/2011/CAGEDEST_022011.7z,/pdet/microdados/CAGED/2011,CAGEDEST_022011.7z,7z,30518373,04-25-16 10:54AM,CAGED_ANTIGO,2011,,,LIST
/pdet/microdados/CAGED/2011/CAGEDEST_032011.7z,/pdet/microdados/CAGED/2011,CAGEDEST_032011.7z,7z,31836791,04-25-16 10:55AM,CAGED_ANTIGO,2011,,,LIST
/pdet/microdados/CAGED/2011/CAGEDEST_042011.7z,/pdet/microdados/CAGED/2011,CAGEDEST_042011.7z,7z,27561645,04-25-16 10:55AM,CAGED_ANTIGO,2011,,,LIST
/pdet/microdados/CAGED/2011/CAGEDEST_052011.7z,/pdet/microdados/CAGED/2011,CAGEDEST_052011.7z,7z,32801658,04-25-16 10:55AM,CAGED_ANTIGO,2011,,,LIST
/pdet/microdados/CAGED/2011/CAGEDEST_062011.7z,/pdet/microdados/CAGED/2011,CAGEDEST_062011.7z,7z,31042260,04-25-16 10:55AM,CAGED_ANTIGO,2011,,,LIST
/pdet/microdados/CAGED/2011/CAGEDEST_072011.7z,/pdet/microdados/CAGED/2011,CAGEDEST_072011.7z,7z,27884511,04-25-16 10:55AM,CAGED_ANTIGO,2011,,,LIST
/pdet/microdados/CAGED/2011/CAGEDEST_082011.7z,/pdet/microdados/CAGED/2011,CAGEDEST_082011.7z,7z,32114065,04-25-16 10:56AM,CAGED_ANTIGO,2011,,,LIST
/pdet/microdados/CAGED/2011/CAGEDEST_092011.7z,/pdet/microdados/CAGED/2011,CAGEDEST_092011.7z,7z,30685578,04-25-16 10:56AM,CAGED_ANTIGO,2011,,,LIST
/pdet/microdados/CAGED/2011/CAGEDEST_102011.7z,/pdet/microdados/CAGED/2011,CAGEDEST_102011.7z,7z,27247307,04-25-16 10:56AM,CAGED_ANTIGO,2011,,,LIST
/pdet/microdados/CAGED/2011/CAGEDEST_112011.7z,/pdet/microdados/CAGED/2011,CAGEDEST_112011.7z,7z,29411373,04-25-16 10:56AM,CAGED_ANTIGO,2011,,,LIST
/pdet/microdados/CAGED/2011/CAGEDEST_122011.7z,/pdet/microdados/CAGED/2011,CAGEDEST_122011.7z,7z,27723001,04-25-16 10:56AM,CAGED_ANTIGO,2011,,,LIST
/pdet/microdados/CAGED/2012/CAGEDEST_012012.7z,/pdet/microdados/CAGED/2012,CAGEDEST_012012.7z,7z,28190695,04-25-16 10:56AM,CAGED_ANTIGO,2012,,,LIST
/pdet/microdados/CAGED/2012/CAGEDEST_022012.7z,/pdet/microdados/CAGED/2012,CAGEDEST_022012.7z,7z,30897127,04-25-16 10:57AM,CAGED_ANTIGO,2012,,,LIST
/pdet/microdados/CAGED/2012/CAGEDEST_032012.7z,/pdet/microdados/CAGED/2012,CAGEDEST_032012.7z,7z,33623454,04-25-16 10:57AM,CAGED_ANTIGO,2012,,,LIST
/pdet/microdados/CAGED/2012/CAGEDEST_042012.7z,/pdet/microdados/CAGED/2012,CAGEDEST_042012.7z,7z,30998956,04-25-16 10:57AM,CAGED_ANTIGO,2012,,,LIST
/pdet/microdados/CAGED/2012/CAGEDEST_052012.7z,/pdet/microdados/CAGED/2012,CAGEDEST_052012.7z,7z,31814063,04-25-16 10:57AM,CAGED_ANTIGO,2012,,,LIST
/pdet/microdados/CAGED/2012/CAGEDEST_062012.7z,/pdet/microdados/CAGED/2012,CAGEDEST_062012.7z,7z,31152121,12-12-16 06:18PM,CAGED_ANTIGO,2012,,,LIST
/pdet/microdados/CAGED/2012/CAGEDEST_072012.7z,/pdet/microdados/CAGED/2012,CAGEDEST_072012.7z,7z,31179340,04-25-16 10:58AM,CAGED_ANTIGO,2012,,,LIST
/pdet/microdados/CAGED/2012/CAGEDEST_082012.7z,/pdet/microdados/CAGED/2012,CAGEDEST_082012.7z,7z,32937711,04-25-16 10:58AM,CAGED_ANTIGO,2012,,,LIST
/pdet/microdados/CAGED/2012/CAGEDEST_092012.7z,/pdet/microdados/CAGED/2012,CAGEDEST_092012.7z,7z,29605141,04-25-16 10:58AM,CAGED_ANTIGO,2012,,,LIST
/pdet/microdados/CAGED/2012/CAGEDEST_102012.7z,/pdet/microdados/CAGED/2012,CAGEDEST_102012.7z,7z,31141931,04-25-16 10:58AM,CAGED_ANTIGO,2012,,,LIST
/pdet/microdados/CAGED/2012/CAGEDEST_112012.7z,/pdet/microdados/CAGED/2012,CAGEDEST_112012.7z,7z,29747621,04-25-16 10:58AM,CAGED_ANTIGO,2012,,,LIST
/pdet/microdados/CAGED/2012/CAGEDEST_122012.7z,/pdet/microdados/CAGED/2012,CAGEDEST_122012.7z,7z,26906705,04-25-16 10:59AM,CAGED_ANTIGO,2012,,,LIST
/pdet/microdados/CAGED/2013/CAGEDEST_012013.7z,/pdet/microdados/CAGED/2013,CAGEDEST_012013.7z,7z,32909712,04-25-16 10:59AM,CAGED_ANTIGO,2013,,,LIST
/pdet/microdados/CAGED/2013/CAGEDEST_022013.7z,/pdet/microdados/CAGED/2013,CAGEDEST_022013.7z,7z,31923083,04-25-16 10:59AM,CAGED_ANTIGO,2013,,,LIST
/pdet/microdados/CAGED/2013/CAGEDEST_032013.7z,/pdet/microdados/CAGED/2013,CAGEDEST_032013.7z,7z,33337507,04-25-16 10:59AM,CAGED_ANTIGO,2013,,,LIST
/pdet/microdados/CAGED/2013/CAGEDEST_042013.7z,/pdet/microdados/CAGED/2013,CAGEDEST_042013.7z,7z,33951981,04-25-16 10:59AM,CAGED_ANTIGO,2013,,,LIST
/pdet/microdados/CAGED/2013/CAGEDEST_052013.7z,/pdet/microdados/CAGED/2013,CAGEDEST_052013.7z,7z,33501056,04-25-16 10:59AM,CAGED_ANTIGO,2013,,,LIST
/pdet/microdados/CAGED/2013/CAGEDEST_062013.7z,/pdet/microdados/CAGED/2013,CAGEDEST_062013.7z,7z,31989519,04-25-16 10:59AM,CAGED_ANTIGO,2013,,,LIST
/pdet/microdados/CAGED/2013/CAGEDEST_072013.7z,/pdet/microdados/CAGED/2013,CAGEDEST_072013.7z,7z,32997387,04-25-16 11:00AM,CAGED_ANTIGO,2013,,,LIST
/pdet/microdados/CAGED/2013/CAGEDEST_082013.7z,/pdet/microdados/CAGED/2013,CAGEDEST_082013.7z,7z,33519842,04-25-16 11:00AM,CAGED_ANTIGO,2013,,,LIST
/pdet/microdados/CAGED/2013/CAGEDEST_092013.7z,/pdet/microdados/CAGED/2013,CAGEDEST_092013.7z,7z,31674305,04-25-16 11:00AM,CAGED_ANTIGO,2013,,,LIST
/pdet/microdados/CAGED/2013/CAGEDEST_102013.7z,/pdet/microdados/CAGED/2013,CAGEDEST_102013.7z,7z,30844627,04-25-16 11:00AM,CAGED_ANTIGO,2013,,,LIST
/pdet/microdados/CAGED/2013/CAGEDEST_112013.7z,/pdet/microdados/CAGED/2013,CAGEDEST_112013.7z,7z,29844199,04-25-16 11:00AM,CAGED_ANTIGO,2013,,,LIST
/pdet/microdados/CAGED/2013/CAGEDEST_122013.7z,/pdet/microdados/CAGED/2013,CAGEDEST_122013.7z,7z,24692866,04-25-16 11:00AM,CAGED_ANTIGO,2013,,,LIST
/pdet/microdados/CAGED/2014/CAGEDEST_012014.7z,/pdet/microdados/CAGED/2014,CAGEDEST_012014.7z,7z,32850849,04-25-16 10:49AM,CAGED_ANTIGO,2014,,,LIST
/pdet/microdados/CAGED/2014/CAGEDEST_022014.7z,/pdet/microdados/CAGED/2014,CAGEDEST_022014.7z,7z,34688425,04-25-16 10:49AM,CAGED_ANTIGO,2014,,,LIST
/pdet/microdados/CAGED/2014/CAGEDEST_032014.7z,/pdet/microdados/CAGED/2014,CAGEDEST_032014.7z,7z,33205910,04-25-16 10:49AM,CAGED_ANTIGO,2014,,,LIST
/pdet/microdados/CAGED/2014/CAGEDEST_042014.7z,/pdet/microdados/CAGED/2014,CAGEDEST_042014.7z,7z,31052418,04-25-16 10:49AM,CAGED_ANTIGO,2014,,,LIST
/pdet/microdados/CAGED/2014/CAGEDEST_052014.7z,/pdet/microdados/CAGED/2014,CAGEDEST_052014.7z,7z,34070232,04-25-16 10:50AM,CAGED_ANTIGO,2014,,,LIST
/pdet/microdados/CAGED/2014/CAGEDEST_062014.7z,/pdet/microdados/CAGED/2014,CAGEDEST_062014.7z,7z,30823585,04-25-16 10:50AM,CAGED_ANTIGO,2014,,,LIST
/pdet/microdados/CAGED/2014/CAGEDEST_072014.7z,/pdet/microdados/CAGED/2014,CAGEDEST_072014.7z,7z,32778389,04-25-16 10:50AM,CAGED_ANTIGO,2014,,,LIST
/pdet/microdados/CAGED/2014/CAGEDEST_082014.7z,/pdet/microdados/CAGED/2014,CAGEDEST_082014.7z,7z,32149937,04-25-16 10:50AM,CAGED_ANTIGO,2014,,,LIST
/pdet/microdados/CAGED/2014/CAGEDEST_092014.7z,/pdet/microdados/CAGED/2014,CAGEDEST_092014.7z,7z,32314499,04-25-16 10:50AM,CAGED_ANTIGO,2014,,,LIST
/pdet/microdados/CAGED/2014/CAGEDEST_102014.7z,/pdet/microdados/CAGED/2014,CAGEDEST_102014.7z,7z,30193586,04-25-16 10:50AM,CAGED_ANTIGO,2014,,,LIST
/pdet/microdados/CAGED/2014/CAGEDEST_112014.7z,/pdet/microdados/CAGED/2014,CAGEDEST_112014.7z,7z,30514993,04-25-16 10:51AM,CAGED_ANTIGO,2014,,,LIST
/pdet/microdados/CAGED/2014/CAGEDEST_122014.7z,/pdet/microdados/CAGED/2014,CAGEDEST_122014.7z,7z,27529027,04-25-16 10:51AM,CAGED_ANTIGO,2014,,,LIST
/pdet/microdados/CAGED/2015/CAGEDEST_012015.7z,/pdet/microdados/CAGED/2015,CAGEDEST_012015.7z,7z,31280333,06-03-26 03:13PM,CAGED_ANTIGO,2015,,,LIST
/pdet/microdados/CAGED/2015/CAGEDEST_022015.7z,/pdet/microdados/CAGED/2015,CAGEDEST_022015.7z,7z,31550620,04-25-16 10:48AM,CAGED_ANTIGO,2015,,,LIST
/pdet/microdados/CAGED/2015/CAGEDEST_032015.7z,/pdet/microdados/CAGED/2015,CAGEDEST_032015.7z,7z,32704022,06-03-26 03:13PM,CAGED_ANTIGO,2015,,,LIST
/pdet/microdados/CAGED/2015/CAGEDEST_042015.7z,/pdet/microdados/CAGED/2015,CAGEDEST_042015.7z,7z,30190938,04-25-16 10:48AM,CAGED_ANTIGO,2015,,,LIST
/pdet/microdados/CAGED/2015/CAGEDEST_052015.7z,/pdet/microdados/CAGED/2015,CAGEDEST_052015.7z,7z,29362012,04-25-16 10:48AM,CAGED_ANTIGO,2015,,,LIST
/pdet/microdados/CAGED/2015/CAGEDEST_062015.7z,/pdet/microdados/CAGED/2015,CAGEDEST_062015.7z,7z,29373959,04-25-16 10:48AM,CAGED_ANTIGO,2015,,,LIST
/pdet/microdados/CAGED/2015/CAGEDEST_072015.7z,/pdet/microdados/CAGED/2015,CAGEDEST_072015.7z,7z,26399324,06-03-26 03:13PM,CAGED_ANTIGO,2015,,,LIST
/pdet/microdados/CAGED/2015/CAGEDEST_082015.7z,/pdet/microdados/CAGED/2015,CAGEDEST_082015.7z,7z,27936687,04-25-16 10:49AM,CAGED_ANTIGO,2015,,,LIST
/pdet/microdados/CAGED/2015/CAGEDEST_092015.7z,/pdet/microdados/CAGED/2015,CAGEDEST_092015.7z,7z,26745694,04-25-16 10:49AM,CAGED_ANTIGO,2015,,,LIST
/pdet/microdados/CAGED/2015/CAGEDEST_102015.7z,/pdet/microdados/CAGED/2015,CAGEDEST_102015.7z,7z,24340724,04-25-16 10:49AM,CAGED_ANTIGO,2015,,,LIST
/pdet/microdados/CAGED/2015/CAGEDEST_112015.7z,/pdet/microdados/CAGED/2015,CAGEDEST_112015.7z,7z,24989313,06-03-26 03:13PM,CAGED_ANTIGO,2015,,,LIST
/pdet/microdados/CAGED/2015/CAGEDEST_122015.7z,/pdet/microdados/CAGED/2015,CAGEDEST_122015.7z,7z,24028348,04-25-16 10:49AM,CAGED_ANTIGO,2015,,,LIST
/pdet/microdados/CAGED/2016/CAGEDEST_012016.7z,/pdet/microdados/CAGED/2016,CAGEDEST_012016.7z,7z,24490041,04-25-16 10:49AM,CAGED_ANTIGO,2016,,,LIST
/pdet/microdados/CAGED/2016/CAGEDEST_022016.7z,/pdet/microdados/CAGED/2016,CAGEDEST_022016.7z,7z,26642169,04-25-16 10:50AM,CAGED_ANTIGO,2016,,,LIST
/pdet/microdados/CAGED/2016/CAGEDEST_032016.7z,/pdet/microdados/CAGED/2016,CAGEDEST_032016.7z,7z,28875178,06-03-26 03:20PM,CAGED_ANTIGO,2016,,,LIST
/pdet/microdados/CAGED/2016/CAGEDEST_042016.7z,/pdet/microdados/CAGED/2016,CAGEDEST_042016.7z,7z,23997140,05-30-16 05:43PM,CAGED_ANTIGO,2016,,,LIST
/pdet/microdados/CAGED/2016/CAGEDEST_052016.7z,/pdet/microdados/CAGED/2016,CAGEDEST_052016.7z,7z,25289926,06-03-26 03:20PM,CAGED_ANTIGO,2016,,,LIST
/pdet/microdados/CAGED/2016/CAGEDEST_062016.7z,/pdet/microdados/CAGED/2016,CAGEDEST_062016.7z,7z,25505496,07-28-16 09:47AM,CAGED_ANTIGO,2016,,,LIST
/pdet/microdados/CAGED/2016/CAGEDEST_072016.7z,/pdet/microdados/CAGED/2016,CAGEDEST_072016.7z,7z,24625964,08-25-16 07:49PM,CAGED_ANTIGO,2016,,,LIST
/pdet/microdados/CAGED/2016/CAGEDEST_082016.7z,/pdet/microdados/CAGED/2016,CAGEDEST_082016.7z,7z,24850612,09-26-16 12:19PM,CAGED_ANTIGO,2016,,,LIST
/pdet/microdados/CAGED/2016/CAGEDEST_092016.7z,/pdet/microdados/CAGED/2016,CAGEDEST_092016.7z,7z,23577187,10-26-16 06:19PM,CAGED_ANTIGO,2016,,,LIST
/pdet/microdados/CAGED/2016/CAGEDEST_102016.7z,/pdet/microdados/CAGED/2016,CAGEDEST_102016.7z,7z,22516557,11-24-16 05:30PM,CAGED_ANTIGO,2016,,,LIST
/pdet/microdados/CAGED/2016/CAGEDEST_112016.7z,/pdet/microdados/CAGED/2016,CAGEDEST_112016.7z,7z,22774508,12-29-16 06:50PM,CAGED_ANTIGO,2016,,,LIST
/pdet/microdados/CAGED/2016/CAGEDEST_122016.7z,/pdet/microdados/CAGED/2016,CAGEDEST_122016.7z,7z,21319564,01-21-17 09:55AM,CAGED_ANTIGO,2016,,,LIST
/pdet/microdados/CAGED/2017/CAGEDEST_012017.7z,/pdet/microdados/CAGED/2017,CAGEDEST_012017.7z,7z,23144035,06-03-26 03:31PM,CAGED_ANTIGO,2017,,,LIST
/pdet/microdados/CAGED/2017/CAGEDEST_022017.7z,/pdet/microdados/CAGED/2017,CAGEDEST_022017.7z,7z,24239778,03-16-17 04:51PM,CAGED_ANTIGO,2017,,,LIST
/pdet/microdados/CAGED/2017/CAGEDEST_032017.7z,/pdet/microdados/CAGED/2017,CAGEDEST_032017.7z,7z,26430625,04-20-17 06:28PM,CAGED_ANTIGO,2017,,,LIST
/pdet/microdados/CAGED/2017/CAGEDEST_042017.7z,/pdet/microdados/CAGED/2017,CAGEDEST_042017.7z,7z,22683987,06-03-26 03:31PM,CAGED_ANTIGO,2017,,,LIST
/pdet/microdados/CAGED/2017/CAGEDEST_052017.7z,/pdet/microdados/CAGED/2017,CAGEDEST_052017.7z,7z,24969392,06-03-26 03:31PM,CAGED_ANTIGO,2017,,,LIST
/pdet/microdados/CAGED/2017/CAGEDEST_062017.7z,/pdet/microdados/CAGED/2017,CAGEDEST_062017.7z,7z,24185002,06-03-26 03:31PM,CAGED_ANTIGO,2017,,,LIST
/pdet/microdados/CAGED/2017/CAGEDEST_072017.7z,/pdet/microdados/CAGED/2017,CAGEDEST_072017.7z,7z,21042524,06-03-26 03:31PM,CAGED_ANTIGO,2017,,,LIST
/pdet/microdados/CAGED/2017/CAGEDEST_082017.7z,/pdet/microdados/CAGED/2017,CAGEDEST_082017.7z,7z,24527501,09-21-17 05:36PM,CAGED_ANTIGO,2017,,,LIST
/pdet/microdados/CAGED/2017/CAGEDEST_092017.7z,/pdet/microdados/CAGED/2017,CAGEDEST_092017.7z,7z,21269147,10-19-17 03:48PM,CAGED_ANTIGO,2017,,,LIST
/pdet/microdados/CAGED/2017/CAGEDEST_102017.7z,/pdet/microdados/CAGED/2017,CAGEDEST_102017.7z,7z,23293850,11-24-17 02:11PM,CAGED_ANTIGO,2017,,,LIST
/pdet/microdados/CAGED/2017/CAGEDEST_112017.7z,/pdet/microdados/CAGED/2017,CAGEDEST_112017.7z,7z,20917215,12-28-17 10:38AM,CAGED_ANTIGO,2017,,,LIST
/pdet/microdados/CAGED/2017/CAGEDEST_122017.7z,/pdet/microdados/CAGED/2017,CAGEDEST_122017.7z,7z,19838273,06-03-26 03:31PM,CAGED_ANTIGO,2017,,,LIST
/pdet/microdados/CAGED/2018/CAGEDEST_012018.7z,/pdet/microdados/CAGED/2018,CAGEDEST_012018.7z,7z,25246404,06-03-26 03:33PM,CAGED_ANTIGO,2018,,,LIST
/pdet/microdados/CAGED/2018/CAGEDEST_022018.7z,/pdet/microdados/CAGED/2018,CAGEDEST_022018.7z,7z,23272480,03-23-18 05:04PM,CAGED_ANTIGO,2018,,,LIST
/pdet/microdados/CAGED/2018/CAGEDEST_032018.7z,/pdet/microdados/CAGED/2018,CAGEDEST_032018.7z,7z,24600551,04-20-18 02:52PM,CAGED_ANTIGO,2018,,,LIST
/pdet/microdados/CAGED/2018/CAGEDEST_042018.7z,/pdet/microdados/CAGED/2018,CAGEDEST_042018.7z,7z,23437704,05-18-18 03:34PM,CAGED_ANTIGO,2018,,,LIST
/pdet/microdados/CAGED/2018/CAGEDEST_052018.7z,/pdet/microdados/CAGED/2018,CAGEDEST_052018.7z,7z,26019762,06-21-18 02:38PM,CAGED_ANTIGO,2018,,,LIST
/pdet/microdados/CAGED/2018/CAGEDEST_062018.7z,/pdet/microdados/CAGED/2018,CAGEDEST_062018.7z,7z,24245038,07-20-18 06:11PM,CAGED_ANTIGO,2018,,,LIST
/pdet/microdados/CAGED/2018/CAGEDEST_072018.7z,/pdet/microdados/CAGED/2018,CAGEDEST_072018.7z,7z,24607229,09-24-18 04:21PM,CAGED_ANTIGO,2018,,,LIST
/pdet/microdados/CAGED/2018/CAGEDEST_082018.7z,/pdet/microdados/CAGED/2018,CAGEDEST_082018.7z,7z,24517986,09-24-18 04:16PM,CAGED_ANTIGO,2018,,,LIST
/pdet/microdados/CAGED/2018/CAGEDEST_092018.7z,/pdet/microdados/CAGED/2018,CAGEDEST_092018.7z,7z,21994851,10-23-18 10:09AM,CAGED_ANTIGO,2018,,,LIST
/pdet/microdados/CAGED/2018/CAGEDEST_102018.7z,/pdet/microdados/CAGED/2018,CAGEDEST_102018.7z,7z,23548359,11-22-18 09:50AM,CAGED_ANTIGO,2018,,,LIST
/pdet/microdados/CAGED/2018/CAGEDEST_112018.7z,/pdet/microdados/CAGED/2018,CAGEDEST_112018.7z,7z,21772924,06-03-26 03:33PM,CAGED_ANTIGO,2018,,,LIST
/pdet/microdados/CAGED/2018/CAGEDEST_122018.7z,/pdet/microdados/CAGED/2018,CAGEDEST_122018.7z,7z,20861969,01-31-19 09:27AM,CAGED_ANTIGO,2018,,,LIST
/pdet/microdados/CAGED/2019/CAGEDEST_012019.7z,/pdet/microdados/CAGED/2019,CAGEDEST_012019.7z,7z,24472849,06-03-26 03:37PM,CAGED_ANTIGO,2019,,,LIST
/pdet/microdados/CAGED/2019/CAGEDEST_022019.7z,/pdet/microdados/CAGED/2019,CAGEDEST_022019.7z,7z,25587271,03-29-19 02:46PM,CAGED_ANTIGO,2019,,,LIST
/pdet/microdados/CAGED/2019/CAGEDEST_032019.7z,/pdet/microdados/CAGED/2019,CAGEDEST_032019.7z,7z,24398281,06-03-26 03:37PM,CAGED_ANTIGO,2019,,,LIST
/pdet/microdados/CAGED/2019/CAGEDEST_042019.7z,/pdet/microdados/CAGED/2019,CAGEDEST_042019.7z,7z,24626896,05-27-19 09:58AM,CAGED_ANTIGO,2019,,,LIST
/pdet/microdados/CAGED/2019/CAGEDEST_052019.7z,/pdet/microdados/CAGED/2019,CAGEDEST_052019.7z,7z,25107715,06-03-26 03:37PM,CAGED_ANTIGO,2019,,,LIST
/pdet/microdados/CAGED/2019/CAGEDEST_062019.7z,/pdet/microdados/CAGED/2019,CAGEDEST_062019.7z,7z,23196955,07-25-19 04:06PM,CAGED_ANTIGO,2019,,,LIST
/pdet/microdados/CAGED/2019/CAGEDEST_072019.7z,/pdet/microdados/CAGED/2019,CAGEDEST_072019.7z,7z,24784843,08-23-19 03:26PM,CAGED_ANTIGO,2019,,,LIST
/pdet/microdados/CAGED/2019/CAGEDEST_082019.7z,/pdet/microdados/CAGED/2019,CAGEDEST_082019.7z,7z,25095626,06-03-26 03:37PM,CAGED_ANTIGO,2019,,,LIST
/pdet/microdados/CAGED/2019/CAGEDEST_092019.7z,/pdet/microdados/CAGED/2019,CAGEDEST_092019.7z,7z,23878873,06-03-26 03:37PM,CAGED_ANTIGO,2019,,,LIST
/pdet/microdados/CAGED/2019/CAGEDEST_102019.7z,/pdet/microdados/CAGED/2019,CAGEDEST_102019.7z,7z,25033364,11-22-19 04:52PM,CAGED_ANTIGO,2019,,,LIST
/pdet/microdados/CAGED/2019/CAGEDEST_112019.7z,/pdet/microdados/CAGED/2019,CAGEDEST_112019.7z,7z,21302010,12-23-19 04:46PM,CAGED_ANTIGO,2019,,,LIST
/pdet/microdados/CAGED/2019/CAGEDEST_122019.7z,/pdet/microdados/CAGED/2019,CAGEDEST_122019.7z,7z,19584290,01-24-20 04:06PM,CAGED_ANTIGO,2019,,,LIST
/pdet/microdados/CAGED_AJUSTES/2002a2009/CAGEDEST_AJUSTES_2002.7z,/pdet/microdados/CAGED_AJUSTES/2002a2009,CAGEDEST_AJUSTES_2002.7z,7z,6765084,11-07-17 12:36PM,CAGED_ANTIGO,2002,,,LIST
/pdet/microdados/CAGED_AJUSTES/2002a2009/CAGEDEST_AJUSTES_2003.7z,/pdet/microdados/CAGED_AJUSTES/2002a2009,CAGEDEST_AJUSTES_2003.7z,7z,8407957,11-07-17 12:36PM,CAGED_ANTIGO,2003,,,LIST
/pdet/microdados/CAGED_AJUSTES/2002a2009/CAGEDEST_AJUSTES_2004.7z,/pdet/microdados/CAGED_AJUSTES/2002a2009,CAGEDEST_AJUSTES_2004.7z,7z,8444451,11-07-17 12:36PM,CAGED_ANTIGO,2004,,,LIST
/pdet/microdados/CAGED_AJUSTES/2002a2009/CAGEDEST_AJUSTES_2005.7z,/pdet/microdados/CAGED_AJUSTES/2002a2009,CAGEDEST_AJUSTES_2005.7z,7z,10826691,11-07-17 12:36PM,CAGED_ANTIGO,2005,,,LIST
/pdet/microdados/CAGED_AJUSTES/2002a2009/CAGEDEST_AJUSTES_2006.7z,/pdet/microdados/CAGED_AJUSTES/2002a2009,CAGEDEST_AJUSTES_2006.7z,7z,11803738,11-07-17 12:36PM,CAGED_ANTIGO,2006,,,LIST
/pdet/microdados/CAGED_AJUSTES/2002a2009/CAGEDEST_AJUSTES_2007.7z,/pdet/microdados/CAGED_AJUSTES/2002a2009,CAGEDEST_AJUSTES_2007.7z,7z,15008605,11-07-17 12:36PM,CAGED_ANTIGO,2007,,,LIST
/pdet/microdados/CAGED_AJUSTES/2002a2009/CAGEDEST_AJUSTES_2008.7z,/pdet/microdados/CAGED_AJUSTES/2002a2009,CAGEDEST_AJUSTES_2008.7z,7z,17510755,11-07-17 12:36PM,CAGED_ANTIGO,2008,,,LIST
/pdet/microdados/CAGED_AJUSTES/2002a2009/CAGEDEST_AJUSTES_2009.7z,/pdet/microdados/CAGED_AJUSTES/2002a2009,CAGEDEST_AJUSTES_2009.7z,7z,19882682,11-07-17 12:37PM,CAGED_ANTIGO,2009,,,LIST
/pdet/microdados/CAGED_AJUSTES/2010/CAGEDEST_AJUSTES_012010.7z,/pdet/microdados/CAGED_AJUSTES/2010,CAGEDEST_AJUSTES_012010.7z,7z,2121653,11-07-17 12:37PM,CAGED_ANTIGO,2010,,,LIST
/pdet/microdados/CAGED_AJUSTES/2010/CAGEDEST_AJUSTES_022010.7z,/pdet/microdados/CAGED_AJUSTES/2010,CAGEDEST_AJUSTES_022010.7z,7z,3191990,11-07-17 12:37PM,CAGED_ANTIGO,2010,,,LIST
/pdet/microdados/CAGED_AJUSTES/2010/CAGEDEST_AJUSTES_032010.7z,/pdet/microdados/CAGED_AJUSTES/2010,CAGEDEST_AJUSTES_032010.7z,7z,2192125,11-07-17 12:37PM,CAGED_ANTIGO,2010,,,LIST
/pdet/microdados/CAGED_AJUSTES/2010/CAGEDEST_AJUSTES_042010.7z,/pdet/microdados/CAGED_AJUSTES/2010,CAGEDEST_AJUSTES_042010.7z,7z,2349204,11-07-17 12:37PM,CAGED_ANTIGO,2010,,,LIST
/pdet/microdados/CAGED_AJUSTES/2010/CAGEDEST_AJUSTES_052010.7z,/pdet/microdados/CAGED_AJUSTES/2010,CAGEDEST_AJUSTES_052010.7z,7z,1911304,11-07-17 12:37PM,CAGED_ANTIGO,2010,,,LIST
/pdet/microdados/CAGED_AJUSTES/2010/CAGEDEST_AJUSTES_062010.7z,/pdet/microdados/CAGED_AJUSTES/2010,CAGEDEST_AJUSTES_062010.7z,7z,1785157,11-07-17 12:37PM,CAGED_ANTIGO,2010,,,LIST
/pdet/microdados/CAGED_AJUSTES/2010/CAGEDEST_AJUSTES_072010.7z,/pdet/microdados/CAGED_AJUSTES/2010,CAGEDEST_AJUSTES_072010.7z,7z,1975486,11-07-17 12:37PM,CAGED_ANTIGO,2010,,,LIST
/pdet/microdados/CAGED_AJUSTES/2010/CAGEDEST_AJUSTES_082010.7z,/pdet/microdados/CAGED_AJUSTES/2010,CAGEDEST_AJUSTES_082010.7z,7z,1689411,11-07-17 12:37PM,CAGED_ANTIGO,2010,,,LIST
/pdet/microdados/CAGED_AJUSTES/2010/CAGEDEST_AJUSTES_092010.7z,/pdet/microdados/CAGED_AJUSTES/2010,CAGEDEST_AJUSTES_092010.7z,7z,1983229,11-07-17 12:37PM,CAGED_ANTIGO,2010,,,LIST
/pdet/microdados/CAGED_AJUSTES/2010/CAGEDEST_AJUSTES_102010.7z,/pdet/microdados/CAGED_AJUSTES/2010,CAGEDEST_AJUSTES_102010.7z,7z,1922197,11-07-17 12:37PM,CAGED_ANTIGO,2010,,,LIST
/pdet/microdados/CAGED_AJUSTES/2010/CAGEDEST_AJUSTES_112010.7z,/pdet/microdados/CAGED_AJUSTES/2010,CAGEDEST_AJUSTES_112010.7z,7z,1470501,11-07-17 12:37PM,CAGED_ANTIGO,2010,,,LIST
/pdet/microdados/CAGED_AJUSTES/2010/CAGEDEST_AJUSTES_122010.7z,/pdet/microdados/CAGED_AJUSTES/2010,CAGEDEST_AJUSTES_122010.7z,7z,1397627,11-07-17 12:37PM,CAGED_ANTIGO,2010,,,LIST
/pdet/microdados/CAGED_AJUSTES/2011/CAGEDEST_AJUSTES_012011.7z,/pdet/microdados/CAGED_AJUSTES/2011,CAGEDEST_AJUSTES_012011.7z,7z,2234089,11-07-17 12:37PM,CAGED_ANTIGO,2011,,,LIST
/pdet/microdados/CAGED_AJUSTES/2011/CAGEDEST_AJUSTES_022011.7z,/pdet/microdados/CAGED_AJUSTES/2011,CAGEDEST_AJUSTES_022011.7z,7z,2098850,11-07-17 12:37PM,CAGED_ANTIGO,2011,,,LIST
/pdet/microdados/CAGED_AJUSTES/2011/CAGEDEST_AJUSTES_032011.7z,/pdet/microdados/CAGED_AJUSTES/2011,CAGEDEST_AJUSTES_032011.7z,7z,3030789,11-07-17 12:37PM,CAGED_ANTIGO,2011,,,LIST
/pdet/microdados/CAGED_AJUSTES/2011/CAGEDEST_AJUSTES_042011.7z,/pdet/microdados/CAGED_AJUSTES/2011,CAGEDEST_AJUSTES_042011.7z,7z,1822555,11-07-17 12:37PM,CAGED_ANTIGO,2011,,,LIST
/pdet/microdados/CAGED_AJUSTES/2011/CAGEDEST_AJUSTES_052011.7z,/pdet/microdados/CAGED_AJUSTES/2011,CAGEDEST_AJUSTES_052011.7z,7z,2431223,11-07-17 12:37PM,CAGED_ANTIGO,2011,,,LIST
/pdet/microdados/CAGED_AJUSTES/2011/CAGEDEST_AJUSTES_062011.7z,/pdet/microdados/CAGED_AJUSTES/2011,CAGEDEST_AJUSTES_062011.7z,7z,1732173,11-07-17 12:37PM,CAGED_ANTIGO,2011,,,LIST
/pdet/microdados/CAGED_AJUSTES/2011/CAGEDEST_AJUSTES_072011.7z,/pdet/microdados/CAGED_AJUSTES/2011,CAGEDEST_AJUSTES_072011.7z,7z,2057177,11-07-17 12:37PM,CAGED_ANTIGO,2011,,,LIST
/pdet/microdados/CAGED_AJUSTES/2011/CAGEDEST_AJUSTES_082011.7z,/pdet/microdados/CAGED_AJUSTES/2011,CAGEDEST_AJUSTES_082011.7z,7z,2011813,11-07-17 12:37PM,CAGED_ANTIGO,2011,,,LIST
/pdet/microdados/CAGED_AJUSTES/2011/CAGEDEST_AJUSTES_092011.7z,/pdet/microdados/CAGED_AJUSTES/2011,CAGEDEST_AJUSTES_092011.7z,7z,2240651,11-07-17 12:37PM,CAGED_ANTIGO,2011,,,LIST
/pdet/microdados/CAGED_AJUSTES/2011/CAGEDEST_AJUSTES_102011.7z,/pdet/microdados/CAGED_AJUSTES/2011,CAGEDEST_AJUSTES_102011.7z,7z,1817346,11-07-17 12:37PM,CAGED_ANTIGO,2011,,,LIST
/pdet/microdados/CAGED_AJUSTES/2011/CAGEDEST_AJUSTES_112011.7z,/pdet/microdados/CAGED_AJUSTES/2011,CAGEDEST_AJUSTES_112011.7z,7z,1633600,11-07-17 12:37PM,CAGED_ANTIGO,2011,,,LIST
/pdet/microdados/CAGED_AJUSTES/2011/CAGEDEST_AJUSTES_122011.7z,/pdet/microdados/CAGED_AJUSTES/2011,CAGEDEST_AJUSTES_122011.7z,7z,1646759,11-07-17 12:37PM,CAGED_ANTIGO,2011,,,LIST
/pdet/microdados/CAGED_AJUSTES/2012/CAGEDEST_AJUSTES_012012.7z,/pdet/microdados/CAGED_AJUSTES/2012,CAGEDEST_AJUSTES_012012.7z,7z,1316365,11-07-17 12:37PM,CAGED_ANTIGO,2012,,,LIST
/pdet/microdados/CAGED_AJUSTES/2012/CAGEDEST_AJUSTES_022012.7z,/pdet/microdados/CAGED_AJUSTES/2012,CAGEDEST_AJUSTES_022012.7z,7z,1871836,11-07-17 12:37PM,CAGED_ANTIGO,2012,,,LIST
/pdet/microdados/CAGED_AJUSTES/2012/CAGEDEST_AJUSTES_032012.7z,/pdet/microdados/CAGED_AJUSTES/2012,CAGEDEST_AJUSTES_032012.7z,7z,1990847,11-07-17 12:37PM,CAGED_ANTIGO,2012,,,LIST
/pdet/microdados/CAGED_AJUSTES/2012/CAGEDEST_AJUSTES_042012.7z,/pdet/microdados/CAGED_AJUSTES/2012,CAGEDEST_AJUSTES_042012.7z,7z,2485744,11-07-17 12:37PM,CAGED_ANTIGO,2012,,,LIST
/pdet/microdados/CAGED_AJUSTES/2012/CAGEDEST_AJUSTES_052012.7z,/pdet/microdados/CAGED_AJUSTES/2012,CAGEDEST_AJUSTES_052012.7z,7z,1791625,11-07-17 12:37PM,CAGED_ANTIGO,2012,,,LIST
/pdet/microdados/CAGED_AJUSTES/2012/CAGEDEST_AJUSTES_062012.7z,/pdet/microdados/CAGED_AJUSTES/2012,CAGEDEST_AJUSTES_062012.7z,7z,2338413,11-07-17 12:37PM,CAGED_ANTIGO,2012,,,LIST
/pdet/microdados/CAGED_AJUSTES/2012/CAGEDEST_AJUSTES_072012.7z,/pdet/microdados/CAGED_AJUSTES/2012,CAGEDEST_AJUSTES_072012.7z,7z,1861567,11-07-17 12:37PM,CAGED_ANTIGO,2012,,,LIST
/pdet/microdados/CAGED_AJUSTES/2012/CAGEDEST_AJUSTES_082012.7z,/pdet/microdados/CAGED_AJUSTES/2012,CAGEDEST_AJUSTES_082012.7z,7z,1997702,11-07-17 12:37PM,CAGED_ANTIGO,2012,,,LIST
/pdet/microdados/CAGED_AJUSTES/2012/CAGEDEST_AJUSTES_092012.7z,/pdet/microdados/CAGED_AJUSTES/2012,CAGEDEST_AJUSTES_092012.7z,7z,1897886,11-07-17 12:37PM,CAGED_ANTIGO,2012,,,LIST
/pdet/microdados/CAGED_AJUSTES/2012/CAGEDEST_AJUSTES_102012.7z,/pdet/microdados/CAGED_AJUSTES/2012,CAGEDEST_AJUSTES_102012.7z,7z,1811383,11-07-17 12:37PM,CAGED_ANTIGO,2012,,,LIST
/pdet/microdados/CAGED_AJUSTES/2012/CAGEDEST_AJUSTES_112012.7z,/pdet/microdados/CAGED_AJUSTES/2012,CAGEDEST_AJUSTES_112012.7z,7z,1931304,11-07-17 12:37PM,CAGED_ANTIGO,2012,,,LIST
/pdet/microdados/CAGED_AJUSTES/2012/CAGEDEST_AJUSTES_122012.7z,/pdet/microdados/CAGED_AJUSTES/2012,CAGEDEST_AJUSTES_122012.7z,7z,1343942,11-07-17 12:37PM,CAGED_ANTIGO,2012,,,LIST
/pdet/microdados/CAGED_AJUSTES/2013/CAGEDEST_AJUSTES_012013.7z,/pdet/microdados/CAGED_AJUSTES/2013,CAGEDEST_AJUSTES_012013.7z,7z,2347461,11-07-17 12:37PM,CAGED_ANTIGO,2013,,,LIST
/pdet/microdados/CAGED_AJUSTES/2013/CAGEDEST_AJUSTES_022013.7z,/pdet/microdados/CAGED_AJUSTES/2013,CAGEDEST_AJUSTES_022013.7z,7z,1542968,11-07-17 12:37PM,CAGED_ANTIGO,2013,,,LIST
/pdet/microdados/CAGED_AJUSTES/2013/CAGEDEST_AJUSTES_032013.7z,/pdet/microdados/CAGED_AJUSTES/2013,CAGEDEST_AJUSTES_032013.7z,7z,1812480,11-07-17 12:37PM,CAGED_ANTIGO,2013,,,LIST
/pdet/microdados/CAGED_AJUSTES/2013/CAGEDEST_AJUSTES_042013.7z,/pdet/microdados/CAGED_AJUSTES/2013,CAGEDEST_AJUSTES_042013.7z,7z,2439230,11-07-17 12:37PM,CAGED_ANTIGO,2013,,,LIST
/pdet/microdados/CAGED_AJUSTES/2013/CAGEDEST_AJUSTES_052013.7z,/pdet/microdados/CAGED_AJUSTES/2013,CAGEDEST_AJUSTES_052013.7z,7z,1992417,11-07-17 12:37PM,CAGED_ANTIGO,2013,,,LIST
/pdet/microdados/CAGED_AJUSTES/2013/CAGEDEST_AJUSTES_062013.7z,/pdet/microdados/CAGED_AJUSTES/2013,CAGEDEST_AJUSTES_062013.7z,7z,2121594,11-07-17 12:37PM,CAGED_ANTIGO,2013,,,LIST
/pdet/microdados/CAGED_AJUSTES/2013/CAGEDEST_AJUSTES_072013.7z,/pdet/microdados/CAGED_AJUSTES/2013,CAGEDEST_AJUSTES_072013.7z,7z,2082900,11-07-17 12:37PM,CAGED_ANTIGO,2013,,,LIST
/pdet/microdados/CAGED_AJUSTES/2013/CAGEDEST_AJUSTES_082013.7z,/pdet/microdados/CAGED_AJUSTES/2013,CAGEDEST_AJUSTES_082013.7z,7z,2231137,11-07-17 12:37PM,CAGED_ANTIGO,2013,,,LIST
/pdet/microdados/CAGED_AJUSTES/2013/CAGEDEST_AJUSTES_092013.7z,/pdet/microdados/CAGED_AJUSTES/2013,CAGEDEST_AJUSTES_092013.7z,7z,1969803,11-07-17 12:37PM,CAGED_ANTIGO,2013,,,LIST
/pdet/microdados/CAGED_AJUSTES/2013/CAGEDEST_AJUSTES_102013.7z,/pdet/microdados/CAGED_AJUSTES/2013,CAGEDEST_AJUSTES_102013.7z,7z,2265475,11-07-17 12:37PM,CAGED_ANTIGO,2013,,,LIST
/pdet/microdados/CAGED_AJUSTES/2013/CAGEDEST_AJUSTES_112013.7z,/pdet/microdados/CAGED_AJUSTES/2013,CAGEDEST_AJUSTES_112013.7z,7z,1543526,11-07-17 12:37PM,CAGED_ANTIGO,2013,,,LIST
/pdet/microdados/CAGED_AJUSTES/2013/CAGEDEST_AJUSTES_122013.7z,/pdet/microdados/CAGED_AJUSTES/2013,CAGEDEST_AJUSTES_122013.7z,7z,1690325,11-07-17 12:37PM,CAGED_ANTIGO,2013,,,LIST
/pdet/microdados/CAGED_AJUSTES/2014/CAGEDEST_AJUSTES_012014.7z,/pdet/microdados/CAGED_AJUSTES/2014,CAGEDEST_AJUSTES_012014.7z,7z,3846552,11-07-17 12:37PM,CAGED_ANTIGO,2014,,,LIST
/pdet/microdados/CAGED_AJUSTES/2014/CAGEDEST_AJUSTES_022014.7z,/pdet/microdados/CAGED_AJUSTES/2014,CAGEDEST_AJUSTES_022014.7z,7z,1949284,11-07-17 12:37PM,CAGED_ANTIGO,2014,,,LIST
/pdet/microdados/CAGED_AJUSTES/2014/CAGEDEST_AJUSTES_032014.7z,/pdet/microdados/CAGED_AJUSTES/2014,CAGEDEST_AJUSTES_032014.7z,7z,2552987,11-07-17 12:37PM,CAGED_ANTIGO,2014,,,LIST
/pdet/microdados/CAGED_AJUSTES/2014/CAGEDEST_AJUSTES_042014.7z,/pdet/microdados/CAGED_AJUSTES/2014,CAGEDEST_AJUSTES_042014.7z,7z,1032842,11-07-17 12:37PM,CAGED_ANTIGO,2014,,,LIST
/pdet/microdados/CAGED_AJUSTES/2014/CAGEDEST_AJUSTES_052014.7z,/pdet/microdados/CAGED_AJUSTES/2014,CAGEDEST_AJUSTES_052014.7z,7z,1898620,11-07-17 12:37PM,CAGED_ANTIGO,2014,,,LIST
/pdet/microdados/CAGED_AJUSTES/2014/CAGEDEST_AJUSTES_062014.7z,/pdet/microdados/CAGED_AJUSTES/2014,CAGEDEST_AJUSTES_062014.7z,7z,1924465,11-07-17 12:37PM,CAGED_ANTIGO,2014,,,LIST
/pdet/microdados/CAGED_AJUSTES/2014/CAGEDEST_AJUSTES_072014.7z,/pdet/microdados/CAGED_AJUSTES/2014,CAGEDEST_AJUSTES_072014.7z,7z,1997705,11-07-17 12:37PM,CAGED_ANTIGO,2014,,,LIST
/pdet/microdados/CAGED_AJUSTES/2014/CAGEDEST_AJUSTES_082014.7z,/pdet/microdados/CAGED_AJUSTES/2014,CAGEDEST_AJUSTES_082014.7z,7z,1860056,11-07-17 12:37PM,CAGED_ANTIGO,2014,,,LIST
/pdet/microdados/CAGED_AJUSTES/2014/CAGEDEST_AJUSTES_092014.7z,/pdet/microdados/CAGED_AJUSTES/2014,CAGEDEST_AJUSTES_092014.7z,7z,2520268,11-07-17 12:37PM,CAGED_ANTIGO,2014,,,LIST
/pdet/microdados/CAGED_AJUSTES/2014/CAGEDEST_AJUSTES_102014.7z,/pdet/microdados/CAGED_AJUSTES/2014,CAGEDEST_AJUSTES_102014.7z,7z,1864530,11-07-17 12:37PM,CAGED_ANTIGO,2014,,,LIST
/pdet/microdados/CAGED_AJUSTES/2014/CAGEDEST_AJUSTES_112014.7z,/pdet/microdados/CAGED_AJUSTES/2014,CAGEDEST_AJUSTES_112014.7z,7z,1766101,11-07-17 12:37PM,CAGED_ANTIGO,2014,,,LIST
/pdet/microdados/CAGED_AJUSTES/2014/CAGEDEST_AJUSTES_122014.7z,/pdet/microdados/CAGED_AJUSTES/2014,CAGEDEST_AJUSTES_122014.7z,7z,1427452,11-07-17 12:37PM,CAGED_ANTIGO,2014,,,LIST
/pdet/microdados/CAGED_AJUSTES/2015/CAGEDEST_AJUSTES_012015.7z,/pdet/microdados/CAGED_AJUSTES/2015,CAGEDEST_AJUSTES_012015.7z,7z,1923363,11-07-17 12:37PM,CAGED_ANTIGO,2015,,,LIST
/pdet/microdados/CAGED_AJUSTES/2015/CAGEDEST_AJUSTES_022015.7z,/pdet/microdados/CAGED_AJUSTES/2015,CAGEDEST_AJUSTES_022015.7z,7z,1321274,11-07-17 12:37PM,CAGED_ANTIGO,2015,,,LIST
/pdet/microdados/CAGED_AJUSTES/2015/CAGEDEST_AJUSTES_032015.7z,/pdet/microdados/CAGED_AJUSTES/2015,CAGEDEST_AJUSTES_032015.7z,7z,2057091,11-07-17 12:37PM,CAGED_ANTIGO,2015,,,LIST
/pdet/microdados/CAGED_AJUSTES/2015/CAGEDEST_AJUSTES_042015.7z,/pdet/microdados/CAGED_AJUSTES/2015,CAGEDEST_AJUSTES_042015.7z,7z,2107178,11-07-17 12:37PM,CAGED_ANTIGO,2015,,,LIST
/pdet/microdados/CAGED_AJUSTES/2015/CAGEDEST_AJUSTES_052015.7z,/pdet/microdados/CAGED_AJUSTES/2015,CAGEDEST_AJUSTES_052015.7z,7z,2032374,11-07-17 12:37PM,CAGED_ANTIGO,2015,,,LIST
/pdet/microdados/CAGED_AJUSTES/2015/CAGEDEST_AJUSTES_062015.7z,/pdet/microdados/CAGED_AJUSTES/2015,CAGEDEST_AJUSTES_062015.7z,7z,2179432,11-07-17 12:37PM,CAGED_ANTIGO,2015,,,LIST
/pdet/microdados/CAGED_AJUSTES/2015/CAGEDEST_AJUSTES_072015.7z,/pdet/microdados/CAGED_AJUSTES/2015,CAGEDEST_AJUSTES_072015.7z,7z,1561725,11-07-17 12:37PM,CAGED_ANTIGO,2015,,,LIST
/pdet/microdados/CAGED_AJUSTES/2015/CAGEDEST_AJUSTES_082015.7z,/pdet/microdados/CAGED_AJUSTES/2015,CAGEDEST_AJUSTES_082015.7z,7z,1703545,11-07-17 12:37PM,CAGED_ANTIGO,2015,,,LIST
/pdet/microdados/CAGED_AJUSTES/2015/CAGEDEST_AJUSTES_092015.7z,/pdet/microdados/CAGED_AJUSTES/2015,CAGEDEST_AJUSTES_092015.7z,7z,1308877,11-07-17 12:37PM,CAGED_ANTIGO,2015,,,LIST
/pdet/microdados/CAGED_AJUSTES/2015/CAGEDEST_AJUSTES_102015.7z,/pdet/microdados/CAGED_AJUSTES/2015,CAGEDEST_AJUSTES_102015.7z,7z,1517960,11-07-17 12:37PM,CAGED_ANTIGO,2015,,,LIST
/pdet/microdados/CAGED_AJUSTES/2015/CAGEDEST_AJUSTES_112015.7z,/pdet/microdados/CAGED_AJUSTES/2015,CAGEDEST_AJUSTES_112015.7z,7z,1662335,11-07-17 12:37PM,CAGED_ANTIGO,2015,,,LIST
/pdet/microdados/CAGED_AJUSTES/2015/CAGEDEST_AJUSTES_122015.7z,/pdet/microdados/CAGED_AJUSTES/2015,CAGEDEST_AJUSTES_122015.7z,7z,1433871,11-07-17 12:37PM,CAGED_ANTIGO,2015,,,LIST
/pdet/microdados/CAGED_AJUSTES/2016/CAGEDEST_AJUSTES_012016.7z,/pdet/microdados/CAGED_AJUSTES/2016,CAGEDEST_AJUSTES_012016.7z,7z,1288283,11-07-17 12:37PM,CAGED_ANTIGO,2016,,,LIST
/pdet/microdados/CAGED_AJUSTES/2016/CAGEDEST_AJUSTES_022016.7z,/pdet/microdados/CAGED_AJUSTES/2016,CAGEDEST_AJUSTES_022016.7z,7z,986869,11-07-17 12:37PM,CAGED_ANTIGO,2016,,,LIST
/pdet/microdados/CAGED_AJUSTES/2016/CAGEDEST_AJUSTES_032016.7z,/pdet/microdados/CAGED_AJUSTES/2016,CAGEDEST_AJUSTES_032016.7z,7z,1602703,11-07-17 12:37PM,CAGED_ANTIGO,2016,,,LIST
/pdet/microdados/CAGED_AJUSTES/2016/CAGEDEST_AJUSTES_042016.7z,/pdet/microdados/CAGED_AJUSTES/2016,CAGEDEST_AJUSTES_042016.7z,7z,1462329,11-07-17 12:37PM,CAGED_ANTIGO,2016,,,LIST
/pdet/microdados/CAGED_AJUSTES/2016/CAGEDEST_AJUSTES_052016.7z,/pdet/microdados/CAGED_AJUSTES/2016,CAGEDEST_AJUSTES_052016.7z,7z,1344755,11-07-17 12:37PM,CAGED_ANTIGO,2016,,,LIST
/pdet/microdados/CAGED_AJUSTES/2016/CAGEDEST_AJUSTES_062016.7z,/pdet/microdados/CAGED_AJUSTES/2016,CAGEDEST_AJUSTES_062016.7z,7z,1604144,11-07-17 12:37PM,CAGED_ANTIGO,2016,,,LIST
/pdet/microdados/CAGED_AJUSTES/2016/CAGEDEST_AJUSTES_072016.7z,/pdet/microdados/CAGED_AJUSTES/2016,CAGEDEST_AJUSTES_072016.7z,7z,1003781,11-07-17 12:37PM,CAGED_ANTIGO,2016,,,LIST
/pdet/microdados/CAGED_AJUSTES/2016/CAGEDEST_AJUSTES_082016.7z,/pdet/microdados/CAGED_AJUSTES/2016,CAGEDEST_AJUSTES_082016.7z,7z,1064754,11-07-17 12:37PM,CAGED_ANTIGO,2016,,,LIST
/pdet/microdados/CAGED_AJUSTES/2016/CAGEDEST_AJUSTES_092016.7z,/pdet/microdados/CAGED_AJUSTES/2016,CAGEDEST_AJUSTES_092016.7z,7z,928988,11-07-17 12:37PM,CAGED_ANTIGO,2016,,,LIST
/pdet/microdados/CAGED_AJUSTES/2016/CAGEDEST_AJUSTES_102016.7z,/pdet/microdados/CAGED_AJUSTES/2016,CAGEDEST_AJUSTES_102016.7z,7z,1079370,11-07-17 12:37PM,CAGED_ANTIGO,2016,,,LIST
/pdet/microdados/CAGED_AJUSTES/2016/CAGEDEST_AJUSTES_112016.7z,/pdet/microdados/CAGED_AJUSTES/2016,CAGEDEST_AJUSTES_112016.7z,7z,871622,11-07-17 12:37PM,CAGED_ANTIGO,2016,,,LIST
/pdet/microdados/CAGED_AJUSTES/2016/CAGEDEST_AJUSTES_122016.7z,/pdet/microdados/CAGED_AJUSTES/2016,CAGEDEST_AJUSTES_122016.7z,7z,718103,11-07-17 12:37PM,CAGED_ANTIGO,2016,,,LIST
/pdet/microdados/CAGED_AJUSTES/2017/CAGEDEST_AJUSTES_012017.7z,/pdet/microdados/CAGED_AJUSTES/2017,CAGEDEST_AJUSTES_012017.7z,7z,1205518,11-07-17 12:37PM,CAGED_ANTIGO,2017,,,LIST
/pdet/microdados/CAGED_AJUSTES/2017/CAGEDEST_AJUSTES_022017.7z,/pdet/microdados/CAGED_AJUSTES/2017,CAGEDEST_AJUSTES_022017.7z,7z,562201,11-07-17 12:37PM,CAGED_ANTIGO,2017,,,LIST
/pdet/microdados/CAGED_AJUSTES/2017/CAGEDEST_AJUSTES_032017.7z,/pdet/microdados/CAGED_AJUSTES/2017,CAGEDEST_AJUSTES_032017.7z,7z,904742,11-07-17 12:37PM,CAGED_ANTIGO,2017,,,LIST
/pdet/microdados/CAGED_AJUSTES/2017/CAGEDEST_AJUSTES_042017.7z,/pdet/microdados/CAGED_AJUSTES/2017,CAGEDEST_AJUSTES_042017.7z,7z,1227142,11-07-17 12:37PM,CAGED_ANTIGO,2017,,,LIST
/pdet/microdados/CAGED_AJUSTES/2017/CAGEDEST_AJUSTES_052017.7z,/pdet/microdados/CAGED_AJUSTES/2017,CAGEDEST_AJUSTES_052017.7z,7z,1499944,11-07-17 12:37PM,CAGED_ANTIGO,2017,,,LIST
/pdet/microdados/CAGED_AJUSTES/2017/CAGEDEST_AJUSTES_062017.7z,/pdet/microdados/CAGED_AJUSTES/2017,CAGEDEST_AJUSTES_062017.7z,7z,1000394,11-07-17 12:37PM,CAGED_ANTIGO,2017,,,LIST
/pdet/microdados/CAGED_AJUSTES/2017/CAGEDEST_AJUSTES_072017.7z,/pdet/microdados/CAGED_AJUSTES/2017,CAGEDEST_AJUSTES_072017.7z,7z,1139280,11-07-17 12:37PM,CAGED_ANTIGO,2017,,,LIST
/pdet/microdados/CAGED_AJUSTES/2017/CAGEDEST_AJUSTES_082017.7z,/pdet/microdados/CAGED_AJUSTES/2017,CAGEDEST_AJUSTES_082017.7z,7z,1185849,11-07-17 12:37PM,CAGED_ANTIGO,2017,,,LIST
/pdet/microdados/CAGED_AJUSTES/2017/CAGEDEST_AJUSTES_092017.7z,/pdet/microdados/CAGED_AJUSTES/2017,CAGEDEST_AJUSTES_092017.7z,7z,955993,11-07-17 12:37PM,CAGED_ANTIGO,2017,,,LIST
/pdet/microdados/CAGED_AJUSTES/2017/CAGEDEST_AJUSTES_102017.7z,/pdet/microdados/CAGED_AJUSTES/2017,CAGEDEST_AJUSTES_102017.7z,7z,1148821,11-21-17 02:33PM,CAGED_ANTIGO,2017,,,LIST
/pdet/microdados/CAGED_AJUSTES/2017/CAGEDEST_AJUSTES_112017.7z,/pdet/microdados/CAGED_AJUSTES/2017,CAGEDEST_AJUSTES_112017.7z,7z,918629,12-28-17 10:46AM,CAGED_ANTIGO,2017,,,LIST
/pdet/microdados/CAGED_AJUSTES/2017/CAGEDEST_AJUSTES_122017.7z,/pdet/microdados/CAGED_AJUSTES/2017,CAGEDEST_AJUSTES_122017.7z,7z,921826,01-29-18 03:29PM,CAGED_ANTIGO,2017,,,LIST
/pdet/microdados/CAGED_AJUSTES/2018/CAGEDEST_AJUSTES_012018.7z,/pdet/microdados/CAGED_AJUSTES/2018,CAGEDEST_AJUSTES_012018.7z,7z,1251831,03-02-18 11:38AM,CAGED_ANTIGO,2018,,,LIST
/pdet/microdados/CAGED_AJUSTES/2018/CAGEDEST_AJUSTES_022018.7z,/pdet/microdados/CAGED_AJUSTES/2018,CAGEDEST_AJUSTES_022018.7z,7z,722117,03-23-18 05:04PM,CAGED_ANTIGO,2018,,,LIST
/pdet/microdados/CAGED_AJUSTES/2018/CAGEDEST_AJUSTES_032018.7z,/pdet/microdados/CAGED_AJUSTES/2018,CAGEDEST_AJUSTES_032018.7z,7z,841766,04-20-18 02:58PM,CAGED_ANTIGO,2018,,,LIST
/pdet/microdados/CAGED_AJUSTES/2018/CAGEDEST_AJUSTES_042018.7z,/pdet/microdados/CAGED_AJUSTES/2018,CAGEDEST_AJUSTES_042018.7z,7z,1514579,05-18-18 03:35PM,CAGED_ANTIGO,2018,,,LIST
/pdet/microdados/CAGED_AJUSTES/2018/CAGEDEST_AJUSTES_052018.7z,/pdet/microdados/CAGED_AJUSTES/2018,CAGEDEST_AJUSTES_052018.7z,7z,1074576,09-24-18 04:22PM,CAGED_ANTIGO,2018,,,LIST
/pdet/microdados/CAGED_AJUSTES/2018/CAGEDEST_AJUSTES_062018.7z,/pdet/microdados/CAGED_AJUSTES/2018,CAGEDEST_AJUSTES_062018.7z,7z,956452,09-24-18 04:31PM,CAGED_ANTIGO,2018,,,LIST
/pdet/microdados/CAGED_AJUSTES/2018/CAGEDEST_AJUSTES_072018.7z,/pdet/microdados/CAGED_AJUSTES/2018,CAGEDEST_AJUSTES_072018.7z,7z,1009279,09-24-18 04:31PM,CAGED_ANTIGO,2018,,,LIST
/pdet/microdados/CAGED_AJUSTES/2018/CAGEDEST_AJUSTES_082018.7z,/pdet/microdados/CAGED_AJUSTES/2018,CAGEDEST_AJUSTES_082018.7z,7z,779613,09-24-18 04:31PM,CAGED_ANTIGO,2018,,,LIST
/pdet/microdados/CAGED_AJUSTES/2018/CAGEDEST_AJUSTES_092018.7z,/pdet/microdados/CAGED_AJUSTES/2018,CAGEDEST_AJUSTES_092018.7z,7z,1088675,10-23-18 11:09AM,CAGED_ANTIGO,2018,,,LIST
/pdet/microdados/CAGED_AJUSTES/2018/CAGEDEST_AJUSTES_102018.7z,/pdet/microdados/CAGED_AJUSTES/2018,CAGEDEST_AJUSTES_102018.7z,7z,840842,11-22-18 09:44AM,CAGED_ANTIGO,2018,,,LIST
/pdet/microdados/CAGED_AJUSTES/2018/CAGEDEST_AJUSTES_112018.7z,/pdet/microdados/CAGED_AJUSTES/2018,CAGEDEST_AJUSTES_112018.7z,7z,747889,01-09-19 10:23AM,CAGED_ANTIGO,2018,,,LIST
/pdet/microdados/CAGED_AJUSTES/2018/CAGEDEST_AJUSTES_122018.7z,/pdet/microdados/CAGED_AJUSTES/2018,CAGEDEST_AJUSTES_122018.7z,7z,806252,01-28-19 09:58AM,CAGED_ANTIGO,2018,,,LIST
/pdet/microdados/CAGED_AJUSTES/2019/CAGEDEST_AJUSTES_012019.7z,/pdet/microdados/CAGED_AJUSTES/2019,CAGEDEST_AJUSTES_012019.7z,7z,898242,03-29-19 02:46PM,CAGED_ANTIGO,2019,,,LIST
/pdet/microdados/CAGED_AJUSTES/2019/CAGEDEST_AJUSTES_022019.7z,/pdet/microdados/CAGED_AJUSTES/2019,CAGEDEST_AJUSTES_022019.7z,7z,616999,03-29-19 02:46PM,CAGED_ANTIGO,2019,,,LIST
/pdet/microdados/CAGED_AJUSTES/2019/CAGEDEST_AJUSTES_032019.7z,/pdet/microdados/CAGED_AJUSTES/2019,CAGEDEST_AJUSTES_032019.7z,7z,1268672,04-25-19 02:42PM,CAGED_ANTIGO,2019,,,LIST
/pdet/microdados/CAGED_AJUSTES/2019/CAGEDEST_AJUSTES_042019.7z,/pdet/microdados/CAGED_AJUSTES/2019,CAGEDEST_AJUSTES_042019.7z,7z,1028810,05-27-19 10:04AM,CAGED_ANTIGO,2019,,,LIST
/pdet/microdados/CAGED_AJUSTES/2019/CAGEDEST_AJUSTES_052019.7z,/pdet/microdados/CAGED_AJUSTES/2019,CAGEDEST_AJUSTES_052019.7z,7z,1077515,07-03-19 12:03PM,CAGED_ANTIGO,2019,,,LIST
/pdet/microdados/CAGED_AJUSTES/2019/CAGEDEST_AJUSTES_062019.7z,/pdet/microdados/CAGED_AJUSTES/2019,CAGEDEST_AJUSTES_062019.7z,7z,1077901,07-25-19 04:01PM,CAGED_ANTIGO,2019,,,LIST
/pdet/microdados/CAGED_AJUSTES/2019/CAGEDEST_AJUSTES_072019.7z,/pdet/microdados/CAGED_AJUSTES/2019,CAGEDEST_AJUSTES_072019.7z,7z,1009046,08-23-19 03:26PM,CAGED_ANTIGO,2019,,,LIST
/pdet/microdados/CAGED_AJUSTES/2019/CAGEDEST_AJUSTES_082019.7z,/pdet/microdados/CAGED_AJUSTES/2019,CAGEDEST_AJUSTES_082019.7z,7z,876584,09-27-19 09:09AM,CAGED_ANTIGO,2019,,,LIST
/pdet/microdados/CAGED_AJUSTES/2019/CAGEDEST_AJUSTES_092019.7z,/pdet/microdados/CAGED_AJUSTES/2019,CAGEDEST_AJUSTES_092019.7z,7z,978815,10-17-19 05:03PM,CAGED_ANTIGO,2019,,,LIST
/pdet/microdados/CAGED_AJUSTES/2019/CAGEDEST_AJUSTES_102019.7z,/pdet/microdados/CAGED_AJUSTES/2019,CAGEDEST_AJUSTES_102019.7z,7z,831110,11-22-19 04:52PM,CAGED_ANTIGO,2019,,,LIST
/pdet/microdados/CAGED_AJUSTES/2019/CAGEDEST_AJUSTES_112019.7z,/pdet/microdados/CAGED_AJUSTES/2019,CAGEDEST_AJUSTES_112019.7z,7z,909278,12-23-19 04:51PM,CAGED_ANTIGO,2019,,,LIST
/pdet/microdados/CAGED_AJUSTES/2019/CAGEDEST_AJUSTES_122019.7z,/pdet/microdados/CAGED_AJUSTES/2019,CAGEDEST_AJUSTES_122019.7z,7z,782310,01-24-20 04:06PM,CAGED_ANTIGO,2019,,,LIST
/pdet/microdados/NOVO CAGED/Legado/Sobre o Novo Caged - Legado.pdf,/pdet/microdados/NOVO CAGED/Legado,Sobre o Novo Caged - Legado.pdf,pdf,78848,11-30-21 03:49PM,AUXILIAR_DOC,,,,LIST
/pdet/microdados/RAIS/1985/AC1985.7z,/pdet/microdados/RAIS/1985,AC1985.7z,7z,366336,07-07-16 06:55PM,RAIS_OUTRO,1985,,AC,LIST
/pdet/microdados/RAIS/1985/AL1985.7z,/pdet/microdados/RAIS/1985,AL1985.7z,7z,2766831,07-07-16 06:55PM,RAIS_OUTRO,1985,,AL,LIST
/pdet/microdados/RAIS/1985/AM1985.7z,/pdet/microdados/RAIS/1985,AM1985.7z,7z,2894764,07-07-16 06:55PM,RAIS_OUTRO,1985,,AM,LIST
/pdet/microdados/RAIS/1985/AP1985.7z,/pdet/microdados/RAIS/1985,AP1985.7z,7z,297320,07-07-16 06:55PM,RAIS_OUTRO,1985,,AP,LIST
/pdet/microdados/RAIS/1985/Aviso.txt,/pdet/microdados/RAIS/1985,Aviso.txt,txt,53,03-25-19 12:51PM,RAIS_OUTRO,1985,,,LIST
/pdet/microdados/RAIS/1985/BA1985.7z,/pdet/microdados/RAIS/1985,BA1985.7z,7z,11274022,07-07-16 06:55PM,RAIS_OUTRO,1985,,BA,LIST
/pdet/microdados/RAIS/1985/CE1985.7z,/pdet/microdados/RAIS/1985,CE1985.7z,7z,5733156,07-07-16 06:55PM,RAIS_OUTRO,1985,,CE,LIST
/pdet/microdados/RAIS/1985/DF1985.7z,/pdet/microdados/RAIS/1985,DF1985.7z,7z,5691382,07-07-16 06:55PM,RAIS_OUTRO,1985,,DF,LIST
/pdet/microdados/RAIS/1985/ES1985.7z,/pdet/microdados/RAIS/1985,ES1985.7z,7z,4555328,07-07-16 06:55PM,RAIS_OUTRO,1985,,ES,LIST
/pdet/microdados/RAIS/1985/ESTB1985.7z,/pdet/microdados/RAIS/1985,ESTB1985.7z,7z,3642428,07-19-16 02:53PM,RAIS_OUTRO,1985,,,LIST
/pdet/microdados/RAIS/1985/GO1985.7z,/pdet/microdados/RAIS/1985,GO1985.7z,7z,5624554,07-07-16 06:55PM,RAIS_OUTRO,1985,,GO,LIST
/pdet/microdados/RAIS/1985/IGNORANDOS1985.7z,/pdet/microdados/RAIS/1985,IGNORANDOS1985.7z,7z,6922583,07-07-16 06:55PM,RAIS_OUTRO,1985,,,LIST
/pdet/microdados/RAIS/1985/MG1985.7z,/pdet/microdados/RAIS/1985,MG1985.7z,7z,27445695,07-07-16 06:55PM,RAIS_OUTRO,1985,,MG,LIST
/pdet/microdados/RAIS/1985/MS1985.7z,/pdet/microdados/RAIS/1985,MS1985.7z,7z,2812057,07-07-16 06:55PM,RAIS_OUTRO,1985,,MS,LIST
/pdet/microdados/RAIS/1985/MT1985.7z,/pdet/microdados/RAIS/1985,MT1985.7z,7z,2353506,07-07-16 06:55PM,RAIS_OUTRO,1985,,MT,LIST
/pdet/microdados/RAIS/1985/PA1985.7z,/pdet/microdados/RAIS/1985,PA1985.7z,7z,4971897,07-07-16 06:55PM,RAIS_OUTRO,1985,,PA,LIST
/pdet/microdados/RAIS/1985/PB1985.7z,/pdet/microdados/RAIS/1985,PB1985.7z,7z,2652718,07-07-16 06:55PM,RAIS_OUTRO,1985,,PB,LIST
/pdet/microdados/RAIS/1985/PE1985.7z,/pdet/microdados/RAIS/1985,PE1985.7z,7z,8848370,07-07-16 06:55PM,RAIS_OUTRO,1985,,PE,LIST
/pdet/microdados/RAIS/1985/PI1985.7z,/pdet/microdados/RAIS/1985,PI1985.7z,7z,1441867,07-07-16 06:55PM,RAIS_OUTRO,1985,,PI,LIST
/pdet/microdados/RAIS/1985/PR1985.7z,/pdet/microdados/RAIS/1985,PR1985.7z,7z,17527488,07-07-16 06:56PM,RAIS_OUTRO,1985,,PR,LIST
/pdet/microdados/RAIS/1985/RJ1985.7z,/pdet/microdados/RAIS/1985,RJ1985.7z,7z,38250166,07-07-16 06:56PM,RAIS_OUTRO,1985,,RJ,LIST
/pdet/microdados/RAIS/1985/RN1985.7z,/pdet/microdados/RAIS/1985,RN1985.7z,7z,2448493,07-07-16 06:56PM,RAIS_OUTRO,1985,,RN,LIST
/pdet/microdados/RAIS/1985/RO1985.7z,/pdet/microdados/RAIS/1985,RO1985.7z,7z,1237649,07-07-16 06:56PM,RAIS_OUTRO,1985,,RO,LIST
/pdet/microdados/RAIS/1985/RR1985.7z,/pdet/microdados/RAIS/1985,RR1985.7z,7z,199418,07-07-16 06:56PM,RAIS_OUTRO,1985,,RR,LIST
/pdet/microdados/RAIS/1985/RS1985.7z,/pdet/microdados/RAIS/1985,RS1985.7z,7z,26514619,07-07-16 06:56PM,RAIS_OUTRO,1985,,RS,LIST
/pdet/microdados/RAIS/1985/SC1985.7z,/pdet/microdados/RAIS/1985,SC1985.7z,7z,11588261,07-07-16 06:56PM,RAIS_OUTRO,1985,,SC,LIST
/pdet/microdados/RAIS/1985/SE1985.7z,/pdet/microdados/RAIS/1985,SE1985.7z,7z,1885562,07-07-16 06:56PM,RAIS_OUTRO,1985,,SE,LIST
/pdet/microdados/RAIS/1985/SP1985.7z,/pdet/microdados/RAIS/1985,SP1985.7z,7z,116147873,07-07-16 06:56PM,RAIS_OUTRO,1985,,SP,LIST
/pdet/microdados/RAIS/1986/AC1986.7z,/pdet/microdados/RAIS/1986,AC1986.7z,7z,413551,07-07-16 06:56PM,RAIS_OUTRO,1986,,AC,LIST
/pdet/microdados/RAIS/1986/AL1986.7z,/pdet/microdados/RAIS/1986,AL1986.7z,7z,3135065,07-07-16 06:56PM,RAIS_OUTRO,1986,,AL,LIST
/pdet/microdados/RAIS/1986/AM1986.7z,/pdet/microdados/RAIS/1986,AM1986.7z,7z,3391559,07-07-16 06:56PM,RAIS_OUTRO,1986,,AM,LIST
/pdet/microdados/RAIS/1986/AP1986.7z,/pdet/microdados/RAIS/1986,AP1986.7z,7z,302504,07-07-16 06:56PM,RAIS_OUTRO,1986,,AP,LIST
/pdet/microdados/RAIS/1986/Aviso.txt,/pdet/microdados/RAIS/1986,Aviso.txt,txt,53,03-25-19 12:59PM,RAIS_OUTRO,1986,,,LIST
/pdet/microdados/RAIS/1986/BA1986.7z,/pdet/microdados/RAIS/1986,BA1986.7z,7z,12762821,07-07-16 06:56PM,RAIS_OUTRO,1986,,BA,LIST
/pdet/microdados/RAIS/1986/CE1986.7z,/pdet/microdados/RAIS/1986,CE1986.7z,7z,6568374,07-07-16 06:56PM,RAIS_OUTRO,1986,,CE,LIST
/pdet/microdados/RAIS/1986/DF1986.7z,/pdet/microdados/RAIS/1986,DF1986.7z,7z,6278098,07-07-16 06:56PM,RAIS_OUTRO,1986,,DF,LIST
/pdet/microdados/RAIS/1986/ES1986.7z,/pdet/microdados/RAIS/1986,ES1986.7z,7z,5503516,07-07-16 06:56PM,RAIS_OUTRO,1986,,ES,LIST
/pdet/microdados/RAIS/1986/ESTB1986.7z,/pdet/microdados/RAIS/1986,ESTB1986.7z,7z,4173211,07-19-16 02:53PM,RAIS_OUTRO,1986,,,LIST
/pdet/microdados/RAIS/1986/GO1986.7z,/pdet/microdados/RAIS/1986,GO1986.7z,7z,6838150,07-07-16 06:56PM,RAIS_OUTRO,1986,,GO,LIST
/pdet/microdados/RAIS/1986/IGNORADOS1986.7z,/pdet/microdados/RAIS/1986,IGNORADOS1986.7z,7z,7211615,07-07-16 06:56PM,RAIS_OUTRO,1986,,,LIST
/pdet/microdados/RAIS/1986/MA1986.7z,/pdet/microdados/RAIS/1986,MA1986.7z,7z,2727120,07-07-16 06:56PM,RAIS_OUTRO,1986,,MA,LIST
/pdet/microdados/RAIS/1986/MG1986.7z,/pdet/microdados/RAIS/1986,MG1986.7z,7z,33871900,07-07-16 06:56PM,RAIS_OUTRO,1986,,MG,LIST
/pdet/microdados/RAIS/1986/MS1986.7z,/pdet/microdados/RAIS/1986,MS1986.7z,7z,3263984,07-07-16 06:56PM,RAIS_OUTRO,1986,,MS,LIST
/pdet/microdados/RAIS/1986/MT1986.7z,/pdet/microdados/RAIS/1986,MT1986.7z,7z,2662704,07-07-16 06:56PM,RAIS_OUTRO,1986,,MT,LIST
/pdet/microdados/RAIS/1986/PB1986.7z,/pdet/microdados/RAIS/1986,PB1986.7z,7z,3149032,07-07-16 06:56PM,RAIS_OUTRO,1986,,PB,LIST
/pdet/microdados/RAIS/1986/PE1986.7z,/pdet/microdados/RAIS/1986,PE1986.7z,7z,10412359,07-07-16 06:56PM,RAIS_OUTRO,1986,,PE,LIST
/pdet/microdados/RAIS/1986/PI1986.7z,/pdet/microdados/RAIS/1986,PI1986.7z,7z,1827620,07-07-16 06:56PM,RAIS_OUTRO,1986,,PI,LIST
/pdet/microdados/RAIS/1986/PR1986.7z,/pdet/microdados/RAIS/1986,PR1986.7z,7z,21331555,07-07-16 06:56PM,RAIS_OUTRO,1986,,PR,LIST
/pdet/microdados/RAIS/1986/RJ1986.7z,/pdet/microdados/RAIS/1986,RJ1986.7z,7z,43611627,07-07-16 06:57PM,RAIS_OUTRO,1986,,RJ,LIST
/pdet/microdados/RAIS/1986/RN1986.7z,/pdet/microdados/RAIS/1986,RN1986.7z,7z,2797507,07-07-16 06:57PM,RAIS_OUTRO,1986,,RN,LIST
/pdet/microdados/RAIS/1986/RO1986.7z,/pdet/microdados/RAIS/1986,RO1986.7z,7z,935895,07-07-16 06:57PM,RAIS_OUTRO,1986,,RO,LIST
/pdet/microdados/RAIS/1986/RR1986.7z,/pdet/microdados/RAIS/1986,RR1986.7z,7z,235148,07-07-16 06:57PM,RAIS_OUTRO,1986,,RR,LIST
/pdet/microdados/RAIS/1986/RS1986.7z,/pdet/microdados/RAIS/1986,RS1986.7z,7z,30835953,07-07-16 06:57PM,RAIS_OUTRO,1986,,RS,LIST
/pdet/microdados/RAIS/1986/SC1986.7z,/pdet/microdados/RAIS/1986,SC1986.7z,7z,14158370,07-07-16 06:57PM,RAIS_OUTRO,1986,,SC,LIST
/pdet/microdados/RAIS/1986/SE1986.7z,/pdet/microdados/RAIS/1986,SE1986.7z,7z,2075839,07-07-16 06:57PM,RAIS_OUTRO,1986,,SE,LIST
/pdet/microdados/RAIS/1986/SP1986.7z,/pdet/microdados/RAIS/1986,SP1986.7z,7z,136612508,04-24-26 02:15PM,RAIS_OUTRO,1986,,SP,LIST
/pdet/microdados/RAIS/1987/AC1987.7z,/pdet/microdados/RAIS/1987,AC1987.7z,7z,456987,07-07-16 06:57PM,RAIS_OUTRO,1987,,AC,LIST
/pdet/microdados/RAIS/1987/AL1987.7z,/pdet/microdados/RAIS/1987,AL1987.7z,7z,3455983,07-07-16 06:57PM,RAIS_OUTRO,1987,,AL,LIST
/pdet/microdados/RAIS/1987/AM1987.7z,/pdet/microdados/RAIS/1987,AM1987.7z,7z,3597694,07-07-16 06:57PM,RAIS_OUTRO,1987,,AM,LIST
/pdet/microdados/RAIS/1987/AP1987.7z,/pdet/microdados/RAIS/1987,AP1987.7z,7z,348407,07-07-16 06:57PM,RAIS_OUTRO,1987,,AP,LIST
/pdet/microdados/RAIS/1987/BA1987.7z,/pdet/microdados/RAIS/1987,BA1987.7z,7z,13213701,07-07-16 06:57PM,RAIS_OUTRO,1987,,BA,LIST
/pdet/microdados/RAIS/1987/CE1987.7z,/pdet/microdados/RAIS/1987,CE1987.7z,7z,7028760,07-07-16 06:57PM,RAIS_OUTRO,1987,,CE,LIST
/pdet/microdados/RAIS/1987/DF1987.7z,/pdet/microdados/RAIS/1987,DF1987.7z,7z,6639476,04-24-26 02:24PM,RAIS_OUTRO,1987,,DF,LIST
/pdet/microdados/RAIS/1987/ES1987.7z,/pdet/microdados/RAIS/1987,ES1987.7z,7z,5813655,07-07-16 06:57PM,RAIS_OUTRO,1987,,ES,LIST
/pdet/microdados/RAIS/1987/ESTB1987.7z,/pdet/microdados/RAIS/1987,ESTB1987.7z,7z,4400218,07-19-16 02:53PM,RAIS_OUTRO,1987,,,LIST
/pdet/microdados/RAIS/1987/GO1987.7z,/pdet/microdados/RAIS/1987,GO1987.7z,7z,7204983,07-07-16 06:57PM,RAIS_OUTRO,1987,,GO,LIST
/pdet/microdados/RAIS/1987/IGNORADOS1987.7z,/pdet/microdados/RAIS/1987,IGNORADOS1987.7z,7z,1516494,07-07-16 06:57PM,RAIS_OUTRO,1987,,,LIST
/pdet/microdados/RAIS/1987/MA1987.7z,/pdet/microdados/RAIS/1987,MA1987.7z,7z,2850015,07-07-16 06:57PM,RAIS_OUTRO,1987,,MA,LIST
/pdet/microdados/RAIS/1987/MG1987.7z,/pdet/microdados/RAIS/1987,MG1987.7z,7z,36387915,07-07-16 06:57PM,RAIS_OUTRO,1987,,MG,LIST
/pdet/microdados/RAIS/1987/MS1987.7z,/pdet/microdados/RAIS/1987,MS1987.7z,7z,3363443,07-07-16 06:57PM,RAIS_OUTRO,1987,,MS,LIST
/pdet/microdados/RAIS/1987/MT1987.7z,/pdet/microdados/RAIS/1987,MT1987.7z,7z,2979574,07-07-16 06:57PM,RAIS_OUTRO,1987,,MT,LIST
/pdet/microdados/RAIS/1987/PA1987.7z,/pdet/microdados/RAIS/1987,PA1987.7z,7z,5865751,07-07-16 06:57PM,RAIS_OUTRO,1987,,PA,LIST
/pdet/microdados/RAIS/1987/PB1987.7z,/pdet/microdados/RAIS/1987,PB1987.7z,7z,3307674,07-07-16 06:57PM,RAIS_OUTRO,1987,,PB,LIST
/pdet/microdados/RAIS/1987/PE1987.7z,/pdet/microdados/RAIS/1987,PE1987.7z,7z,11341081,07-07-16 06:57PM,RAIS_OUTRO,1987,,PE,LIST
/pdet/microdados/RAIS/1987/PI1987.7z,/pdet/microdados/RAIS/1987,PI1987.7z,7z,1961292,07-07-16 06:57PM,RAIS_OUTRO,1987,,PI,LIST
/pdet/microdados/RAIS/1987/PR1987.7z,/pdet/microdados/RAIS/1987,PR1987.7z,7z,22988435,07-07-16 06:58PM,RAIS_OUTRO,1987,,PR,LIST
/pdet/microdados/RAIS/1987/RJ1987.7z,/pdet/microdados/RAIS/1987,RJ1987.7z,7z,45898296,07-07-16 06:58PM,RAIS_OUTRO,1987,,RJ,LIST
/pdet/microdados/RAIS/1987/RN1987.7z,/pdet/microdados/RAIS/1987,RN1987.7z,7z,2983300,07-07-16 06:58PM,RAIS_OUTRO,1987,,RN,LIST
/pdet/microdados/RAIS/1987/RO1987.7z,/pdet/microdados/RAIS/1987,RO1987.7z,7z,1469810,07-07-16 06:58PM,RAIS_OUTRO,1987,,RO,LIST
/pdet/microdados/RAIS/1987/RR1987.7z,/pdet/microdados/RAIS/1987,RR1987.7z,7z,240153,07-07-16 06:58PM,RAIS_OUTRO,1987,,RR,LIST
/pdet/microdados/RAIS/1987/RS1987.7z,/pdet/microdados/RAIS/1987,RS1987.7z,7z,32189438,07-07-16 06:58PM,RAIS_OUTRO,1987,,RS,LIST
/pdet/microdados/RAIS/1987/SC1987.7z,/pdet/microdados/RAIS/1987,SC1987.7z,7z,15164025,07-07-16 06:58PM,RAIS_OUTRO,1987,,SC,LIST
/pdet/microdados/RAIS/1987/SE1987.7z,/pdet/microdados/RAIS/1987,SE1987.7z,7z,2284919,07-07-16 06:58PM,RAIS_OUTRO,1987,,SE,LIST
/pdet/microdados/RAIS/1987/SP1987.7z,/pdet/microdados/RAIS/1987,SP1987.7z,7z,143563013,07-07-16 06:58PM,RAIS_OUTRO,1987,,SP,LIST
/pdet/microdados/RAIS/1988/AC1988.7z,/pdet/microdados/RAIS/1988,AC1988.7z,7z,467555,07-07-16 06:58PM,RAIS_OUTRO,1988,,AC,LIST
/pdet/microdados/RAIS/1988/AL1988.7z,/pdet/microdados/RAIS/1988,AL1988.7z,7z,3442737,07-07-16 06:58PM,RAIS_OUTRO,1988,,AL,LIST
/pdet/microdados/RAIS/1988/AM1988.7z,/pdet/microdados/RAIS/1988,AM1988.7z,7z,3714461,07-07-16 06:58PM,RAIS_OUTRO,1988,,AM,LIST
/pdet/microdados/RAIS/1988/AP1988.7z,/pdet/microdados/RAIS/1988,AP1988.7z,7z,347566,07-07-16 06:58PM,RAIS_OUTRO,1988,,AP,LIST
/pdet/microdados/RAIS/1988/BA1988.7z,/pdet/microdados/RAIS/1988,BA1988.7z,7z,13399082,07-07-16 06:58PM,RAIS_OUTRO,1988,,BA,LIST
/pdet/microdados/RAIS/1988/CE1988.7z,/pdet/microdados/RAIS/1988,CE1988.7z,7z,7062317,07-07-16 06:58PM,RAIS_OUTRO,1988,,CE,LIST
/pdet/microdados/RAIS/1988/DF1988.7z,/pdet/microdados/RAIS/1988,DF1988.7z,7z,6979216,07-07-16 06:58PM,RAIS_OUTRO,1988,,DF,LIST
/pdet/microdados/RAIS/1988/ES1988.7z,/pdet/microdados/RAIS/1988,ES1988.7z,7z,5901180,07-07-16 06:58PM,RAIS_OUTRO,1988,,ES,LIST
/pdet/microdados/RAIS/1988/ESTB1988.7z,/pdet/microdados/RAIS/1988,ESTB1988.7z,7z,4605736,07-19-16 02:54PM,RAIS_OUTRO,1988,,,LIST
/pdet/microdados/RAIS/1988/GO1988.7z,/pdet/microdados/RAIS/1988,GO1988.7z,7z,7549492,07-07-16 06:58PM,RAIS_OUTRO,1988,,GO,LIST
/pdet/microdados/RAIS/1988/IGNORADO1988.7z,/pdet/microdados/RAIS/1988,IGNORADO1988.7z,7z,676731,07-07-16 06:58PM,RAIS_OUTRO,1988,,,LIST
/pdet/microdados/RAIS/1988/MA1988.7z,/pdet/microdados/RAIS/1988,MA1988.7z,7z,2969709,07-07-16 06:58PM,RAIS_OUTRO,1988,,MA,LIST
/pdet/microdados/RAIS/1988/MG1988.7z,/pdet/microdados/RAIS/1988,MG1988.7z,7z,37155231,07-07-16 06:58PM,RAIS_OUTRO,1988,,MG,LIST
/pdet/microdados/RAIS/1988/MS1988.7z,/pdet/microdados/RAIS/1988,MS1988.7z,7z,3584242,07-07-16 06:58PM,RAIS_OUTRO,1988,,MS,LIST
/pdet/microdados/RAIS/1988/MT1988.7z,/pdet/microdados/RAIS/1988,MT1988.7z,7z,3101999,07-07-16 06:58PM,RAIS_OUTRO,1988,,MT,LIST
/pdet/microdados/RAIS/1988/PA1988.7z,/pdet/microdados/RAIS/1988,PA1988.7z,7z,5859807,07-07-16 06:59PM,RAIS_OUTRO,1988,,PA,LIST
/pdet/microdados/RAIS/1988/PB1988.7z,/pdet/microdados/RAIS/1988,PB1988.7z,7z,3335104,07-07-16 06:59PM,RAIS_OUTRO,1988,,PB,LIST
/pdet/microdados/RAIS/1988/PE1988.7z,/pdet/microdados/RAIS/1988,PE1988.7z,7z,11252252,04-24-26 02:26PM,RAIS_OUTRO,1988,,PE,LIST
/pdet/microdados/RAIS/1988/PI1988.7z,/pdet/microdados/RAIS/1988,PI1988.7z,7z,2000494,07-07-16 06:59PM,RAIS_OUTRO,1988,,PI,LIST
/pdet/microdados/RAIS/1988/PR1988.7z,/pdet/microdados/RAIS/1988,PR1988.7z,7z,23575283,07-07-16 06:59PM,RAIS_OUTRO,1988,,PR,LIST
/pdet/microdados/RAIS/1988/RJ1988.7z,/pdet/microdados/RAIS/1988,RJ1988.7z,7z,46629088,07-07-16 06:59PM,RAIS_OUTRO,1988,,RJ,LIST
/pdet/microdados/RAIS/1988/RN1988.7z,/pdet/microdados/RAIS/1988,RN1988.7z,7z,3243739,07-07-16 06:59PM,RAIS_OUTRO,1988,,RN,LIST
/pdet/microdados/RAIS/1988/RO1988.7z,/pdet/microdados/RAIS/1988,RO1988.7z,7z,1585036,07-07-16 06:59PM,RAIS_OUTRO,1988,,RO,LIST
/pdet/microdados/RAIS/1988/RR1988.7z,/pdet/microdados/RAIS/1988,RR1988.7z,7z,228703,07-07-16 06:59PM,RAIS_OUTRO,1988,,RR,LIST
/pdet/microdados/RAIS/1988/RS1988.7z,/pdet/microdados/RAIS/1988,RS1988.7z,7z,32559276,07-07-16 06:59PM,RAIS_OUTRO,1988,,RS,LIST
/pdet/microdados/RAIS/1988/SC1988.7z,/pdet/microdados/RAIS/1988,SC1988.7z,7z,15093187,07-07-16 06:59PM,RAIS_OUTRO,1988,,SC,LIST
/pdet/microdados/RAIS/1988/SE1988.7z,/pdet/microdados/RAIS/1988,SE1988.7z,7z,2523639,07-07-16 06:59PM,RAIS_OUTRO,1988,,SE,LIST
/pdet/microdados/RAIS/1988/SP1988.7z,/pdet/microdados/RAIS/1988,SP1988.7z,7z,144637631,04-24-26 02:27PM,RAIS_OUTRO,1988,,SP,LIST
/pdet/microdados/RAIS/1989/AC1989.7z,/pdet/microdados/RAIS/1989,AC1989.7z,7z,450703,07-07-16 06:54PM,RAIS_OUTRO,1989,,AC,LIST
/pdet/microdados/RAIS/1989/AL1989.7z,/pdet/microdados/RAIS/1989,AL1989.7z,7z,3219768,07-07-16 06:54PM,RAIS_OUTRO,1989,,AL,LIST
/pdet/microdados/RAIS/1989/AM1989.7z,/pdet/microdados/RAIS/1989,AM1989.7z,7z,3985892,07-07-16 06:54PM,RAIS_OUTRO,1989,,AM,LIST
/pdet/microdados/RAIS/1989/AP1989.7z,/pdet/microdados/RAIS/1989,AP1989.7z,7z,380635,07-07-16 06:54PM,RAIS_OUTRO,1989,,AP,LIST
/pdet/microdados/RAIS/1989/BA1989.7z,/pdet/microdados/RAIS/1989,BA1989.7z,7z,13492181,07-07-16 06:54PM,RAIS_OUTRO,1989,,BA,LIST
/pdet/microdados/RAIS/1989/CE1989.7z,/pdet/microdados/RAIS/1989,CE1989.7z,7z,7008802,07-07-16 06:54PM,RAIS_OUTRO,1989,,CE,LIST
/pdet/microdados/RAIS/1989/DF1989.7z,/pdet/microdados/RAIS/1989,DF1989.7z,7z,7222132,07-07-16 06:54PM,RAIS_OUTRO,1989,,DF,LIST
/pdet/microdados/RAIS/1989/ES1989.7z,/pdet/microdados/RAIS/1989,ES1989.7z,7z,6219049,07-07-16 06:54PM,RAIS_OUTRO,1989,,ES,LIST
/pdet/microdados/RAIS/1989/ESTB1989.7z,/pdet/microdados/RAIS/1989,ESTB1989.7z,7z,4562199,07-19-16 02:54PM,RAIS_OUTRO,1989,,,LIST
/pdet/microdados/RAIS/1989/GO1989.7z,/pdet/microdados/RAIS/1989,GO1989.7z,7z,6944369,07-07-16 06:54PM,RAIS_OUTRO,1989,,GO,LIST
/pdet/microdados/RAIS/1989/IGNORADOS1989.7z,/pdet/microdados/RAIS/1989,IGNORADOS1989.7z,7z,4397850,07-07-16 06:54PM,RAIS_OUTRO,1989,,,LIST
/pdet/microdados/RAIS/1989/MA1989.7z,/pdet/microdados/RAIS/1989,MA1989.7z,7z,2997610,07-07-16 06:54PM,RAIS_OUTRO,1989,,MA,LIST
/pdet/microdados/RAIS/1989/MG1989.7z,/pdet/microdados/RAIS/1989,MG1989.7z,7z,38359874,07-07-16 06:54PM,RAIS_OUTRO,1989,,MG,LIST
/pdet/microdados/RAIS/1989/MS1989.7z,/pdet/microdados/RAIS/1989,MS1989.7z,7z,3720863,07-07-16 06:54PM,RAIS_OUTRO,1989,,MS,LIST
/pdet/microdados/RAIS/1989/MT1989.7z,/pdet/microdados/RAIS/1989,MT1989.7z,7z,2943796,07-07-16 06:54PM,RAIS_OUTRO,1989,,MT,LIST
/pdet/microdados/RAIS/1989/PA1989.7z,/pdet/microdados/RAIS/1989,PA1989.7z,7z,5773565,07-07-16 06:54PM,RAIS_OUTRO,1989,,PA,LIST
/pdet/microdados/RAIS/1989/PB1989.7z,/pdet/microdados/RAIS/1989,PB1989.7z,7z,3300083,07-07-16 06:54PM,RAIS_OUTRO,1989,,PB,LIST
/pdet/microdados/RAIS/1989/PE1989.7z,/pdet/microdados/RAIS/1989,PE1989.7z,7z,11244374,07-07-16 06:54PM,RAIS_OUTRO,1989,,PE,LIST
/pdet/microdados/RAIS/1989/PI1989.7z,/pdet/microdados/RAIS/1989,PI1989.7z,7z,1894155,07-07-16 06:54PM,RAIS_OUTRO,1989,,PI,LIST
/pdet/microdados/RAIS/1989/PR1989.7z,/pdet/microdados/RAIS/1989,PR1989.7z,7z,24071698,04-24-26 02:28PM,RAIS_OUTRO,1989,,PR,LIST
/pdet/microdados/RAIS/1989/RJ1989.7z,/pdet/microdados/RAIS/1989,RJ1989.7z,7z,46455789,07-07-16 06:55PM,RAIS_OUTRO,1989,,RJ,LIST
/pdet/microdados/RAIS/1989/RN1989.7z,/pdet/microdados/RAIS/1989,RN1989.7z,7z,2841412,07-07-16 06:55PM,RAIS_OUTRO,1989,,RN,LIST
/pdet/microdados/RAIS/1989/RO1989.7z,/pdet/microdados/RAIS/1989,RO1989.7z,7z,1837024,07-07-16 06:55PM,RAIS_OUTRO,1989,,RO,LIST
/pdet/microdados/RAIS/1989/RR1989.7z,/pdet/microdados/RAIS/1989,RR1989.7z,7z,267896,07-07-16 06:55PM,RAIS_OUTRO,1989,,RR,LIST
/pdet/microdados/RAIS/1989/RS1989.7z,/pdet/microdados/RAIS/1989,RS1989.7z,7z,33775561,07-07-16 06:55PM,RAIS_OUTRO,1989,,RS,LIST
/pdet/microdados/RAIS/1989/SC1989.7z,/pdet/microdados/RAIS/1989,SC1989.7z,7z,16098423,07-07-16 06:55PM,RAIS_OUTRO,1989,,SC,LIST
/pdet/microdados/RAIS/1989/SE1989.7z,/pdet/microdados/RAIS/1989,SE1989.7z,7z,2581644,07-07-16 06:55PM,RAIS_OUTRO,1989,,SE,LIST
/pdet/microdados/RAIS/1989/SP1989.7z,/pdet/microdados/RAIS/1989,SP1989.7z,7z,151475424,04-24-26 02:29PM,RAIS_OUTRO,1989,,SP,LIST
/pdet/microdados/RAIS/1989/TO1989.7z,/pdet/microdados/RAIS/1989,TO1989.7z,7z,392852,07-07-16 06:55PM,RAIS_OUTRO,1989,,TO,LIST
/pdet/microdados/RAIS/1990/AC1990.7z,/pdet/microdados/RAIS/1990,AC1990.7z,7z,496138,07-07-16 02:22PM,RAIS_OUTRO,1990,,AC,LIST
/pdet/microdados/RAIS/1990/AL1990.7z,/pdet/microdados/RAIS/1990,AL1990.7z,7z,3421170,07-07-16 02:22PM,RAIS_OUTRO,1990,,AL,LIST
/pdet/microdados/RAIS/1990/AM1990.7z,/pdet/microdados/RAIS/1990,AM1990.7z,7z,4087205,07-07-16 02:22PM,RAIS_OUTRO,1990,,AM,LIST
/pdet/microdados/RAIS/1990/AP1990.7z,/pdet/microdados/RAIS/1990,AP1990.7z,7z,426029,07-07-16 02:22PM,RAIS_OUTRO,1990,,AP,LIST
/pdet/microdados/RAIS/1990/BA1990.7z,/pdet/microdados/RAIS/1990,BA1990.7z,7z,13808141,07-07-16 02:22PM,RAIS_OUTRO,1990,,BA,LIST
/pdet/microdados/RAIS/1990/CE1990.7z,/pdet/microdados/RAIS/1990,CE1990.7z,7z,7024867,07-07-16 02:22PM,RAIS_OUTRO,1990,,CE,LIST
/pdet/microdados/RAIS/1990/DF1990.7z,/pdet/microdados/RAIS/1990,DF1990.7z,7z,7361202,07-07-16 02:22PM,RAIS_OUTRO,1990,,DF,LIST
/pdet/microdados/RAIS/1990/ES1990.7z,/pdet/microdados/RAIS/1990,ES1990.7z,7z,6361622,07-07-16 02:22PM,RAIS_OUTRO,1990,,ES,LIST
/pdet/microdados/RAIS/1990/ESTB1990.7z,/pdet/microdados/RAIS/1990,ESTB1990.7z,7z,4829502,07-19-16 02:54PM,RAIS_OUTRO,1990,,,LIST
/pdet/microdados/RAIS/1990/GO1990.7z,/pdet/microdados/RAIS/1990,GO1990.7z,7z,7392782,07-07-16 02:22PM,RAIS_OUTRO,1990,,GO,LIST
/pdet/microdados/RAIS/1990/IGNORADO1990.7z,/pdet/microdados/RAIS/1990,IGNORADO1990.7z,7z,5281083,07-07-16 02:22PM,RAIS_OUTRO,1990,,,LIST
/pdet/microdados/RAIS/1990/MA1990.7z,/pdet/microdados/RAIS/1990,MA1990.7z,7z,3034604,07-07-16 02:22PM,RAIS_OUTRO,1990,,MA,LIST
/pdet/microdados/RAIS/1990/MG1990.7z,/pdet/microdados/RAIS/1990,MG1990.7z,7z,38205578,07-07-16 02:22PM,RAIS_OUTRO,1990,,MG,LIST
/pdet/microdados/RAIS/1990/MS1990.7z,/pdet/microdados/RAIS/1990,MS1990.7z,7z,3752666,07-07-16 02:22PM,RAIS_OUTRO,1990,,MS,LIST
/pdet/microdados/RAIS/1990/MT1990.7z,/pdet/microdados/RAIS/1990,MT1990.7z,7z,3519387,07-07-16 02:22PM,RAIS_OUTRO,1990,,MT,LIST
/pdet/microdados/RAIS/1990/PA1990.7z,/pdet/microdados/RAIS/1990,PA1990.7z,7z,5755366,07-07-16 02:22PM,RAIS_OUTRO,1990,,PA,LIST
/pdet/microdados/RAIS/1990/PB1990.7z,/pdet/microdados/RAIS/1990,PB1990.7z,7z,3411970,07-07-16 02:22PM,RAIS_OUTRO,1990,,PB,LIST
/pdet/microdados/RAIS/1990/PE1990.7z,/pdet/microdados/RAIS/1990,PE1990.7z,7z,11416528,07-07-16 02:22PM,RAIS_OUTRO,1990,,PE,LIST
/pdet/microdados/RAIS/1990/PI1990.7z,/pdet/microdados/RAIS/1990,PI1990.7z,7z,1901760,07-07-16 02:22PM,RAIS_OUTRO,1990,,PI,LIST
/pdet/microdados/RAIS/1990/PR1990.7z,/pdet/microdados/RAIS/1990,PR1990.7z,7z,23793889,04-24-26 02:30PM,RAIS_OUTRO,1990,,PR,LIST
/pdet/microdados/RAIS/1990/RJ1990.7z,/pdet/microdados/RAIS/1990,RJ1990.7z,7z,45510571,04-24-26 02:32PM,RAIS_OUTRO,1990,,RJ,LIST
/pdet/microdados/RAIS/1990/RN1990.7z,/pdet/microdados/RAIS/1990,RN1990.7z,7z,3225655,07-07-16 02:22PM,RAIS_OUTRO,1990,,RN,LIST
/pdet/microdados/RAIS/1990/RO1990.7z,/pdet/microdados/RAIS/1990,RO1990.7z,7z,1573752,07-07-16 02:22PM,RAIS_OUTRO,1990,,RO,LIST
/pdet/microdados/RAIS/1990/RR1990.7z,/pdet/microdados/RAIS/1990,RR1990.7z,7z,189389,07-07-16 02:22PM,RAIS_OUTRO,1990,,RR,LIST
/pdet/microdados/RAIS/1990/RS1990.7z,/pdet/microdados/RAIS/1990,RS1990.7z,7z,33465192,07-07-16 02:22PM,RAIS_OUTRO,1990,,RS,LIST
/pdet/microdados/RAIS/1990/SC1990.7z,/pdet/microdados/RAIS/1990,SC1990.7z,7z,15854716,07-07-16 02:23PM,RAIS_OUTRO,1990,,SC,LIST
/pdet/microdados/RAIS/1990/SE1990.7z,/pdet/microdados/RAIS/1990,SE1990.7z,7z,2472617,07-07-16 02:23PM,RAIS_OUTRO,1990,,SE,LIST
/pdet/microdados/RAIS/1990/SP1990.7z,/pdet/microdados/RAIS/1990,SP1990.7z,7z,152481796,04-24-26 02:32PM,RAIS_OUTRO,1990,,SP,LIST
/pdet/microdados/RAIS/1990/TO1990.7z,/pdet/microdados/RAIS/1990,TO1990.7z,7z,427744,07-07-16 02:23PM,RAIS_OUTRO,1990,,TO,LIST
/pdet/microdados/RAIS/1991/AC1991.7z,/pdet/microdados/RAIS/1991,AC1991.7z,7z,552839,07-07-16 02:23PM,RAIS_OUTRO,1991,,AC,LIST
/pdet/microdados/RAIS/1991/AL1991.7z,/pdet/microdados/RAIS/1991,AL1991.7z,7z,3329827,07-07-16 02:23PM,RAIS_OUTRO,1991,,AL,LIST
/pdet/microdados/RAIS/1991/AM1991.7z,/pdet/microdados/RAIS/1991,AM1991.7z,7z,3644532,07-07-16 02:23PM,RAIS_OUTRO,1991,,AM,LIST
/pdet/microdados/RAIS/1991/AP1991.7z,/pdet/microdados/RAIS/1991,AP1991.7z,7z,421859,07-07-16 02:23PM,RAIS_OUTRO,1991,,AP,LIST
/pdet/microdados/RAIS/1991/BA1991.7z,/pdet/microdados/RAIS/1991,BA1991.7z,7z,13305573,07-07-16 02:23PM,RAIS_OUTRO,1991,,BA,LIST
/pdet/microdados/RAIS/1991/CE1991.7z,/pdet/microdados/RAIS/1991,CE1991.7z,7z,7288577,07-07-16 02:23PM,RAIS_OUTRO,1991,,CE,LIST
/pdet/microdados/RAIS/1991/DF1991.7z,/pdet/microdados/RAIS/1991,DF1991.7z,7z,7636948,07-07-16 02:23PM,RAIS_OUTRO,1991,,DF,LIST
/pdet/microdados/RAIS/1991/ES1991.7z,/pdet/microdados/RAIS/1991,ES1991.7z,7z,6249015,07-07-16 02:23PM,RAIS_OUTRO,1991,,ES,LIST
/pdet/microdados/RAIS/1991/ESTB1991.7z,/pdet/microdados/RAIS/1991,ESTB1991.7z,7z,5031864,07-19-16 02:54PM,RAIS_OUTRO,1991,,,LIST
/pdet/microdados/RAIS/1991/GO1991.7z,/pdet/microdados/RAIS/1991,GO1991.7z,7z,7111063,07-07-16 02:23PM,RAIS_OUTRO,1991,,GO,LIST
/pdet/microdados/RAIS/1991/IGNORADOS1991.7z,/pdet/microdados/RAIS/1991,IGNORADOS1991.7z,7z,5885837,07-07-16 02:23PM,RAIS_OUTRO,1991,,,LIST
/pdet/microdados/RAIS/1991/MA1991.7z,/pdet/microdados/RAIS/1991,MA1991.7z,7z,2881545,07-07-16 02:23PM,RAIS_OUTRO,1991,,MA,LIST
/pdet/microdados/RAIS/1991/MG1991.7z,/pdet/microdados/RAIS/1991,MG1991.7z,7z,37199539,07-07-16 02:23PM,RAIS_OUTRO,1991,,MG,LIST
/pdet/microdados/RAIS/1991/MS1991.7z,/pdet/microdados/RAIS/1991,MS1991.7z,7z,3740713,07-07-16 02:23PM,RAIS_OUTRO,1991,,MS,LIST
/pdet/microdados/RAIS/1991/MT1991.7z,/pdet/microdados/RAIS/1991,MT1991.7z,7z,3165912,07-07-16 02:23PM,RAIS_OUTRO,1991,,MT,LIST
/pdet/microdados/RAIS/1991/PA1991.7z,/pdet/microdados/RAIS/1991,PA1991.7z,7z,5374569,07-07-16 02:23PM,RAIS_OUTRO,1991,,PA,LIST
/pdet/microdados/RAIS/1991/PB1991.7z,/pdet/microdados/RAIS/1991,PB1991.7z,7z,3430327,07-07-16 02:23PM,RAIS_OUTRO,1991,,PB,LIST
/pdet/microdados/RAIS/1991/PE1991.7z,/pdet/microdados/RAIS/1991,PE1991.7z,7z,11295339,07-07-16 02:23PM,RAIS_OUTRO,1991,,PE,LIST
/pdet/microdados/RAIS/1991/PI1991.7z,/pdet/microdados/RAIS/1991,PI1991.7z,7z,1963276,07-07-16 02:23PM,RAIS_OUTRO,1991,,PI,LIST
/pdet/microdados/RAIS/1991/PR1991.7z,/pdet/microdados/RAIS/1991,PR1991.7z,7z,22115900,07-07-16 02:23PM,RAIS_OUTRO,1991,,PR,LIST
/pdet/microdados/RAIS/1991/RJ1991.7z,/pdet/microdados/RAIS/1991,RJ1991.7z,7z,44635036,07-07-16 02:23PM,RAIS_OUTRO,1991,,RJ,LIST
/pdet/microdados/RAIS/1991/RN1991.7z,/pdet/microdados/RAIS/1991,RN1991.7z,7z,3416506,07-07-16 02:23PM,RAIS_OUTRO,1991,,RN,LIST
/pdet/microdados/RAIS/1991/RO1991.7z,/pdet/microdados/RAIS/1991,RO1991.7z,7z,1507919,07-07-16 02:23PM,RAIS_OUTRO,1991,,RO,LIST
/pdet/microdados/RAIS/1991/RR1991.7z,/pdet/microdados/RAIS/1991,RR1991.7z,7z,219478,07-07-16 02:23PM,RAIS_OUTRO,1991,,RR,LIST
/pdet/microdados/RAIS/1991/RS1991.7z,/pdet/microdados/RAIS/1991,RS1991.7z,7z,30826462,07-07-16 02:24PM,RAIS_OUTRO,1991,,RS,LIST
/pdet/microdados/RAIS/1991/SC1991.7z,/pdet/microdados/RAIS/1991,SC1991.7z,7z,14792952,07-07-16 02:24PM,RAIS_OUTRO,1991,,SC,LIST
/pdet/microdados/RAIS/1991/SE1991.7z,/pdet/microdados/RAIS/1991,SE1991.7z,7z,2266647,07-07-16 02:24PM,RAIS_OUTRO,1991,,SE,LIST
/pdet/microdados/RAIS/1991/SP1991.7z,/pdet/microdados/RAIS/1991,SP1991.7z,7z,143476098,04-24-26 02:34PM,RAIS_OUTRO,1991,,SP,LIST
/pdet/microdados/RAIS/1991/TO1991.7z,/pdet/microdados/RAIS/1991,TO1991.7z,7z,632162,07-07-16 02:24PM,RAIS_OUTRO,1991,,TO,LIST
/pdet/microdados/RAIS/1992/AC1992.7z,/pdet/microdados/RAIS/1992,AC1992.7z,7z,483139,07-07-16 02:24PM,RAIS_OUTRO,1992,,AC,LIST
/pdet/microdados/RAIS/1992/AL1992.7z,/pdet/microdados/RAIS/1992,AL1992.7z,7z,2884846,07-07-16 02:24PM,RAIS_OUTRO,1992,,AL,LIST
/pdet/microdados/RAIS/1992/AM1992.7z,/pdet/microdados/RAIS/1992,AM1992.7z,7z,3033364,07-07-16 02:24PM,RAIS_OUTRO,1992,,AM,LIST
/pdet/microdados/RAIS/1992/AP1992.7z,/pdet/microdados/RAIS/1992,AP1992.7z,7z,304020,07-07-16 02:24PM,RAIS_OUTRO,1992,,AP,LIST
/pdet/microdados/RAIS/1992/BA1992.7z,/pdet/microdados/RAIS/1992,BA1992.7z,7z,11813330,07-07-16 02:24PM,RAIS_OUTRO,1992,,BA,LIST
/pdet/microdados/RAIS/1992/CE1992.7z,/pdet/microdados/RAIS/1992,CE1992.7z,7z,6917634,07-07-16 02:24PM,RAIS_OUTRO,1992,,CE,LIST
/pdet/microdados/RAIS/1992/DF1992.7z,/pdet/microdados/RAIS/1992,DF1992.7z,7z,7036216,07-07-16 02:24PM,RAIS_OUTRO,1992,,DF,LIST
/pdet/microdados/RAIS/1992/ES1992.7z,/pdet/microdados/RAIS/1992,ES1992.7z,7z,5825692,07-07-16 02:24PM,RAIS_OUTRO,1992,,ES,LIST
/pdet/microdados/RAIS/1992/ESTB1992.7z,/pdet/microdados/RAIS/1992,ESTB1992.7z,7z,5043475,07-19-16 01:21PM,RAIS_OUTRO,1992,,,LIST
/pdet/microdados/RAIS/1992/GO1992.7z,/pdet/microdados/RAIS/1992,GO1992.7z,7z,6612045,07-07-16 02:24PM,RAIS_OUTRO,1992,,GO,LIST
/pdet/microdados/RAIS/1992/IGNORADOS1992.7z,/pdet/microdados/RAIS/1992,IGNORADOS1992.7z,7z,4811234,07-07-16 02:24PM,RAIS_OUTRO,1992,,,LIST
/pdet/microdados/RAIS/1992/MA1992.7z,/pdet/microdados/RAIS/1992,MA1992.7z,7z,2657321,07-07-16 02:24PM,RAIS_OUTRO,1992,,MA,LIST
/pdet/microdados/RAIS/1992/MG1992.7z,/pdet/microdados/RAIS/1992,MG1992.7z,7z,33800247,07-07-16 02:24PM,RAIS_OUTRO,1992,,MG,LIST
/pdet/microdados/RAIS/1992/MS1992.7z,/pdet/microdados/RAIS/1992,MS1992.7z,7z,3588732,07-07-16 02:24PM,RAIS_OUTRO,1992,,MS,LIST
/pdet/microdados/RAIS/1992/MT1992.7z,/pdet/microdados/RAIS/1992,MT1992.7z,7z,2952609,07-07-16 02:24PM,RAIS_OUTRO,1992,,MT,LIST
/pdet/microdados/RAIS/1992/PA1992.7z,/pdet/microdados/RAIS/1992,PA1992.7z,7z,4867305,07-07-16 02:24PM,RAIS_OUTRO,1992,,PA,LIST
/pdet/microdados/RAIS/1992/PB1992.7z,/pdet/microdados/RAIS/1992,PB1992.7z,7z,3231232,07-07-16 02:24PM,RAIS_OUTRO,1992,,PB,LIST
/pdet/microdados/RAIS/1992/PE1992.7z,/pdet/microdados/RAIS/1992,PE1992.7z,7z,10373986,07-07-16 02:24PM,RAIS_OUTRO,1992,,PE,LIST
/pdet/microdados/RAIS/1992/PI1992.7z,/pdet/microdados/RAIS/1992,PI1992.7z,7z,1854159,07-07-16 02:24PM,RAIS_OUTRO,1992,,PI,LIST
/pdet/microdados/RAIS/1992/PR1992.7z,/pdet/microdados/RAIS/1992,PR1992.7z,7z,21586225,07-07-16 02:24PM,RAIS_OUTRO,1992,,PR,LIST
/pdet/microdados/RAIS/1992/RJ1992.7z,/pdet/microdados/RAIS/1992,RJ1992.7z,7z,40566771,07-07-16 02:24PM,RAIS_OUTRO,1992,,RJ,LIST
/pdet/microdados/RAIS/1992/RN1992.7z,/pdet/microdados/RAIS/1992,RN1992.7z,7z,3092557,07-07-16 02:24PM,RAIS_OUTRO,1992,,RN,LIST
/pdet/microdados/RAIS/1992/RO1992.7z,/pdet/microdados/RAIS/1992,RO1992.7z,7z,1278660,07-07-16 02:24PM,RAIS_OUTRO,1992,,RO,LIST
/pdet/microdados/RAIS/1992/RR1992.7z,/pdet/microdados/RAIS/1992,RR1992.7z,7z,241962,07-07-16 02:24PM,RAIS_OUTRO,1992,,RR,LIST
/pdet/microdados/RAIS/1992/RS1992.7z,/pdet/microdados/RAIS/1992,RS1992.7z,7z,29253047,07-07-16 02:25PM,RAIS_OUTRO,1992,,RS,LIST
/pdet/microdados/RAIS/1992/SC1992.7z,/pdet/microdados/RAIS/1992,SC1992.7z,7z,13857395,07-07-16 02:25PM,RAIS_OUTRO,1992,,SC,LIST
/pdet/microdados/RAIS/1992/SE1992.7z,/pdet/microdados/RAIS/1992,SE1992.7z,7z,2257597,07-07-16 02:25PM,RAIS_OUTRO,1992,,SE,LIST
/pdet/microdados/RAIS/1992/SP1992.7z,/pdet/microdados/RAIS/1992,SP1992.7z,7z,131287284,04-24-26 02:35PM,RAIS_OUTRO,1992,,SP,LIST
/pdet/microdados/RAIS/1992/TO1992.7z,/pdet/microdados/RAIS/1992,TO1992.7z,7z,497770,07-07-16 02:25PM,RAIS_OUTRO,1992,,TO,LIST
/pdet/microdados/RAIS/1993/AC1993.7z,/pdet/microdados/RAIS/1993,AC1993.7z,7z,531008,07-07-16 02:21PM,RAIS_OUTRO,1993,,AC,LIST
/pdet/microdados/RAIS/1993/AL1993.7z,/pdet/microdados/RAIS/1993,AL1993.7z,7z,3071835,07-07-16 02:21PM,RAIS_OUTRO,1993,,AL,LIST
/pdet/microdados/RAIS/1993/AM1993.7z,/pdet/microdados/RAIS/1993,AM1993.7z,7z,2956561,04-24-26 02:37PM,RAIS_OUTRO,1993,,AM,LIST
/pdet/microdados/RAIS/1993/AP1993.7z,/pdet/microdados/RAIS/1993,AP1993.7z,7z,355233,07-07-16 02:21PM,RAIS_OUTRO,1993,,AP,LIST
/pdet/microdados/RAIS/1993/BA1993.7z,/pdet/microdados/RAIS/1993,BA1993.7z,7z,12309382,07-07-16 02:21PM,RAIS_OUTRO,1993,,BA,LIST
/pdet/microdados/RAIS/1993/CE1993.7z,/pdet/microdados/RAIS/1993,CE1993.7z,7z,6825741,07-07-16 02:21PM,RAIS_OUTRO,1993,,CE,LIST
/pdet/microdados/RAIS/1993/DF1993.7z,/pdet/microdados/RAIS/1993,DF1993.7z,7z,7226857,07-07-16 02:21PM,RAIS_OUTRO,1993,,DF,LIST
/pdet/microdados/RAIS/1993/ES1993.7z,/pdet/microdados/RAIS/1993,ES1993.7z,7z,5958275,07-07-16 02:21PM,RAIS_OUTRO,1993,,ES,LIST
/pdet/microdados/RAIS/1993/ESTB1993.7z,/pdet/microdados/RAIS/1993,ESTB1993.7z,7z,4697888,07-19-16 01:06PM,RAIS_OUTRO,1993,,,LIST
/pdet/microdados/RAIS/1993/GO1993.7z,/pdet/microdados/RAIS/1993,GO1993.7z,7z,6895124,07-07-16 02:21PM,RAIS_OUTRO,1993,,GO,LIST
/pdet/microdados/RAIS/1993/IGNORADOS1993.7z,/pdet/microdados/RAIS/1993,IGNORADOS1993.7z,7z,4195522,07-07-16 02:21PM,RAIS_OUTRO,1993,,,LIST
/pdet/microdados/RAIS/1993/MA1993.7z,/pdet/microdados/RAIS/1993,MA1993.7z,7z,2602441,07-07-16 02:21PM,RAIS_OUTRO,1993,,MA,LIST
/pdet/microdados/RAIS/1993/MG1993.7z,/pdet/microdados/RAIS/1993,MG1993.7z,7z,34378474,07-07-16 02:21PM,RAIS_OUTRO,1993,,MG,LIST
/pdet/microdados/RAIS/1993/MS1993.7z,/pdet/microdados/RAIS/1993,MS1993.7z,7z,3849675,07-07-16 02:21PM,RAIS_OUTRO,1993,,MS,LIST
/pdet/microdados/RAIS/1993/MT1993.7z,/pdet/microdados/RAIS/1993,MT1993.7z,7z,3188565,04-24-26 02:37PM,RAIS_OUTRO,1993,,MT,LIST
/pdet/microdados/RAIS/1993/PA1993.7z,/pdet/microdados/RAIS/1993,PA1993.7z,7z,5074690,04-24-26 02:38PM,RAIS_OUTRO,1993,,PA,LIST
/pdet/microdados/RAIS/1993/PB1993.7z,/pdet/microdados/RAIS/1993,PB1993.7z,7z,2958632,07-07-16 02:21PM,RAIS_OUTRO,1993,,PB,LIST
/pdet/microdados/RAIS/1993/PE1993.7z,/pdet/microdados/RAIS/1993,PE1993.7z,7z,10150008,07-07-16 02:21PM,RAIS_OUTRO,1993,,PE,LIST
/pdet/microdados/RAIS/1993/PI1993.7z,/pdet/microdados/RAIS/1993,PI1993.7z,7z,1898019,07-07-16 02:21PM,RAIS_OUTRO,1993,,PI,LIST
/pdet/microdados/RAIS/1993/PR1993.7z,/pdet/microdados/RAIS/1993,PR1993.7z,7z,21963391,07-07-16 02:21PM,RAIS_OUTRO,1993,,PR,LIST
/pdet/microdados/RAIS/1993/RJ1993.7z,/pdet/microdados/RAIS/1993,RJ1993.7z,7z,40054504,07-07-16 02:21PM,RAIS_OUTRO,1993,,RJ,LIST
/pdet/microdados/RAIS/1993/RN1993.7z,/pdet/microdados/RAIS/1993,RN1993.7z,7z,2951397,07-07-16 02:21PM,RAIS_OUTRO,1993,,RN,LIST
/pdet/microdados/RAIS/1993/RO1993.7z,/pdet/microdados/RAIS/1993,RO1993.7z,7z,1352095,07-07-16 02:21PM,RAIS_OUTRO,1993,,RO,LIST
/pdet/microdados/RAIS/1993/RR1993.7z,/pdet/microdados/RAIS/1993,RR1993.7z,7z,257649,07-07-16 02:21PM,RAIS_OUTRO,1993,,RR,LIST
/pdet/microdados/RAIS/1993/RS1993.7z,/pdet/microdados/RAIS/1993,RS1993.7z,7z,30393908,07-07-16 02:21PM,RAIS_OUTRO,1993,,RS,LIST
/pdet/microdados/RAIS/1993/SC1993.7z,/pdet/microdados/RAIS/1993,SC1993.7z,7z,14572787,07-07-16 02:21PM,RAIS_OUTRO,1993,,SC,LIST
/pdet/microdados/RAIS/1993/SE1993.7z,/pdet/microdados/RAIS/1993,SE1993.7z,7z,2218196,07-07-16 02:22PM,RAIS_OUTRO,1993,,SE,LIST
/pdet/microdados/RAIS/1993/SP1993.7z,/pdet/microdados/RAIS/1993,SP1993.7z,7z,131189688,07-07-16 02:22PM,RAIS_OUTRO,1993,,SP,LIST
/pdet/microdados/RAIS/1993/TO1993.7z,/pdet/microdados/RAIS/1993,TO1993.7z,7z,760878,07-07-16 02:22PM,RAIS_OUTRO,1993,,TO,LIST
/pdet/microdados/RAIS/1994/AC1994.7z,/pdet/microdados/RAIS/1994,AC1994.7z,7z,823777,07-06-16 01:58PM,RAIS_OUTRO,1994,,AC,LIST
/pdet/microdados/RAIS/1994/AL1994.7z,/pdet/microdados/RAIS/1994,AL1994.7z,7z,4104880,07-06-16 01:58PM,RAIS_OUTRO,1994,,AL,LIST
/pdet/microdados/RAIS/1994/AM1994.7z,/pdet/microdados/RAIS/1994,AM1994.7z,7z,3911952,07-06-16 01:58PM,RAIS_OUTRO,1994,,AM,LIST
/pdet/microdados/RAIS/1994/AP1994.7z,/pdet/microdados/RAIS/1994,AP1994.7z,7z,523840,07-06-16 01:58PM,RAIS_OUTRO,1994,,AP,LIST
/pdet/microdados/RAIS/1994/BA1994.7z,/pdet/microdados/RAIS/1994,BA1994.7z,7z,15937766,07-06-16 01:58PM,RAIS_OUTRO,1994,,BA,LIST
/pdet/microdados/RAIS/1994/CE1994.7z,/pdet/microdados/RAIS/1994,CE1994.7z,7z,9481824,07-06-16 01:58PM,RAIS_OUTRO,1994,,CE,LIST
/pdet/microdados/RAIS/1994/DF1994.7z,/pdet/microdados/RAIS/1994,DF1994.7z,7z,9395014,04-24-26 02:40PM,RAIS_OUTRO,1994,,DF,LIST
/pdet/microdados/RAIS/1994/ES1994.7z,/pdet/microdados/RAIS/1994,ES1994.7z,7z,7815331,07-06-16 01:58PM,RAIS_OUTRO,1994,,ES,LIST
/pdet/microdados/RAIS/1994/ESTB1994.7z,/pdet/microdados/RAIS/1994,ESTB1994.7z,7z,7598645,07-19-16 01:06PM,RAIS_OUTRO,1994,,,LIST
/pdet/microdados/RAIS/1994/GO1994.7z,/pdet/microdados/RAIS/1994,GO1994.7z,7z,9108405,07-06-16 01:58PM,RAIS_OUTRO,1994,,GO,LIST
/pdet/microdados/RAIS/1994/IGNORADO1994.7z,/pdet/microdados/RAIS/1994,IGNORADO1994.7z,7z,3427552,07-06-16 01:58PM,RAIS_OUTRO,1994,,,LIST
/pdet/microdados/RAIS/1994/MA1994.7z,/pdet/microdados/RAIS/1994,MA1994.7z,7z,3661529,07-06-16 01:58PM,RAIS_OUTRO,1994,,MA,LIST
/pdet/microdados/RAIS/1994/MG1994.7z,/pdet/microdados/RAIS/1994,MG1994.7z,7z,46072218,07-06-16 01:58PM,RAIS_OUTRO,1994,,MG,LIST
/pdet/microdados/RAIS/1994/MS1994.7z,/pdet/microdados/RAIS/1994,MS1994.7z,7z,5070921,07-06-16 01:58PM,RAIS_OUTRO,1994,,MS,LIST
/pdet/microdados/RAIS/1994/MT1994.7z,/pdet/microdados/RAIS/1994,MT1994.7z,7z,4595822,07-06-16 01:58PM,RAIS_OUTRO,1994,,MT,LIST
/pdet/microdados/RAIS/1994/PA1994.7z,/pdet/microdados/RAIS/1994,PA1994.7z,7z,6536430,07-06-16 01:58PM,RAIS_OUTRO,1994,,PA,LIST
/pdet/microdados/RAIS/1994/PB1994.7z,/pdet/microdados/RAIS/1994,PB1994.7z,7z,3573981,07-06-16 01:58PM,RAIS_OUTRO,1994,,PB,LIST
/pdet/microdados/RAIS/1994/PE1994.7z,/pdet/microdados/RAIS/1994,PE1994.7z,7z,13283807,07-06-16 01:58PM,RAIS_OUTRO,1994,,PE,LIST
/pdet/microdados/RAIS/1994/PI1994.7z,/pdet/microdados/RAIS/1994,PI1994.7z,7z,2589029,07-06-16 01:58PM,RAIS_OUTRO,1994,,PI,LIST
/pdet/microdados/RAIS/1994/PR1994.7z,/pdet/microdados/RAIS/1994,PR1994.7z,7z,29314054,07-06-16 01:58PM,RAIS_OUTRO,1994,,PR,LIST
/pdet/microdados/RAIS/1994/RJ1994.7z,/pdet/microdados/RAIS/1994,RJ1994.7z,7z,50481054,07-06-16 01:58PM,RAIS_OUTRO,1994,,RJ,LIST
/pdet/microdados/RAIS/1994/RN1994.7z,/pdet/microdados/RAIS/1994,RN1994.7z,7z,3890641,07-06-16 01:58PM,RAIS_OUTRO,1994,,RN,LIST
/pdet/microdados/RAIS/1994/RO1994.7z,/pdet/microdados/RAIS/1994,RO1994.7z,7z,1943794,07-06-16 01:58PM,RAIS_OUTRO,1994,,RO,LIST
/pdet/microdados/RAIS/1994/RR1994.7z,/pdet/microdados/RAIS/1994,RR1994.7z,7z,363554,07-06-16 01:58PM,RAIS_OUTRO,1994,,RR,LIST
/pdet/microdados/RAIS/1994/RS1994.7z,/pdet/microdados/RAIS/1994,RS1994.7z,7z,37059309,07-06-16 01:58PM,RAIS_OUTRO,1994,,RS,LIST
/pdet/microdados/RAIS/1994/SC1994.7z,/pdet/microdados/RAIS/1994,SC1994.7z,7z,19124240,04-24-26 02:40PM,RAIS_OUTRO,1994,,SC,LIST
/pdet/microdados/RAIS/1994/SE1994.7z,/pdet/microdados/RAIS/1994,SE1994.7z,7z,3009193,07-06-16 01:58PM,RAIS_OUTRO,1994,,SE,LIST
/pdet/microdados/RAIS/1994/SP1994.7z,/pdet/microdados/RAIS/1994,SP1994.7z,7z,167640398,04-24-26 02:40PM,RAIS_OUTRO,1994,,SP,LIST
/pdet/microdados/RAIS/1994/TO1994.7z,/pdet/microdados/RAIS/1994,TO1994.7z,7z,651394,07-06-16 01:59PM,RAIS_OUTRO,1994,,TO,LIST
/pdet/microdados/RAIS/1995/AC1995.7z,/pdet/microdados/RAIS/1995,AC1995.7z,7z,734580,07-06-16 01:01PM,RAIS_OUTRO,1995,,AC,LIST
/pdet/microdados/RAIS/1995/AL1995.7z,/pdet/microdados/RAIS/1995,AL1995.7z,7z,4327255,07-06-16 01:01PM,RAIS_OUTRO,1995,,AL,LIST
/pdet/microdados/RAIS/1995/AM1995.7z,/pdet/microdados/RAIS/1995,AM1995.7z,7z,4377174,07-06-16 01:01PM,RAIS_OUTRO,1995,,AM,LIST
/pdet/microdados/RAIS/1995/AP1995.7z,/pdet/microdados/RAIS/1995,AP1995.7z,7z,528090,07-06-16 01:01PM,RAIS_OUTRO,1995,,AP,LIST
/pdet/microdados/RAIS/1995/BA1995.7z,/pdet/microdados/RAIS/1995,BA1995.7z,7z,17214328,07-06-16 01:01PM,RAIS_OUTRO,1995,,BA,LIST
/pdet/microdados/RAIS/1995/CE1995.7z,/pdet/microdados/RAIS/1995,CE1995.7z,7z,10386392,07-06-16 01:01PM,RAIS_OUTRO,1995,,CE,LIST
/pdet/microdados/RAIS/1995/DF1995.7z,/pdet/microdados/RAIS/1995,DF1995.7z,7z,9594701,07-06-16 01:01PM,RAIS_OUTRO,1995,,DF,LIST
/pdet/microdados/RAIS/1995/ES1995.7z,/pdet/microdados/RAIS/1995,ES1995.7z,7z,8533484,07-06-16 01:01PM,RAIS_OUTRO,1995,,ES,LIST
/pdet/microdados/RAIS/1995/ESTB1995.7z,/pdet/microdados/RAIS/1995,ESTB1995.7z,7z,20518631,07-19-16 01:05PM,RAIS_OUTRO,1995,,,LIST
/pdet/microdados/RAIS/1995/GO1995.7z,/pdet/microdados/RAIS/1995,GO1995.7z,7z,10117200,07-06-16 01:01PM,RAIS_OUTRO,1995,,GO,LIST
/pdet/microdados/RAIS/1995/IGNORADO1995.7z,/pdet/microdados/RAIS/1995,IGNORADO1995.7z,7z,189116,07-06-16 01:01PM,RAIS_OUTRO,1995,,,LIST
/pdet/microdados/RAIS/1995/MA1995.7z,/pdet/microdados/RAIS/1995,MA1995.7z,7z,3814695,07-06-16 01:01PM,RAIS_OUTRO,1995,,MA,LIST
/pdet/microdados/RAIS/1995/MG1995.7z,/pdet/microdados/RAIS/1995,MG1995.7z,7z,52411274,07-06-16 01:01PM,RAIS_OUTRO,1995,,MG,LIST
/pdet/microdados/RAIS/1995/MS1995.7z,/pdet/microdados/RAIS/1995,MS1995.7z,7z,5430814,07-06-16 01:02PM,RAIS_OUTRO,1995,,MS,LIST
/pdet/microdados/RAIS/1995/MT1995.7z,/pdet/microdados/RAIS/1995,MT1995.7z,7z,5135115,07-06-16 01:02PM,RAIS_OUTRO,1995,,MT,LIST
/pdet/microdados/RAIS/1995/PA1995.7z,/pdet/microdados/RAIS/1995,PA1995.7z,7z,7067499,07-06-16 01:02PM,RAIS_OUTRO,1995,,PA,LIST
/pdet/microdados/RAIS/1995/PB1995.7z,/pdet/microdados/RAIS/1995,PB1995.7z,7z,4749225,07-06-16 01:02PM,RAIS_OUTRO,1995,,PB,LIST
/pdet/microdados/RAIS/1995/PE1995.7z,/pdet/microdados/RAIS/1995,PE1995.7z,7z,14293650,01-22-26 03:37PM,RAIS_OUTRO,1995,,PE,LIST
/pdet/microdados/RAIS/1995/PI1995.7z,/pdet/microdados/RAIS/1995,PI1995.7z,7z,2647078,04-24-26 02:43PM,RAIS_OUTRO,1995,,PI,LIST
/pdet/microdados/RAIS/1995/PR1995.7z,/pdet/microdados/RAIS/1995,PR1995.7z,7z,31360665,04-24-26 02:43PM,RAIS_OUTRO,1995,,PR,LIST
/pdet/microdados/RAIS/1995/RJ1995.7z,/pdet/microdados/RAIS/1995,RJ1995.7z,7z,53383017,04-24-26 02:43PM,RAIS_OUTRO,1995,,RJ,LIST
/pdet/microdados/RAIS/1995/RN1995.7z,/pdet/microdados/RAIS/1995,RN1995.7z,7z,4232623,07-06-16 01:02PM,RAIS_OUTRO,1995,,RN,LIST
/pdet/microdados/RAIS/1995/RO1995.7z,/pdet/microdados/RAIS/1995,RO1995.7z,7z,2061393,04-24-26 02:43PM,RAIS_OUTRO,1995,,RO,LIST
/pdet/microdados/RAIS/1995/RR1995.7z,/pdet/microdados/RAIS/1995,RR1995.7z,7z,358564,07-06-16 01:02PM,RAIS_OUTRO,1995,,RR,LIST
/pdet/microdados/RAIS/1995/RS1995.7z,/pdet/microdados/RAIS/1995,RS1995.7z,7z,38004458,07-06-16 01:02PM,RAIS_OUTRO,1995,,RS,LIST
/pdet/microdados/RAIS/1995/SC1995.7z,/pdet/microdados/RAIS/1995,SC1995.7z,7z,20537473,07-06-16 01:02PM,RAIS_OUTRO,1995,,SC,LIST
/pdet/microdados/RAIS/1995/SE1995.7z,/pdet/microdados/RAIS/1995,SE1995.7z,7z,3057239,07-06-16 01:02PM,RAIS_OUTRO,1995,,SE,LIST
/pdet/microdados/RAIS/1995/SP1995.7z,/pdet/microdados/RAIS/1995,SP1995.7z,7z,177387940,04-24-26 02:43PM,RAIS_OUTRO,1995,,SP,LIST
/pdet/microdados/RAIS/1995/TO1995.7z,/pdet/microdados/RAIS/1995,TO1995.7z,7z,970936,07-06-16 01:03PM,RAIS_OUTRO,1995,,TO,LIST
/pdet/microdados/RAIS/1996/AC1996.7z,/pdet/microdados/RAIS/1996,AC1996.7z,7z,881224,07-06-16 11:33AM,RAIS_OUTRO,1996,,AC,LIST
/pdet/microdados/RAIS/1996/AL1996.7z,/pdet/microdados/RAIS/1996,AL1996.7z,7z,4596904,07-06-16 11:33AM,RAIS_OUTRO,1996,,AL,LIST
/pdet/microdados/RAIS/1996/AM1996.7z,/pdet/microdados/RAIS/1996,AM1996.7z,7z,4550354,07-06-16 11:33AM,RAIS_OUTRO,1996,,AM,LIST
/pdet/microdados/RAIS/1996/AP1996.7z,/pdet/microdados/RAIS/1996,AP1996.7z,7z,696771,07-06-16 11:33AM,RAIS_OUTRO,1996,,AP,LIST
/pdet/microdados/RAIS/1996/BA1996.7z,/pdet/microdados/RAIS/1996,BA1996.7z,7z,18384740,07-06-16 11:33AM,RAIS_OUTRO,1996,,BA,LIST
/pdet/microdados/RAIS/1996/CE1996.7z,/pdet/microdados/RAIS/1996,CE1996.7z,7z,11623446,07-06-16 11:33AM,RAIS_OUTRO,1996,,CE,LIST
/pdet/microdados/RAIS/1996/DF1996.7z,/pdet/microdados/RAIS/1996,DF1996.7z,7z,9880007,07-06-16 11:33AM,RAIS_OUTRO,1996,,DF,LIST
/pdet/microdados/RAIS/1996/ES1996.7z,/pdet/microdados/RAIS/1996,ES1996.7z,7z,9059272,07-06-16 11:33AM,RAIS_OUTRO,1996,,ES,LIST
/pdet/microdados/RAIS/1996/ESTB1996.7z,/pdet/microdados/RAIS/1996,ESTB1996.7z,7z,24090422,07-19-16 01:04PM,RAIS_OUTRO,1996,,,LIST
/pdet/microdados/RAIS/1996/GO1996.7z,/pdet/microdados/RAIS/1996,GO1996.7z,7z,10795937,07-06-16 11:33AM,RAIS_OUTRO,1996,,GO,LIST
/pdet/microdados/RAIS/1996/IGNORADO1996.7z,/pdet/microdados/RAIS/1996,IGNORADO1996.7z,7z,137958,07-06-16 11:33AM,RAIS_OUTRO,1996,,,LIST
/pdet/microdados/RAIS/1996/MA1996.7z,/pdet/microdados/RAIS/1996,MA1996.7z,7z,4091024,07-06-16 11:33AM,RAIS_OUTRO,1996,,MA,LIST
/pdet/microdados/RAIS/1996/MG1996.7z,/pdet/microdados/RAIS/1996,MG1996.7z,7z,55064936,07-06-16 11:33AM,RAIS_OUTRO,1996,,MG,LIST
/pdet/microdados/RAIS/1996/MS1996.7z,/pdet/microdados/RAIS/1996,MS1996.7z,7z,5467857,07-06-16 11:33AM,RAIS_OUTRO,1996,,MS,LIST
/pdet/microdados/RAIS/1996/MT1996.7z,/pdet/microdados/RAIS/1996,MT1996.7z,7z,5281775,07-06-16 11:33AM,RAIS_OUTRO,1996,,MT,LIST
/pdet/microdados/RAIS/1996/PA1996.7z,/pdet/microdados/RAIS/1996,PA1996.7z,7z,7156070,04-24-26 02:45PM,RAIS_OUTRO,1996,,PA,LIST
/pdet/microdados/RAIS/1996/PB1996.7z,/pdet/microdados/RAIS/1996,PB1996.7z,7z,4913633,07-06-16 11:33AM,RAIS_OUTRO,1996,,PB,LIST
/pdet/microdados/RAIS/1996/PE1996.7z,/pdet/microdados/RAIS/1996,PE1996.7z,7z,14930463,07-06-16 11:34AM,RAIS_OUTRO,1996,,PE,LIST
/pdet/microdados/RAIS/1996/PI1996.7z,/pdet/microdados/RAIS/1996,PI1996.7z,7z,2929028,07-06-16 11:34AM,RAIS_OUTRO,1996,,PI,LIST
/pdet/microdados/RAIS/1996/PR1996.7z,/pdet/microdados/RAIS/1996,PR1996.7z,7z,32280544,07-06-16 11:34AM,RAIS_OUTRO,1996,,PR,LIST
/pdet/microdados/RAIS/1996/RJ1996.7z,/pdet/microdados/RAIS/1996,RJ1996.7z,7z,58063965,07-06-16 11:34AM,RAIS_OUTRO,1996,,RJ,LIST
/pdet/microdados/RAIS/1996/RN1996.7z,/pdet/microdados/RAIS/1996,RN1996.7z,7z,4666369,07-06-16 11:34AM,RAIS_OUTRO,1996,,RN,LIST
/pdet/microdados/RAIS/1996/RO1996.7z,/pdet/microdados/RAIS/1996,RO1996.7z,7z,2041884,07-06-16 11:34AM,RAIS_OUTRO,1996,,RO,LIST
/pdet/microdados/RAIS/1996/RR1996.7z,/pdet/microdados/RAIS/1996,RR1996.7z,7z,407668,07-06-16 11:34AM,RAIS_OUTRO,1996,,RR,LIST
/pdet/microdados/RAIS/1996/RS1996.7z,/pdet/microdados/RAIS/1996,RS1996.7z,7z,38256267,04-24-26 02:45PM,RAIS_OUTRO,1996,,RS,LIST
/pdet/microdados/RAIS/1996/SC1996.7z,/pdet/microdados/RAIS/1996,SC1996.7z,7z,20391315,07-06-16 11:34AM,RAIS_OUTRO,1996,,SC,LIST
/pdet/microdados/RAIS/1996/SE1996.7z,/pdet/microdados/RAIS/1996,SE1996.7z,7z,3252560,07-06-16 11:34AM,RAIS_OUTRO,1996,,SE,LIST
/pdet/microdados/RAIS/1996/SP1996.7z,/pdet/microdados/RAIS/1996,SP1996.7z,7z,180829734,04-24-26 02:45PM,RAIS_OUTRO,1996,,SP,LIST
/pdet/microdados/RAIS/1996/TO1996.7z,/pdet/microdados/RAIS/1996,TO1996.7z,7z,1255524,07-06-16 11:34AM,RAIS_OUTRO,1996,,TO,LIST
/pdet/microdados/RAIS/1997/AC1997.7z,/pdet/microdados/RAIS/1997,AC1997.7z,7z,892621,07-06-16 11:13AM,RAIS_OUTRO,1997,,AC,LIST
/pdet/microdados/RAIS/1997/AL1997.7z,/pdet/microdados/RAIS/1997,AL1997.7z,7z,4466917,04-24-26 02:47PM,RAIS_OUTRO,1997,,AL,LIST
/pdet/microdados/RAIS/1997/AM1997.7z,/pdet/microdados/RAIS/1997,AM1997.7z,7z,4642267,07-06-16 11:13AM,RAIS_OUTRO,1997,,AM,LIST
/pdet/microdados/RAIS/1997/AP1997.7z,/pdet/microdados/RAIS/1997,AP1997.7z,7z,690193,07-06-16 11:13AM,RAIS_OUTRO,1997,,AP,LIST
/pdet/microdados/RAIS/1997/BA1997.7z,/pdet/microdados/RAIS/1997,BA1997.7z,7z,18871053,07-06-16 11:13AM,RAIS_OUTRO,1997,,BA,LIST
/pdet/microdados/RAIS/1997/CE1997.7z,/pdet/microdados/RAIS/1997,CE1997.7z,7z,11933928,07-06-16 11:13AM,RAIS_OUTRO,1997,,CE,LIST
/pdet/microdados/RAIS/1997/DF1997.7z,/pdet/microdados/RAIS/1997,DF1997.7z,7z,10259821,07-06-16 11:13AM,RAIS_OUTRO,1997,,DF,LIST
/pdet/microdados/RAIS/1997/ES1997.7z,/pdet/microdados/RAIS/1997,ES1997.7z,7z,9212062,07-06-16 11:13AM,RAIS_OUTRO,1997,,ES,LIST
/pdet/microdados/RAIS/1997/ESTB1997.7z,/pdet/microdados/RAIS/1997,ESTB1997.7z,7z,20706834,07-19-16 01:04PM,RAIS_OUTRO,1997,,,LIST
/pdet/microdados/RAIS/1997/GO1997.7z,/pdet/microdados/RAIS/1997,GO1997.7z,7z,11561614,07-06-16 11:13AM,RAIS_OUTRO,1997,,GO,LIST
/pdet/microdados/RAIS/1997/IGNORADO1997.7z,/pdet/microdados/RAIS/1997,IGNORADO1997.7z,7z,74679,07-06-16 11:13AM,RAIS_OUTRO,1997,,,LIST
/pdet/microdados/RAIS/1997/MA1997.7z,/pdet/microdados/RAIS/1997,MA1997.7z,7z,4274389,07-06-16 11:13AM,RAIS_OUTRO,1997,,MA,LIST
/pdet/microdados/RAIS/1997/MG1997.7z,/pdet/microdados/RAIS/1997,MG1997.7z,7z,56732934,07-06-16 11:14AM,RAIS_OUTRO,1997,,MG,LIST
/pdet/microdados/RAIS/1997/MS1997.7z,/pdet/microdados/RAIS/1997,MS1997.7z,7z,5629778,07-06-16 11:14AM,RAIS_OUTRO,1997,,MS,LIST
/pdet/microdados/RAIS/1997/MT1997.7z,/pdet/microdados/RAIS/1997,MT1997.7z,7z,5785516,07-06-16 11:14AM,RAIS_OUTRO,1997,,MT,LIST
/pdet/microdados/RAIS/1997/PA1997.7z,/pdet/microdados/RAIS/1997,PA1997.7z,7z,7095631,07-06-16 11:14AM,RAIS_OUTRO,1997,,PA,LIST
/pdet/microdados/RAIS/1997/PB1997.7z,/pdet/microdados/RAIS/1997,PB1997.7z,7z,5135951,04-24-26 02:47PM,RAIS_OUTRO,1997,,PB,LIST
/pdet/microdados/RAIS/1997/PE1997.7z,/pdet/microdados/RAIS/1997,PE1997.7z,7z,15074395,07-06-16 11:14AM,RAIS_OUTRO,1997,,PE,LIST
/pdet/microdados/RAIS/1997/PI1997.7z,/pdet/microdados/RAIS/1997,PI1997.7z,7z,2964726,07-06-16 11:14AM,RAIS_OUTRO,1997,,PI,LIST
/pdet/microdados/RAIS/1997/PR1997.7z,/pdet/microdados/RAIS/1997,PR1997.7z,7z,33246467,07-06-16 11:14AM,RAIS_OUTRO,1997,,PR,LIST
/pdet/microdados/RAIS/1997/RJ1997.7z,/pdet/microdados/RAIS/1997,RJ1997.7z,7z,56488688,04-24-26 02:47PM,RAIS_OUTRO,1997,,RJ,LIST
/pdet/microdados/RAIS/1997/RN1997.7z,/pdet/microdados/RAIS/1997,RN1997.7z,7z,4579689,07-06-16 11:14AM,RAIS_OUTRO,1997,,RN,LIST
/pdet/microdados/RAIS/1997/RO1997.7z,/pdet/microdados/RAIS/1997,RO1997.7z,7z,2444781,07-06-16 11:14AM,RAIS_OUTRO,1997,,RO,LIST
/pdet/microdados/RAIS/1997/RR1997.7z,/pdet/microdados/RAIS/1997,RR1997.7z,7z,416830,07-06-16 11:14AM,RAIS_OUTRO,1997,,RR,LIST
/pdet/microdados/RAIS/1997/RS1997.7z,/pdet/microdados/RAIS/1997,RS1997.7z,7z,38874651,04-24-26 02:47PM,RAIS_OUTRO,1997,,RS,LIST
/pdet/microdados/RAIS/1997/SC1997.7z,/pdet/microdados/RAIS/1997,SC1997.7z,7z,21277708,07-06-16 11:14AM,RAIS_OUTRO,1997,,SC,LIST
/pdet/microdados/RAIS/1997/SE1997.7z,/pdet/microdados/RAIS/1997,SE1997.7z,7z,3399103,07-06-16 11:14AM,RAIS_OUTRO,1997,,SE,LIST
/pdet/microdados/RAIS/1997/SP1997.7z,/pdet/microdados/RAIS/1997,SP1997.7z,7z,179458967,04-24-26 02:47PM,RAIS_OUTRO,1997,,SP,LIST
/pdet/microdados/RAIS/1997/TO1997.7z,/pdet/microdados/RAIS/1997,TO1997.7z,7z,1401881,07-06-16 11:15AM,RAIS_OUTRO,1997,,TO,LIST
/pdet/microdados/RAIS/1998/AC1998.7z,/pdet/microdados/RAIS/1998,AC1998.7z,7z,930093,04-24-26 02:49PM,RAIS_OUTRO,1998,,AC,LIST
/pdet/microdados/RAIS/1998/AL1998.7z,/pdet/microdados/RAIS/1998,AL1998.7z,7z,4431429,04-24-26 02:49PM,RAIS_OUTRO,1998,,AL,LIST
/pdet/microdados/RAIS/1998/AM1998.7z,/pdet/microdados/RAIS/1998,AM1998.7z,7z,4708684,04-24-26 02:49PM,RAIS_OUTRO,1998,,AM,LIST
/pdet/microdados/RAIS/1998/AP1998.7z,/pdet/microdados/RAIS/1998,AP1998.7z,7z,766705,04-25-16 11:00AM,RAIS_OUTRO,1998,,AP,LIST
/pdet/microdados/RAIS/1998/BA1998.7z,/pdet/microdados/RAIS/1998,BA1998.7z,7z,19885094,04-25-16 11:00AM,RAIS_OUTRO,1998,,BA,LIST
/pdet/microdados/RAIS/1998/CE1998.7z,/pdet/microdados/RAIS/1998,CE1998.7z,7z,12170738,04-25-16 11:00AM,RAIS_OUTRO,1998,,CE,LIST
/pdet/microdados/RAIS/1998/DF1998.7z,/pdet/microdados/RAIS/1998,DF1998.7z,7z,11072331,04-25-16 11:00AM,RAIS_OUTRO,1998,,DF,LIST
/pdet/microdados/RAIS/1998/ES1998.7z,/pdet/microdados/RAIS/1998,ES1998.7z,7z,9341963,04-25-16 11:00AM,RAIS_OUTRO,1998,,ES,LIST
/pdet/microdados/RAIS/1998/ESTB1998.7z,/pdet/microdados/RAIS/1998,ESTB1998.7z,7z,23807531,07-19-16 01:04PM,RAIS_OUTRO,1998,,,LIST
/pdet/microdados/RAIS/1998/GO1998.7z,/pdet/microdados/RAIS/1998,GO1998.7z,7z,12201004,04-24-26 02:49PM,RAIS_OUTRO,1998,,GO,LIST
/pdet/microdados/RAIS/1998/MA1998.7z,/pdet/microdados/RAIS/1998,MA1998.7z,7z,4431459,04-25-16 11:01AM,RAIS_OUTRO,1998,,MA,LIST
/pdet/microdados/RAIS/1998/MG1998.7z,/pdet/microdados/RAIS/1998,MG1998.7z,7z,59880066,04-25-16 11:01AM,RAIS_OUTRO,1998,,MG,LIST
/pdet/microdados/RAIS/1998/MS1998.7z,/pdet/microdados/RAIS/1998,MS1998.7z,7z,5946786,04-25-16 11:01AM,RAIS_OUTRO,1998,,MS,LIST
/pdet/microdados/RAIS/1998/MT1998.7z,/pdet/microdados/RAIS/1998,MT1998.7z,7z,6302869,04-25-16 11:01AM,RAIS_OUTRO,1998,,MT,LIST
/pdet/microdados/RAIS/1998/PA1998.7z,/pdet/microdados/RAIS/1998,PA1998.7z,7z,7611093,04-25-16 11:01AM,RAIS_OUTRO,1998,,PA,LIST
/pdet/microdados/RAIS/1998/PB1998.7z,/pdet/microdados/RAIS/1998,PB1998.7z,7z,5332226,04-25-16 11:01AM,RAIS_OUTRO,1998,,PB,LIST
/pdet/microdados/RAIS/1998/PE1998.7z,/pdet/microdados/RAIS/1998,PE1998.7z,7z,14853218,04-25-16 11:01AM,RAIS_OUTRO,1998,,PE,LIST
/pdet/microdados/RAIS/1998/PI1998.7z,/pdet/microdados/RAIS/1998,PI1998.7z,7z,3179806,04-25-16 11:01AM,RAIS_OUTRO,1998,,PI,LIST
/pdet/microdados/RAIS/1998/PR1998.7z,/pdet/microdados/RAIS/1998,PR1998.7z,7z,34192576,04-25-16 11:01AM,RAIS_OUTRO,1998,,PR,LIST
/pdet/microdados/RAIS/1998/RJ1998.7z,/pdet/microdados/RAIS/1998,RJ1998.7z,7z,56444036,04-25-16 11:01AM,RAIS_OUTRO,1998,,RJ,LIST
/pdet/microdados/RAIS/1998/RN1998.7z,/pdet/microdados/RAIS/1998,RN1998.7z,7z,4905862,04-25-16 11:01AM,RAIS_OUTRO,1998,,RN,LIST
/pdet/microdados/RAIS/1998/RO1998.7z,/pdet/microdados/RAIS/1998,RO1998.7z,7z,2588174,04-25-16 11:01AM,RAIS_OUTRO,1998,,RO,LIST
/pdet/microdados/RAIS/1998/RR1998.7z,/pdet/microdados/RAIS/1998,RR1998.7z,7z,476158,04-25-16 11:01AM,RAIS_OUTRO,1998,,RR,LIST
/pdet/microdados/RAIS/1998/RS1998.7z,/pdet/microdados/RAIS/1998,RS1998.7z,7z,39206959,04-25-16 11:01AM,RAIS_OUTRO,1998,,RS,LIST
/pdet/microdados/RAIS/1998/SC1998.7z,/pdet/microdados/RAIS/1998,SC1998.7z,7z,21373055,04-25-16 11:01AM,RAIS_OUTRO,1998,,SC,LIST
/pdet/microdados/RAIS/1998/SE1998.7z,/pdet/microdados/RAIS/1998,SE1998.7z,7z,3523514,04-25-16 11:01AM,RAIS_OUTRO,1998,,SE,LIST
/pdet/microdados/RAIS/1998/SP1998.7z,/pdet/microdados/RAIS/1998,SP1998.7z,7z,176742983,04-25-16 11:02AM,RAIS_OUTRO,1998,,SP,LIST
/pdet/microdados/RAIS/1998/TO1998.7z,/pdet/microdados/RAIS/1998,TO1998.7z,7z,1709287,04-25-16 11:02AM,RAIS_OUTRO,1998,,TO,LIST
/pdet/microdados/RAIS/1999/AC1999.7z,/pdet/microdados/RAIS/1999,AC1999.7z,7z,1120841,04-25-16 11:02AM,RAIS_OUTRO,1999,,AC,LIST
/pdet/microdados/RAIS/1999/AL1999.7z,/pdet/microdados/RAIS/1999,AL1999.7z,7z,5501137,04-25-16 11:02AM,RAIS_OUTRO,1999,,AL,LIST
/pdet/microdados/RAIS/1999/AM1999.7z,/pdet/microdados/RAIS/1999,AM1999.7z,7z,5850679,04-25-16 11:02AM,RAIS_OUTRO,1999,,AM,LIST
/pdet/microdados/RAIS/1999/AP1999.7z,/pdet/microdados/RAIS/1999,AP1999.7z,7z,1003549,04-25-16 11:02AM,RAIS_OUTRO,1999,,AP,LIST
/pdet/microdados/RAIS/1999/BA1999.7z,/pdet/microdados/RAIS/1999,BA1999.7z,7z,25486961,04-25-16 11:02AM,RAIS_OUTRO,1999,,BA,LIST
/pdet/microdados/RAIS/1999/CE1999.7z,/pdet/microdados/RAIS/1999,CE1999.7z,7z,14932206,04-25-16 11:02AM,RAIS_OUTRO,1999,,CE,LIST
/pdet/microdados/RAIS/1999/DF1999.7z,/pdet/microdados/RAIS/1999,DF1999.7z,7z,14764090,04-25-16 11:02AM,RAIS_OUTRO,1999,,DF,LIST
/pdet/microdados/RAIS/1999/ES1999.7z,/pdet/microdados/RAIS/1999,ES1999.7z,7z,11837266,04-25-16 11:02AM,RAIS_OUTRO,1999,,ES,LIST
/pdet/microdados/RAIS/1999/ESTB1999.7z,/pdet/microdados/RAIS/1999,ESTB1999.7z,7z,27650680,07-19-16 01:04PM,RAIS_OUTRO,1999,,,LIST
/pdet/microdados/RAIS/1999/GO1999.7z,/pdet/microdados/RAIS/1999,GO1999.7z,7z,15772164,04-24-26 02:51PM,RAIS_OUTRO,1999,,GO,LIST
/pdet/microdados/RAIS/1999/MA1999.7z,/pdet/microdados/RAIS/1999,MA1999.7z,7z,5377956,04-25-16 11:02AM,RAIS_OUTRO,1999,,MA,LIST
/pdet/microdados/RAIS/1999/MG1999.7z,/pdet/microdados/RAIS/1999,MG1999.7z,7z,75172729,04-25-16 11:02AM,RAIS_OUTRO,1999,,MG,LIST
/pdet/microdados/RAIS/1999/MS1999.7z,/pdet/microdados/RAIS/1999,MS1999.7z,7z,7670463,04-25-16 11:02AM,RAIS_OUTRO,1999,,MS,LIST
/pdet/microdados/RAIS/1999/MT1999.7z,/pdet/microdados/RAIS/1999,MT1999.7z,7z,8071256,04-25-16 11:02AM,RAIS_OUTRO,1999,,MT,LIST
/pdet/microdados/RAIS/1999/PA1999.7z,/pdet/microdados/RAIS/1999,PA1999.7z,7z,10037245,04-25-16 11:02AM,RAIS_OUTRO,1999,,PA,LIST
/pdet/microdados/RAIS/1999/PB1999.7z,/pdet/microdados/RAIS/1999,PB1999.7z,7z,6767617,04-25-16 11:02AM,RAIS_OUTRO,1999,,PB,LIST
/pdet/microdados/RAIS/1999/PE1999.7z,/pdet/microdados/RAIS/1999,PE1999.7z,7z,18991566,04-25-16 11:02AM,RAIS_OUTRO,1999,,PE,LIST
/pdet/microdados/RAIS/1999/PI1999.7z,/pdet/microdados/RAIS/1999,PI1999.7z,7z,3860268,04-25-16 11:02AM,RAIS_OUTRO,1999,,PI,LIST
/pdet/microdados/RAIS/1999/PR1999.7z,/pdet/microdados/RAIS/1999,PR1999.7z,7z,43565265,04-25-16 11:03AM,RAIS_OUTRO,1999,,PR,LIST
/pdet/microdados/RAIS/1999/RJ1999.7z,/pdet/microdados/RAIS/1999,RJ1999.7z,7z,69748507,04-25-16 11:03AM,RAIS_OUTRO,1999,,RJ,LIST
/pdet/microdados/RAIS/1999/RN1999.7z,/pdet/microdados/RAIS/1999,RN1999.7z,7z,6445128,04-25-16 11:03AM,RAIS_OUTRO,1999,,RN,LIST
/pdet/microdados/RAIS/1999/RO1999.7z,/pdet/microdados/RAIS/1999,RO1999.7z,7z,3355014,04-25-16 11:03AM,RAIS_OUTRO,1999,,RO,LIST
/pdet/microdados/RAIS/1999/RR1999.7z,/pdet/microdados/RAIS/1999,RR1999.7z,7z,539444,04-25-16 11:03AM,RAIS_OUTRO,1999,,RR,LIST
/pdet/microdados/RAIS/1999/RS1999.7z,/pdet/microdados/RAIS/1999,RS1999.7z,7z,50766628,04-25-16 11:03AM,RAIS_OUTRO,1999,,RS,LIST
/pdet/microdados/RAIS/1999/SC1999.7z,/pdet/microdados/RAIS/1999,SC1999.7z,7z,28625744,04-25-16 11:03AM,RAIS_OUTRO,1999,,SC,LIST
/pdet/microdados/RAIS/1999/SE1999.7z,/pdet/microdados/RAIS/1999,SE1999.7z,7z,4351436,04-25-16 11:03AM,RAIS_OUTRO,1999,,SE,LIST
/pdet/microdados/RAIS/1999/SP1999.7z,/pdet/microdados/RAIS/1999,SP1999.7z,7z,223619872,04-24-26 02:51PM,RAIS_OUTRO,1999,,SP,LIST
/pdet/microdados/RAIS/1999/TO1999.7z,/pdet/microdados/RAIS/1999,TO1999.7z,7z,2142942,04-24-26 02:51PM,RAIS_OUTRO,1999,,TO,LIST
/pdet/microdados/RAIS/2000/AC2000.7z,/pdet/microdados/RAIS/2000,AC2000.7z,7z,1234217,04-25-16 01:31PM,RAIS_OUTRO,2000,,AC,LIST
/pdet/microdados/RAIS/2000/AL2000.7z,/pdet/microdados/RAIS/2000,AL2000.7z,7z,5861740,04-25-16 01:31PM,RAIS_OUTRO,2000,,AL,LIST
/pdet/microdados/RAIS/2000/AM2000.7z,/pdet/microdados/RAIS/2000,AM2000.7z,7z,6075447,04-25-16 01:31PM,RAIS_OUTRO,2000,,AM,LIST
/pdet/microdados/RAIS/2000/AP2000.7z,/pdet/microdados/RAIS/2000,AP2000.7z,7z,1042829,04-25-16 01:31PM,RAIS_OUTRO,2000,,AP,LIST
/pdet/microdados/RAIS/2000/BA2000.7z,/pdet/microdados/RAIS/2000,BA2000.7z,7z,27456566,04-25-16 01:32PM,RAIS_OUTRO,2000,,BA,LIST
/pdet/microdados/RAIS/2000/CE2000.7z,/pdet/microdados/RAIS/2000,CE2000.7z,7z,15870827,04-25-16 01:32PM,RAIS_OUTRO,2000,,CE,LIST
/pdet/microdados/RAIS/2000/DF2000.7z,/pdet/microdados/RAIS/2000,DF2000.7z,7z,16393974,04-24-26 02:55PM,RAIS_OUTRO,2000,,DF,LIST
/pdet/microdados/RAIS/2000/ES2000.7z,/pdet/microdados/RAIS/2000,ES2000.7z,7z,12899435,04-25-16 01:32PM,RAIS_OUTRO,2000,,ES,LIST
/pdet/microdados/RAIS/2000/ESTB2000.7z,/pdet/microdados/RAIS/2000,ESTB2000.7z,7z,29557366,07-19-16 01:02PM,RAIS_OUTRO,2000,,,LIST
/pdet/microdados/RAIS/2000/GO2000.7z,/pdet/microdados/RAIS/2000,GO2000.7z,7z,17578438,04-25-16 01:32PM,RAIS_OUTRO,2000,,GO,LIST
/pdet/microdados/RAIS/2000/MA2000.7z,/pdet/microdados/RAIS/2000,MA2000.7z,7z,5726681,04-25-16 01:32PM,RAIS_OUTRO,2000,,MA,LIST
/pdet/microdados/RAIS/2000/MG2000.7z,/pdet/microdados/RAIS/2000,MG2000.7z,7z,79137500,04-24-26 02:55PM,RAIS_OUTRO,2000,,MG,LIST
/pdet/microdados/RAIS/2000/MS2000.7z,/pdet/microdados/RAIS/2000,MS2000.7z,7z,8194728,04-25-16 01:32PM,RAIS_OUTRO,2000,,MS,LIST
/pdet/microdados/RAIS/2000/MT2000.7z,/pdet/microdados/RAIS/2000,MT2000.7z,7z,9133565,01-22-26 03:35PM,RAIS_OUTRO,2000,,MT,LIST
/pdet/microdados/RAIS/2000/PA2000.7z,/pdet/microdados/RAIS/2000,PA2000.7z,7z,10829416,04-25-16 01:32PM,RAIS_OUTRO,2000,,PA,LIST
/pdet/microdados/RAIS/2000/PB2000.7z,/pdet/microdados/RAIS/2000,PB2000.7z,7z,6840089,04-25-16 01:32PM,RAIS_OUTRO,2000,,PB,LIST
/pdet/microdados/RAIS/2000/PE2000.7z,/pdet/microdados/RAIS/2000,PE2000.7z,7z,19724313,04-24-26 02:55PM,RAIS_OUTRO,2000,,PE,LIST
/pdet/microdados/RAIS/2000/PI2000.7z,/pdet/microdados/RAIS/2000,PI2000.7z,7z,4091127,04-25-16 01:32PM,RAIS_OUTRO,2000,,PI,LIST
/pdet/microdados/RAIS/2000/PR2000.7z,/pdet/microdados/RAIS/2000,PR2000.7z,7z,45954425,04-24-26 04:09PM,RAIS_OUTRO,2000,,PR,LIST
/pdet/microdados/RAIS/2000/RJ2000.7z,/pdet/microdados/RAIS/2000,RJ2000.7z,7z,71613891,04-24-26 02:55PM,RAIS_OUTRO,2000,,RJ,LIST
/pdet/microdados/RAIS/2000/RN2000.7z,/pdet/microdados/RAIS/2000,RN2000.7z,7z,6851423,04-25-16 01:33PM,RAIS_OUTRO,2000,,RN,LIST
/pdet/microdados/RAIS/2000/RO2000.7z,/pdet/microdados/RAIS/2000,RO2000.7z,7z,3807876,04-25-16 01:33PM,RAIS_OUTRO,2000,,RO,LIST
/pdet/microdados/RAIS/2000/RR2000.7z,/pdet/microdados/RAIS/2000,RR2000.7z,7z,534288,04-25-16 01:33PM,RAIS_OUTRO,2000,,RR,LIST
/pdet/microdados/RAIS/2000/RS2000.7z,/pdet/microdados/RAIS/2000,RS2000.7z,7z,53885093,04-25-16 01:33PM,RAIS_OUTRO,2000,,RS,LIST
/pdet/microdados/RAIS/2000/SC2000.7z,/pdet/microdados/RAIS/2000,SC2000.7z,7z,31588767,04-25-16 01:34PM,RAIS_OUTRO,2000,,SC,LIST
/pdet/microdados/RAIS/2000/SE2000.7z,/pdet/microdados/RAIS/2000,SE2000.7z,7z,4568037,04-25-16 01:34PM,RAIS_OUTRO,2000,,SE,LIST
/pdet/microdados/RAIS/2000/SP2000.7z,/pdet/microdados/RAIS/2000,SP2000.7z,7z,236231129,04-24-26 02:55PM,RAIS_OUTRO,2000,,SP,LIST
/pdet/microdados/RAIS/2000/TO2000.7z,/pdet/microdados/RAIS/2000,TO2000.7z,7z,2481577,04-25-16 01:31PM,RAIS_OUTRO,2000,,TO,LIST
/pdet/microdados/RAIS/2001/AC2001.7z,/pdet/microdados/RAIS/2001,AC2001.7z,7z,1359750,04-25-16 01:32PM,RAIS_OUTRO,2001,,AC,LIST
/pdet/microdados/RAIS/2001/AL2001.7z,/pdet/microdados/RAIS/2001,AL2001.7z,7z,6502532,04-25-16 01:32PM,RAIS_OUTRO,2001,,AL,LIST
/pdet/microdados/RAIS/2001/AM2001.7z,/pdet/microdados/RAIS/2001,AM2001.7z,7z,6620302,04-25-16 01:32PM,RAIS_OUTRO,2001,,AM,LIST
/pdet/microdados/RAIS/2001/AP2001.7z,/pdet/microdados/RAIS/2001,AP2001.7z,7z,1063494,04-25-16 01:32PM,RAIS_OUTRO,2001,,AP,LIST
/pdet/microdados/RAIS/2001/BA2001.7z,/pdet/microdados/RAIS/2001,BA2001.7z,7z,28897494,01-22-26 03:35PM,RAIS_OUTRO,2001,,BA,LIST
/pdet/microdados/RAIS/2001/CE2001.7z,/pdet/microdados/RAIS/2001,CE2001.7z,7z,16589667,04-24-26 03:01PM,RAIS_OUTRO,2001,,CE,LIST
/pdet/microdados/RAIS/2001/DF2001.7z,/pdet/microdados/RAIS/2001,DF2001.7z,7z,16767050,04-24-26 03:01PM,RAIS_OUTRO,2001,,DF,LIST
/pdet/microdados/RAIS/2001/ES2001.7z,/pdet/microdados/RAIS/2001,ES2001.7z,7z,14162166,04-24-26 03:01PM,RAIS_OUTRO,2001,,ES,LIST
/pdet/microdados/RAIS/2001/ESTB2001.7z,/pdet/microdados/RAIS/2001,ESTB2001.7z,7z,33353920,07-19-16 01:02PM,RAIS_OUTRO,2001,,,LIST
/pdet/microdados/RAIS/2001/GO2001.7z,/pdet/microdados/RAIS/2001,GO2001.7z,7z,19528308,04-24-26 03:01PM,RAIS_OUTRO,2001,,GO,LIST
/pdet/microdados/RAIS/2001/MA2001.7z,/pdet/microdados/RAIS/2001,MA2001.7z,7z,6283280,04-25-16 01:33PM,RAIS_OUTRO,2001,,MA,LIST
/pdet/microdados/RAIS/2001/MG2001.7z,/pdet/microdados/RAIS/2001,MG2001.7z,7z,81770521,01-22-26 03:35PM,RAIS_OUTRO,2001,,MG,LIST
/pdet/microdados/RAIS/2001/MS2001.7z,/pdet/microdados/RAIS/2001,MS2001.7z,7z,8794408,04-25-16 01:33PM,RAIS_OUTRO,2001,,MS,LIST
/pdet/microdados/RAIS/2001/MT2001.7z,/pdet/microdados/RAIS/2001,MT2001.7z,7z,10125270,04-25-16 01:33PM,RAIS_OUTRO,2001,,MT,LIST
/pdet/microdados/RAIS/2001/PA2001.7z,/pdet/microdados/RAIS/2001,PA2001.7z,7z,11851721,04-25-16 01:34PM,RAIS_OUTRO,2001,,PA,LIST
/pdet/microdados/RAIS/2001/PB2001.7z,/pdet/microdados/RAIS/2001,PB2001.7z,7z,7405736,04-25-16 01:34PM,RAIS_OUTRO,2001,,PB,LIST
/pdet/microdados/RAIS/2001/PE2001.7z,/pdet/microdados/RAIS/2001,PE2001.7z,7z,20800794,04-25-16 01:31PM,RAIS_OUTRO,2001,,PE,LIST
/pdet/microdados/RAIS/2001/PI2001.7z,/pdet/microdados/RAIS/2001,PI2001.7z,7z,4319862,04-25-16 01:31PM,RAIS_OUTRO,2001,,PI,LIST
/pdet/microdados/RAIS/2001/PR2001.7z,/pdet/microdados/RAIS/2001,PR2001.7z,7z,48958652,04-25-16 01:31PM,RAIS_OUTRO,2001,,PR,LIST
/pdet/microdados/RAIS/2001/RJ2001.7z,/pdet/microdados/RAIS/2001,RJ2001.7z,7z,74710381,04-25-16 01:31PM,RAIS_OUTRO,2001,,RJ,LIST
/pdet/microdados/RAIS/2001/RN2001.7z,/pdet/microdados/RAIS/2001,RN2001.7z,7z,8122322,04-25-16 01:31PM,RAIS_OUTRO,2001,,RN,LIST
/pdet/microdados/RAIS/2001/RO2001.7z,/pdet/microdados/RAIS/2001,RO2001.7z,7z,3901790,04-25-16 01:31PM,RAIS_OUTRO,2001,,RO,LIST
/pdet/microdados/RAIS/2001/RR2001.7z,/pdet/microdados/RAIS/2001,RR2001.7z,7z,631105,04-25-16 01:31PM,RAIS_OUTRO,2001,,RR,LIST
/pdet/microdados/RAIS/2001/RS2001.7z,/pdet/microdados/RAIS/2001,RS2001.7z,7z,57074462,04-25-16 01:31PM,RAIS_OUTRO,2001,,RS,LIST
/pdet/microdados/RAIS/2001/SC2001.7z,/pdet/microdados/RAIS/2001,SC2001.7z,7z,34406806,04-25-16 01:31PM,RAIS_OUTRO,2001,,SC,LIST
/pdet/microdados/RAIS/2001/SE2001.7z,/pdet/microdados/RAIS/2001,SE2001.7z,7z,4931394,04-25-16 01:31PM,RAIS_OUTRO,2001,,SE,LIST
/pdet/microdados/RAIS/2001/SP2001.7z,/pdet/microdados/RAIS/2001,SP2001.7z,7z,247356697,01-22-26 03:35PM,RAIS_OUTRO,2001,,SP,LIST
/pdet/microdados/RAIS/2001/TO2001.7z,/pdet/microdados/RAIS/2001,TO2001.7z,7z,2727995,04-25-16 01:32PM,RAIS_OUTRO,2001,,TO,LIST
/pdet/microdados/RAIS/2002/AC2002.7z,/pdet/microdados/RAIS/2002,AC2002.7z,7z,1422513,04-25-16 01:35PM,RAIS_OUTRO,2002,,AC,LIST
/pdet/microdados/RAIS/2002/AL2002.7z,/pdet/microdados/RAIS/2002,AL2002.7z,7z,6644978,04-25-16 01:35PM,RAIS_OUTRO,2002,,AL,LIST
/pdet/microdados/RAIS/2002/AM2002.7z,/pdet/microdados/RAIS/2002,AM2002.7z,7z,7188781,04-25-16 01:35PM,RAIS_OUTRO,2002,,AM,LIST
/pdet/microdados/RAIS/2002/AP2002.7z,/pdet/microdados/RAIS/2002,AP2002.7z,7z,1217041,04-25-16 01:35PM,RAIS_OUTRO,2002,,AP,LIST
/pdet/microdados/RAIS/2002/BA2002.7z,/pdet/microdados/RAIS/2002,BA2002.7z,7z,30296009,04-24-26 03:07PM,RAIS_OUTRO,2002,,BA,LIST
/pdet/microdados/RAIS/2002/CE2002.7z,/pdet/microdados/RAIS/2002,CE2002.7z,7z,17493259,04-25-16 01:35PM,RAIS_OUTRO,2002,,CE,LIST
/pdet/microdados/RAIS/2002/DF2002.7z,/pdet/microdados/RAIS/2002,DF2002.7z,7z,17155161,04-25-16 01:35PM,RAIS_OUTRO,2002,,DF,LIST
/pdet/microdados/RAIS/2002/ES2002.7z,/pdet/microdados/RAIS/2002,ES2002.7z,7z,15175642,04-24-26 03:07PM,RAIS_OUTRO,2002,,ES,LIST
/pdet/microdados/RAIS/2002/Estb2002.zip,/pdet/microdados/RAIS/2002,Estb2002.zip,zip,30715026,04-24-26 04:16PM,RAIS_OUTRO,2002,,,LIST
/pdet/microdados/RAIS/2002/GO2002.7z,/pdet/microdados/RAIS/2002,GO2002.7z,7z,20912547,04-25-16 01:35PM,RAIS_OUTRO,2002,,GO,LIST
/pdet/microdados/RAIS/2002/MA2002.7z,/pdet/microdados/RAIS/2002,MA2002.7z,7z,6475707,04-25-16 01:35PM,RAIS_OUTRO,2002,,MA,LIST
/pdet/microdados/RAIS/2002/MG2002.7z,/pdet/microdados/RAIS/2002,MG2002.7z,7z,83550317,04-25-16 01:36PM,RAIS_OUTRO,2002,,MG,LIST
/pdet/microdados/RAIS/2002/MS2002.7z,/pdet/microdados/RAIS/2002,MS2002.7z,7z,9517761,04-25-16 01:32PM,RAIS_OUTRO,2002,,MS,LIST
/pdet/microdados/RAIS/2002/MT2002.7z,/pdet/microdados/RAIS/2002,MT2002.7z,7z,11189584,04-25-16 01:32PM,RAIS_OUTRO,2002,,MT,LIST
/pdet/microdados/RAIS/2002/PA2002.7z,/pdet/microdados/RAIS/2002,PA2002.7z,7z,12816806,04-24-26 04:13PM,RAIS_OUTRO,2002,,PA,LIST
/pdet/microdados/RAIS/2002/PB2002.7z,/pdet/microdados/RAIS/2002,PB2002.7z,7z,7543605,04-24-26 03:07PM,RAIS_OUTRO,2002,,PB,LIST
/pdet/microdados/RAIS/2002/PE2002.7z,/pdet/microdados/RAIS/2002,PE2002.7z,7z,21289041,04-24-26 03:07PM,RAIS_OUTRO,2002,,PE,LIST
/pdet/microdados/RAIS/2002/PI2002.7z,/pdet/microdados/RAIS/2002,PI2002.7z,7z,4571281,04-24-26 03:07PM,RAIS_OUTRO,2002,,PI,LIST
/pdet/microdados/RAIS/2002/PR2002.7z,/pdet/microdados/RAIS/2002,PR2002.7z,7z,49738386,04-24-26 04:27PM,RAIS_OUTRO,2002,,PR,LIST
/pdet/microdados/RAIS/2002/RJ2002.7z,/pdet/microdados/RAIS/2002,RJ2002.7z,7z,75398751,04-24-26 03:07PM,RAIS_OUTRO,2002,,RJ,LIST
/pdet/microdados/RAIS/2002/RN2002.7z,/pdet/microdados/RAIS/2002,RN2002.7z,7z,7250380,04-25-16 01:33PM,RAIS_OUTRO,2002,,RN,LIST
/pdet/microdados/RAIS/2002/RO2002.7z,/pdet/microdados/RAIS/2002,RO2002.7z,7z,4309505,04-25-16 01:33PM,RAIS_OUTRO,2002,,RO,LIST
/pdet/microdados/RAIS/2002/RR2002.7z,/pdet/microdados/RAIS/2002,RR2002.7z,7z,635058,04-25-16 01:33PM,RAIS_OUTRO,2002,,RR,LIST
/pdet/microdados/RAIS/2002/RS2002.7z,/pdet/microdados/RAIS/2002,RS2002.7z,7z,57146061,04-25-16 01:34PM,RAIS_OUTRO,2002,,RS,LIST
/pdet/microdados/RAIS/2002/SC2002.7z,/pdet/microdados/RAIS/2002,SC2002.7z,7z,36070880,04-25-16 01:34PM,RAIS_OUTRO,2002,,SC,LIST
/pdet/microdados/RAIS/2002/SE2002.7z,/pdet/microdados/RAIS/2002,SE2002.7z,7z,5165613,04-25-16 01:34PM,RAIS_OUTRO,2002,,SE,LIST
/pdet/microdados/RAIS/2002/SP2002.7z,/pdet/microdados/RAIS/2002,SP2002.7z,7z,249822611,04-24-26 03:07PM,RAIS_OUTRO,2002,,SP,LIST
/pdet/microdados/RAIS/2002/TO2002.7z,/pdet/microdados/RAIS/2002,TO2002.7z,7z,2978441,04-25-16 01:35PM,RAIS_OUTRO,2002,,TO,LIST
/pdet/microdados/RAIS/2003/AC2003.7z,/pdet/microdados/RAIS/2003,AC2003.7z,7z,1463055,04-25-16 01:35PM,RAIS_OUTRO,2003,,AC,LIST
/pdet/microdados/RAIS/2003/AL2003.7z,/pdet/microdados/RAIS/2003,AL2003.7z,7z,7077990,04-24-26 03:10PM,RAIS_OUTRO,2003,,AL,LIST
/pdet/microdados/RAIS/2003/AM2003.7z,/pdet/microdados/RAIS/2003,AM2003.7z,7z,7861350,04-25-16 01:35PM,RAIS_OUTRO,2003,,AM,LIST
/pdet/microdados/RAIS/2003/AP2003.7z,/pdet/microdados/RAIS/2003,AP2003.7z,7z,1400021,04-25-16 01:35PM,RAIS_OUTRO,2003,,AP,LIST
/pdet/microdados/RAIS/2003/BA2003.7z,/pdet/microdados/RAIS/2003,BA2003.7z,7z,33054679,04-25-16 01:35PM,RAIS_OUTRO,2003,,BA,LIST
/pdet/microdados/RAIS/2003/CE2003.7z,/pdet/microdados/RAIS/2003,CE2003.7z,7z,19036075,04-25-16 01:35PM,RAIS_OUTRO,2003,,CE,LIST
/pdet/microdados/RAIS/2003/DF2003.7z,/pdet/microdados/RAIS/2003,DF2003.7z,7z,17905828,04-25-16 01:35PM,RAIS_OUTRO,2003,,DF,LIST
/pdet/microdados/RAIS/2003/ES2003.7z,/pdet/microdados/RAIS/2003,ES2003.7z,7z,16214042,04-25-16 01:35PM,RAIS_OUTRO,2003,,ES,LIST
/pdet/microdados/RAIS/2003/Estb2003.zip,/pdet/microdados/RAIS/2003,Estb2003.zip,zip,35815844,04-25-16 01:35PM,RAIS_OUTRO,2003,,,LIST
/pdet/microdados/RAIS/2003/GO2003.7z,/pdet/microdados/RAIS/2003,GO2003.7z,7z,22682155,04-25-16 01:36PM,RAIS_OUTRO,2003,,GO,LIST
/pdet/microdados/RAIS/2003/MA2003.7z,/pdet/microdados/RAIS/2003,MA2003.7z,7z,7063565,04-25-16 01:36PM,RAIS_OUTRO,2003,,MA,LIST
/pdet/microdados/RAIS/2003/MG2003.7z,/pdet/microdados/RAIS/2003,MG2003.7z,7z,89360320,04-25-16 01:36PM,RAIS_OUTRO,2003,,MG,LIST
/pdet/microdados/RAIS/2003/MS2003.7z,/pdet/microdados/RAIS/2003,MS2003.7z,7z,10389731,04-25-16 01:36PM,RAIS_OUTRO,2003,,MS,LIST
/pdet/microdados/RAIS/2003/MT2003.7z,/pdet/microdados/RAIS/2003,MT2003.7z,7z,12643846,04-25-16 01:36PM,RAIS_OUTRO,2003,,MT,LIST
/pdet/microdados/RAIS/2003/PA2003.7z,/pdet/microdados/RAIS/2003,PA2003.7z,7z,14194693,04-25-16 01:36PM,RAIS_OUTRO,2003,,PA,LIST
/pdet/microdados/RAIS/2003/PB2003.7z,/pdet/microdados/RAIS/2003,PB2003.7z,7z,7998454,04-25-16 01:36PM,RAIS_OUTRO,2003,,PB,LIST
/pdet/microdados/RAIS/2003/PE2003.7z,/pdet/microdados/RAIS/2003,PE2003.7z,7z,22592549,04-25-16 01:36PM,RAIS_OUTRO,2003,,PE,LIST
/pdet/microdados/RAIS/2003/PI2003.7z,/pdet/microdados/RAIS/2003,PI2003.7z,7z,4995321,04-25-16 01:36PM,RAIS_OUTRO,2003,,PI,LIST
/pdet/microdados/RAIS/2003/PR2003.7z,/pdet/microdados/RAIS/2003,PR2003.7z,7z,54482676,04-25-16 01:36PM,RAIS_OUTRO,2003,,PR,LIST
/pdet/microdados/RAIS/2003/RJ2003.7z,/pdet/microdados/RAIS/2003,RJ2003.7z,7z,78214846,04-25-16 01:36PM,RAIS_OUTRO,2003,,RJ,LIST
/pdet/microdados/RAIS/2003/RN2003.7z,/pdet/microdados/RAIS/2003,RN2003.7z,7z,8633664,04-25-16 01:36PM,RAIS_OUTRO,2003,,RN,LIST
/pdet/microdados/RAIS/2003/RO2003.7z,/pdet/microdados/RAIS/2003,RO2003.7z,7z,4745587,04-25-16 01:36PM,RAIS_OUTRO,2003,,RO,LIST
/pdet/microdados/RAIS/2003/RR2003.7z,/pdet/microdados/RAIS/2003,RR2003.7z,7z,694283,04-25-16 01:36PM,RAIS_OUTRO,2003,,RR,LIST
/pdet/microdados/RAIS/2003/RS2003.7z,/pdet/microdados/RAIS/2003,RS2003.7z,7z,61373916,04-25-16 01:37PM,RAIS_OUTRO,2003,,RS,LIST
/pdet/microdados/RAIS/2003/SC2003.7z,/pdet/microdados/RAIS/2003,SC2003.7z,7z,39838617,04-25-16 01:37PM,RAIS_OUTRO,2003,,SC,LIST
/pdet/microdados/RAIS/2003/SE2003.7z,/pdet/microdados/RAIS/2003,SE2003.7z,7z,5502111,04-25-16 01:37PM,RAIS_OUTRO,2003,,SE,LIST
/pdet/microdados/RAIS/2003/SP2003.7z,/pdet/microdados/RAIS/2003,SP2003.7z,7z,260090939,04-24-26 03:11PM,RAIS_OUTRO,2003,,SP,LIST
/pdet/microdados/RAIS/2003/TO2003.7z,/pdet/microdados/RAIS/2003,TO2003.7z,7z,3348147,04-24-26 03:11PM,RAIS_OUTRO,2003,,TO,LIST
/pdet/microdados/RAIS/2004/AC2004.7z,/pdet/microdados/RAIS/2004,AC2004.7z,7z,1582971,04-25-16 01:37PM,RAIS_OUTRO,2004,,AC,LIST
/pdet/microdados/RAIS/2004/AL2004.7z,/pdet/microdados/RAIS/2004,AL2004.7z,7z,7674355,04-25-16 01:37PM,RAIS_OUTRO,2004,,AL,LIST
/pdet/microdados/RAIS/2004/AM2004.7z,/pdet/microdados/RAIS/2004,AM2004.7z,7z,9009357,04-25-16 01:37PM,RAIS_OUTRO,2004,,AM,LIST
/pdet/microdados/RAIS/2004/AP2004.7z,/pdet/microdados/RAIS/2004,AP2004.7z,7z,1556076,04-25-16 01:37PM,RAIS_OUTRO,2004,,AP,LIST
/pdet/microdados/RAIS/2004/BA2004.7z,/pdet/microdados/RAIS/2004,BA2004.7z,7z,35096162,04-25-16 01:38PM,RAIS_OUTRO,2004,,BA,LIST
/pdet/microdados/RAIS/2004/CE2004.7z,/pdet/microdados/RAIS/2004,CE2004.7z,7z,19467588,04-25-16 01:38PM,RAIS_OUTRO,2004,,CE,LIST
/pdet/microdados/RAIS/2004/DF2004.7z,/pdet/microdados/RAIS/2004,DF2004.7z,7z,18829210,04-25-16 01:38PM,RAIS_OUTRO,2004,,DF,LIST
/pdet/microdados/RAIS/2004/ES2004.7z,/pdet/microdados/RAIS/2004,ES2004.7z,7z,17150062,04-25-16 01:38PM,RAIS_OUTRO,2004,,ES,LIST
/pdet/microdados/RAIS/2004/Estb2004.zip,/pdet/microdados/RAIS/2004,Estb2004.zip,zip,37462524,04-25-16 01:38PM,RAIS_OUTRO,2004,,,LIST
/pdet/microdados/RAIS/2004/GO2004.7z,/pdet/microdados/RAIS/2004,GO2004.7z,7z,24403232,01-22-26 03:37PM,RAIS_OUTRO,2004,,GO,LIST
/pdet/microdados/RAIS/2004/MA2004.7z,/pdet/microdados/RAIS/2004,MA2004.7z,7z,7609713,01-22-26 03:37PM,RAIS_OUTRO,2004,,MA,LIST
/pdet/microdados/RAIS/2004/MG2004.7z,/pdet/microdados/RAIS/2004,MG2004.7z,7z,94980784,04-24-26 03:14PM,RAIS_OUTRO,2004,,MG,LIST
/pdet/microdados/RAIS/2004/MS2004.7z,/pdet/microdados/RAIS/2004,MS2004.7z,7z,11321027,04-25-16 01:38PM,RAIS_OUTRO,2004,,MS,LIST
/pdet/microdados/RAIS/2004/MT2004.7z,/pdet/microdados/RAIS/2004,MT2004.7z,7z,14923044,04-24-26 03:14PM,RAIS_OUTRO,2004,,MT,LIST
/pdet/microdados/RAIS/2004/PA2004.7z,/pdet/microdados/RAIS/2004,PA2004.7z,7z,15439758,04-25-16 01:38PM,RAIS_OUTRO,2004,,PA,LIST
/pdet/microdados/RAIS/2004/PB2004.7z,/pdet/microdados/RAIS/2004,PB2004.7z,7z,7993835,04-25-16 01:38PM,RAIS_OUTRO,2004,,PB,LIST
/pdet/microdados/RAIS/2004/PE2004.7z,/pdet/microdados/RAIS/2004,PE2004.7z,7z,23463114,04-25-16 01:39PM,RAIS_OUTRO,2004,,PE,LIST
/pdet/microdados/RAIS/2004/PI2004.7z,/pdet/microdados/RAIS/2004,PI2004.7z,7z,5235019,04-25-16 01:39PM,RAIS_OUTRO,2004,,PI,LIST
/pdet/microdados/RAIS/2004/PR2004.7z,/pdet/microdados/RAIS/2004,PR2004.7z,7z,58869997,04-25-16 01:39PM,RAIS_OUTRO,2004,,PR,LIST
/pdet/microdados/RAIS/2004/RJ2004.7z,/pdet/microdados/RAIS/2004,RJ2004.7z,7z,81500862,04-24-26 03:14PM,RAIS_OUTRO,2004,,RJ,LIST
/pdet/microdados/RAIS/2004/RN2004.7z,/pdet/microdados/RAIS/2004,RN2004.7z,7z,9439409,04-25-16 01:39PM,RAIS_OUTRO,2004,,RN,LIST
/pdet/microdados/RAIS/2004/RO2004.7z,/pdet/microdados/RAIS/2004,RO2004.7z,7z,5294576,04-25-16 01:39PM,RAIS_OUTRO,2004,,RO,LIST
/pdet/microdados/RAIS/2004/RR2004.7z,/pdet/microdados/RAIS/2004,RR2004.7z,7z,646721,04-25-16 01:39PM,RAIS_OUTRO,2004,,RR,LIST
/pdet/microdados/RAIS/2004/RS2004.7z,/pdet/microdados/RAIS/2004,RS2004.7z,7z,65144518,04-24-26 03:14PM,RAIS_OUTRO,2004,,RS,LIST
/pdet/microdados/RAIS/2004/SC2004.7z,/pdet/microdados/RAIS/2004,SC2004.7z,7z,43342727,04-25-16 01:39PM,RAIS_OUTRO,2004,,SC,LIST
/pdet/microdados/RAIS/2004/SE2004.7z,/pdet/microdados/RAIS/2004,SE2004.7z,7z,5789085,04-25-16 01:39PM,RAIS_OUTRO,2004,,SE,LIST
/pdet/microdados/RAIS/2004/SP2004.7z,/pdet/microdados/RAIS/2004,SP2004.7z,7z,273238538,04-24-26 03:15PM,RAIS_OUTRO,2004,,SP,LIST
/pdet/microdados/RAIS/2004/TO2004.7z,/pdet/microdados/RAIS/2004,TO2004.7z,7z,3668224,04-25-16 01:37PM,RAIS_OUTRO,2004,,TO,LIST
/pdet/microdados/RAIS/2005/AC2005.7z,/pdet/microdados/RAIS/2005,AC2005.7z,7z,1776472,04-25-16 11:15AM,RAIS_OUTRO,2005,,AC,LIST
/pdet/microdados/RAIS/2005/AL2005.7z,/pdet/microdados/RAIS/2005,AL2005.7z,7z,8322509,04-25-16 11:15AM,RAIS_OUTRO,2005,,AL,LIST
/pdet/microdados/RAIS/2005/AM2005.7z,/pdet/microdados/RAIS/2005,AM2005.7z,7z,10270805,04-25-16 11:15AM,RAIS_OUTRO,2005,,AM,LIST
/pdet/microdados/RAIS/2005/AP2005.7z,/pdet/microdados/RAIS/2005,AP2005.7z,7z,1700009,04-25-16 11:15AM,RAIS_OUTRO,2005,,AP,LIST
/pdet/microdados/RAIS/2005/BA2005.7z,/pdet/microdados/RAIS/2005,BA2005.7z,7z,39233818,04-24-26 03:16PM,RAIS_OUTRO,2005,,BA,LIST
/pdet/microdados/RAIS/2005/CE2005.7z,/pdet/microdados/RAIS/2005,CE2005.7z,7z,21126282,04-25-16 11:15AM,RAIS_OUTRO,2005,,CE,LIST
/pdet/microdados/RAIS/2005/DF2005.7z,/pdet/microdados/RAIS/2005,DF2005.7z,7z,20440683,04-25-16 11:15AM,RAIS_OUTRO,2005,,DF,LIST
/pdet/microdados/RAIS/2005/ES2005.7z,/pdet/microdados/RAIS/2005,ES2005.7z,7z,19185806,04-25-16 11:15AM,RAIS_OUTRO,2005,,ES,LIST
/pdet/microdados/RAIS/2005/Estb2005.zip,/pdet/microdados/RAIS/2005,Estb2005.zip,zip,40182892,04-24-26 04:18PM,RAIS_OUTRO,2005,,,LIST
/pdet/microdados/RAIS/2005/GO2005.7z,/pdet/microdados/RAIS/2005,GO2005.7z,7z,26583361,04-25-16 11:15AM,RAIS_OUTRO,2005,,GO,LIST
/pdet/microdados/RAIS/2005/MA2005.7z,/pdet/microdados/RAIS/2005,MA2005.7z,7z,8316958,04-25-16 11:16AM,RAIS_OUTRO,2005,,MA,LIST
/pdet/microdados/RAIS/2005/MG2005.7z,/pdet/microdados/RAIS/2005,MG2005.7z,7z,104527662,04-25-16 11:16AM,RAIS_OUTRO,2005,,MG,LIST
/pdet/microdados/RAIS/2005/MS2005.7z,/pdet/microdados/RAIS/2005,MS2005.7z,7z,12352585,04-25-16 11:16AM,RAIS_OUTRO,2005,,MS,LIST
/pdet/microdados/RAIS/2005/MT2005.7z,/pdet/microdados/RAIS/2005,MT2005.7z,7z,15651197,04-25-16 11:16AM,RAIS_OUTRO,2005,,MT,LIST
/pdet/microdados/RAIS/2005/PA2005.7z,/pdet/microdados/RAIS/2005,PA2005.7z,7z,17076777,04-25-16 11:16AM,RAIS_OUTRO,2005,,PA,LIST
/pdet/microdados/RAIS/2005/PB2005.7z,/pdet/microdados/RAIS/2005,PB2005.7z,7z,8712484,04-25-16 11:16AM,RAIS_OUTRO,2005,,PB,LIST
/pdet/microdados/RAIS/2005/PE2005.7z,/pdet/microdados/RAIS/2005,PE2005.7z,7z,25721828,04-25-16 11:16AM,RAIS_OUTRO,2005,,PE,LIST
/pdet/microdados/RAIS/2005/PI2005.7z,/pdet/microdados/RAIS/2005,PI2005.7z,7z,5628401,04-25-16 11:16AM,RAIS_OUTRO,2005,,PI,LIST
/pdet/microdados/RAIS/2005/PR2005.7z,/pdet/microdados/RAIS/2005,PR2005.7z,7z,63401718,04-25-16 11:16AM,RAIS_OUTRO,2005,,PR,LIST
/pdet/microdados/RAIS/2005/RJ2005.7z,/pdet/microdados/RAIS/2005,RJ2005.7z,7z,86422408,04-25-16 11:16AM,RAIS_OUTRO,2005,,RJ,LIST
/pdet/microdados/RAIS/2005/RN2005.7z,/pdet/microdados/RAIS/2005,RN2005.7z,7z,10343245,04-25-16 11:16AM,RAIS_OUTRO,2005,,RN,LIST
/pdet/microdados/RAIS/2005/RO2005.7z,/pdet/microdados/RAIS/2005,RO2005.7z,7z,5629927,04-25-16 11:16AM,RAIS_OUTRO,2005,,RO,LIST
/pdet/microdados/RAIS/2005/RR2005.7z,/pdet/microdados/RAIS/2005,RR2005.7z,7z,816483,04-25-16 11:16AM,RAIS_OUTRO,2005,,RR,LIST
/pdet/microdados/RAIS/2005/RS2005.7z,/pdet/microdados/RAIS/2005,RS2005.7z,7z,67765245,04-25-16 11:17AM,RAIS_OUTRO,2005,,RS,LIST
/pdet/microdados/RAIS/2005/SC2005.7z,/pdet/microdados/RAIS/2005,SC2005.7z,7z,47254194,04-25-16 11:17AM,RAIS_OUTRO,2005,,SC,LIST
/pdet/microdados/RAIS/2005/SE2005.7z,/pdet/microdados/RAIS/2005,SE2005.7z,7z,6282492,04-25-16 11:17AM,RAIS_OUTRO,2005,,SE,LIST
/pdet/microdados/RAIS/2005/SP2005.7z,/pdet/microdados/RAIS/2005,SP2005.7z,7z,297202574,04-24-26 03:16PM,RAIS_OUTRO,2005,,SP,LIST
/pdet/microdados/RAIS/2005/TO2005.7z,/pdet/microdados/RAIS/2005,TO2005.7z,7z,4218056,04-25-16 11:18AM,RAIS_OUTRO,2005,,TO,LIST
/pdet/microdados/RAIS/2006/AC2006.7z,/pdet/microdados/RAIS/2006,AC2006.7z,7z,1933982,11-30-18 12:28PM,RAIS_OUTRO,2006,,AC,LIST
/pdet/microdados/RAIS/2006/AL2006.7z,/pdet/microdados/RAIS/2006,AL2006.7z,7z,8593235,11-30-18 12:28PM,RAIS_OUTRO,2006,,AL,LIST
/pdet/microdados/RAIS/2006/AM2006.7z,/pdet/microdados/RAIS/2006,AM2006.7z,7z,10962409,11-30-18 12:28PM,RAIS_OUTRO,2006,,AM,LIST
/pdet/microdados/RAIS/2006/AP2006.7z,/pdet/microdados/RAIS/2006,AP2006.7z,7z,1779298,11-30-18 12:29PM,RAIS_OUTRO,2006,,AP,LIST
/pdet/microdados/RAIS/2006/BA2006.7z,/pdet/microdados/RAIS/2006,BA2006.7z,7z,40450234,11-30-18 12:29PM,RAIS_OUTRO,2006,,BA,LIST
/pdet/microdados/RAIS/2006/CE2006.7z,/pdet/microdados/RAIS/2006,CE2006.7z,7z,22114894,11-30-18 12:29PM,RAIS_OUTRO,2006,,CE,LIST
/pdet/microdados/RAIS/2006/DF2006.7z,/pdet/microdados/RAIS/2006,DF2006.7z,7z,20772853,11-30-18 12:30PM,RAIS_OUTRO,2006,,DF,LIST
/pdet/microdados/RAIS/2006/ES2006.7z,/pdet/microdados/RAIS/2006,ES2006.7z,7z,20290116,11-30-18 12:28PM,RAIS_OUTRO,2006,,ES,LIST
/pdet/microdados/RAIS/2006/Estb2006.zip,/pdet/microdados/RAIS/2006,Estb2006.zip,zip,64753714,04-24-26 04:21PM,RAIS_OUTRO,2006,,,LIST
/pdet/microdados/RAIS/2006/GO2006.7z,/pdet/microdados/RAIS/2006,GO2006.7z,7z,27627911,11-30-18 12:37PM,RAIS_OUTRO,2006,,GO,LIST
/pdet/microdados/RAIS/2006/MA2006.7z,/pdet/microdados/RAIS/2006,MA2006.7z,7z,8856804,11-30-18 12:38PM,RAIS_OUTRO,2006,,MA,LIST
/pdet/microdados/RAIS/2006/MG2006.7z,/pdet/microdados/RAIS/2006,MG2006.7z,7z,108950657,11-30-18 12:38PM,RAIS_OUTRO,2006,,MG,LIST
/pdet/microdados/RAIS/2006/MS2006.7z,/pdet/microdados/RAIS/2006,MS2006.7z,7z,12813321,11-30-18 12:39PM,RAIS_OUTRO,2006,,MS,LIST
/pdet/microdados/RAIS/2006/MT2006.7z,/pdet/microdados/RAIS/2006,MT2006.7z,7z,15600684,04-24-26 03:29PM,RAIS_OUTRO,2006,,MT,LIST
/pdet/microdados/RAIS/2006/PA2006.7z,/pdet/microdados/RAIS/2006,PA2006.7z,7z,17982090,11-30-18 12:18PM,RAIS_OUTRO,2006,,PA,LIST
/pdet/microdados/RAIS/2006/PB2006.7z,/pdet/microdados/RAIS/2006,PB2006.7z,7z,8910562,11-30-18 12:18PM,RAIS_OUTRO,2006,,PB,LIST
/pdet/microdados/RAIS/2006/PE2006.7z,/pdet/microdados/RAIS/2006,PE2006.7z,7z,26824887,04-24-26 03:29PM,RAIS_OUTRO,2006,,PE,LIST
/pdet/microdados/RAIS/2006/PI2006.7z,/pdet/microdados/RAIS/2006,PI2006.7z,7z,5831339,11-30-18 12:19PM,RAIS_OUTRO,2006,,PI,LIST
/pdet/microdados/RAIS/2006/PR2006.7z,/pdet/microdados/RAIS/2006,PR2006.7z,7z,64495181,11-30-18 12:41PM,RAIS_OUTRO,2006,,PR,LIST
/pdet/microdados/RAIS/2006/RJ2006.7z,/pdet/microdados/RAIS/2006,RJ2006.7z,7z,88041970,04-24-26 03:29PM,RAIS_OUTRO,2006,,RJ,LIST
/pdet/microdados/RAIS/2006/RN2006.7z,/pdet/microdados/RAIS/2006,RN2006.7z,7z,10664028,11-30-18 12:39PM,RAIS_OUTRO,2006,,RN,LIST
/pdet/microdados/RAIS/2006/RO2006.7z,/pdet/microdados/RAIS/2006,RO2006.7z,7z,5832599,11-30-18 12:38PM,RAIS_OUTRO,2006,,RO,LIST
/pdet/microdados/RAIS/2006/RR2006.7z,/pdet/microdados/RAIS/2006,RR2006.7z,7z,866528,11-30-18 12:48PM,RAIS_OUTRO,2006,,RR,LIST
/pdet/microdados/RAIS/2006/RS2006.7z,/pdet/microdados/RAIS/2006,RS2006.7z,7z,67253607,11-30-18 03:28PM,RAIS_OUTRO,2006,,RS,LIST
/pdet/microdados/RAIS/2006/SC2006.7z,/pdet/microdados/RAIS/2006,SC2006.7z,7z,48815275,11-30-18 12:52PM,RAIS_OUTRO,2006,,SC,LIST
/pdet/microdados/RAIS/2006/SE2006.7z,/pdet/microdados/RAIS/2006,SE2006.7z,7z,6755997,11-30-18 12:47PM,RAIS_OUTRO,2006,,SE,LIST
/pdet/microdados/RAIS/2006/SP2006.7z,/pdet/microdados/RAIS/2006,SP2006.7z,7z,306991139,04-24-26 03:29PM,RAIS_OUTRO,2006,,SP,LIST
/pdet/microdados/RAIS/2006/TO2006.7z,/pdet/microdados/RAIS/2006,TO2006.7z,7z,4302298,11-30-18 12:47PM,RAIS_OUTRO,2006,,TO,LIST
/pdet/microdados/RAIS/2007/AC2007.7z,/pdet/microdados/RAIS/2007,AC2007.7z,7z,2204741,04-25-16 11:22AM,RAIS_OUTRO,2007,,AC,LIST
/pdet/microdados/RAIS/2007/AL2007.7z,/pdet/microdados/RAIS/2007,AL2007.7z,7z,9676924,04-25-16 11:22AM,RAIS_OUTRO,2007,,AL,LIST
/pdet/microdados/RAIS/2007/AM2007.7z,/pdet/microdados/RAIS/2007,AM2007.7z,7z,12979365,04-25-16 11:22AM,RAIS_OUTRO,2007,,AM,LIST
/pdet/microdados/RAIS/2007/AP2007.7z,/pdet/microdados/RAIS/2007,AP2007.7z,7z,2182008,04-25-16 11:22AM,RAIS_OUTRO,2007,,AP,LIST
/pdet/microdados/RAIS/2007/BA2007.7z,/pdet/microdados/RAIS/2007,BA2007.7z,7z,46897256,04-25-16 11:22AM,RAIS_OUTRO,2007,,BA,LIST
/pdet/microdados/RAIS/2007/CE2007.7z,/pdet/microdados/RAIS/2007,CE2007.7z,7z,25865752,04-25-16 11:22AM,RAIS_OUTRO,2007,,CE,LIST
/pdet/microdados/RAIS/2007/DF2007.7z,/pdet/microdados/RAIS/2007,DF2007.7z,7z,23644650,04-25-16 11:22AM,RAIS_OUTRO,2007,,DF,LIST
/pdet/microdados/RAIS/2007/ES2007.7z,/pdet/microdados/RAIS/2007,ES2007.7z,7z,23967706,04-25-16 11:22AM,RAIS_OUTRO,2007,,ES,LIST
/pdet/microdados/RAIS/2007/ESTB2007.7z,/pdet/microdados/RAIS/2007,ESTB2007.7z,7z,54436768,04-24-26 03:37PM,RAIS_OUTRO,2007,,,LIST
/pdet/microdados/RAIS/2007/GO2007.7z,/pdet/microdados/RAIS/2007,GO2007.7z,7z,32804814,04-25-16 11:22AM,RAIS_OUTRO,2007,,GO,LIST
/pdet/microdados/RAIS/2007/MA2007.7z,/pdet/microdados/RAIS/2007,MA2007.7z,7z,10971597,04-25-16 11:22AM,RAIS_OUTRO,2007,,MA,LIST
/pdet/microdados/RAIS/2007/MG2007.7z,/pdet/microdados/RAIS/2007,MG2007.7z,7z,126560836,04-25-16 11:23AM,RAIS_OUTRO,2007,,MG,LIST
/pdet/microdados/RAIS/2007/MS2007.7z,/pdet/microdados/RAIS/2007,MS2007.7z,7z,15265080,04-25-16 11:23AM,RAIS_OUTRO,2007,,MS,LIST
/pdet/microdados/RAIS/2007/MT2007.7z,/pdet/microdados/RAIS/2007,MT2007.7z,7z,18835156,04-25-16 11:23AM,RAIS_OUTRO,2007,,MT,LIST
/pdet/microdados/RAIS/2007/PA2007.7z,/pdet/microdados/RAIS/2007,PA2007.7z,7z,21244391,04-25-16 11:23AM,RAIS_OUTRO,2007,,PA,LIST
/pdet/microdados/RAIS/2007/PB2007.7z,/pdet/microdados/RAIS/2007,PB2007.7z,7z,10349217,04-25-16 11:23AM,RAIS_OUTRO,2007,,PB,LIST
/pdet/microdados/RAIS/2007/PE2007.7z,/pdet/microdados/RAIS/2007,PE2007.7z,7z,30976895,04-25-16 11:23AM,RAIS_OUTRO,2007,,PE,LIST
/pdet/microdados/RAIS/2007/PI2007.7z,/pdet/microdados/RAIS/2007,PI2007.7z,7z,6598902,04-25-16 11:23AM,RAIS_OUTRO,2007,,PI,LIST
/pdet/microdados/RAIS/2007/PR2007.7z,/pdet/microdados/RAIS/2007,PR2007.7z,7z,76078154,04-25-16 11:23AM,RAIS_OUTRO,2007,,PR,LIST
/pdet/microdados/RAIS/2007/RJ2007.7z,/pdet/microdados/RAIS/2007,RJ2007.7z,7z,102187877,04-24-26 03:38PM,RAIS_OUTRO,2007,,RJ,LIST
/pdet/microdados/RAIS/2007/RN2007.7z,/pdet/microdados/RAIS/2007,RN2007.7z,7z,12210199,04-25-16 11:23AM,RAIS_OUTRO,2007,,RN,LIST
/pdet/microdados/RAIS/2007/RO2007.7z,/pdet/microdados/RAIS/2007,RO2007.7z,7z,6854291,04-25-16 11:23AM,RAIS_OUTRO,2007,,RO,LIST
/pdet/microdados/RAIS/2007/RR2007.7z,/pdet/microdados/RAIS/2007,RR2007.7z,7z,1130216,04-25-16 11:23AM,RAIS_OUTRO,2007,,RR,LIST
/pdet/microdados/RAIS/2007/RS2007.7z,/pdet/microdados/RAIS/2007,RS2007.7z,7z,76910823,04-24-26 03:38PM,RAIS_OUTRO,2007,,RS,LIST
/pdet/microdados/RAIS/2007/SC2007.7z,/pdet/microdados/RAIS/2007,SC2007.7z,7z,56997041,04-25-16 11:24AM,RAIS_OUTRO,2007,,SC,LIST
/pdet/microdados/RAIS/2007/SE2007.7z,/pdet/microdados/RAIS/2007,SE2007.7z,7z,7804619,04-25-16 11:24AM,RAIS_OUTRO,2007,,SE,LIST
/pdet/microdados/RAIS/2007/SP2007.7z,/pdet/microdados/RAIS/2007,SP2007.7z,7z,360311951,04-24-26 03:38PM,RAIS_OUTRO,2007,,SP,LIST
/pdet/microdados/RAIS/2007/TO2007.7z,/pdet/microdados/RAIS/2007,TO2007.7z,7z,5178422,04-25-16 11:25AM,RAIS_OUTRO,2007,,TO,LIST
/pdet/microdados/RAIS/2008/AC2008.7z,/pdet/microdados/RAIS/2008,AC2008.7z,7z,2490059,04-25-16 11:25AM,RAIS_OUTRO,2008,,AC,LIST
/pdet/microdados/RAIS/2008/AL2008.7z,/pdet/microdados/RAIS/2008,AL2008.7z,7z,10252361,04-25-16 11:25AM,RAIS_OUTRO,2008,,AL,LIST
/pdet/microdados/RAIS/2008/AM2008.7z,/pdet/microdados/RAIS/2008,AM2008.7z,7z,14499685,04-25-16 11:25AM,RAIS_OUTRO,2008,,AM,LIST
/pdet/microdados/RAIS/2008/AP2008.7z,/pdet/microdados/RAIS/2008,AP2008.7z,7z,2455665,04-25-16 11:25AM,RAIS_OUTRO,2008,,AP,LIST
/pdet/microdados/RAIS/2008/BA2008.7z,/pdet/microdados/RAIS/2008,BA2008.7z,7z,50984374,04-25-16 11:25AM,RAIS_OUTRO,2008,,BA,LIST
/pdet/microdados/RAIS/2008/CE2008.7z,/pdet/microdados/RAIS/2008,CE2008.7z,7z,28639595,04-24-26 03:40PM,RAIS_OUTRO,2008,,CE,LIST
/pdet/microdados/RAIS/2008/DF2008.7z,/pdet/microdados/RAIS/2008,DF2008.7z,7z,25637275,04-24-26 03:40PM,RAIS_OUTRO,2008,,DF,LIST
/pdet/microdados/RAIS/2008/ES2008.7z,/pdet/microdados/RAIS/2008,ES2008.7z,7z,26107642,04-25-16 11:25AM,RAIS_OUTRO,2008,,ES,LIST
/pdet/microdados/RAIS/2008/Estb2008.7z,/pdet/microdados/RAIS/2008,Estb2008.7z,7z,56694875,04-25-16 11:25AM,RAIS_OUTRO,2008,,,LIST
/pdet/microdados/RAIS/2008/GO2008.7z,/pdet/microdados/RAIS/2008,GO2008.7z,7z,36768174,04-25-16 11:25AM,RAIS_OUTRO,2008,,GO,LIST
/pdet/microdados/RAIS/2008/MA2008.7z,/pdet/microdados/RAIS/2008,MA2008.7z,7z,12696312,04-25-16 11:25AM,RAIS_OUTRO,2008,,MA,LIST
/pdet/microdados/RAIS/2008/MG2008.7z,/pdet/microdados/RAIS/2008,MG2008.7z,7z,138664173,04-25-16 11:26AM,RAIS_OUTRO,2008,,MG,LIST
/pdet/microdados/RAIS/2008/MS2008.7z,/pdet/microdados/RAIS/2008,MS2008.7z,7z,16966141,04-25-16 11:26AM,RAIS_OUTRO,2008,,MS,LIST
/pdet/microdados/RAIS/2008/MT2008.7z,/pdet/microdados/RAIS/2008,MT2008.7z,7z,21328479,04-25-16 11:26AM,RAIS_OUTRO,2008,,MT,LIST
/pdet/microdados/RAIS/2008/PA2008.7z,/pdet/microdados/RAIS/2008,PA2008.7z,7z,23510257,04-25-16 11:26AM,RAIS_OUTRO,2008,,PA,LIST
/pdet/microdados/RAIS/2008/PB2008.7z,/pdet/microdados/RAIS/2008,PB2008.7z,7z,11556282,04-25-16 11:26AM,RAIS_OUTRO,2008,,PB,LIST
/pdet/microdados/RAIS/2008/PE2008.7z,/pdet/microdados/RAIS/2008,PE2008.7z,7z,33788254,04-25-16 11:26AM,RAIS_OUTRO,2008,,PE,LIST
/pdet/microdados/RAIS/2008/PI2008.7z,/pdet/microdados/RAIS/2008,PI2008.7z,7z,7533526,04-25-16 11:26AM,RAIS_OUTRO,2008,,PI,LIST
/pdet/microdados/RAIS/2008/PR2008.7z,/pdet/microdados/RAIS/2008,PR2008.7z,7z,83553396,04-25-16 11:26AM,RAIS_OUTRO,2008,,PR,LIST
/pdet/microdados/RAIS/2008/RJ2008.7z,/pdet/microdados/RAIS/2008,RJ2008.7z,7z,109520750,04-24-26 03:40PM,RAIS_OUTRO,2008,,RJ,LIST
/pdet/microdados/RAIS/2008/RN2008.7z,/pdet/microdados/RAIS/2008,RN2008.7z,7z,13294920,04-25-16 11:27AM,RAIS_OUTRO,2008,,RN,LIST
/pdet/microdados/RAIS/2008/RO2008.7z,/pdet/microdados/RAIS/2008,RO2008.7z,7z,7791813,04-25-16 11:27AM,RAIS_OUTRO,2008,,RO,LIST
/pdet/microdados/RAIS/2008/RR2008.7z,/pdet/microdados/RAIS/2008,RR2008.7z,7z,1362837,04-25-16 11:27AM,RAIS_OUTRO,2008,,RR,LIST
/pdet/microdados/RAIS/2008/RS2008.7z,/pdet/microdados/RAIS/2008,RS2008.7z,7z,83746367,04-24-26 03:40PM,RAIS_OUTRO,2008,,RS,LIST
/pdet/microdados/RAIS/2008/SC2008.7z,/pdet/microdados/RAIS/2008,SC2008.7z,7z,61908265,04-25-16 11:27AM,RAIS_OUTRO,2008,,SC,LIST
/pdet/microdados/RAIS/2008/SE2008.7z,/pdet/microdados/RAIS/2008,SE2008.7z,7z,8842967,04-25-16 11:27AM,RAIS_OUTRO,2008,,SE,LIST
/pdet/microdados/RAIS/2008/SP2008.7z,/pdet/microdados/RAIS/2008,SP2008.7z,7z,399587785,04-07-26 09:18AM,RAIS_OUTRO,2008,,SP,LIST
/pdet/microdados/RAIS/2008/TO2008.7z,/pdet/microdados/RAIS/2008,TO2008.7z,7z,5721803,04-25-16 11:28AM,RAIS_OUTRO,2008,,TO,LIST
/pdet/microdados/RAIS/2009/AC2009.7z,/pdet/microdados/RAIS/2009,AC2009.7z,7z,2728433,04-25-16 11:28AM,RAIS_OUTRO,2009,,AC,LIST
/pdet/microdados/RAIS/2009/AL2009.7z,/pdet/microdados/RAIS/2009,AL2009.7z,7z,10878421,04-25-16 11:28AM,RAIS_OUTRO,2009,,AL,LIST
/pdet/microdados/RAIS/2009/AM2009.7z,/pdet/microdados/RAIS/2009,AM2009.7z,7z,14092300,04-25-16 11:28AM,RAIS_OUTRO,2009,,AM,LIST
/pdet/microdados/RAIS/2009/AP2009.7z,/pdet/microdados/RAIS/2009,AP2009.7z,7z,2559049,04-25-16 11:28AM,RAIS_OUTRO,2009,,AP,LIST
/pdet/microdados/RAIS/2009/BA2009.7z,/pdet/microdados/RAIS/2009,BA2009.7z,7z,53537895,04-24-26 03:42PM,RAIS_OUTRO,2009,,BA,LIST
/pdet/microdados/RAIS/2009/CE2009.7z,/pdet/microdados/RAIS/2009,CE2009.7z,7z,31106927,04-25-16 11:28AM,RAIS_OUTRO,2009,,CE,LIST
/pdet/microdados/RAIS/2009/DF2009.7z,/pdet/microdados/RAIS/2009,DF2009.7z,7z,27467230,04-25-16 11:28AM,RAIS_OUTRO,2009,,DF,LIST
/pdet/microdados/RAIS/2009/ES2009.7z,/pdet/microdados/RAIS/2009,ES2009.7z,7z,26365417,04-25-16 11:28AM,RAIS_OUTRO,2009,,ES,LIST
/pdet/microdados/RAIS/2009/ESTB2009.7z,/pdet/microdados/RAIS/2009,ESTB2009.7z,7z,59027633,04-25-16 11:29AM,RAIS_OUTRO,2009,,,LIST
/pdet/microdados/RAIS/2009/GO2009.7z,/pdet/microdados/RAIS/2009,GO2009.7z,7z,38425158,04-25-16 11:29AM,RAIS_OUTRO,2009,,GO,LIST
/pdet/microdados/RAIS/2009/MA2009.7z,/pdet/microdados/RAIS/2009,MA2009.7z,7z,13362207,04-25-16 11:29AM,RAIS_OUTRO,2009,,MA,LIST
/pdet/microdados/RAIS/2009/MG2009.7z,/pdet/microdados/RAIS/2009,MG2009.7z,7z,140035472,04-24-26 03:42PM,RAIS_OUTRO,2009,,MG,LIST
/pdet/microdados/RAIS/2009/MS2009.7z,/pdet/microdados/RAIS/2009,MS2009.7z,7z,17013113,04-25-16 11:29AM,RAIS_OUTRO,2009,,MS,LIST
/pdet/microdados/RAIS/2009/MT2009.7z,/pdet/microdados/RAIS/2009,MT2009.7z,7z,22317315,04-25-16 11:29AM,RAIS_OUTRO,2009,,MT,LIST
/pdet/microdados/RAIS/2009/PA2009.7z,/pdet/microdados/RAIS/2009,PA2009.7z,7z,23391917,04-25-16 11:29AM,RAIS_OUTRO,2009,,PA,LIST
/pdet/microdados/RAIS/2009/PB2009.7z,/pdet/microdados/RAIS/2009,PB2009.7z,7z,12076819,04-25-16 11:29AM,RAIS_OUTRO,2009,,PB,LIST
/pdet/microdados/RAIS/2009/PE2009.7z,/pdet/microdados/RAIS/2009,PE2009.7z,7z,35959373,04-25-16 11:29AM,RAIS_OUTRO,2009,,PE,LIST
/pdet/microdados/RAIS/2009/PI2009.7z,/pdet/microdados/RAIS/2009,PI2009.7z,7z,8080393,04-25-16 11:29AM,RAIS_OUTRO,2009,,PI,LIST
/pdet/microdados/RAIS/2009/PR2009.7z,/pdet/microdados/RAIS/2009,PR2009.7z,7z,86040957,04-24-26 03:42PM,RAIS_OUTRO,2009,,PR,LIST
/pdet/microdados/RAIS/2009/RJ2009.7z,/pdet/microdados/RAIS/2009,RJ2009.7z,7z,113650606,04-25-16 11:30AM,RAIS_OUTRO,2009,,RJ,LIST
/pdet/microdados/RAIS/2009/RN2009.7z,/pdet/microdados/RAIS/2009,RN2009.7z,7z,13563328,04-25-16 11:30AM,RAIS_OUTRO,2009,,RN,LIST
/pdet/microdados/RAIS/2009/RO2009.7z,/pdet/microdados/RAIS/2009,RO2009.7z,7z,8884021,04-25-16 11:30AM,RAIS_OUTRO,2009,,RO,LIST
/pdet/microdados/RAIS/2009/RR2009.7z,/pdet/microdados/RAIS/2009,RR2009.7z,7z,1727687,04-25-16 11:30AM,RAIS_OUTRO,2009,,RR,LIST
/pdet/microdados/RAIS/2009/RS2009.7z,/pdet/microdados/RAIS/2009,RS2009.7z,7z,84605213,04-25-16 11:30AM,RAIS_OUTRO,2009,,RS,LIST
/pdet/microdados/RAIS/2009/SC2009.7z,/pdet/microdados/RAIS/2009,SC2009.7z,7z,63637666,04-25-16 11:30AM,RAIS_OUTRO,2009,,SC,LIST
/pdet/microdados/RAIS/2009/SE2009.7z,/pdet/microdados/RAIS/2009,SE2009.7z,7z,8792417,04-25-16 11:30AM,RAIS_OUTRO,2009,,SE,LIST
/pdet/microdados/RAIS/2009/SP2009.7z,/pdet/microdados/RAIS/2009,SP2009.7z,7z,401407366,04-07-26 09:18AM,RAIS_OUTRO,2009,,SP,LIST
/pdet/microdados/RAIS/2009/TO2009.7z,/pdet/microdados/RAIS/2009,TO2009.7z,7z,5908394,04-25-16 11:31AM,RAIS_OUTRO,2009,,TO,LIST
/pdet/microdados/RAIS/2010/AC2010.7z,/pdet/microdados/RAIS/2010,AC2010.7z,7z,3052660,04-25-16 11:31AM,RAIS_OUTRO,2010,,AC,LIST
/pdet/microdados/RAIS/2010/AL2010.7z,/pdet/microdados/RAIS/2010,AL2010.7z,7z,11692742,04-25-16 11:31AM,RAIS_OUTRO,2010,,AL,LIST
/pdet/microdados/RAIS/2010/AM2010.7z,/pdet/microdados/RAIS/2010,AM2010.7z,7z,15757419,04-25-16 11:31AM,RAIS_OUTRO,2010,,AM,LIST
/pdet/microdados/RAIS/2010/AP2010.7z,/pdet/microdados/RAIS/2010,AP2010.7z,7z,2718943,04-25-16 11:31AM,RAIS_OUTRO,2010,,AP,LIST
/pdet/microdados/RAIS/2010/BA2010.7z,/pdet/microdados/RAIS/2010,BA2010.7z,7z,59740467,04-24-26 03:44PM,RAIS_OUTRO,2010,,BA,LIST
/pdet/microdados/RAIS/2010/CE2010.7z,/pdet/microdados/RAIS/2010,CE2010.7z,7z,35063376,04-25-16 11:32AM,RAIS_OUTRO,2010,,CE,LIST
/pdet/microdados/RAIS/2010/DF2010.7z,/pdet/microdados/RAIS/2010,DF2010.7z,7z,29658966,04-25-16 11:32AM,RAIS_OUTRO,2010,,DF,LIST
/pdet/microdados/RAIS/2010/ES2010.7z,/pdet/microdados/RAIS/2010,ES2010.7z,7z,28388565,04-25-16 11:32AM,RAIS_OUTRO,2010,,ES,LIST
/pdet/microdados/RAIS/2010/ESTB2010.7z,/pdet/microdados/RAIS/2010,ESTB2010.7z,7z,60979622,04-25-16 11:32AM,RAIS_OUTRO,2010,,,LIST
/pdet/microdados/RAIS/2010/GO2010.7z,/pdet/microdados/RAIS/2010,GO2010.7z,7z,42636329,03-12-26 10:11AM,RAIS_OUTRO,2010,,GO,LIST
/pdet/microdados/RAIS/2010/MA2010.7z,/pdet/microdados/RAIS/2010,MA2010.7z,7z,15243791,04-25-16 11:32AM,RAIS_OUTRO,2010,,MA,LIST
/pdet/microdados/RAIS/2010/MG2010.7z,/pdet/microdados/RAIS/2010,MG2010.7z,7z,153666115,03-12-26 10:11AM,RAIS_OUTRO,2010,,MG,LIST
/pdet/microdados/RAIS/2010/MS2010.7z,/pdet/microdados/RAIS/2010,MS2010.7z,7z,18435844,04-25-16 11:33AM,RAIS_OUTRO,2010,,MS,LIST
/pdet/microdados/RAIS/2010/MT2010.7z,/pdet/microdados/RAIS/2010,MT2010.7z,7z,23552515,03-12-26 10:11AM,RAIS_OUTRO,2010,,MT,LIST
/pdet/microdados/RAIS/2010/PA2010.7z,/pdet/microdados/RAIS/2010,PA2010.7z,7z,25871878,04-25-16 11:33AM,RAIS_OUTRO,2010,,PA,LIST
/pdet/microdados/RAIS/2010/PB2010.7z,/pdet/microdados/RAIS/2010,PB2010.7z,7z,13126767,04-25-16 11:33AM,RAIS_OUTRO,2010,,PB,LIST
/pdet/microdados/RAIS/2010/PE2010.7z,/pdet/microdados/RAIS/2010,PE2010.7z,7z,40722463,04-25-16 11:33AM,RAIS_OUTRO,2010,,PE,LIST
/pdet/microdados/RAIS/2010/PI2010.7z,/pdet/microdados/RAIS/2010,PI2010.7z,7z,9187774,04-25-16 11:33AM,RAIS_OUTRO,2010,,PI,LIST
/pdet/microdados/RAIS/2010/PR2010.7z,/pdet/microdados/RAIS/2010,PR2010.7z,7z,94301032,04-25-16 11:33AM,RAIS_OUTRO,2010,,PR,LIST
/pdet/microdados/RAIS/2010/RJ2010.7z,/pdet/microdados/RAIS/2010,RJ2010.7z,7z,126487213,04-25-16 11:33AM,RAIS_OUTRO,2010,,RJ,LIST
/pdet/microdados/RAIS/2010/RN2010.7z,/pdet/microdados/RAIS/2010,RN2010.7z,7z,14787020,04-25-16 11:33AM,RAIS_OUTRO,2010,,RN,LIST
/pdet/microdados/RAIS/2010/RO2010.7z,/pdet/microdados/RAIS/2010,RO2010.7z,7z,10367752,04-25-16 11:33AM,RAIS_OUTRO,2010,,RO,LIST
/pdet/microdados/RAIS/2010/RR2010.7z,/pdet/microdados/RAIS/2010,RR2010.7z,7z,1928445,04-25-16 11:33AM,RAIS_OUTRO,2010,,RR,LIST
/pdet/microdados/RAIS/2010/RS2010.7z,/pdet/microdados/RAIS/2010,RS2010.7z,7z,94107866,11-12-25 03:52PM,RAIS_OUTRO,2010,,RS,LIST
/pdet/microdados/RAIS/2010/SC2010.7z,/pdet/microdados/RAIS/2010,SC2010.7z,7z,69128218,11-12-25 03:53PM,RAIS_OUTRO,2010,,SC,LIST
/pdet/microdados/RAIS/2010/SE2010.7z,/pdet/microdados/RAIS/2010,SE2010.7z,7z,9730533,04-25-16 11:34AM,RAIS_OUTRO,2010,,SE,LIST
/pdet/microdados/RAIS/2010/SP2010.7z,/pdet/microdados/RAIS/2010,SP2010.7z,7z,447416572,11-12-25 03:53PM,RAIS_OUTRO,2010,,SP,LIST
/pdet/microdados/RAIS/2010/TO2010.7z,/pdet/microdados/RAIS/2010,TO2010.7z,7z,6475157,04-25-16 11:35AM,RAIS_OUTRO,2010,,TO,LIST
/pdet/microdados/RAIS/2011/AC2011.7z,/pdet/microdados/RAIS/2011,AC2011.7z,7z,3307435,04-25-16 11:35AM,RAIS_OUTRO,2011,,AC,LIST
/pdet/microdados/RAIS/2011/AL2011.7z,/pdet/microdados/RAIS/2011,AL2011.7z,7z,12882049,03-12-26 10:18AM,RAIS_OUTRO,2011,,AL,LIST
/pdet/microdados/RAIS/2011/AM2011.7z,/pdet/microdados/RAIS/2011,AM2011.7z,7z,17371321,03-12-26 10:18AM,RAIS_OUTRO,2011,,AM,LIST
/pdet/microdados/RAIS/2011/AP2011.7z,/pdet/microdados/RAIS/2011,AP2011.7z,7z,3040715,04-25-16 11:35AM,RAIS_OUTRO,2011,,AP,LIST
/pdet/microdados/RAIS/2011/BA2011.7z,/pdet/microdados/RAIS/2011,BA2011.7z,7z,64878136,03-12-26 10:18AM,RAIS_OUTRO,2011,,BA,LIST
/pdet/microdados/RAIS/2011/CE2011.7z,/pdet/microdados/RAIS/2011,CE2011.7z,7z,38685190,04-25-16 11:35AM,RAIS_OUTRO,2011,,CE,LIST
/pdet/microdados/RAIS/2011/DF2011.7z,/pdet/microdados/RAIS/2011,DF2011.7z,7z,31837799,04-25-16 11:35AM,RAIS_OUTRO,2011,,DF,LIST
/pdet/microdados/RAIS/2011/ES2011.7z,/pdet/microdados/RAIS/2011,ES2011.7z,7z,30120607,04-25-16 11:35AM,RAIS_OUTRO,2011,,ES,LIST
/pdet/microdados/RAIS/2011/ESTB2011.7z,/pdet/microdados/RAIS/2011,ESTB2011.7z,7z,63523660,03-12-26 10:18AM,RAIS_OUTRO,2011,,,LIST
/pdet/microdados/RAIS/2011/GO2011.7z,/pdet/microdados/RAIS/2011,GO2011.7z,7z,47044133,04-25-16 11:36AM,RAIS_OUTRO,2011,,GO,LIST
/pdet/microdados/RAIS/2011/MA2011.7z,/pdet/microdados/RAIS/2011,MA2011.7z,7z,16922209,04-25-16 11:36AM,RAIS_OUTRO,2011,,MA,LIST
/pdet/microdados/RAIS/2011/MG2011.7z,/pdet/microdados/RAIS/2011,MG2011.7z,7z,164200320,03-12-26 10:18AM,RAIS_OUTRO,2011,,MG,LIST
/pdet/microdados/RAIS/2011/MS2011.7z,/pdet/microdados/RAIS/2011,MS2011.7z,7z,19989780,04-25-16 11:36AM,RAIS_OUTRO,2011,,MS,LIST
/pdet/microdados/RAIS/2011/MT2011.7z,/pdet/microdados/RAIS/2011,MT2011.7z,7z,26240783,04-25-16 11:36AM,RAIS_OUTRO,2011,,MT,LIST
/pdet/microdados/RAIS/2011/PA2011.7z,/pdet/microdados/RAIS/2011,PA2011.7z,7z,28799271,04-25-16 11:36AM,RAIS_OUTRO,2011,,PA,LIST
/pdet/microdados/RAIS/2011/PB2011.7z,/pdet/microdados/RAIS/2011,PB2011.7z,7z,14518932,04-25-16 11:36AM,RAIS_OUTRO,2011,,PB,LIST
/pdet/microdados/RAIS/2011/PE2011.7z,/pdet/microdados/RAIS/2011,PE2011.7z,7z,45470941,04-25-16 11:37AM,RAIS_OUTRO,2011,,PE,LIST
/pdet/microdados/RAIS/2011/PI2011.7z,/pdet/microdados/RAIS/2011,PI2011.7z,7z,9839244,04-25-16 11:37AM,RAIS_OUTRO,2011,,PI,LIST
/pdet/microdados/RAIS/2011/PR2011.7z,/pdet/microdados/RAIS/2011,PR2011.7z,7z,100585520,04-25-16 11:37AM,RAIS_OUTRO,2011,,PR,LIST
/pdet/microdados/RAIS/2011/RJ2011.7z,/pdet/microdados/RAIS/2011,RJ2011.7z,7z,134850942,01-22-26 03:36PM,RAIS_OUTRO,2011,,RJ,LIST
/pdet/microdados/RAIS/2011/RN2011.7z,/pdet/microdados/RAIS/2011,RN2011.7z,7z,15891727,03-12-26 10:18AM,RAIS_OUTRO,2011,,RN,LIST
/pdet/microdados/RAIS/2011/RO2011.7z,/pdet/microdados/RAIS/2011,RO2011.7z,7z,11261455,04-25-16 11:37AM,RAIS_OUTRO,2011,,RO,LIST
/pdet/microdados/RAIS/2011/RR2011.7z,/pdet/microdados/RAIS/2011,RR2011.7z,7z,2260485,04-25-16 11:37AM,RAIS_OUTRO,2011,,RR,LIST
/pdet/microdados/RAIS/2011/RS2011.7z,/pdet/microdados/RAIS/2011,RS2011.7z,7z,100673893,04-25-16 11:38AM,RAIS_OUTRO,2011,,RS,LIST
/pdet/microdados/RAIS/2011/SC2011.7z,/pdet/microdados/RAIS/2011,SC2011.7z,7z,73780184,03-12-26 10:18AM,RAIS_OUTRO,2011,,SC,LIST
/pdet/microdados/RAIS/2011/SE2011.7z,/pdet/microdados/RAIS/2011,SE2011.7z,7z,10415049,04-25-16 11:38AM,RAIS_OUTRO,2011,,SE,LIST
/pdet/microdados/RAIS/2011/SP2011.7z,/pdet/microdados/RAIS/2011,SP2011.7z,7z,476570938,04-25-16 11:39AM,RAIS_OUTRO,2011,,SP,LIST
/pdet/microdados/RAIS/2011/TO2011.7z,/pdet/microdados/RAIS/2011,TO2011.7z,7z,6999806,03-12-26 10:18AM,RAIS_OUTRO,2011,,TO,LIST
/pdet/microdados/RAIS/2012/AC2012.7z,/pdet/microdados/RAIS/2012,AC2012.7z,7z,3479865,04-25-16 11:39AM,RAIS_OUTRO,2012,,AC,LIST
/pdet/microdados/RAIS/2012/AL2012.7z,/pdet/microdados/RAIS/2012,AL2012.7z,7z,13430567,04-25-16 11:39AM,RAIS_OUTRO,2012,,AL,LIST
/pdet/microdados/RAIS/2012/AM2012.7z,/pdet/microdados/RAIS/2012,AM2012.7z,7z,18074250,04-25-16 11:39AM,RAIS_OUTRO,2012,,AM,LIST
/pdet/microdados/RAIS/2012/AP2012.7z,/pdet/microdados/RAIS/2012,AP2012.7z,7z,3236188,04-25-16 11:39AM,RAIS_OUTRO,2012,,AP,LIST
/pdet/microdados/RAIS/2012/BA2012.7z,/pdet/microdados/RAIS/2012,BA2012.7z,7z,66731472,04-25-16 11:39AM,RAIS_OUTRO,2012,,BA,LIST
/pdet/microdados/RAIS/2012/CE2012.7z,/pdet/microdados/RAIS/2012,CE2012.7z,7z,40439217,04-25-16 11:39AM,RAIS_OUTRO,2012,,CE,LIST
/pdet/microdados/RAIS/2012/DF2012.7z,/pdet/microdados/RAIS/2012,DF2012.7z,7z,32878509,04-25-16 11:39AM,RAIS_OUTRO,2012,,DF,LIST
/pdet/microdados/RAIS/2012/ES2012.7z,/pdet/microdados/RAIS/2012,ES2012.7z,7z,31694485,04-25-16 11:40AM,RAIS_OUTRO,2012,,ES,LIST
/pdet/microdados/RAIS/2012/Estb2012.7z,/pdet/microdados/RAIS/2012,Estb2012.7z,7z,63593790,04-25-16 11:40AM,RAIS_OUTRO,2012,,,LIST
/pdet/microdados/RAIS/2012/GO2012.7z,/pdet/microdados/RAIS/2012,GO2012.7z,7z,49659690,04-17-26 03:02PM,RAIS_OUTRO,2012,,GO,LIST
/pdet/microdados/RAIS/2012/MA2012.7z,/pdet/microdados/RAIS/2012,MA2012.7z,7z,18063755,04-25-16 11:40AM,RAIS_OUTRO,2012,,MA,LIST
/pdet/microdados/RAIS/2012/MG2012.7z,/pdet/microdados/RAIS/2012,MG2012.7z,7z,170716095,04-25-16 11:40AM,RAIS_OUTRO,2012,,MG,LIST
/pdet/microdados/RAIS/2012/MS2012.7z,/pdet/microdados/RAIS/2012,MS2012.7z,7z,21382133,04-25-16 11:40AM,RAIS_OUTRO,2012,,MS,LIST
/pdet/microdados/RAIS/2012/MT2012.7z,/pdet/microdados/RAIS/2012,MT2012.7z,7z,28381351,04-25-16 11:40AM,RAIS_OUTRO,2012,,MT,LIST
/pdet/microdados/RAIS/2012/PA2012.7z,/pdet/microdados/RAIS/2012,PA2012.7z,7z,30712674,04-25-16 11:40AM,RAIS_OUTRO,2012,,PA,LIST
/pdet/microdados/RAIS/2012/PB2012.7z,/pdet/microdados/RAIS/2012,PB2012.7z,7z,15270556,04-25-16 11:41AM,RAIS_OUTRO,2012,,PB,LIST
/pdet/microdados/RAIS/2012/PE2012.7z,/pdet/microdados/RAIS/2012,PE2012.7z,7z,48651610,04-25-16 11:41AM,RAIS_OUTRO,2012,,PE,LIST
/pdet/microdados/RAIS/2012/PI2012.7z,/pdet/microdados/RAIS/2012,PI2012.7z,7z,10409852,04-25-16 11:41AM,RAIS_OUTRO,2012,,PI,LIST
/pdet/microdados/RAIS/2012/PR2012.7z,/pdet/microdados/RAIS/2012,PR2012.7z,7z,106174090,03-12-26 10:22AM,RAIS_OUTRO,2012,,PR,LIST
/pdet/microdados/RAIS/2012/RJ2012.7z,/pdet/microdados/RAIS/2012,RJ2012.7z,7z,141497543,04-25-16 11:41AM,RAIS_OUTRO,2012,,RJ,LIST
/pdet/microdados/RAIS/2012/RN2012.7z,/pdet/microdados/RAIS/2012,RN2012.7z,7z,16552002,04-25-16 11:41AM,RAIS_OUTRO,2012,,RN,LIST
/pdet/microdados/RAIS/2012/RO2012.7z,/pdet/microdados/RAIS/2012,RO2012.7z,7z,11633584,04-25-16 11:41AM,RAIS_OUTRO,2012,,RO,LIST
/pdet/microdados/RAIS/2012/RR2012.7z,/pdet/microdados/RAIS/2012,RR2012.7z,7z,2336815,04-25-16 11:41AM,RAIS_OUTRO,2012,,RR,LIST
/pdet/microdados/RAIS/2012/RS2012.7z,/pdet/microdados/RAIS/2012,RS2012.7z,7z,105092714,03-12-26 10:23AM,RAIS_OUTRO,2012,,RS,LIST
/pdet/microdados/RAIS/2012/SC2012.7z,/pdet/microdados/RAIS/2012,SC2012.7z,7z,77317937,03-12-26 10:23AM,RAIS_OUTRO,2012,,SC,LIST
/pdet/microdados/RAIS/2012/SE2012.7z,/pdet/microdados/RAIS/2012,SE2012.7z,7z,10883243,04-25-16 11:42AM,RAIS_OUTRO,2012,,SE,LIST
/pdet/microdados/RAIS/2012/SP2012.7z,/pdet/microdados/RAIS/2012,SP2012.7z,7z,491734448,03-12-26 10:23AM,RAIS_OUTRO,2012,,SP,LIST
/pdet/microdados/RAIS/2012/TO2012.7z,/pdet/microdados/RAIS/2012,TO2012.7z,7z,7309882,04-25-16 11:43AM,RAIS_OUTRO,2012,,TO,LIST
/pdet/microdados/RAIS/2013/AC2013.7z,/pdet/microdados/RAIS/2013,AC2013.7z,7z,3495848,04-25-16 10:51AM,RAIS_OUTRO,2013,,AC,LIST
/pdet/microdados/RAIS/2013/AL2013.7z,/pdet/microdados/RAIS/2013,AL2013.7z,7z,13505763,04-25-16 10:51AM,RAIS_OUTRO,2013,,AL,LIST
/pdet/microdados/RAIS/2013/AM2013.7z,/pdet/microdados/RAIS/2013,AM2013.7z,7z,18691551,04-24-26 03:45PM,RAIS_OUTRO,2013,,AM,LIST
/pdet/microdados/RAIS/2013/AP2013.7z,/pdet/microdados/RAIS/2013,AP2013.7z,7z,3450936,04-25-16 10:51AM,RAIS_OUTRO,2013,,AP,LIST
/pdet/microdados/RAIS/2013/BA2013.7z,/pdet/microdados/RAIS/2013,BA2013.7z,7z,66750629,04-24-26 03:45PM,RAIS_OUTRO,2013,,BA,LIST
/pdet/microdados/RAIS/2013/CE2013.7z,/pdet/microdados/RAIS/2013,CE2013.7z,7z,42143963,04-25-16 10:52AM,RAIS_OUTRO,2013,,CE,LIST
/pdet/microdados/RAIS/2013/DF2013.7z,/pdet/microdados/RAIS/2013,DF2013.7z,7z,35224015,04-25-16 10:52AM,RAIS_OUTRO,2013,,DF,LIST
/pdet/microdados/RAIS/2013/ES2013.7z,/pdet/microdados/RAIS/2013,ES2013.7z,7z,32452131,04-25-16 10:52AM,RAIS_OUTRO,2013,,ES,LIST
/pdet/microdados/RAIS/2013/ESTB2013.7z,/pdet/microdados/RAIS/2013,ESTB2013.7z,7z,62748430,04-25-16 10:53AM,RAIS_OUTRO,2013,,,LIST
/pdet/microdados/RAIS/2013/GO2013.7z,/pdet/microdados/RAIS/2013,GO2013.7z,7z,51257709,03-12-26 10:28AM,RAIS_OUTRO,2013,,GO,LIST
/pdet/microdados/RAIS/2013/MA2013.7z,/pdet/microdados/RAIS/2013,MA2013.7z,7z,18641995,03-12-26 10:27AM,RAIS_OUTRO,2013,,MA,LIST
/pdet/microdados/RAIS/2013/MG2013.7z,/pdet/microdados/RAIS/2013,MG2013.7z,7z,171131130,03-12-26 10:28AM,RAIS_OUTRO,2013,,MG,LIST
/pdet/microdados/RAIS/2013/MS2013.7z,/pdet/microdados/RAIS/2013,MS2013.7z,7z,22272531,04-25-16 10:54AM,RAIS_OUTRO,2013,,MS,LIST
/pdet/microdados/RAIS/2013/MT2013.7z,/pdet/microdados/RAIS/2013,MT2013.7z,7z,29781319,04-25-16 10:54AM,RAIS_OUTRO,2013,,MT,LIST
/pdet/microdados/RAIS/2013/PA2013.7z,/pdet/microdados/RAIS/2013,PA2013.7z,7z,32506759,03-12-26 10:28AM,RAIS_OUTRO,2013,,PA,LIST
/pdet/microdados/RAIS/2013/PB2013.7z,/pdet/microdados/RAIS/2013,PB2013.7z,7z,16000160,04-25-16 10:55AM,RAIS_OUTRO,2013,,PB,LIST
/pdet/microdados/RAIS/2013/PE2013.7z,/pdet/microdados/RAIS/2013,PE2013.7z,7z,49719163,04-25-16 10:55AM,RAIS_OUTRO,2013,,PE,LIST
/pdet/microdados/RAIS/2013/PI2013.7z,/pdet/microdados/RAIS/2013,PI2013.7z,7z,11030438,04-25-16 10:55AM,RAIS_OUTRO,2013,,PI,LIST
/pdet/microdados/RAIS/2013/PR2013.7z,/pdet/microdados/RAIS/2013,PR2013.7z,7z,107734060,04-25-16 10:56AM,RAIS_OUTRO,2013,,PR,LIST
/pdet/microdados/RAIS/2013/RJ2013.7z,/pdet/microdados/RAIS/2013,RJ2013.7z,7z,145387059,03-12-26 10:28AM,RAIS_OUTRO,2013,,RJ,LIST
/pdet/microdados/RAIS/2013/RN2013.7z,/pdet/microdados/RAIS/2013,RN2013.7z,7z,16925252,04-25-16 10:57AM,RAIS_OUTRO,2013,,RN,LIST
/pdet/microdados/RAIS/2013/RO2013.7z,/pdet/microdados/RAIS/2013,RO2013.7z,7z,11553420,04-25-16 10:57AM,RAIS_OUTRO,2013,,RO,LIST
/pdet/microdados/RAIS/2013/RR2013.7z,/pdet/microdados/RAIS/2013,RR2013.7z,7z,2449495,04-25-16 10:57AM,RAIS_OUTRO,2013,,RR,LIST
/pdet/microdados/RAIS/2013/RS2013.7z,/pdet/microdados/RAIS/2013,RS2013.7z,7z,106583571,03-12-26 10:28AM,RAIS_OUTRO,2013,,RS,LIST
/pdet/microdados/RAIS/2013/SC2013.7z,/pdet/microdados/RAIS/2013,SC2013.7z,7z,79444287,03-12-26 10:28AM,RAIS_OUTRO,2013,,SC,LIST
/pdet/microdados/RAIS/2013/SE2013.7z,/pdet/microdados/RAIS/2013,SE2013.7z,7z,11050017,04-25-16 10:58AM,RAIS_OUTRO,2013,,SE,LIST
/pdet/microdados/RAIS/2013/SP2013.7z,/pdet/microdados/RAIS/2013,SP2013.7z,7z,492782794,03-12-26 10:28AM,RAIS_OUTRO,2013,,SP,LIST
/pdet/microdados/RAIS/2013/TO2013.7z,/pdet/microdados/RAIS/2013,TO2013.7z,7z,7586713,03-12-26 10:28AM,RAIS_OUTRO,2013,,TO,LIST
/pdet/microdados/RAIS/2014/AC2014.7z,/pdet/microdados/RAIS/2014,AC2014.7z,7z,3625219,04-25-16 10:49AM,RAIS_OUTRO,2014,,AC,LIST
/pdet/microdados/RAIS/2014/AL2014.7z,/pdet/microdados/RAIS/2014,AL2014.7z,7z,13420880,04-25-16 10:49AM,RAIS_OUTRO,2014,,AL,LIST
/pdet/microdados/RAIS/2014/AM2014.7z,/pdet/microdados/RAIS/2014,AM2014.7z,7z,18476523,03-12-26 10:33AM,RAIS_OUTRO,2014,,AM,LIST
/pdet/microdados/RAIS/2014/AP2014.7z,/pdet/microdados/RAIS/2014,AP2014.7z,7z,3499587,04-25-16 10:49AM,RAIS_OUTRO,2014,,AP,LIST
/pdet/microdados/RAIS/2014/BA2014.7z,/pdet/microdados/RAIS/2014,BA2014.7z,7z,68234604,03-12-26 10:33AM,RAIS_OUTRO,2014,,BA,LIST
/pdet/microdados/RAIS/2014/CE2014.7z,/pdet/microdados/RAIS/2014,CE2014.7z,7z,43590898,04-25-16 10:50AM,RAIS_OUTRO,2014,,CE,LIST
/pdet/microdados/RAIS/2014/DF2014.7z,/pdet/microdados/RAIS/2014,DF2014.7z,7z,34517034,04-25-16 10:50AM,RAIS_OUTRO,2014,,DF,LIST
/pdet/microdados/RAIS/2014/ES2014.7z,/pdet/microdados/RAIS/2014,ES2014.7z,7z,32356266,03-12-26 10:33AM,RAIS_OUTRO,2014,,ES,LIST
/pdet/microdados/RAIS/2014/ESTB2014.7z,/pdet/microdados/RAIS/2014,ESTB2014.7z,7z,90382680,07-04-16 04:41PM,RAIS_OUTRO,2014,,,LIST
/pdet/microdados/RAIS/2014/GO2014.7z,/pdet/microdados/RAIS/2014,GO2014.7z,7z,51695329,04-25-16 10:51AM,RAIS_OUTRO,2014,,GO,LIST
/pdet/microdados/RAIS/2014/MA2014.7z,/pdet/microdados/RAIS/2014,MA2014.7z,7z,18965019,04-25-16 10:51AM,RAIS_OUTRO,2014,,MA,LIST
/pdet/microdados/RAIS/2014/MG2014.7z,/pdet/microdados/RAIS/2014,MG2014.7z,7z,171032036,03-12-26 10:34AM,RAIS_OUTRO,2014,,MG,LIST
/pdet/microdados/RAIS/2014/MS2014.7z,/pdet/microdados/RAIS/2014,MS2014.7z,7z,22380955,04-25-16 10:53AM,RAIS_OUTRO,2014,,MS,LIST
/pdet/microdados/RAIS/2014/MT2014.7z,/pdet/microdados/RAIS/2014,MT2014.7z,7z,30416037,04-25-16 10:53AM,RAIS_OUTRO,2014,,MT,LIST
/pdet/microdados/RAIS/2014/PA2014.7z,/pdet/microdados/RAIS/2014,PA2014.7z,7z,33104794,03-12-26 10:34AM,RAIS_OUTRO,2014,,PA,LIST
/pdet/microdados/RAIS/2014/PB2014.7z,/pdet/microdados/RAIS/2014,PB2014.7z,7z,16624466,03-12-26 10:34AM,RAIS_OUTRO,2014,,PB,LIST
/pdet/microdados/RAIS/2014/PE2014.7z,/pdet/microdados/RAIS/2014,PE2014.7z,7z,50594132,03-12-26 10:34AM,RAIS_OUTRO,2014,,PE,LIST
/pdet/microdados/RAIS/2014/PI2014.7z,/pdet/microdados/RAIS/2014,PI2014.7z,7z,11458652,04-25-16 10:54AM,RAIS_OUTRO,2014,,PI,LIST
/pdet/microdados/RAIS/2014/PR2014.7z,/pdet/microdados/RAIS/2014,PR2014.7z,7z,108768510,03-12-26 10:34AM,RAIS_OUTRO,2014,,PR,LIST
/pdet/microdados/RAIS/2014/RJ2014.7z,/pdet/microdados/RAIS/2014,RJ2014.7z,7z,148213105,03-12-26 10:34AM,RAIS_OUTRO,2014,,RJ,LIST
/pdet/microdados/RAIS/2014/RN2014.7z,/pdet/microdados/RAIS/2014,RN2014.7z,7z,17126670,04-25-16 10:55AM,RAIS_OUTRO,2014,,RN,LIST
/pdet/microdados/RAIS/2014/RO2014.7z,/pdet/microdados/RAIS/2014,RO2014.7z,7z,11411582,04-25-16 10:55AM,RAIS_OUTRO,2014,,RO,LIST
/pdet/microdados/RAIS/2014/RR2014.7z,/pdet/microdados/RAIS/2014,RR2014.7z,7z,2501216,04-25-16 10:55AM,RAIS_OUTRO,2014,,RR,LIST
/pdet/microdados/RAIS/2014/RS2014.7z,/pdet/microdados/RAIS/2014,RS2014.7z,7z,107963118,04-25-16 10:56AM,RAIS_OUTRO,2014,,RS,LIST
/pdet/microdados/RAIS/2014/SC2014.7z,/pdet/microdados/RAIS/2014,SC2014.7z,7z,82263141,04-25-16 10:56AM,RAIS_OUTRO,2014,,SC,LIST
/pdet/microdados/RAIS/2014/SE2014.7z,/pdet/microdados/RAIS/2014,SE2014.7z,7z,11382478,04-25-16 10:56AM,RAIS_OUTRO,2014,,SE,LIST
/pdet/microdados/RAIS/2014/SP2014.7z,/pdet/microdados/RAIS/2014,SP2014.7z,7z,486409963,03-12-26 10:34AM,RAIS_OUTRO,2014,,SP,LIST
/pdet/microdados/RAIS/2014/TO2014.7z,/pdet/microdados/RAIS/2014,TO2014.7z,7z,8016063,04-25-16 10:59AM,RAIS_OUTRO,2014,,TO,LIST
/pdet/microdados/RAIS/2015/AC2015.7z,/pdet/microdados/RAIS/2015,AC2015.7z,7z,5545547,09-16-16 05:44PM,RAIS_OUTRO,2015,,AC,LIST
/pdet/microdados/RAIS/2015/AL2015.7z,/pdet/microdados/RAIS/2015,AL2015.7z,7z,20891582,09-16-16 05:44PM,RAIS_OUTRO,2015,,AL,LIST
/pdet/microdados/RAIS/2015/AM2015.7z,/pdet/microdados/RAIS/2015,AM2015.7z,7z,28911533,03-12-26 10:44AM,RAIS_OUTRO,2015,,AM,LIST
/pdet/microdados/RAIS/2015/AP2015.7z,/pdet/microdados/RAIS/2015,AP2015.7z,7z,5241152,03-12-26 10:44AM,RAIS_OUTRO,2015,,AP,LIST
/pdet/microdados/RAIS/2015/BA2015.7z,/pdet/microdados/RAIS/2015,BA2015.7z,7z,107438864,03-12-26 10:44AM,RAIS_OUTRO,2015,,BA,LIST
/pdet/microdados/RAIS/2015/CE2015.7z,/pdet/microdados/RAIS/2015,CE2015.7z,7z,66606094,03-12-26 10:44AM,RAIS_OUTRO,2015,,CE,LIST
/pdet/microdados/RAIS/2015/DF2015.7z,/pdet/microdados/RAIS/2015,DF2015.7z,7z,54492170,09-16-16 05:38PM,RAIS_OUTRO,2015,,DF,LIST
/pdet/microdados/RAIS/2015/ES2015.7z,/pdet/microdados/RAIS/2015,ES2015.7z,7z,49742683,03-12-26 10:45AM,RAIS_OUTRO,2015,,ES,LIST
/pdet/microdados/RAIS/2015/ESTB2015.7z,/pdet/microdados/RAIS/2015,ESTB2015.7z,7z,91120534,03-12-26 10:45AM,RAIS_OUTRO,2015,,,LIST
/pdet/microdados/RAIS/2015/GO2015.7z,/pdet/microdados/RAIS/2015,GO2015.7z,7z,81068551,09-16-16 05:38PM,RAIS_OUTRO,2015,,GO,LIST
/pdet/microdados/RAIS/2015/MA2015.7z,/pdet/microdados/RAIS/2015,MA2015.7z,7z,28269732,09-16-16 05:39PM,RAIS_OUTRO,2015,,MA,LIST
/pdet/microdados/RAIS/2015/MG2015.7z,/pdet/microdados/RAIS/2015,MG2015.7z,7z,261522357,03-12-26 10:36AM,RAIS_OUTRO,2015,,MG,LIST
/pdet/microdados/RAIS/2015/MS2015.7z,/pdet/microdados/RAIS/2015,MS2015.7z,7z,35593084,09-16-16 05:39PM,RAIS_OUTRO,2015,,MS,LIST
/pdet/microdados/RAIS/2015/MT2015.7z,/pdet/microdados/RAIS/2015,MT2015.7z,7z,48095950,09-16-16 05:39PM,RAIS_OUTRO,2015,,MT,LIST
/pdet/microdados/RAIS/2015/PA2015.7z,/pdet/microdados/RAIS/2015,PA2015.7z,7z,54273590,03-12-26 10:45AM,RAIS_OUTRO,2015,,PA,LIST
/pdet/microdados/RAIS/2015/PB2015.7z,/pdet/microdados/RAIS/2015,PB2015.7z,7z,25582997,03-12-26 10:45AM,RAIS_OUTRO,2015,,PB,LIST
/pdet/microdados/RAIS/2015/PE2015.7z,/pdet/microdados/RAIS/2015,PE2015.7z,7z,75698676,03-12-26 10:45AM,RAIS_OUTRO,2015,,PE,LIST
/pdet/microdados/RAIS/2015/PI2015.7z,/pdet/microdados/RAIS/2015,PI2015.7z,7z,17693037,03-12-26 10:45AM,RAIS_OUTRO,2015,,PI,LIST
/pdet/microdados/RAIS/2015/PR2015.7z,/pdet/microdados/RAIS/2015,PR2015.7z,7z,176053497,09-16-16 05:40PM,RAIS_OUTRO,2015,,PR,LIST
/pdet/microdados/RAIS/2015/RJ2015.7z,/pdet/microdados/RAIS/2015,RJ2015.7z,7z,231903886,03-12-26 10:45AM,RAIS_OUTRO,2015,,RJ,LIST
/pdet/microdados/RAIS/2015/RN2015.7z,/pdet/microdados/RAIS/2015,RN2015.7z,7z,26217427,09-16-16 05:41PM,RAIS_OUTRO,2015,,RN,LIST
/pdet/microdados/RAIS/2015/RO2015.7z,/pdet/microdados/RAIS/2015,RO2015.7z,7z,17584908,09-16-16 05:41PM,RAIS_OUTRO,2015,,RO,LIST
/pdet/microdados/RAIS/2015/RR2015.7z,/pdet/microdados/RAIS/2015,RR2015.7z,7z,4007707,09-16-16 05:41PM,RAIS_OUTRO,2015,,RR,LIST
/pdet/microdados/RAIS/2015/RS2015.7z,/pdet/microdados/RAIS/2015,RS2015.7z,7z,173245114,09-16-16 05:41PM,RAIS_OUTRO,2015,,RS,LIST
/pdet/microdados/RAIS/2015/SC2015.7z,/pdet/microdados/RAIS/2015,SC2015.7z,7z,131689518,03-12-26 10:45AM,RAIS_OUTRO,2015,,SC,LIST
/pdet/microdados/RAIS/2015/SE2015.7z,/pdet/microdados/RAIS/2015,SE2015.7z,7z,17691649,09-16-16 05:42PM,RAIS_OUTRO,2015,,SE,LIST
/pdet/microdados/RAIS/2015/SP2015.7z,/pdet/microdados/RAIS/2015,SP2015.7z,7z,779528433,03-12-26 10:46AM,RAIS_OUTRO,2015,,SP,LIST
/pdet/microdados/RAIS/2015/TO2015.7z,/pdet/microdados/RAIS/2015,TO2015.7z,7z,12542455,09-16-16 05:44PM,RAIS_OUTRO,2015,,TO,LIST
/pdet/microdados/RAIS/2016/AC2016.7z,/pdet/microdados/RAIS/2016,AC2016.7z,7z,5650138,10-19-17 04:48PM,RAIS_OUTRO,2016,,AC,LIST
/pdet/microdados/RAIS/2016/AL2016.7z,/pdet/microdados/RAIS/2016,AL2016.7z,7z,21752824,10-19-17 04:48PM,RAIS_OUTRO,2016,,AL,LIST
/pdet/microdados/RAIS/2016/AM2016.7z,/pdet/microdados/RAIS/2016,AM2016.7z,7z,27780623,10-19-17 04:48PM,RAIS_OUTRO,2016,,AM,LIST
/pdet/microdados/RAIS/2016/AP2016.7z,/pdet/microdados/RAIS/2016,AP2016.7z,7z,5496342,10-19-17 04:48PM,RAIS_OUTRO,2016,,AP,LIST
/pdet/microdados/RAIS/2016/BA2016.7z,/pdet/microdados/RAIS/2016,BA2016.7z,7z,110042341,10-19-17 04:49PM,RAIS_OUTRO,2016,,BA,LIST
/pdet/microdados/RAIS/2016/CE2016.7z,/pdet/microdados/RAIS/2016,CE2016.7z,7z,69675238,10-19-17 04:49PM,RAIS_OUTRO,2016,,CE,LIST
/pdet/microdados/RAIS/2016/DF2016.7z,/pdet/microdados/RAIS/2016,DF2016.7z,7z,56869724,03-12-26 10:48AM,RAIS_OUTRO,2016,,DF,LIST
/pdet/microdados/RAIS/2016/ES2016.7z,/pdet/microdados/RAIS/2016,ES2016.7z,7z,49605504,10-19-17 04:49PM,RAIS_OUTRO,2016,,ES,LIST
/pdet/microdados/RAIS/2016/ESTB2016.7z,/pdet/microdados/RAIS/2016,ESTB2016.7z,7z,97947067,10-19-17 04:49PM,RAIS_OUTRO,2016,,,LIST
/pdet/microdados/RAIS/2016/GO2016.7z,/pdet/microdados/RAIS/2016,GO2016.7z,7z,83564848,10-19-17 04:49PM,RAIS_OUTRO,2016,,GO,LIST
/pdet/microdados/RAIS/2016/MA2016.7z,/pdet/microdados/RAIS/2016,MA2016.7z,7z,29373204,10-19-17 04:50PM,RAIS_OUTRO,2016,,MA,LIST
/pdet/microdados/RAIS/2016/MG2016.7z,/pdet/microdados/RAIS/2016,MG2016.7z,7z,269832176,03-12-26 10:48AM,RAIS_OUTRO,2016,,MG,LIST
/pdet/microdados/RAIS/2016/MS2016.7z,/pdet/microdados/RAIS/2016,MS2016.7z,7z,37520554,10-19-17 04:50PM,RAIS_OUTRO,2016,,MS,LIST
/pdet/microdados/RAIS/2016/MT2016.7z,/pdet/microdados/RAIS/2016,MT2016.7z,7z,49293145,10-19-17 04:50PM,RAIS_OUTRO,2016,,MT,LIST
/pdet/microdados/RAIS/2016/PA2016.7z,/pdet/microdados/RAIS/2016,PA2016.7z,7z,54239834,10-19-17 04:51PM,RAIS_OUTRO,2016,,PA,LIST
/pdet/microdados/RAIS/2016/PB2016.7z,/pdet/microdados/RAIS/2016,PB2016.7z,7z,26235223,10-19-17 04:51PM,RAIS_OUTRO,2016,,PB,LIST
/pdet/microdados/RAIS/2016/PE2016.7z,/pdet/microdados/RAIS/2016,PE2016.7z,7z,76569528,03-12-26 10:48AM,RAIS_OUTRO,2016,,PE,LIST
/pdet/microdados/RAIS/2016/PI2016.7z,/pdet/microdados/RAIS/2016,PI2016.7z,7z,18837611,10-19-17 04:51PM,RAIS_OUTRO,2016,,PI,LIST
/pdet/microdados/RAIS/2016/PR2016.7z,/pdet/microdados/RAIS/2016,PR2016.7z,7z,182127400,10-19-17 04:51PM,RAIS_OUTRO,2016,,PR,LIST
/pdet/microdados/RAIS/2016/RJ2016.7z,/pdet/microdados/RAIS/2016,RJ2016.7z,7z,236494416,03-12-26 10:48AM,RAIS_OUTRO,2016,,RJ,LIST
/pdet/microdados/RAIS/2016/RN2016.7z,/pdet/microdados/RAIS/2016,RN2016.7z,7z,27650425,10-19-17 04:52PM,RAIS_OUTRO,2016,,RN,LIST
/pdet/microdados/RAIS/2016/RO2016.7z,/pdet/microdados/RAIS/2016,RO2016.7z,7z,17582591,10-19-17 04:52PM,RAIS_OUTRO,2016,,RO,LIST
/pdet/microdados/RAIS/2016/RR2016.7z,/pdet/microdados/RAIS/2016,RR2016.7z,7z,4269591,10-19-17 04:52PM,RAIS_OUTRO,2016,,RR,LIST
/pdet/microdados/RAIS/2016/RS2016.7z,/pdet/microdados/RAIS/2016,RS2016.7z,7z,178624065,10-19-17 04:53PM,RAIS_OUTRO,2016,,RS,LIST
/pdet/microdados/RAIS/2016/SC2016.7z,/pdet/microdados/RAIS/2016,SC2016.7z,7z,136609278,10-19-17 04:53PM,RAIS_OUTRO,2016,,SC,LIST
/pdet/microdados/RAIS/2016/SE2016.7z,/pdet/microdados/RAIS/2016,SE2016.7z,7z,18503771,10-19-17 04:53PM,RAIS_OUTRO,2016,,SE,LIST
/pdet/microdados/RAIS/2016/SP2016.7z,/pdet/microdados/RAIS/2016,SP2016.7z,7z,811715016,03-12-26 10:48AM,RAIS_OUTRO,2016,,SP,LIST
/pdet/microdados/RAIS/2016/TO2016.7z,/pdet/microdados/RAIS/2016,TO2016.7z,7z,12981832,10-19-17 04:55PM,RAIS_OUTRO,2016,,TO,LIST
/pdet/microdados/RAIS/2017/AC2017.7z,/pdet/microdados/RAIS/2017,AC2017.7z,7z,5652999,10-01-18 10:19AM,RAIS_OUTRO,2017,,AC,LIST
/pdet/microdados/RAIS/2017/AL2017.7z,/pdet/microdados/RAIS/2017,AL2017.7z,7z,20850670,10-01-18 10:18AM,RAIS_OUTRO,2017,,AL,LIST
/pdet/microdados/RAIS/2017/AM2017.7z,/pdet/microdados/RAIS/2017,AM2017.7z,7z,27060243,10-01-18 10:18AM,RAIS_OUTRO,2017,,AM,LIST
/pdet/microdados/RAIS/2017/AP2017.7z,/pdet/microdados/RAIS/2017,AP2017.7z,7z,5372552,10-01-18 10:19AM,RAIS_OUTRO,2017,,AP,LIST
/pdet/microdados/RAIS/2017/BA2017.7z,/pdet/microdados/RAIS/2017,BA2017.7z,7z,107160991,03-12-26 10:58AM,RAIS_OUTRO,2017,,BA,LIST
/pdet/microdados/RAIS/2017/CE2017.7z,/pdet/microdados/RAIS/2017,CE2017.7z,7z,67581249,10-01-18 10:17AM,RAIS_OUTRO,2017,,CE,LIST
/pdet/microdados/RAIS/2017/DF2017.7z,/pdet/microdados/RAIS/2017,DF2017.7z,7z,55009759,03-12-26 10:58AM,RAIS_OUTRO,2017,,DF,LIST
/pdet/microdados/RAIS/2017/ES2017.7z,/pdet/microdados/RAIS/2017,ES2017.7z,7z,47731350,10-01-18 10:18AM,RAIS_OUTRO,2017,,ES,LIST
/pdet/microdados/RAIS/2017/ESTB2017.7z,/pdet/microdados/RAIS/2017,ESTB2017.7z,7z,97158386,10-01-18 10:17AM,RAIS_OUTRO,2017,,,LIST
/pdet/microdados/RAIS/2017/GO2017.7z,/pdet/microdados/RAIS/2017,GO2017.7z,7z,83255742,10-01-18 10:17AM,RAIS_OUTRO,2017,,GO,LIST
/pdet/microdados/RAIS/2017/MA2017.7z,/pdet/microdados/RAIS/2017,MA2017.7z,7z,28706725,10-01-18 10:18AM,RAIS_OUTRO,2017,,MA,LIST
/pdet/microdados/RAIS/2017/MG2017.7z,/pdet/microdados/RAIS/2017,MG2017.7z,7z,265104039,03-12-26 10:58AM,RAIS_OUTRO,2017,,MG,LIST
/pdet/microdados/RAIS/2017/MS2017.7z,/pdet/microdados/RAIS/2017,MS2017.7z,7z,37275317,10-01-18 10:18AM,RAIS_OUTRO,2017,,MS,LIST
/pdet/microdados/RAIS/2017/MT2017.7z,/pdet/microdados/RAIS/2017,MT2017.7z,7z,48900885,10-01-18 10:18AM,RAIS_OUTRO,2017,,MT,LIST
/pdet/microdados/RAIS/2017/PA2017.7z,/pdet/microdados/RAIS/2017,PA2017.7z,7z,52534069,10-01-18 10:18AM,RAIS_OUTRO,2017,,PA,LIST
/pdet/microdados/RAIS/2017/PB2017.7z,/pdet/microdados/RAIS/2017,PB2017.7z,7z,25753029,10-01-18 10:18AM,RAIS_OUTRO,2017,,PB,LIST
/pdet/microdados/RAIS/2017/PE2017.7z,/pdet/microdados/RAIS/2017,PE2017.7z,7z,73836375,10-01-18 10:17AM,RAIS_OUTRO,2017,,PE,LIST
/pdet/microdados/RAIS/2017/PI2017.7z,/pdet/microdados/RAIS/2017,PI2017.7z,7z,18291507,10-01-18 10:18AM,RAIS_OUTRO,2017,,PI,LIST
/pdet/microdados/RAIS/2017/PR2017.7z,/pdet/microdados/RAIS/2017,PR2017.7z,7z,177453532,03-12-26 10:58AM,RAIS_OUTRO,2017,,PR,LIST
/pdet/microdados/RAIS/2017/RJ2017.7z,/pdet/microdados/RAIS/2017,RJ2017.7z,7z,215163127,04-24-26 03:48PM,RAIS_OUTRO,2017,,RJ,LIST
/pdet/microdados/RAIS/2017/RN2017.7z,/pdet/microdados/RAIS/2017,RN2017.7z,7z,26889312,10-01-18 10:18AM,RAIS_OUTRO,2017,,RN,LIST
/pdet/microdados/RAIS/2017/RO2017.7z,/pdet/microdados/RAIS/2017,RO2017.7z,7z,16942683,10-01-18 10:18AM,RAIS_OUTRO,2017,,RO,LIST
/pdet/microdados/RAIS/2017/RR2017.7z,/pdet/microdados/RAIS/2017,RR2017.7z,7z,4260727,10-01-18 10:12AM,RAIS_OUTRO,2017,,RR,LIST
/pdet/microdados/RAIS/2017/RS2017.7z,/pdet/microdados/RAIS/2017,RS2017.7z,7z,173872999,03-12-26 10:56AM,RAIS_OUTRO,2017,,RS,LIST
/pdet/microdados/RAIS/2017/SC2017.7z,/pdet/microdados/RAIS/2017,SC2017.7z,7z,136222915,03-12-26 10:56AM,RAIS_OUTRO,2017,,SC,LIST
/pdet/microdados/RAIS/2017/SE2017.7z,/pdet/microdados/RAIS/2017,SE2017.7z,7z,17778898,10-01-18 10:18AM,RAIS_OUTRO,2017,,SE,LIST
/pdet/microdados/RAIS/2017/SP2017.7z,/pdet/microdados/RAIS/2017,SP2017.7z,7z,791000358,01-22-26 03:38PM,RAIS_OUTRO,2017,,SP,LIST
/pdet/microdados/RAIS/2017/TO2017.7z,/pdet/microdados/RAIS/2017,TO2017.7z,7z,13204566,10-01-18 10:19AM,RAIS_OUTRO,2017,,TO,LIST
/pdet/microdados/RAIS/2018/RAIS_ESTAB_PUB.7z,/pdet/microdados/RAIS/2018,RAIS_ESTAB_PUB.7z,7z,97293645,02-12-26 11:39AM,RAIS_ESTAB,2018,,,LIST
/pdet/microdados/RAIS/2018/RAIS_VINC_PUB_CENTRO_OESTE.7z,/pdet/microdados/RAIS/2018,RAIS_VINC_PUB_CENTRO_OESTE.7z,7z,238345712,02-12-26 11:36AM,RAIS_VINCULOS,2018,,CENTRO_OESTE,LIST
/pdet/microdados/RAIS/2018/RAIS_VINC_PUB_MG_ES_RJ.7z,/pdet/microdados/RAIS/2018,RAIS_VINC_PUB_MG_ES_RJ.7z,7z,554485187,02-12-26 11:37AM,RAIS_VINCULOS,2018,,MG_ES_RJ,LIST
/pdet/microdados/RAIS/2018/RAIS_VINC_PUB_NORDESTE.7z,/pdet/microdados/RAIS/2018,RAIS_VINC_PUB_NORDESTE.7z,7z,405378317,02-12-26 11:37AM,RAIS_VINCULOS,2018,,NORDESTE,LIST
/pdet/microdados/RAIS/2018/RAIS_VINC_PUB_NORTE.7z,/pdet/microdados/RAIS/2018,RAIS_VINC_PUB_NORTE.7z,7z,131543387,02-12-26 11:37AM,RAIS_VINCULOS,2018,,NORTE,LIST
/pdet/microdados/RAIS/2018/RAIS_VINC_PUB_SP.7z,/pdet/microdados/RAIS/2018,RAIS_VINC_PUB_SP.7z,7z,842934674,02-12-26 11:38AM,RAIS_VINCULOS,2018,,SP,LIST
/pdet/microdados/RAIS/2018/RAIS_VINC_PUB_SUL.7z,/pdet/microdados/RAIS/2018,RAIS_VINC_PUB_SUL.7z,7z,522135851,02-12-26 11:40AM,RAIS_VINCULOS,2018,,SUL,LIST
/pdet/microdados/RAIS/2019/Leia-me.txt,/pdet/microdados/RAIS/2019,Leia-me.txt,txt,156,11-30-21 05:42PM,AUXILIAR_DOC,2019,,,LIST
/pdet/microdados/RAIS/2019/RAIS_ESTAB_PUB.7z,/pdet/microdados/RAIS/2019,RAIS_ESTAB_PUB.7z,7z,97089255,04-24-26 04:13PM,RAIS_ESTAB,2019,,,LIST
/pdet/microdados/RAIS/2019/RAIS_VINC_PUB_CENTRO_OESTE.7z,/pdet/microdados/RAIS/2019,RAIS_VINC_PUB_CENTRO_OESTE.7z,7z,224488639,04-24-26 03:50PM,RAIS_VINCULOS,2019,,CENTRO_OESTE,LIST
/pdet/microdados/RAIS/2019/RAIS_VINC_PUB_MG_ES_RJ.7z,/pdet/microdados/RAIS/2019,RAIS_VINC_PUB_MG_ES_RJ.7z,7z,530349639,04-24-26 03:59PM,RAIS_VINCULOS,2019,,MG_ES_RJ,LIST
/pdet/microdados/RAIS/2019/RAIS_VINC_PUB_NORDESTE.7z,/pdet/microdados/RAIS/2019,RAIS_VINC_PUB_NORDESTE.7z,7z,385829294,04-24-26 03:59PM,RAIS_VINCULOS,2019,,NORDESTE,LIST
/pdet/microdados/RAIS/2019/RAIS_VINC_PUB_NORTE.7z,/pdet/microdados/RAIS/2019,RAIS_VINC_PUB_NORTE.7z,7z,123507782,12-17-21 02:00PM,RAIS_VINCULOS,2019,,NORTE,LIST
/pdet/microdados/RAIS/2019/RAIS_VINC_PUB_SP.7z,/pdet/microdados/RAIS/2019,RAIS_VINC_PUB_SP.7z,7z,805974450,04-24-26 04:00PM,RAIS_VINCULOS,2019,,SP,LIST
/pdet/microdados/RAIS/2019/RAIS_VINC_PUB_SUL.7z,/pdet/microdados/RAIS/2019,RAIS_VINC_PUB_SUL.7z,7z,502535667,04-24-26 04:00PM,RAIS_VINCULOS,2019,,SUL,LIST
/pdet/microdados/RAIS/2020/RAIS_ESTAB_PUB.7z,/pdet/microdados/RAIS/2020,RAIS_ESTAB_PUB.7z,7z,99230459,04-24-26 04:07PM,RAIS_ESTAB,2020,,,LIST
/pdet/microdados/RAIS/2020/RAIS_VINC_PUB_CENTRO_OESTE.7z,/pdet/microdados/RAIS/2020,RAIS_VINC_PUB_CENTRO_OESTE.7z,7z,223045956,12-20-21 01:27PM,RAIS_VINCULOS,2020,,CENTRO_OESTE,LIST
/pdet/microdados/RAIS/2020/RAIS_VINC_PUB_MG_ES_RJ.7z,/pdet/microdados/RAIS/2020,RAIS_VINC_PUB_MG_ES_RJ.7z,7z,516815111,04-24-26 04:06PM,RAIS_VINCULOS,2020,,MG_ES_RJ,LIST
/pdet/microdados/RAIS/2020/RAIS_VINC_PUB_NORDESTE.7z,/pdet/microdados/RAIS/2020,RAIS_VINC_PUB_NORDESTE.7z,7z,386159232,04-24-26 04:07PM,RAIS_VINCULOS,2020,,NORDESTE,LIST
/pdet/microdados/RAIS/2020/RAIS_VINC_PUB_NORTE.7z,/pdet/microdados/RAIS/2020,RAIS_VINC_PUB_NORTE.7z,7z,125495152,12-20-21 01:37PM,RAIS_VINCULOS,2020,,NORTE,LIST
/pdet/microdados/RAIS/2020/RAIS_VINC_PUB_SP.7z,/pdet/microdados/RAIS/2020,RAIS_VINC_PUB_SP.7z,7z,782803328,04-24-26 04:07PM,RAIS_VINCULOS,2020,,SP,LIST
/pdet/microdados/RAIS/2020/RAIS_VINC_PUB_SUL.7z,/pdet/microdados/RAIS/2020,RAIS_VINC_PUB_SUL.7z,7z,494772628,12-20-21 01:52PM,RAIS_VINCULOS,2020,,SUL,LIST
/pdet/microdados/RAIS/2021/RAIS_ESTAB_PUB.7z,/pdet/microdados/RAIS/2021,RAIS_ESTAB_PUB.7z,7z,102529877,08-12-25 11:52AM,RAIS_ESTAB,2021,,,LIST
/pdet/microdados/RAIS/2021/RAIS_VINC_PUB_CENTRO_OESTE.7z,/pdet/microdados/RAIS/2021,RAIS_VINC_PUB_CENTRO_OESTE.7z,7z,245663162,08-12-25 11:53AM,RAIS_VINCULOS,2021,,CENTRO_OESTE,LIST
/pdet/microdados/RAIS/2021/RAIS_VINC_PUB_MG_ES_RJ.7z,/pdet/microdados/RAIS/2021,RAIS_VINC_PUB_MG_ES_RJ.7z,7z,567007560,11-19-25 03:36PM,RAIS_VINCULOS,2021,,MG_ES_RJ,LIST
/pdet/microdados/RAIS/2021/RAIS_VINC_PUB_NORDESTE.7z,/pdet/microdados/RAIS/2021,RAIS_VINC_PUB_NORDESTE.7z,7z,418690692,08-12-25 11:56AM,RAIS_VINCULOS,2021,,NORDESTE,LIST
/pdet/microdados/RAIS/2021/RAIS_VINC_PUB_NORTE.7z,/pdet/microdados/RAIS/2021,RAIS_VINC_PUB_NORTE.7z,7z,139063147,08-12-25 11:56AM,RAIS_VINCULOS,2021,,NORTE,LIST
/pdet/microdados/RAIS/2021/RAIS_VINC_PUB_SP.7z,/pdet/microdados/RAIS/2021,RAIS_VINC_PUB_SP.7z,7z,864685461,08-12-25 11:51AM,RAIS_VINCULOS,2021,,SP,LIST
/pdet/microdados/RAIS/2021/RAIS_VINC_PUB_SUL.7z,/pdet/microdados/RAIS/2021,RAIS_VINC_PUB_SUL.7z,7z,551324193,08-12-25 11:52AM,RAIS_VINCULOS,2021,,SUL,LIST
/pdet/microdados/RAIS/2022/RAIS_ESTAB_PUB.7z,/pdet/microdados/RAIS/2022,RAIS_ESTAB_PUB.7z,7z,91369253,08-12-25 11:46AM,RAIS_ESTAB,2022,,,LIST
/pdet/microdados/RAIS/2022/RAIS_VINC_PUB_CENTRO_OESTE.7z,/pdet/microdados/RAIS/2022,RAIS_VINC_PUB_CENTRO_OESTE.7z,7z,279182629,08-12-25 11:46AM,RAIS_VINCULOS,2022,,CENTRO_OESTE,LIST
/pdet/microdados/RAIS/2022/RAIS_VINC_PUB_MG_ES_RJ.7z,/pdet/microdados/RAIS/2022,RAIS_VINC_PUB_MG_ES_RJ.7z,7z,628291547,08-12-25 11:43AM,RAIS_VINCULOS,2022,,MG_ES_RJ,LIST
/pdet/microdados/RAIS/2022/RAIS_VINC_PUB_NI.7z,/pdet/microdados/RAIS/2022,RAIS_VINC_PUB_NI.7z,7z,63071,08-12-25 11:43AM,RAIS_VINCULOS,2022,,,LIST
/pdet/microdados/RAIS/2022/RAIS_VINC_PUB_NORDESTE.7z,/pdet/microdados/RAIS/2022,RAIS_VINC_PUB_NORDESTE.7z,7z,462393275,08-12-25 11:43AM,RAIS_VINCULOS,2022,,NORDESTE,LIST
/pdet/microdados/RAIS/2022/RAIS_VINC_PUB_NORTE.7z,/pdet/microdados/RAIS/2022,RAIS_VINC_PUB_NORTE.7z,7z,156214163,08-12-25 11:44AM,RAIS_VINCULOS,2022,,NORTE,LIST
/pdet/microdados/RAIS/2022/RAIS_VINC_PUB_SP.7z,/pdet/microdados/RAIS/2022,RAIS_VINC_PUB_SP.7z,7z,947704550,08-12-25 11:45AM,RAIS_VINCULOS,2022,,SP,LIST
/pdet/microdados/RAIS/2022/RAIS_VINC_PUB_SUL.7z,/pdet/microdados/RAIS/2022,RAIS_VINC_PUB_SUL.7z,7z,599471446,08-12-25 11:48AM,RAIS_VINCULOS,2022,,SUL,LIST
/pdet/microdados/RAIS/2023/Comunicado - Microdados RAIS 2024  Ministério do Trabalho e Emprego.htm,/pdet/microdados/RAIS/2023,Comunicado - Microdados RAIS 2024  Ministério do Trabalho e Emprego.htm,htm,275623,12-30-25 04:01PM,RAIS_OUTRO,2024,,,LIST
/pdet/microdados/RAIS/2023/RAIS_ESTAB_PUB.7z,/pdet/microdados/RAIS/2023,RAIS_ESTAB_PUB.7z,7z,127348274,05-18-26 05:35PM,RAIS_ESTAB,2023,,,LIST
/pdet/microdados/RAIS/2023/RAIS_VINC_PUB_CENTRO_OESTE.7z,/pdet/microdados/RAIS/2023,RAIS_VINC_PUB_CENTRO_OESTE.7z,7z,329177897,05-18-26 05:38PM,RAIS_VINCULOS,2023,,CENTRO_OESTE,LIST
/pdet/microdados/RAIS/2023/RAIS_VINC_PUB_MG_ES_RJ.7z,/pdet/microdados/RAIS/2023,RAIS_VINC_PUB_MG_ES_RJ.7z,7z,715072048,05-18-26 05:16PM,RAIS_VINCULOS,2023,,MG_ES_RJ,LIST
/pdet/microdados/RAIS/2023/RAIS_VINC_PUB_NI.7z,/pdet/microdados/RAIS/2023,RAIS_VINC_PUB_NI.7z,7z,56135,05-18-26 05:16PM,RAIS_VINCULOS,2023,,,LIST
/pdet/microdados/RAIS/2023/RAIS_VINC_PUB_NORDESTE.7z,/pdet/microdados/RAIS/2023,RAIS_VINC_PUB_NORDESTE.7z,7z,567231199,05-18-26 05:20PM,RAIS_VINCULOS,2023,,NORDESTE,LIST
/pdet/microdados/RAIS/2023/RAIS_VINC_PUB_NORTE.7z,/pdet/microdados/RAIS/2023,RAIS_VINC_PUB_NORTE.7z,7z,186321412,05-18-26 05:22PM,RAIS_VINCULOS,2023,,NORTE,LIST
/pdet/microdados/RAIS/2023/RAIS_VINC_PUB_SP.7z,/pdet/microdados/RAIS/2023,RAIS_VINC_PUB_SP.7z,7z,1020986980,05-18-26 05:30PM,RAIS_VINCULOS,2023,,SP,LIST
/pdet/microdados/RAIS/2023/RAIS_VINC_PUB_SUL.7z,/pdet/microdados/RAIS/2023,RAIS_VINC_PUB_SUL.7z,7z,654290597,05-18-26 05:34PM,RAIS_VINCULOS,2023,,SUL,LIST
/pdet/microdados/RAIS/2023 Parcial/RAIS_ESTAB_PUB.7z,/pdet/microdados/RAIS/2023 Parcial,RAIS_ESTAB_PUB.7z,7z,119171897,08-12-25 11:27AM,RAIS_ESTAB,2023,,,LIST
/pdet/microdados/RAIS/2023 Parcial/RAIS_VINC_PUB_CENTRO_OESTE.7z,/pdet/microdados/RAIS/2023 Parcial,RAIS_VINC_PUB_CENTRO_OESTE.7z,7z,248843696,08-12-25 11:28AM,RAIS_VINCULOS,2023,,CENTRO_OESTE,LIST
/pdet/microdados/RAIS/2023 Parcial/RAIS_VINC_PUB_MG_ES_RJ.7z,/pdet/microdados/RAIS/2023 Parcial,RAIS_VINC_PUB_MG_ES_RJ.7z,7z,554296562,08-12-25 11:29AM,RAIS_VINCULOS,2023,,MG_ES_RJ,LIST
/pdet/microdados/RAIS/2023 Parcial/RAIS_VINC_PUB_NI.7z,/pdet/microdados/RAIS/2023 Parcial,RAIS_VINC_PUB_NI.7z,7z,51912,08-12-25 11:29AM,RAIS_VINCULOS,2023,,,LIST
/pdet/microdados/RAIS/2023 Parcial/RAIS_VINC_PUB_NORDESTE.7z,/pdet/microdados/RAIS/2023 Parcial,RAIS_VINC_PUB_NORDESTE.7z,7z,385611427,08-12-25 11:30AM,RAIS_VINCULOS,2023,,NORDESTE,LIST
/pdet/microdados/RAIS/2023 Parcial/RAIS_VINC_PUB_NORTE.7z,/pdet/microdados/RAIS/2023 Parcial,RAIS_VINC_PUB_NORTE.7z,7z,125382818,08-12-25 11:30AM,RAIS_VINCULOS,2023,,NORTE,LIST
/pdet/microdados/RAIS/2023 Parcial/RAIS_VINC_PUB_SP.7z,/pdet/microdados/RAIS/2023 Parcial,RAIS_VINC_PUB_SP.7z,7z,866713900,08-12-25 11:32AM,RAIS_VINCULOS,2023,,SP,LIST
/pdet/microdados/RAIS/2023 Parcial/RAIS_VINC_PUB_SUL.7z,/pdet/microdados/RAIS/2023 Parcial,RAIS_VINC_PUB_SUL.7z,7z,546061103,08-12-25 11:27AM,RAIS_VINCULOS,2023,,SUL,LIST
/pdet/microdados/RAIS/2024/Comunicado - Microdados RAIS 2024  Ministério do Trabalho e Emprego.htm,/pdet/microdados/RAIS/2024,Comunicado - Microdados RAIS 2024  Ministério do Trabalho e Emprego.htm,htm,275623,12-30-25 03:08PM,RAIS_OUTRO,2024,,,LIST
/pdet/microdados/RAIS/2024/RAIS_ESTAB_PUB.7z,/pdet/microdados/RAIS/2024,RAIS_ESTAB_PUB.7z,7z,140661991,05-18-26 04:21PM,RAIS_ESTAB,2024,,,LIST
/pdet/microdados/RAIS/2024/RAIS_VINC_PUB_CENTRO_OESTE.7z,/pdet/microdados/RAIS/2024,RAIS_VINC_PUB_CENTRO_OESTE.7z,7z,343753235,05-18-26 04:40PM,RAIS_VINCULOS,2024,,CENTRO_OESTE,LIST
/pdet/microdados/RAIS/2024/RAIS_VINC_PUB_MG_ES_RJ.7z,/pdet/microdados/RAIS/2024,RAIS_VINC_PUB_MG_ES_RJ.7z,7z,747149815,05-18-26 04:55PM,RAIS_VINCULOS,2024,,MG_ES_RJ,LIST
/pdet/microdados/RAIS/2024/RAIS_VINC_PUB_NI.7z,/pdet/microdados/RAIS/2024,RAIS_VINC_PUB_NI.7z,7z,597127,05-18-26 04:55PM,RAIS_VINCULOS,2024,,,LIST
/pdet/microdados/RAIS/2024/RAIS_VINC_PUB_NORDESTE.7z,/pdet/microdados/RAIS/2024,RAIS_VINC_PUB_NORDESTE.7z,7z,595420317,05-18-26 04:59PM,RAIS_VINCULOS,2024,,NORDESTE,LIST
/pdet/microdados/RAIS/2024/RAIS_VINC_PUB_NORTE.7z,/pdet/microdados/RAIS/2024,RAIS_VINC_PUB_NORTE.7z,7z,196258746,05-18-26 05:01PM,RAIS_VINCULOS,2024,,NORTE,LIST
/pdet/microdados/RAIS/2024/RAIS_VINC_PUB_SP.7z,/pdet/microdados/RAIS/2024,RAIS_VINC_PUB_SP.7z,7z,1066197453,05-18-26 05:11PM,RAIS_VINCULOS,2024,,SP,LIST
/pdet/microdados/RAIS/2024/RAIS_VINC_PUB_SUL.7z,/pdet/microdados/RAIS/2024,RAIS_VINC_PUB_SUL.7z,7z,680693192,05-18-26 04:13PM,RAIS_VINCULOS,2024,,SUL,LIST
/pdet/microdados/RAIS/2024 Parcial/RAIS_ESTAB_PUB.7z,/pdet/microdados/RAIS/2024 Parcial,RAIS_ESTAB_PUB.7z,7z,136902586,09-25-25 11:14AM,RAIS_ESTAB,2024,,,LIST
/pdet/microdados/RAIS/2024 Parcial/RAIS_VINC_PUB_CENTRO_OESTE.7z,/pdet/microdados/RAIS/2024 Parcial,RAIS_VINC_PUB_CENTRO_OESTE.7z,7z,263259706,08-12-25 11:16AM,RAIS_VINCULOS,2024,,CENTRO_OESTE,LIST
/pdet/microdados/RAIS/2024 Parcial/RAIS_VINC_PUB_MG_ES_RJ.7z,/pdet/microdados/RAIS/2024 Parcial,RAIS_VINC_PUB_MG_ES_RJ.7z,7z,586487485,08-12-25 11:18AM,RAIS_VINCULOS,2024,,MG_ES_RJ,LIST
/pdet/microdados/RAIS/2024 Parcial/RAIS_VINC_PUB_NI.7z,/pdet/microdados/RAIS/2024 Parcial,RAIS_VINC_PUB_NI.7z,7z,139540,08-12-25 11:18AM,RAIS_VINCULOS,2024,,,LIST
/pdet/microdados/RAIS/2024 Parcial/RAIS_VINC_PUB_NORDESTE.7z,/pdet/microdados/RAIS/2024 Parcial,RAIS_VINC_PUB_NORDESTE.7z,7z,411343446,08-12-25 11:22AM,RAIS_VINCULOS,2024,,NORDESTE,LIST
/pdet/microdados/RAIS/2024 Parcial/RAIS_VINC_PUB_NORTE.7z,/pdet/microdados/RAIS/2024 Parcial,RAIS_VINC_PUB_NORTE.7z,7z,134685247,08-12-25 11:22AM,RAIS_VINCULOS,2024,,NORTE,LIST
/pdet/microdados/RAIS/2024 Parcial/RAIS_VINC_PUB_SP.7z,/pdet/microdados/RAIS/2024 Parcial,RAIS_VINC_PUB_SP.7z,7z,921989467,08-12-25 11:24AM,RAIS_VINCULOS,2024,,SP,LIST
/pdet/microdados/RAIS/2024 Parcial/RAIS_VINC_PUB_SUL.7z,/pdet/microdados/RAIS/2024 Parcial,RAIS_VINC_PUB_SUL.7z,7z,577695656,08-12-25 11:26AM,RAIS_VINCULOS,2024,,SUL,LIST
/pdet/microdados/RAIS/2025/RAIS_ESTAB_PUB.7z,/pdet/microdados/RAIS/2025,RAIS_ESTAB_PUB.7z,7z,143766046,05-13-26 12:00PM,RAIS_ESTAB,2025,,,LIST
/pdet/microdados/RAIS/2025/RAIS_VINC_PUB_CENTRO_OESTE.7z,/pdet/microdados/RAIS/2025,RAIS_VINC_PUB_CENTRO_OESTE.7z,7z,354015896,05-13-26 12:02PM,RAIS_VINCULOS,2025,,CENTRO_OESTE,LIST
/pdet/microdados/RAIS/2025/RAIS_VINC_PUB_MG_ES_RJ.7z,/pdet/microdados/RAIS/2025,RAIS_VINC_PUB_MG_ES_RJ.7z,7z,766814132,05-13-26 11:44AM,RAIS_VINCULOS,2025,,MG_ES_RJ,LIST
/pdet/microdados/RAIS/2025/RAIS_VINC_PUB_NI.7z,/pdet/microdados/RAIS/2025,RAIS_VINC_PUB_NI.7z,7z,209311,05-13-26 11:44AM,RAIS_VINCULOS,2025,,,LIST
/pdet/microdados/RAIS/2025/RAIS_VINC_PUB_NORDESTE.7z,/pdet/microdados/RAIS/2025,RAIS_VINC_PUB_NORDESTE.7z,7z,639823548,05-13-26 11:48AM,RAIS_VINCULOS,2025,,NORDESTE,LIST
/pdet/microdados/RAIS/2025/RAIS_VINC_PUB_NORTE.7z,/pdet/microdados/RAIS/2025,RAIS_VINC_PUB_NORTE.7z,7z,211992734,05-13-26 11:49AM,RAIS_VINCULOS,2025,,NORTE,LIST
/pdet/microdados/RAIS/2025/RAIS_VINC_PUB_SP.7z,/pdet/microdados/RAIS/2025,RAIS_VINC_PUB_SP.7z,7z,1107305918,05-13-26 11:55AM,RAIS_VINCULOS,2025,,SP,LIST
/pdet/microdados/RAIS/2025/RAIS_VINC_PUB_SUL.7z,/pdet/microdados/RAIS/2025,RAIS_VINC_PUB_SUL.7z,7z,704888712,05-13-26 11:59AM,RAIS_VINCULOS,2025,,SUL,LIST
/pdet/microdados/TRABALHO_DOMESTICO/rds/RAIS_DOM_PUB_2015_2025.rds,/pdet/microdados/TRABALHO_DOMESTICO/rds,RAIS_DOM_PUB_2015_2025.rds,rds,353136510,06-21-26 12:07AM,RAIS_OUTRO,2025,,,LIST
/pdet/microdados/NOVO CAGED/2020/202001/CAGEDMOV202001.7z,/pdet/microdados/NOVO CAGED/2020/202001,CAGEDMOV202001.7z,7z,34261878,06-21-22 03:55PM,NOVO_CAGED_MOV,2020,01,,LIST
/pdet/microdados/NOVO CAGED/2020/202002/CAGEDFOR202002.7z,/pdet/microdados/NOVO CAGED/2020/202002,CAGEDFOR202002.7z,7z,1005938,06-08-26 02:40PM,NOVO_CAGED_FOR,2020,02,,LIST
/pdet/microdados/NOVO CAGED/2020/202002/CAGEDMOV202002.7z,/pdet/microdados/NOVO CAGED/2020/202002,CAGEDMOV202002.7z,7z,35517199,06-08-26 02:40PM,NOVO_CAGED_MOV,2020,02,,LIST
/pdet/microdados/NOVO CAGED/2020/202003/CAGEDFOR202003.7z,/pdet/microdados/NOVO CAGED/2020/202003,CAGEDFOR202003.7z,7z,1516452,11-12-25 03:36PM,NOVO_CAGED_FOR,2020,03,,LIST
/pdet/microdados/NOVO CAGED/2020/202003/CAGEDMOV202003.7z,/pdet/microdados/NOVO CAGED/2020/202003,CAGEDMOV202003.7z,7z,37219967,06-21-22 03:56PM,NOVO_CAGED_MOV,2020,03,,LIST
/pdet/microdados/NOVO CAGED/2020/202004/CAGEDEXC202004.7z,/pdet/microdados/NOVO CAGED/2020/202004,CAGEDEXC202004.7z,7z,11493,06-08-26 02:44PM,NOVO_CAGED_EXC,2020,04,,LIST
/pdet/microdados/NOVO CAGED/2020/202004/CAGEDFOR202004.7z,/pdet/microdados/NOVO CAGED/2020/202004,CAGEDFOR202004.7z,7z,2682906,06-08-26 02:44PM,NOVO_CAGED_FOR,2020,04,,LIST
/pdet/microdados/NOVO CAGED/2020/202004/CAGEDMOV202004.7z,/pdet/microdados/NOVO CAGED/2020/202004,CAGEDMOV202004.7z,7z,26887889,06-08-26 02:44PM,NOVO_CAGED_MOV,2020,04,,LIST
/pdet/microdados/NOVO CAGED/2020/202005/CAGEDEXC202005.7z,/pdet/microdados/NOVO CAGED/2020/202005,CAGEDEXC202005.7z,7z,48500,06-08-26 02:47PM,NOVO_CAGED_EXC,2020,05,,LIST
/pdet/microdados/NOVO CAGED/2020/202005/CAGEDFOR202005.7z,/pdet/microdados/NOVO CAGED/2020/202005,CAGEDFOR202005.7z,7z,1753812,06-08-26 02:47PM,NOVO_CAGED_FOR,2020,05,,LIST
/pdet/microdados/NOVO CAGED/2020/202005/CAGEDMOV202005.7z,/pdet/microdados/NOVO CAGED/2020/202005,CAGEDMOV202005.7z,7z,22429826,06-08-26 02:47PM,NOVO_CAGED_MOV,2020,05,,LIST
/pdet/microdados/NOVO CAGED/2020/202006/CAGEDEXC202006.7z,/pdet/microdados/NOVO CAGED/2020/202006,CAGEDEXC202006.7z,7z,38601,06-08-26 02:49PM,NOVO_CAGED_EXC,2020,06,,LIST
/pdet/microdados/NOVO CAGED/2020/202006/CAGEDFOR202006.7z,/pdet/microdados/NOVO CAGED/2020/202006,CAGEDFOR202006.7z,7z,1492462,06-08-26 02:49PM,NOVO_CAGED_FOR,2020,06,,LIST
/pdet/microdados/NOVO CAGED/2020/202006/CAGEDMOV202006.7z,/pdet/microdados/NOVO CAGED/2020/202006,CAGEDMOV202006.7z,7z,23084159,06-08-26 02:49PM,NOVO_CAGED_MOV,2020,06,,LIST
/pdet/microdados/NOVO CAGED/2020/202007/CAGEDEXC202007.7z,/pdet/microdados/NOVO CAGED/2020/202007,CAGEDEXC202007.7z,7z,42406,06-08-26 02:52PM,NOVO_CAGED_EXC,2020,07,,LIST
/pdet/microdados/NOVO CAGED/2020/202007/CAGEDFOR202007.7z,/pdet/microdados/NOVO CAGED/2020/202007,CAGEDFOR202007.7z,7z,2305878,06-08-26 02:52PM,NOVO_CAGED_FOR,2020,07,,LIST
/pdet/microdados/NOVO CAGED/2020/202007/CAGEDMOV202007.7z,/pdet/microdados/NOVO CAGED/2020/202007,CAGEDMOV202007.7z,7z,25363835,06-08-26 02:52PM,NOVO_CAGED_MOV,2020,07,,LIST
/pdet/microdados/NOVO CAGED/2020/202008/CAGEDEXC202008.7z,/pdet/microdados/NOVO CAGED/2020/202008,CAGEDEXC202008.7z,7z,48769,06-08-26 02:55PM,NOVO_CAGED_EXC,2020,08,,LIST
/pdet/microdados/NOVO CAGED/2020/202008/CAGEDFOR202008.7z,/pdet/microdados/NOVO CAGED/2020/202008,CAGEDFOR202008.7z,7z,1410527,06-08-26 02:55PM,NOVO_CAGED_FOR,2020,08,,LIST
/pdet/microdados/NOVO CAGED/2020/202008/CAGEDMOV202008.7z,/pdet/microdados/NOVO CAGED/2020/202008,CAGEDMOV202008.7z,7z,28769169,06-08-26 02:55PM,NOVO_CAGED_MOV,2020,08,,LIST
/pdet/microdados/NOVO CAGED/2020/202009/CAGEDEXC202009.7z,/pdet/microdados/NOVO CAGED/2020/202009,CAGEDEXC202009.7z,7z,46462,06-08-26 02:58PM,NOVO_CAGED_EXC,2020,09,,LIST
/pdet/microdados/NOVO CAGED/2020/202009/CAGEDFOR202009.7z,/pdet/microdados/NOVO CAGED/2020/202009,CAGEDFOR202009.7z,7z,1305742,06-08-26 02:58PM,NOVO_CAGED_FOR,2020,09,,LIST
/pdet/microdados/NOVO CAGED/2020/202009/CAGEDMOV202009.7z,/pdet/microdados/NOVO CAGED/2020/202009,CAGEDMOV202009.7z,7z,31561459,06-08-26 02:58PM,NOVO_CAGED_MOV,2020,09,,LIST
/pdet/microdados/NOVO CAGED/2020/202010/CAGEDEXC202010.7z,/pdet/microdados/NOVO CAGED/2020/202010,CAGEDEXC202010.7z,7z,40317,06-08-26 03:01PM,NOVO_CAGED_EXC,2020,10,,LIST
/pdet/microdados/NOVO CAGED/2020/202010/CAGEDFOR202010.7z,/pdet/microdados/NOVO CAGED/2020/202010,CAGEDFOR202010.7z,7z,1375661,06-08-26 03:01PM,NOVO_CAGED_FOR,2020,10,,LIST
/pdet/microdados/NOVO CAGED/2020/202010/CAGEDMOV202010.7z,/pdet/microdados/NOVO CAGED/2020/202010,CAGEDMOV202010.7z,7z,34833979,06-08-26 03:01PM,NOVO_CAGED_MOV,2020,10,,LIST
/pdet/microdados/NOVO CAGED/2020/202011/CAGEDEXC202011.7z,/pdet/microdados/NOVO CAGED/2020/202011,CAGEDEXC202011.7z,7z,42344,06-08-26 03:15PM,NOVO_CAGED_EXC,2020,11,,LIST
/pdet/microdados/NOVO CAGED/2020/202011/CAGEDFOR202011.7z,/pdet/microdados/NOVO CAGED/2020/202011,CAGEDFOR202011.7z,7z,1472181,06-08-26 03:15PM,NOVO_CAGED_FOR,2020,11,,LIST
/pdet/microdados/NOVO CAGED/2020/202011/CAGEDMOV202011.7z,/pdet/microdados/NOVO CAGED/2020/202011,CAGEDMOV202011.7z,7z,33900067,06-08-26 03:15PM,NOVO_CAGED_MOV,2020,11,,LIST
/pdet/microdados/NOVO CAGED/2020/202012/CAGEDEXC202012.7z,/pdet/microdados/NOVO CAGED/2020/202012,CAGEDEXC202012.7z,7z,44591,06-08-26 03:17PM,NOVO_CAGED_EXC,2020,12,,LIST
/pdet/microdados/NOVO CAGED/2020/202012/CAGEDFOR202012.7z,/pdet/microdados/NOVO CAGED/2020/202012,CAGEDFOR202012.7z,7z,1766419,06-08-26 03:17PM,NOVO_CAGED_FOR,2020,12,,LIST
/pdet/microdados/NOVO CAGED/2020/202012/CAGEDMOV202012.7z,/pdet/microdados/NOVO CAGED/2020/202012,CAGEDMOV202012.7z,7z,32633265,06-08-26 03:17PM,NOVO_CAGED_MOV,2020,12,,LIST
/pdet/microdados/NOVO CAGED/2021/202101/CAGEDEXC202101.7z,/pdet/microdados/NOVO CAGED/2021/202101,CAGEDEXC202101.7z,7z,58957,06-08-26 03:26PM,NOVO_CAGED_EXC,2021,01,,LIST
/pdet/microdados/NOVO CAGED/2021/202101/CAGEDFOR202101.7z,/pdet/microdados/NOVO CAGED/2021/202101,CAGEDFOR202101.7z,7z,2038877,06-08-26 03:26PM,NOVO_CAGED_FOR,2021,01,,LIST
/pdet/microdados/NOVO CAGED/2021/202101/CAGEDMOV202101.7z,/pdet/microdados/NOVO CAGED/2021/202101,CAGEDMOV202101.7z,7z,36186193,06-08-26 03:26PM,NOVO_CAGED_MOV,2021,01,,LIST
/pdet/microdados/NOVO CAGED/2021/202102/CAGEDEXC202102.7z,/pdet/microdados/NOVO CAGED/2021/202102,CAGEDEXC202102.7z,7z,49538,06-08-26 03:28PM,NOVO_CAGED_EXC,2021,02,,LIST
/pdet/microdados/NOVO CAGED/2021/202102/CAGEDFOR202102.7z,/pdet/microdados/NOVO CAGED/2021/202102,CAGEDFOR202102.7z,7z,2225259,06-08-26 03:28PM,NOVO_CAGED_FOR,2021,02,,LIST
/pdet/microdados/NOVO CAGED/2021/202102/CAGEDMOV202102.7z,/pdet/microdados/NOVO CAGED/2021/202102,CAGEDMOV202102.7z,7z,38710316,06-08-26 03:28PM,NOVO_CAGED_MOV,2021,02,,LIST
/pdet/microdados/NOVO CAGED/2021/202103/CAGEDEXC202103.7z,/pdet/microdados/NOVO CAGED/2021/202103,CAGEDEXC202103.7z,7z,76550,06-08-26 03:33PM,NOVO_CAGED_EXC,2021,03,,LIST
/pdet/microdados/NOVO CAGED/2021/202103/CAGEDFOR202103.7z,/pdet/microdados/NOVO CAGED/2021/202103,CAGEDFOR202103.7z,7z,2455750,06-08-26 03:33PM,NOVO_CAGED_FOR,2021,03,,LIST
/pdet/microdados/NOVO CAGED/2021/202103/CAGEDMOV202103.7z,/pdet/microdados/NOVO CAGED/2021/202103,CAGEDMOV202103.7z,7z,39256619,06-08-26 03:33PM,NOVO_CAGED_MOV,2021,03,,LIST
/pdet/microdados/NOVO CAGED/2021/202104/CAGEDEXC202104.7z,/pdet/microdados/NOVO CAGED/2021/202104,CAGEDEXC202104.7z,7z,97937,06-08-26 03:35PM,NOVO_CAGED_EXC,2021,04,,LIST
/pdet/microdados/NOVO CAGED/2021/202104/CAGEDFOR202104.7z,/pdet/microdados/NOVO CAGED/2021/202104,CAGEDFOR202104.7z,7z,2712244,06-08-26 03:35PM,NOVO_CAGED_FOR,2021,04,,LIST
/pdet/microdados/NOVO CAGED/2021/202104/CAGEDMOV202104.7z,/pdet/microdados/NOVO CAGED/2021/202104,CAGEDMOV202104.7z,7z,34216378,06-08-26 03:35PM,NOVO_CAGED_MOV,2021,04,,LIST
/pdet/microdados/NOVO CAGED/2021/202105/CAGEDEXC202105.7z,/pdet/microdados/NOVO CAGED/2021/202105,CAGEDEXC202105.7z,7z,382728,06-08-26 03:36PM,NOVO_CAGED_EXC,2021,05,,LIST
/pdet/microdados/NOVO CAGED/2021/202105/CAGEDFOR202105.7z,/pdet/microdados/NOVO CAGED/2021/202105,CAGEDFOR202105.7z,7z,6371014,06-08-26 03:36PM,NOVO_CAGED_FOR,2021,05,,LIST
/pdet/microdados/NOVO CAGED/2021/202105/CAGEDMOV202105.7z,/pdet/microdados/NOVO CAGED/2021/202105,CAGEDMOV202105.7z,7z,36157691,06-08-26 03:36PM,NOVO_CAGED_MOV,2021,05,,LIST
/pdet/microdados/NOVO CAGED/2021/202106/CAGEDEXC202106.7z,/pdet/microdados/NOVO CAGED/2021/202106,CAGEDEXC202106.7z,7z,294813,06-08-26 03:39PM,NOVO_CAGED_EXC,2021,06,,LIST
/pdet/microdados/NOVO CAGED/2021/202106/CAGEDFOR202106.7z,/pdet/microdados/NOVO CAGED/2021/202106,CAGEDFOR202106.7z,7z,3658901,06-08-26 03:39PM,NOVO_CAGED_FOR,2021,06,,LIST
/pdet/microdados/NOVO CAGED/2021/202106/CAGEDMOV202106.7z,/pdet/microdados/NOVO CAGED/2021/202106,CAGEDMOV202106.7z,7z,37140243,06-08-26 03:39PM,NOVO_CAGED_MOV,2021,06,,LIST
/pdet/microdados/NOVO CAGED/2021/202107/CAGEDEXC202107.7z,/pdet/microdados/NOVO CAGED/2021/202107,CAGEDEXC202107.7z,7z,126169,06-08-26 03:41PM,NOVO_CAGED_EXC,2021,07,,LIST
/pdet/microdados/NOVO CAGED/2021/202107/CAGEDFOR202107.7z,/pdet/microdados/NOVO CAGED/2021/202107,CAGEDFOR202107.7z,7z,1946824,06-08-26 03:41PM,NOVO_CAGED_FOR,2021,07,,LIST
/pdet/microdados/NOVO CAGED/2021/202107/CAGEDMOV202107.7z,/pdet/microdados/NOVO CAGED/2021/202107,CAGEDMOV202107.7z,7z,38493488,06-08-26 03:41PM,NOVO_CAGED_MOV,2021,07,,LIST
/pdet/microdados/NOVO CAGED/2021/202108/CAGEDEXC202108.7z,/pdet/microdados/NOVO CAGED/2021/202108,CAGEDEXC202108.7z,7z,144842,06-08-26 03:43PM,NOVO_CAGED_EXC,2021,08,,LIST
/pdet/microdados/NOVO CAGED/2021/202108/CAGEDFOR202108.7z,/pdet/microdados/NOVO CAGED/2021/202108,CAGEDFOR202108.7z,7z,2774727,06-08-26 03:43PM,NOVO_CAGED_FOR,2021,08,,LIST
/pdet/microdados/NOVO CAGED/2021/202108/CAGEDMOV202108.7z,/pdet/microdados/NOVO CAGED/2021/202108,CAGEDMOV202108.7z,7z,41689836,06-08-26 03:43PM,NOVO_CAGED_MOV,2021,08,,LIST
/pdet/microdados/NOVO CAGED/2021/202109/CAGEDEXC202109.7z,/pdet/microdados/NOVO CAGED/2021/202109,CAGEDEXC202109.7z,7z,101268,06-08-26 03:47PM,NOVO_CAGED_EXC,2021,09,,LIST
/pdet/microdados/NOVO CAGED/2021/202109/CAGEDFOR202109.7z,/pdet/microdados/NOVO CAGED/2021/202109,CAGEDFOR202109.7z,7z,1797951,06-08-26 03:47PM,NOVO_CAGED_FOR,2021,09,,LIST
/pdet/microdados/NOVO CAGED/2021/202109/CAGEDMOV202109.7z,/pdet/microdados/NOVO CAGED/2021/202109,CAGEDMOV202109.7z,7z,41632850,06-08-26 03:47PM,NOVO_CAGED_MOV,2021,09,,LIST
/pdet/microdados/NOVO CAGED/2021/202110/Aviso 220131.txt,/pdet/microdados/NOVO CAGED/2021/202110,Aviso 220131.txt,txt,163,01-31-22 10:31AM,NOVO_CAGED_OUTRO,2021,,,LIST
/pdet/microdados/NOVO CAGED/2021/202110/CAGEDEXC202110.7z,/pdet/microdados/NOVO CAGED/2021/202110,CAGEDEXC202110.7z,7z,290899,06-08-26 03:49PM,NOVO_CAGED_EXC,2021,10,,LIST
/pdet/microdados/NOVO CAGED/2021/202110/CAGEDFOR202110.7z,/pdet/microdados/NOVO CAGED/2021/202110,CAGEDFOR202110.7z,7z,3485821,06-08-26 03:49PM,NOVO_CAGED_FOR,2021,10,,LIST
/pdet/microdados/NOVO CAGED/2021/202110/CAGEDMOV202110.7z,/pdet/microdados/NOVO CAGED/2021/202110,CAGEDMOV202110.7z,7z,41620849,06-08-26 03:49PM,NOVO_CAGED_MOV,2021,10,,LIST
/pdet/microdados/NOVO CAGED/2021/202111/Aviso 220131.txt,/pdet/microdados/NOVO CAGED/2021/202111,Aviso 220131.txt,txt,163,01-31-22 10:31AM,NOVO_CAGED_OUTRO,2021,,,LIST
/pdet/microdados/NOVO CAGED/2021/202111/CAGEDEXC202111.7z,/pdet/microdados/NOVO CAGED/2021/202111,CAGEDEXC202111.7z,7z,166944,06-08-26 03:51PM,NOVO_CAGED_EXC,2021,11,,LIST
/pdet/microdados/NOVO CAGED/2021/202111/CAGEDFOR202111.7z,/pdet/microdados/NOVO CAGED/2021/202111,CAGEDFOR202111.7z,7z,3566464,06-08-26 03:51PM,NOVO_CAGED_FOR,2021,11,,LIST
/pdet/microdados/NOVO CAGED/2021/202111/CAGEDMOV202111.7z,/pdet/microdados/NOVO CAGED/2021/202111,CAGEDMOV202111.7z,7z,40730397,06-08-26 03:51PM,NOVO_CAGED_MOV,2021,11,,LIST
/pdet/microdados/NOVO CAGED/2021/202112/Aviso 220131.txt,/pdet/microdados/NOVO CAGED/2021/202112,Aviso 220131.txt,txt,163,01-31-22 10:31AM,NOVO_CAGED_OUTRO,2021,,,LIST
/pdet/microdados/NOVO CAGED/2021/202112/CAGEDEXC202112.7z,/pdet/microdados/NOVO CAGED/2021/202112,CAGEDEXC202112.7z,7z,124948,06-08-26 03:52PM,NOVO_CAGED_EXC,2021,12,,LIST
/pdet/microdados/NOVO CAGED/2021/202112/CAGEDFOR202112.7z,/pdet/microdados/NOVO CAGED/2021/202112,CAGEDFOR202112.7z,7z,2925872,06-08-26 03:52PM,NOVO_CAGED_FOR,2021,12,,LIST
/pdet/microdados/NOVO CAGED/2021/202112/CAGEDMOV202112.7z,/pdet/microdados/NOVO CAGED/2021/202112,CAGEDMOV202112.7z,7z,39725730,06-08-26 03:52PM,NOVO_CAGED_MOV,2021,12,,LIST
/pdet/microdados/NOVO CAGED/2022/202201/CAGEDEXC202201.7z,/pdet/microdados/NOVO CAGED/2022/202201,CAGEDEXC202201.7z,7z,109749,06-08-26 03:55PM,NOVO_CAGED_EXC,2022,01,,LIST
/pdet/microdados/NOVO CAGED/2022/202201/CAGEDFOR202201.7z,/pdet/microdados/NOVO CAGED/2022/202201,CAGEDFOR202201.7z,7z,2015280,06-08-26 03:55PM,NOVO_CAGED_FOR,2022,01,,LIST
/pdet/microdados/NOVO CAGED/2022/202201/CAGEDMOV202201.7z,/pdet/microdados/NOVO CAGED/2022/202201,CAGEDMOV202201.7z,7z,43217451,06-08-26 03:55PM,NOVO_CAGED_MOV,2022,01,,LIST
/pdet/microdados/NOVO CAGED/2022/202202/CAGEDEXC202202.7z,/pdet/microdados/NOVO CAGED/2022/202202,CAGEDEXC202202.7z,7z,115755,06-08-26 03:57PM,NOVO_CAGED_EXC,2022,02,,LIST
/pdet/microdados/NOVO CAGED/2022/202202/CAGEDFOR202202.7z,/pdet/microdados/NOVO CAGED/2022/202202,CAGEDFOR202202.7z,7z,1777602,06-08-26 03:57PM,NOVO_CAGED_FOR,2022,02,,LIST
/pdet/microdados/NOVO CAGED/2022/202202/CAGEDMOV202202.7z,/pdet/microdados/NOVO CAGED/2022/202202,CAGEDMOV202202.7z,7z,47209395,06-08-26 03:57PM,NOVO_CAGED_MOV,2022,02,,LIST
/pdet/microdados/NOVO CAGED/2022/202203/CAGEDEXC202203.7z,/pdet/microdados/NOVO CAGED/2022/202203,CAGEDEXC202203.7z,7z,110010,06-08-26 04:09PM,NOVO_CAGED_EXC,2022,03,,LIST
/pdet/microdados/NOVO CAGED/2022/202203/CAGEDFOR202203.7z,/pdet/microdados/NOVO CAGED/2022/202203,CAGEDFOR202203.7z,7z,1890410,06-08-26 04:09PM,NOVO_CAGED_FOR,2022,03,,LIST
/pdet/microdados/NOVO CAGED/2022/202203/CAGEDMOV202203.7z,/pdet/microdados/NOVO CAGED/2022/202203,CAGEDMOV202203.7z,7z,48101588,06-08-26 04:09PM,NOVO_CAGED_MOV,2022,03,,LIST
/pdet/microdados/NOVO CAGED/2022/202204/CAGEDEXC202204.7z,/pdet/microdados/NOVO CAGED/2022/202204,CAGEDEXC202204.7z,7z,93514,06-08-26 04:11PM,NOVO_CAGED_EXC,2022,04,,LIST
/pdet/microdados/NOVO CAGED/2022/202204/CAGEDFOR202204.7z,/pdet/microdados/NOVO CAGED/2022/202204,CAGEDFOR202204.7z,7z,1897736,06-08-26 04:11PM,NOVO_CAGED_FOR,2022,04,,LIST
/pdet/microdados/NOVO CAGED/2022/202204/CAGEDMOV202204.7z,/pdet/microdados/NOVO CAGED/2022/202204,CAGEDMOV202204.7z,7z,44867258,06-08-26 04:11PM,NOVO_CAGED_MOV,2022,04,,LIST
/pdet/microdados/NOVO CAGED/2022/202205/CAGEDEXC202205.7z,/pdet/microdados/NOVO CAGED/2022/202205,CAGEDEXC202205.7z,7z,87117,06-08-26 04:13PM,NOVO_CAGED_EXC,2022,05,,LIST
/pdet/microdados/NOVO CAGED/2022/202205/CAGEDFOR202205.7z,/pdet/microdados/NOVO CAGED/2022/202205,CAGEDFOR202205.7z,7z,513923,06-08-26 04:13PM,NOVO_CAGED_FOR,2022,05,,LIST
/pdet/microdados/NOVO CAGED/2022/202205/CAGEDMOV202205.7z,/pdet/microdados/NOVO CAGED/2022/202205,CAGEDMOV202205.7z,7z,46524124,06-08-26 04:13PM,NOVO_CAGED_MOV,2022,05,,LIST
/pdet/microdados/NOVO CAGED/2022/202206/CAGEDEXC202206.7z,/pdet/microdados/NOVO CAGED/2022/202206,CAGEDEXC202206.7z,7z,83126,06-08-26 04:17PM,NOVO_CAGED_EXC,2022,06,,LIST
/pdet/microdados/NOVO CAGED/2022/202206/CAGEDFOR202206.7z,/pdet/microdados/NOVO CAGED/2022/202206,CAGEDFOR202206.7z,7z,1167215,06-08-26 04:17PM,NOVO_CAGED_FOR,2022,06,,LIST
/pdet/microdados/NOVO CAGED/2022/202206/CAGEDMOV202206.7z,/pdet/microdados/NOVO CAGED/2022/202206,CAGEDMOV202206.7z,7z,44999866,06-08-26 04:17PM,NOVO_CAGED_MOV,2022,06,,LIST
/pdet/microdados/NOVO CAGED/2022/202207/CAGEDEXC202207.7z,/pdet/microdados/NOVO CAGED/2022/202207,CAGEDEXC202207.7z,7z,83399,06-09-26 09:15AM,NOVO_CAGED_EXC,2022,07,,LIST
/pdet/microdados/NOVO CAGED/2022/202207/CAGEDFOR202207.7z,/pdet/microdados/NOVO CAGED/2022/202207,CAGEDFOR202207.7z,7z,878601,06-09-26 09:15AM,NOVO_CAGED_FOR,2022,07,,LIST
/pdet/microdados/NOVO CAGED/2022/202207/CAGEDMOV202207.7z,/pdet/microdados/NOVO CAGED/2022/202207,CAGEDMOV202207.7z,7z,45429180,06-09-26 09:15AM,NOVO_CAGED_MOV,2022,07,,LIST
/pdet/microdados/NOVO CAGED/2022/202208/CAGEDEXC202208.7z,/pdet/microdados/NOVO CAGED/2022/202208,CAGEDEXC202208.7z,7z,74406,06-11-26 03:33PM,NOVO_CAGED_EXC,2022,08,,LIST
/pdet/microdados/NOVO CAGED/2022/202208/CAGEDFOR202208.7z,/pdet/microdados/NOVO CAGED/2022/202208,CAGEDFOR202208.7z,7z,1082886,06-11-26 03:33PM,NOVO_CAGED_FOR,2022,08,,LIST
/pdet/microdados/NOVO CAGED/2022/202208/CAGEDMOV202208.7z,/pdet/microdados/NOVO CAGED/2022/202208,CAGEDMOV202208.7z,7z,48975744,06-11-26 03:33PM,NOVO_CAGED_MOV,2022,08,,LIST
/pdet/microdados/NOVO CAGED/2022/202209/CAGEDEXC202209.7z,/pdet/microdados/NOVO CAGED/2022/202209,CAGEDEXC202209.7z,7z,79439,06-11-26 03:34PM,NOVO_CAGED_EXC,2022,09,,LIST
/pdet/microdados/NOVO CAGED/2022/202209/CAGEDFOR202209.7z,/pdet/microdados/NOVO CAGED/2022/202209,CAGEDFOR202209.7z,7z,694910,06-11-26 03:34PM,NOVO_CAGED_FOR,2022,09,,LIST
/pdet/microdados/NOVO CAGED/2022/202209/CAGEDMOV202209.7z,/pdet/microdados/NOVO CAGED/2022/202209,CAGEDMOV202209.7z,7z,45611759,06-11-26 03:34PM,NOVO_CAGED_MOV,2022,09,,LIST
/pdet/microdados/NOVO CAGED/2022/202210/CAGEDEXC202210.7z,/pdet/microdados/NOVO CAGED/2022/202210,CAGEDEXC202210.7z,7z,81823,06-11-26 03:36PM,NOVO_CAGED_EXC,2022,10,,LIST
/pdet/microdados/NOVO CAGED/2022/202210/CAGEDFOR202210.7z,/pdet/microdados/NOVO CAGED/2022/202210,CAGEDFOR202210.7z,7z,883978,06-11-26 03:36PM,NOVO_CAGED_FOR,2022,10,,LIST
/pdet/microdados/NOVO CAGED/2022/202210/CAGEDMOV202210.7z,/pdet/microdados/NOVO CAGED/2022/202210,CAGEDMOV202210.7z,7z,43580858,06-11-26 03:36PM,NOVO_CAGED_MOV,2022,10,,LIST
/pdet/microdados/NOVO CAGED/2022/202211/CAGEDEXC202211.7z,/pdet/microdados/NOVO CAGED/2022/202211,CAGEDEXC202211.7z,7z,84279,06-11-26 03:38PM,NOVO_CAGED_EXC,2022,11,,LIST
/pdet/microdados/NOVO CAGED/2022/202211/CAGEDFOR202211.7z,/pdet/microdados/NOVO CAGED/2022/202211,CAGEDFOR202211.7z,7z,840717,06-11-26 03:38PM,NOVO_CAGED_FOR,2022,11,,LIST
/pdet/microdados/NOVO CAGED/2022/202211/CAGEDMOV202211.7z,/pdet/microdados/NOVO CAGED/2022/202211,CAGEDMOV202211.7z,7z,42601431,06-11-26 03:38PM,NOVO_CAGED_MOV,2022,11,,LIST
/pdet/microdados/NOVO CAGED/2022/202212/CAGEDEXC202212.7z,/pdet/microdados/NOVO CAGED/2022/202212,CAGEDEXC202212.7z,7z,90099,06-11-26 03:42PM,NOVO_CAGED_EXC,2022,12,,LIST
/pdet/microdados/NOVO CAGED/2022/202212/CAGEDFOR202212.7z,/pdet/microdados/NOVO CAGED/2022/202212,CAGEDFOR202212.7z,7z,849822,06-11-26 03:42PM,NOVO_CAGED_FOR,2022,12,,LIST
/pdet/microdados/NOVO CAGED/2022/202212/CAGEDMOV202212.7z,/pdet/microdados/NOVO CAGED/2022/202212,CAGEDMOV202212.7z,7z,40425035,06-11-26 03:42PM,NOVO_CAGED_MOV,2022,12,,LIST
/pdet/microdados/NOVO CAGED/2023/202301/CAGEDEXC202301.7z,/pdet/microdados/NOVO CAGED/2023/202301,CAGEDEXC202301.7z,7z,102254,06-11-26 03:45PM,NOVO_CAGED_EXC,2023,01,,LIST
/pdet/microdados/NOVO CAGED/2023/202301/CAGEDFOR202301.7z,/pdet/microdados/NOVO CAGED/2023/202301,CAGEDFOR202301.7z,7z,1016110,06-11-26 03:45PM,NOVO_CAGED_FOR,2023,01,,LIST
/pdet/microdados/NOVO CAGED/2023/202301/CAGEDMOV202301.7z,/pdet/microdados/NOVO CAGED/2023/202301,CAGEDMOV202301.7z,7z,46719858,06-11-26 03:45PM,NOVO_CAGED_MOV,2023,01,,LIST
/pdet/microdados/NOVO CAGED/2023/202302/CAGEDEXC202302.7z,/pdet/microdados/NOVO CAGED/2023/202302,CAGEDEXC202302.7z,7z,82080,06-11-26 03:46PM,NOVO_CAGED_EXC,2023,02,,LIST
/pdet/microdados/NOVO CAGED/2023/202302/CAGEDFOR202302.7z,/pdet/microdados/NOVO CAGED/2023/202302,CAGEDFOR202302.7z,7z,900906,06-11-26 03:46PM,NOVO_CAGED_FOR,2023,02,,LIST
/pdet/microdados/NOVO CAGED/2023/202302/CAGEDMOV202302.7z,/pdet/microdados/NOVO CAGED/2023/202302,CAGEDMOV202302.7z,7z,46755851,06-11-26 03:47PM,NOVO_CAGED_MOV,2023,02,,LIST
/pdet/microdados/NOVO CAGED/2023/202303/CAGEDEXC202303.7z,/pdet/microdados/NOVO CAGED/2023/202303,CAGEDEXC202303.7z,7z,107254,06-11-26 03:48PM,NOVO_CAGED_EXC,2023,03,,LIST
/pdet/microdados/NOVO CAGED/2023/202303/CAGEDFOR202303.7z,/pdet/microdados/NOVO CAGED/2023/202303,CAGEDFOR202303.7z,7z,787292,06-11-26 03:48PM,NOVO_CAGED_FOR,2023,03,,LIST
/pdet/microdados/NOVO CAGED/2023/202303/CAGEDMOV202303.7z,/pdet/microdados/NOVO CAGED/2023/202303,CAGEDMOV202303.7z,7z,52898207,06-11-26 03:48PM,NOVO_CAGED_MOV,2023,03,,LIST
/pdet/microdados/NOVO CAGED/2023/202304/CAGEDEXC202304.7z,/pdet/microdados/NOVO CAGED/2023/202304,CAGEDEXC202304.7z,7z,90599,06-11-26 03:55PM,NOVO_CAGED_EXC,2023,04,,LIST
/pdet/microdados/NOVO CAGED/2023/202304/CAGEDFOR202304.7z,/pdet/microdados/NOVO CAGED/2023/202304,CAGEDFOR202304.7z,7z,895379,06-11-26 03:55PM,NOVO_CAGED_FOR,2023,04,,LIST
/pdet/microdados/NOVO CAGED/2023/202304/CAGEDMOV202304.7z,/pdet/microdados/NOVO CAGED/2023/202304,CAGEDMOV202304.7z,7z,45282290,06-11-26 03:55PM,NOVO_CAGED_MOV,2023,04,,LIST
/pdet/microdados/NOVO CAGED/2023/202305/CAGEDEXC202305.7z,/pdet/microdados/NOVO CAGED/2023/202305,CAGEDEXC202305.7z,7z,109689,06-11-26 03:58PM,NOVO_CAGED_EXC,2023,05,,LIST
/pdet/microdados/NOVO CAGED/2023/202305/CAGEDFOR202305.7z,/pdet/microdados/NOVO CAGED/2023/202305,CAGEDFOR202305.7z,7z,960433,06-11-26 03:58PM,NOVO_CAGED_FOR,2023,05,,LIST
/pdet/microdados/NOVO CAGED/2023/202305/CAGEDMOV202305.7z,/pdet/microdados/NOVO CAGED/2023/202305,CAGEDMOV202305.7z,7z,49004467,06-11-26 03:58PM,NOVO_CAGED_MOV,2023,05,,LIST
/pdet/microdados/NOVO CAGED/2023/202306/CAGEDEXC202306.7z,/pdet/microdados/NOVO CAGED/2023/202306,CAGEDEXC202306.7z,7z,109477,06-12-26 02:47PM,NOVO_CAGED_EXC,2023,06,,LIST
/pdet/microdados/NOVO CAGED/2023/202306/CAGEDFOR202306.7z,/pdet/microdados/NOVO CAGED/2023/202306,CAGEDFOR202306.7z,7z,783722,06-12-26 02:47PM,NOVO_CAGED_FOR,2023,06,,LIST
/pdet/microdados/NOVO CAGED/2023/202306/CAGEDMOV202306.7z,/pdet/microdados/NOVO CAGED/2023/202306,CAGEDMOV202306.7z,7z,46886297,06-12-26 02:47PM,NOVO_CAGED_MOV,2023,06,,LIST
/pdet/microdados/NOVO CAGED/2023/202307/CAGEDEXC202307.7z,/pdet/microdados/NOVO CAGED/2023/202307,CAGEDEXC202307.7z,7z,101733,06-12-26 03:07PM,NOVO_CAGED_EXC,2023,07,,LIST
/pdet/microdados/NOVO CAGED/2023/202307/CAGEDFOR202307.7z,/pdet/microdados/NOVO CAGED/2023/202307,CAGEDFOR202307.7z,7z,764043,06-12-26 03:07PM,NOVO_CAGED_FOR,2023,07,,LIST
/pdet/microdados/NOVO CAGED/2023/202307/CAGEDMOV202307.7z,/pdet/microdados/NOVO CAGED/2023/202307,CAGEDMOV202307.7z,7z,46260497,06-12-26 03:07PM,NOVO_CAGED_MOV,2023,07,,LIST
/pdet/microdados/NOVO CAGED/2023/202308/CAGEDEXC202308.7z,/pdet/microdados/NOVO CAGED/2023/202308,CAGEDEXC202308.7z,7z,98717,06-12-26 03:08PM,NOVO_CAGED_EXC,2023,08,,LIST
/pdet/microdados/NOVO CAGED/2023/202308/CAGEDFOR202308.7z,/pdet/microdados/NOVO CAGED/2023/202308,CAGEDFOR202308.7z,7z,621330,06-12-26 03:08PM,NOVO_CAGED_FOR,2023,08,,LIST
/pdet/microdados/NOVO CAGED/2023/202308/CAGEDMOV202308.7z,/pdet/microdados/NOVO CAGED/2023/202308,CAGEDMOV202308.7z,7z,50031370,06-12-26 03:08PM,NOVO_CAGED_MOV,2023,08,,LIST
/pdet/microdados/NOVO CAGED/2023/202309/CAGEDEXC202309.7z,/pdet/microdados/NOVO CAGED/2023/202309,CAGEDEXC202309.7z,7z,95591,06-12-26 03:12PM,NOVO_CAGED_EXC,2023,09,,LIST
/pdet/microdados/NOVO CAGED/2023/202309/CAGEDFOR202309.7z,/pdet/microdados/NOVO CAGED/2023/202309,CAGEDFOR202309.7z,7z,509217,06-12-26 03:12PM,NOVO_CAGED_FOR,2023,09,,LIST
/pdet/microdados/NOVO CAGED/2023/202309/CAGEDMOV202309.7z,/pdet/microdados/NOVO CAGED/2023/202309,CAGEDMOV202309.7z,7z,45365331,06-12-26 03:12PM,NOVO_CAGED_MOV,2023,09,,LIST
/pdet/microdados/NOVO CAGED/2023/202310/CAGEDEXC202310.7z,/pdet/microdados/NOVO CAGED/2023/202310,CAGEDEXC202310.7z,7z,111626,06-12-26 03:13PM,NOVO_CAGED_EXC,2023,10,,LIST
/pdet/microdados/NOVO CAGED/2023/202310/CAGEDFOR202310.7z,/pdet/microdados/NOVO CAGED/2023/202310,CAGEDFOR202310.7z,7z,824791,06-12-26 03:13PM,NOVO_CAGED_FOR,2023,10,,LIST
/pdet/microdados/NOVO CAGED/2023/202310/CAGEDMOV202310.7z,/pdet/microdados/NOVO CAGED/2023/202310,CAGEDMOV202310.7z,7z,46890697,06-12-26 03:13PM,NOVO_CAGED_MOV,2023,10,,LIST
/pdet/microdados/NOVO CAGED/2023/202311/CAGEDEXC202311.7z,/pdet/microdados/NOVO CAGED/2023/202311,CAGEDEXC202311.7z,7z,100584,06-12-26 03:15PM,NOVO_CAGED_EXC,2023,11,,LIST
/pdet/microdados/NOVO CAGED/2023/202311/CAGEDFOR202311.7z,/pdet/microdados/NOVO CAGED/2023/202311,CAGEDFOR202311.7z,7z,722655,06-12-26 03:15PM,NOVO_CAGED_FOR,2023,11,,LIST
/pdet/microdados/NOVO CAGED/2023/202311/CAGEDMOV202311.7z,/pdet/microdados/NOVO CAGED/2023/202311,CAGEDMOV202311.7z,7z,45657398,06-12-26 03:15PM,NOVO_CAGED_MOV,2023,11,,LIST
/pdet/microdados/NOVO CAGED/2023/202312/CAGEDEXC202312.7z,/pdet/microdados/NOVO CAGED/2023/202312,CAGEDEXC202312.7z,7z,96710,06-12-26 03:16PM,NOVO_CAGED_EXC,2023,12,,LIST
/pdet/microdados/NOVO CAGED/2023/202312/CAGEDFOR202312.7z,/pdet/microdados/NOVO CAGED/2023/202312,CAGEDFOR202312.7z,7z,588448,06-12-26 03:16PM,NOVO_CAGED_FOR,2023,12,,LIST
/pdet/microdados/NOVO CAGED/2023/202312/CAGEDMOV202312.7z,/pdet/microdados/NOVO CAGED/2023/202312,CAGEDMOV202312.7z,7z,43449338,06-12-26 03:17PM,NOVO_CAGED_MOV,2023,12,,LIST
/pdet/microdados/NOVO CAGED/2024/202401/CAGEDEXC202401.7z,/pdet/microdados/NOVO CAGED/2024/202401,CAGEDEXC202401.7z,7z,93559,06-12-26 03:19PM,NOVO_CAGED_EXC,2024,01,,LIST
/pdet/microdados/NOVO CAGED/2024/202401/CAGEDFOR202401.7z,/pdet/microdados/NOVO CAGED/2024/202401,CAGEDFOR202401.7z,7z,574052,06-12-26 03:19PM,NOVO_CAGED_FOR,2024,01,,LIST
/pdet/microdados/NOVO CAGED/2024/202401/CAGEDMOV202401.7z,/pdet/microdados/NOVO CAGED/2024/202401,CAGEDMOV202401.7z,7z,50252445,06-12-26 03:19PM,NOVO_CAGED_MOV,2024,01,,LIST
/pdet/microdados/NOVO CAGED/2024/202402/CAGEDEXC202402.7z,/pdet/microdados/NOVO CAGED/2024/202402,CAGEDEXC202402.7z,7z,102846,06-12-26 03:21PM,NOVO_CAGED_EXC,2024,02,,LIST
/pdet/microdados/NOVO CAGED/2024/202402/CAGEDFOR202402.7z,/pdet/microdados/NOVO CAGED/2024/202402,CAGEDFOR202402.7z,7z,1037816,06-12-26 03:21PM,NOVO_CAGED_FOR,2024,02,,LIST
/pdet/microdados/NOVO CAGED/2024/202402/CAGEDMOV202402.7z,/pdet/microdados/NOVO CAGED/2024/202402,CAGEDMOV202402.7z,7z,53343727,06-12-26 03:21PM,NOVO_CAGED_MOV,2024,02,,LIST
/pdet/microdados/NOVO CAGED/2024/202403/CAGEDEXC202403.7z,/pdet/microdados/NOVO CAGED/2024/202403,CAGEDEXC202403.7z,7z,116349,06-16-26 01:56PM,NOVO_CAGED_EXC,2024,03,,LIST
/pdet/microdados/NOVO CAGED/2024/202403/CAGEDFOR202403.7z,/pdet/microdados/NOVO CAGED/2024/202403,CAGEDFOR202403.7z,7z,665608,06-16-26 01:56PM,NOVO_CAGED_FOR,2024,03,,LIST
/pdet/microdados/NOVO CAGED/2024/202403/CAGEDMOV202403.7z,/pdet/microdados/NOVO CAGED/2024/202403,CAGEDMOV202403.7z,7z,54276556,06-16-26 01:56PM,NOVO_CAGED_MOV,2024,03,,LIST
/pdet/microdados/NOVO CAGED/2024/202404/CAGEDEXC202404.7z,/pdet/microdados/NOVO CAGED/2024/202404,CAGEDEXC202404.7z,7z,120261,06-16-26 01:59PM,NOVO_CAGED_EXC,2024,04,,LIST
/pdet/microdados/NOVO CAGED/2024/202404/CAGEDFOR202404.7z,/pdet/microdados/NOVO CAGED/2024/202404,CAGEDFOR202404.7z,7z,700503,06-16-26 01:59PM,NOVO_CAGED_FOR,2024,04,,LIST
/pdet/microdados/NOVO CAGED/2024/202404/CAGEDMOV202404.7z,/pdet/microdados/NOVO CAGED/2024/202404,CAGEDMOV202404.7z,7z,54334120,06-16-26 01:59PM,NOVO_CAGED_MOV,2024,04,,LIST
/pdet/microdados/NOVO CAGED/2024/202405/CAGEDEXC202405.7z,/pdet/microdados/NOVO CAGED/2024/202405,CAGEDEXC202405.7z,7z,122725,06-16-26 02:01PM,NOVO_CAGED_EXC,2024,05,,LIST
/pdet/microdados/NOVO CAGED/2024/202405/CAGEDFOR202405.7z,/pdet/microdados/NOVO CAGED/2024/202405,CAGEDFOR202405.7z,7z,618522,06-16-26 02:01PM,NOVO_CAGED_FOR,2024,05,,LIST
/pdet/microdados/NOVO CAGED/2024/202405/CAGEDMOV202405.7z,/pdet/microdados/NOVO CAGED/2024/202405,CAGEDMOV202405.7z,7z,52013075,06-16-26 02:01PM,NOVO_CAGED_MOV,2024,05,,LIST
/pdet/microdados/NOVO CAGED/2024/202406/CAGEDEXC202406.7z,/pdet/microdados/NOVO CAGED/2024/202406,CAGEDEXC202406.7z,7z,112635,06-16-26 02:03PM,NOVO_CAGED_EXC,2024,06,,LIST
/pdet/microdados/NOVO CAGED/2024/202406/CAGEDFOR202406.7z,/pdet/microdados/NOVO CAGED/2024/202406,CAGEDFOR202406.7z,7z,657045,06-16-26 02:03PM,NOVO_CAGED_FOR,2024,06,,LIST
/pdet/microdados/NOVO CAGED/2024/202406/CAGEDMOV202406.7z,/pdet/microdados/NOVO CAGED/2024/202406,CAGEDMOV202406.7z,7z,50057151,06-16-26 02:03PM,NOVO_CAGED_MOV,2024,06,,LIST
/pdet/microdados/NOVO CAGED/2024/202407/CAGEDEXC202407.7z,/pdet/microdados/NOVO CAGED/2024/202407,CAGEDEXC202407.7z,7z,109634,06-16-26 02:04PM,NOVO_CAGED_EXC,2024,07,,LIST
/pdet/microdados/NOVO CAGED/2024/202407/CAGEDFOR202407.7z,/pdet/microdados/NOVO CAGED/2024/202407,CAGEDFOR202407.7z,7z,588539,06-16-26 02:04PM,NOVO_CAGED_FOR,2024,07,,LIST
/pdet/microdados/NOVO CAGED/2024/202407/CAGEDMOV202407.7z,/pdet/microdados/NOVO CAGED/2024/202407,CAGEDMOV202407.7z,7z,53309299,06-16-26 02:04PM,NOVO_CAGED_MOV,2024,07,,LIST
/pdet/microdados/NOVO CAGED/2024/202408/CAGEDEXC202408.7z,/pdet/microdados/NOVO CAGED/2024/202408,CAGEDEXC202408.7z,7z,99861,06-16-26 02:05PM,NOVO_CAGED_EXC,2024,08,,LIST
/pdet/microdados/NOVO CAGED/2024/202408/CAGEDFOR202408.7z,/pdet/microdados/NOVO CAGED/2024/202408,CAGEDFOR202408.7z,7z,523329,06-16-26 02:05PM,NOVO_CAGED_FOR,2024,08,,LIST
/pdet/microdados/NOVO CAGED/2024/202408/CAGEDMOV202408.7z,/pdet/microdados/NOVO CAGED/2024/202408,CAGEDMOV202408.7z,7z,53870229,06-16-26 02:06PM,NOVO_CAGED_MOV,2024,08,,LIST
/pdet/microdados/NOVO CAGED/2024/202409/CAGEDEXC202409.7z,/pdet/microdados/NOVO CAGED/2024/202409,CAGEDEXC202409.7z,7z,104037,06-16-26 02:08PM,NOVO_CAGED_EXC,2024,09,,LIST
/pdet/microdados/NOVO CAGED/2024/202409/CAGEDFOR202409.7z,/pdet/microdados/NOVO CAGED/2024/202409,CAGEDFOR202409.7z,7z,586593,06-16-26 02:08PM,NOVO_CAGED_FOR,2024,09,,LIST
/pdet/microdados/NOVO CAGED/2024/202409/CAGEDMOV202409.7z,/pdet/microdados/NOVO CAGED/2024/202409,CAGEDMOV202409.7z,7z,51790288,06-16-26 02:08PM,NOVO_CAGED_MOV,2024,09,,LIST
/pdet/microdados/NOVO CAGED/2024/202410/CAGEDEXC202410.7z,/pdet/microdados/NOVO CAGED/2024/202410,CAGEDEXC202410.7z,7z,105951,06-16-26 02:09PM,NOVO_CAGED_EXC,2024,10,,LIST
/pdet/microdados/NOVO CAGED/2024/202410/CAGEDFOR202410.7z,/pdet/microdados/NOVO CAGED/2024/202410,CAGEDFOR202410.7z,7z,554962,06-16-26 02:09PM,NOVO_CAGED_FOR,2024,10,,LIST
/pdet/microdados/NOVO CAGED/2024/202410/CAGEDMOV202410.7z,/pdet/microdados/NOVO CAGED/2024/202410,CAGEDMOV202410.7z,7z,54686311,06-16-26 02:09PM,NOVO_CAGED_MOV,2024,10,,LIST
/pdet/microdados/NOVO CAGED/2024/202411/CAGEDEXC202411.7z,/pdet/microdados/NOVO CAGED/2024/202411,CAGEDEXC202411.7z,7z,88855,06-16-26 02:10PM,NOVO_CAGED_EXC,2024,11,,LIST
/pdet/microdados/NOVO CAGED/2024/202411/CAGEDFOR202411.7z,/pdet/microdados/NOVO CAGED/2024/202411,CAGEDFOR202411.7z,7z,455124,06-16-26 02:10PM,NOVO_CAGED_FOR,2024,11,,LIST
/pdet/microdados/NOVO CAGED/2024/202411/CAGEDMOV202411.7z,/pdet/microdados/NOVO CAGED/2024/202411,CAGEDMOV202411.7z,7z,48630492,06-16-26 02:10PM,NOVO_CAGED_MOV,2024,11,,LIST
/pdet/microdados/NOVO CAGED/2024/202412/CAGEDEXC202412.7z,/pdet/microdados/NOVO CAGED/2024/202412,CAGEDEXC202412.7z,7z,71107,06-16-26 02:11PM,NOVO_CAGED_EXC,2024,12,,LIST
/pdet/microdados/NOVO CAGED/2024/202412/CAGEDFOR202412.7z,/pdet/microdados/NOVO CAGED/2024/202412,CAGEDFOR202412.7z,7z,533176,06-16-26 02:11PM,NOVO_CAGED_FOR,2024,12,,LIST
/pdet/microdados/NOVO CAGED/2024/202412/CAGEDMOV202412.7z,/pdet/microdados/NOVO CAGED/2024/202412,CAGEDMOV202412.7z,7z,45136741,06-16-26 02:11PM,NOVO_CAGED_MOV,2024,12,,LIST
/pdet/microdados/NOVO CAGED/2025/202501/CAGEDEXC202501.7z,/pdet/microdados/NOVO CAGED/2025/202501,CAGEDEXC202501.7z,7z,104511,06-16-26 02:14PM,NOVO_CAGED_EXC,2025,01,,LIST
/pdet/microdados/NOVO CAGED/2025/202501/CAGEDFOR202501.7z,/pdet/microdados/NOVO CAGED/2025/202501,CAGEDFOR202501.7z,7z,544766,06-16-26 02:14PM,NOVO_CAGED_FOR,2025,01,,LIST
/pdet/microdados/NOVO CAGED/2025/202501/CAGEDMOV202501.7z,/pdet/microdados/NOVO CAGED/2025/202501,CAGEDMOV202501.7z,7z,55719173,06-16-26 02:14PM,NOVO_CAGED_MOV,2025,01,,LIST
/pdet/microdados/NOVO CAGED/2025/202502/CAGEDEXC202502.7z,/pdet/microdados/NOVO CAGED/2025/202502,CAGEDEXC202502.7z,7z,101816,06-16-26 02:15PM,NOVO_CAGED_EXC,2025,02,,LIST
/pdet/microdados/NOVO CAGED/2025/202502/CAGEDFOR202502.7z,/pdet/microdados/NOVO CAGED/2025/202502,CAGEDFOR202502.7z,7z,762643,06-16-26 02:15PM,NOVO_CAGED_FOR,2025,02,,LIST
/pdet/microdados/NOVO CAGED/2025/202502/CAGEDMOV202502.7z,/pdet/microdados/NOVO CAGED/2025/202502,CAGEDMOV202502.7z,7z,60011810,06-16-26 02:15PM,NOVO_CAGED_MOV,2025,02,,LIST
/pdet/microdados/NOVO CAGED/2025/202503/CAGEDEXC202503.7z,/pdet/microdados/NOVO CAGED/2025/202503,CAGEDEXC202503.7z,7z,142490,06-16-26 02:17PM,NOVO_CAGED_EXC,2025,03,,LIST
/pdet/microdados/NOVO CAGED/2025/202503/CAGEDFOR202503.7z,/pdet/microdados/NOVO CAGED/2025/202503,CAGEDFOR202503.7z,7z,858550,06-16-26 02:17PM,NOVO_CAGED_FOR,2025,03,,LIST
/pdet/microdados/NOVO CAGED/2025/202503/CAGEDMOV202503.7z,/pdet/microdados/NOVO CAGED/2025/202503,CAGEDMOV202503.7z,7z,55662990,06-16-26 02:18PM,NOVO_CAGED_MOV,2025,03,,LIST
/pdet/microdados/NOVO CAGED/2025/202504/CAGEDEXC202504.7z,/pdet/microdados/NOVO CAGED/2025/202504,CAGEDEXC202504.7z,7z,80318,06-16-26 02:19PM,NOVO_CAGED_EXC,2025,04,,LIST
/pdet/microdados/NOVO CAGED/2025/202504/CAGEDFOR202504.7z,/pdet/microdados/NOVO CAGED/2025/202504,CAGEDFOR202504.7z,7z,496301,06-16-26 02:19PM,NOVO_CAGED_FOR,2025,04,,LIST
/pdet/microdados/NOVO CAGED/2025/202504/CAGEDMOV202504.7z,/pdet/microdados/NOVO CAGED/2025/202504,CAGEDMOV202504.7z,7z,54571341,06-16-26 02:19PM,NOVO_CAGED_MOV,2025,04,,LIST
/pdet/microdados/NOVO CAGED/2025/202505/CAGEDEXC202505.7z,/pdet/microdados/NOVO CAGED/2025/202505,CAGEDEXC202505.7z,7z,168980,06-16-26 02:19PM,NOVO_CAGED_EXC,2025,05,,LIST
/pdet/microdados/NOVO CAGED/2025/202505/CAGEDFOR202505.7z,/pdet/microdados/NOVO CAGED/2025/202505,CAGEDFOR202505.7z,7z,1445949,06-16-26 02:19PM,NOVO_CAGED_FOR,2025,05,,LIST
/pdet/microdados/NOVO CAGED/2025/202505/CAGEDMOV202505.7z,/pdet/microdados/NOVO CAGED/2025/202505,CAGEDMOV202505.7z,7z,53785854,06-16-26 02:20PM,NOVO_CAGED_MOV,2025,05,,LIST
/pdet/microdados/NOVO CAGED/2025/202506/CAGEDEXC202506.7z,/pdet/microdados/NOVO CAGED/2025/202506,CAGEDEXC202506.7z,7z,105966,06-16-26 02:22PM,NOVO_CAGED_EXC,2025,06,,LIST
/pdet/microdados/NOVO CAGED/2025/202506/CAGEDFOR202506.7z,/pdet/microdados/NOVO CAGED/2025/202506,CAGEDFOR202506.7z,7z,667427,06-16-26 02:22PM,NOVO_CAGED_FOR,2025,06,,LIST
/pdet/microdados/NOVO CAGED/2025/202506/CAGEDMOV202506.7z,/pdet/microdados/NOVO CAGED/2025/202506,CAGEDMOV202506.7z,7z,50842824,06-16-26 02:22PM,NOVO_CAGED_MOV,2025,06,,LIST
/pdet/microdados/NOVO CAGED/2025/202507/CAGEDEXC202507.7z,/pdet/microdados/NOVO CAGED/2025/202507,CAGEDEXC202507.7z,7z,126064,06-16-26 02:24PM,NOVO_CAGED_EXC,2025,07,,LIST
/pdet/microdados/NOVO CAGED/2025/202507/CAGEDFOR202507.7z,/pdet/microdados/NOVO CAGED/2025/202507,CAGEDFOR202507.7z,7z,933977,06-16-26 02:24PM,NOVO_CAGED_FOR,2025,07,,LIST
/pdet/microdados/NOVO CAGED/2025/202507/CAGEDMOV202507.7z,/pdet/microdados/NOVO CAGED/2025/202507,CAGEDMOV202507.7z,7z,54073599,06-16-26 02:24PM,NOVO_CAGED_MOV,2025,07,,LIST
/pdet/microdados/NOVO CAGED/2025/202508/CAGEDEXC202508.7z,/pdet/microdados/NOVO CAGED/2025/202508,CAGEDEXC202508.7z,7z,111149,06-16-26 02:25PM,NOVO_CAGED_EXC,2025,08,,LIST
/pdet/microdados/NOVO CAGED/2025/202508/CAGEDFOR202508.7z,/pdet/microdados/NOVO CAGED/2025/202508,CAGEDFOR202508.7z,7z,561394,06-16-26 02:25PM,NOVO_CAGED_FOR,2025,08,,LIST
/pdet/microdados/NOVO CAGED/2025/202508/CAGEDMOV202508.7z,/pdet/microdados/NOVO CAGED/2025/202508,CAGEDMOV202508.7z,7z,53665905,06-16-26 02:25PM,NOVO_CAGED_MOV,2025,08,,LIST
/pdet/microdados/NOVO CAGED/2025/202509/CAGEDEXC202509.7z,/pdet/microdados/NOVO CAGED/2025/202509,CAGEDEXC202509.7z,7z,119675,06-16-26 02:27PM,NOVO_CAGED_EXC,2025,09,,LIST
/pdet/microdados/NOVO CAGED/2025/202509/CAGEDFOR202509.7z,/pdet/microdados/NOVO CAGED/2025/202509,CAGEDFOR202509.7z,7z,655984,06-16-26 02:27PM,NOVO_CAGED_FOR,2025,09,,LIST
/pdet/microdados/NOVO CAGED/2025/202509/CAGEDMOV202509.7z,/pdet/microdados/NOVO CAGED/2025/202509,CAGEDMOV202509.7z,7z,53975596,06-16-26 02:27PM,NOVO_CAGED_MOV,2025,09,,LIST
/pdet/microdados/NOVO CAGED/2025/202510/CAGEDEXC202510.7z,/pdet/microdados/NOVO CAGED/2025/202510,CAGEDEXC202510.7z,7z,125209,11-27-25 02:27PM,NOVO_CAGED_EXC,2025,10,,LIST
/pdet/microdados/NOVO CAGED/2025/202510/CAGEDFOR202510.7z,/pdet/microdados/NOVO CAGED/2025/202510,CAGEDFOR202510.7z,7z,490615,11-27-25 02:27PM,NOVO_CAGED_FOR,2025,10,,LIST
/pdet/microdados/NOVO CAGED/2025/202510/CAGEDMOV202510.7z,/pdet/microdados/NOVO CAGED/2025/202510,CAGEDMOV202510.7z,7z,54992736,11-27-25 02:27PM,NOVO_CAGED_MOV,2025,10,,LIST
/pdet/microdados/NOVO CAGED/2025/202511/CAGEDEXC202511.7z,/pdet/microdados/NOVO CAGED/2025/202511,CAGEDEXC202511.7z,7z,103360,06-16-26 02:48PM,NOVO_CAGED_EXC,2025,11,,LIST
/pdet/microdados/NOVO CAGED/2025/202511/CAGEDFOR202511.7z,/pdet/microdados/NOVO CAGED/2025/202511,CAGEDFOR202511.7z,7z,595004,06-16-26 02:48PM,NOVO_CAGED_FOR,2025,11,,LIST
/pdet/microdados/NOVO CAGED/2025/202511/CAGEDMOV202511.7z,/pdet/microdados/NOVO CAGED/2025/202511,CAGEDMOV202511.7z,7z,47598690,06-16-26 02:48PM,NOVO_CAGED_MOV,2025,11,,LIST
/pdet/microdados/NOVO CAGED/2025/202512/CAGEDEXC202512.7z,/pdet/microdados/NOVO CAGED/2025/202512,CAGEDEXC202512.7z,7z,92412,06-16-26 02:50PM,NOVO_CAGED_EXC,2025,12,,LIST
/pdet/microdados/NOVO CAGED/2025/202512/CAGEDFOR202512.7z,/pdet/microdados/NOVO CAGED/2025/202512,CAGEDFOR202512.7z,7z,543024,06-16-26 02:50PM,NOVO_CAGED_FOR,2025,12,,LIST
/pdet/microdados/NOVO CAGED/2025/202512/CAGEDMOV202512.7z,/pdet/microdados/NOVO CAGED/2025/202512,CAGEDMOV202512.7z,7z,44879645,06-16-26 02:50PM,NOVO_CAGED_MOV,2025,12,,LIST
/pdet/microdados/NOVO CAGED/2026/202601/CAGEDEXC202601.7z,/pdet/microdados/NOVO CAGED/2026/202601,CAGEDEXC202601.7z,7z,124303,06-16-26 02:51PM,NOVO_CAGED_EXC,2026,01,,LIST
/pdet/microdados/NOVO CAGED/2026/202601/CAGEDFOR202601.7z,/pdet/microdados/NOVO CAGED/2026/202601,CAGEDFOR202601.7z,7z,633384,06-16-26 02:51PM,NOVO_CAGED_FOR,2026,01,,LIST
/pdet/microdados/NOVO CAGED/2026/202601/CAGEDMOV202601.7z,/pdet/microdados/NOVO CAGED/2026/202601,CAGEDMOV202601.7z,7z,52965302,06-16-26 02:51PM,NOVO_CAGED_MOV,2026,01,,LIST
/pdet/microdados/NOVO CAGED/2026/202602/CAGEDEXC202602.7z,/pdet/microdados/NOVO CAGED/2026/202602,CAGEDEXC202602.7z,7z,137469,06-16-26 02:52PM,NOVO_CAGED_EXC,2026,02,,LIST
/pdet/microdados/NOVO CAGED/2026/202602/CAGEDFOR202602.7z,/pdet/microdados/NOVO CAGED/2026/202602,CAGEDFOR202602.7z,7z,945794,06-16-26 02:52PM,NOVO_CAGED_FOR,2026,02,,LIST
/pdet/microdados/NOVO CAGED/2026/202602/CAGEDMOV202602.7z,/pdet/microdados/NOVO CAGED/2026/202602,CAGEDMOV202602.7z,7z,55543328,06-16-26 02:52PM,NOVO_CAGED_MOV,2026,02,,LIST
/pdet/microdados/NOVO CAGED/2026/202603/CAGEDEXC202603.7z,/pdet/microdados/NOVO CAGED/2026/202603,CAGEDEXC202603.7z,7z,156026,06-16-26 02:53PM,NOVO_CAGED_EXC,2026,03,,LIST
/pdet/microdados/NOVO CAGED/2026/202603/CAGEDFOR202603.7z,/pdet/microdados/NOVO CAGED/2026/202603,CAGEDFOR202603.7z,7z,915687,06-16-26 02:53PM,NOVO_CAGED_FOR,2026,03,,LIST
/pdet/microdados/NOVO CAGED/2026/202603/CAGEDMOV202603.7z,/pdet/microdados/NOVO CAGED/2026/202603,CAGEDMOV202603.7z,7z,59393453,06-16-26 02:53PM,NOVO_CAGED_MOV,2026,03,,LIST
/pdet/microdados/NOVO CAGED/2026/202604/CAGEDEXC202604.7z,/pdet/microdados/NOVO CAGED/2026/202604,CAGEDEXC202604.7z,7z,140967,06-16-26 02:54PM,NOVO_CAGED_EXC,2026,04,,LIST
/pdet/microdados/NOVO CAGED/2026/202604/CAGEDFOR202604.7z,/pdet/microdados/NOVO CAGED/2026/202604,CAGEDFOR202604.7z,7z,783837,06-16-26 02:54PM,NOVO_CAGED_FOR,2026,04,,LIST
/pdet/microdados/NOVO CAGED/2026/202604/CAGEDMOV202604.7z,/pdet/microdados/NOVO CAGED/2026/202604,CAGEDMOV202604.7z,7z,54955632,06-16-26 02:54PM,NOVO_CAGED_MOV,2026,04,,LIST
/pdet/microdados/NOVO CAGED/2026/202605/CAGEDEXC202605.7z,/pdet/microdados/NOVO CAGED/2026/202605,CAGEDEXC202605.7z,7z,135734,06-30-26 02:21PM,NOVO_CAGED_EXC,2026,05,,LIST
/pdet/microdados/NOVO CAGED/2026/202605/CAGEDFOR202605.7z,/pdet/microdados/NOVO CAGED/2026/202605,CAGEDFOR202605.7z,7z,969575,06-30-26 02:21PM,NOVO_CAGED_FOR,2026,05,,LIST
/pdet/microdados/NOVO CAGED/2026/202605/CAGEDMOV202605.7z,/pdet/microdados/NOVO CAGED/2026/202605,CAGEDMOV202605.7z,7z,53576799,06-30-26 02:21PM,NOVO_CAGED_MOV,2026,05,,LIST
/pdet/microdados/NOVO CAGED/2026/202606/CAGEDEXC202606.7z,/pdet/microdados/NOVO CAGED/2026/202606,CAGEDEXC202606.7z,7z,121056,07-29-26 02:33PM,NOVO_CAGED_EXC,2026,06,,LIST
/pdet/microdados/NOVO CAGED/2026/202606/CAGEDFOR202606.7z,/pdet/microdados/NOVO CAGED/2026/202606,CAGEDFOR202606.7z,7z,801670,07-29-26 02:33PM,NOVO_CAGED_FOR,2026,06,,LIST
/pdet/microdados/NOVO CAGED/2026/202606/CAGEDMOV202606.7z,/pdet/microdados/NOVO CAGED/2026/202606,CAGEDMOV202606.7z,7z,53059747,07-29-26 02:33PM,NOVO_CAGED_MOV,2026,06,,LIST
/pdet/microdados/NOVO CAGED/2026/202607/CAGEDEXC202607.7z,/pdet/microdados/NOVO CAGED/2026/202607,CAGEDEXC202607.7z,7z,134779,08-28-26 02:31PM,NOVO_CAGED_EXC,2026,07,,LIST
/pdet/microdados/NOVO CAGED/2026/202607/CAGEDFOR202607.7z,/pdet/microdados/NOVO CAGED/2026/202607,CAGEDFOR202607.7z,7z,940069,08-28-26 02:31PM,NOVO_CAGED_FOR,2026,07,,LIST
/pdet/microdados/NOVO CAGED/2026/202607/CAGEDMOV202607.7z,/pdet/microdados/NOVO CAGED/2026/202607,CAGEDMOV202607.7z,7z,55197862,08-28-26 02:31PM,NOVO_CAGED_MOV,2026,07,,LIST
/pdet/microdados/NOVO CAGED/Legado/Estabelecimentos/Layout Novo Caged Estabelecimento.xlsx,/pdet/microdados/NOVO CAGED/Legado/Estabelecimentos,Layout Novo Caged Estabelecimento.xlsx,xlsx,201141,11-30-21 03:39PM,AUXILIAR_DOC,,,,LIST
/pdet/microdados/NOVO CAGED/Legado/Movimentações/Layout Novo Caged Movimentação.xlsx,/pdet/microdados/NOVO CAGED/Legado/Movimentações,Layout Novo Caged Movimentação.xlsx,xlsx,286018,11-30-21 03:49PM,AUXILIAR_DOC,,,,LIST
/pdet/microdados/RAIS/2019/Legado/RAIS_ESTAB_PUB.7z,/pdet/microdados/RAIS/2019/Legado,RAIS_ESTAB_PUB.7z,7z,97065392,11-30-21 05:17PM,RAIS_ESTAB,2019,,,LIST
/pdet/microdados/RAIS/2019/Legado/RAIS_VINC_PUB_CENTRO_OESTE.7z,/pdet/microdados/RAIS/2019/Legado,RAIS_VINC_PUB_CENTRO_OESTE.7z,7z,225891391,11-30-21 05:18PM,RAIS_VINCULOS,2019,,CENTRO_OESTE,LIST
/pdet/microdados/RAIS/2019/Legado/RAIS_VINC_PUB_MG_ES_RJ.7z,/pdet/microdados/RAIS/2019/Legado,RAIS_VINC_PUB_MG_ES_RJ.7z,7z,532591172,11-30-21 05:19PM,RAIS_VINCULOS,2019,,MG_ES_RJ,LIST
/pdet/microdados/RAIS/2019/Legado/RAIS_VINC_PUB_NORDESTE.7z,/pdet/microdados/RAIS/2019/Legado,RAIS_VINC_PUB_NORDESTE.7z,7z,386703705,11-30-21 05:19PM,RAIS_VINCULOS,2019,,NORDESTE,LIST
/pdet/microdados/RAIS/2019/Legado/RAIS_VINC_PUB_NORTE.7z,/pdet/microdados/RAIS/2019/Legado,RAIS_VINC_PUB_NORTE.7z,7z,124088897,11-30-21 05:20PM,RAIS_VINCULOS,2019,,NORTE,LIST
/pdet/microdados/RAIS/2019/Legado/RAIS_VINC_PUB_SP.7z,/pdet/microdados/RAIS/2019/Legado,RAIS_VINC_PUB_SP.7z,7z,806466317,11-30-21 05:21PM,RAIS_VINCULOS,2019,,SP,LIST
/pdet/microdados/RAIS/2019/Legado/RAIS_VINC_PUB_SUL.7z,/pdet/microdados/RAIS/2019/Legado,RAIS_VINC_PUB_SUL.7z,7z,504575213,11-30-21 05:22PM,RAIS_VINCULOS,2019,,SUL,LIST
/pdet/microdados/RAIS/2023/Legado/RAIS_ESTAB_PUB.7z,/pdet/microdados/RAIS/2023/Legado,RAIS_ESTAB_PUB.7z,7z,120943063,12-30-25 03:27PM,RAIS_ESTAB,2023,,,LIST
/pdet/microdados/RAIS/2023/Legado/RAIS_VINC_PUB_CENTRO_OESTE.7z,/pdet/microdados/RAIS/2023/Legado,RAIS_VINC_PUB_CENTRO_OESTE.7z,7z,306147200,12-30-25 03:29PM,RAIS_VINCULOS,2023,,CENTRO_OESTE,LIST
/pdet/microdados/RAIS/2023/Legado/RAIS_VINC_PUB_MG_ES_RJ.7z,/pdet/microdados/RAIS/2023/Legado,RAIS_VINC_PUB_MG_ES_RJ.7z,7z,677405053,12-30-25 03:33PM,RAIS_VINCULOS,2023,,MG_ES_RJ,LIST
/pdet/microdados/RAIS/2023/Legado/RAIS_VINC_PUB_NI.7z,/pdet/microdados/RAIS/2023/Legado,RAIS_VINC_PUB_NI.7z,7z,54672,12-30-25 03:33PM,RAIS_VINCULOS,2023,,,LIST
/pdet/microdados/RAIS/2023/Legado/RAIS_VINC_PUB_NORDESTE.7z,/pdet/microdados/RAIS/2023/Legado,RAIS_VINC_PUB_NORDESTE.7z,7z,513915990,12-30-25 03:35PM,RAIS_VINCULOS,2023,,NORDESTE,LIST
/pdet/microdados/RAIS/2023/Legado/RAIS_VINC_PUB_NORTE.7z,/pdet/microdados/RAIS/2023/Legado,RAIS_VINC_PUB_NORTE.7z,7z,170434810,12-30-25 03:35PM,RAIS_VINCULOS,2023,,NORTE,LIST
/pdet/microdados/RAIS/2023/Legado/RAIS_VINC_PUB_SP.7z,/pdet/microdados/RAIS/2023/Legado,RAIS_VINC_PUB_SP.7z,7z,999608329,12-30-25 03:39PM,RAIS_VINCULOS,2023,,SP,LIST
/pdet/microdados/RAIS/2023/Legado/RAIS_VINC_PUB_SUL.7z,/pdet/microdados/RAIS/2023/Legado,RAIS_VINC_PUB_SUL.7z,7z,648459916,12-30-25 03:42PM,RAIS_VINCULOS,2023,,SUL,LIST
/pdet/microdados/RAIS/Layouts/estabelecimento/10RAIS_estabelecimento_layout1999e2000.xls,/pdet/microdados/RAIS/Layouts/estabelecimento,10RAIS_estabelecimento_layout1999e2000.xls,xls,674304,05-11-18 01:24PM,AUXILIAR_DOC,2000,,,LIST
/pdet/microdados/RAIS/Layouts/estabelecimento/11RAIS_estabelecimento_layout2001.xls,/pdet/microdados/RAIS/Layouts/estabelecimento,11RAIS_estabelecimento_layout2001.xls,xls,675328,07-19-16 12:52PM,AUXILIAR_DOC,2001,,,LIST
/pdet/microdados/RAIS/Layouts/estabelecimento/12RAIS_estabelecimento_layout.2002a2013.xls,/pdet/microdados/RAIS/Layouts/estabelecimento,12RAIS_estabelecimento_layout.2002a2013.xls,xls,809472,07-19-16 12:52PM,AUXILIAR_DOC,2013,,,LIST
/pdet/microdados/RAIS/Layouts/estabelecimento/1RAIS_estabelecimento_layout1985A1989.xls,/pdet/microdados/RAIS/Layouts/estabelecimento,1RAIS_estabelecimento_layout1985A1989.xls,xls,605696,07-19-16 02:53PM,AUXILIAR_DOC,1989,,,LIST
/pdet/microdados/RAIS/Layouts/estabelecimento/2RAIS_estabelecimento_layout1990.xls,/pdet/microdados/RAIS/Layouts/estabelecimento,2RAIS_estabelecimento_layout1990.xls,xls,605184,07-19-16 02:53PM,AUXILIAR_DOC,1990,,,LIST
/pdet/microdados/RAIS/Layouts/estabelecimento/3RAIS_estabelecimento_layout1991e1992.xls,/pdet/microdados/RAIS/Layouts/estabelecimento,3RAIS_estabelecimento_layout1991e1992.xls,xls,605696,07-19-16 02:53PM,AUXILIAR_DOC,1992,,,LIST
/pdet/microdados/RAIS/Layouts/estabelecimento/4RAIS_estabelecimento_layout1993.xls,/pdet/microdados/RAIS/Layouts/estabelecimento,4RAIS_estabelecimento_layout1993.xls,xls,695808,07-19-16 02:53PM,AUXILIAR_DOC,1993,,,LIST
/pdet/microdados/RAIS/Layouts/estabelecimento/5RAIS_estabelecimento_layout1994.xls,/pdet/microdados/RAIS/Layouts/estabelecimento,5RAIS_estabelecimento_layout1994.xls,xls,697856,07-19-16 12:52PM,AUXILIAR_DOC,1994,,,LIST
/pdet/microdados/RAIS/Layouts/estabelecimento/6RAIS_estabelecimento_layout1995.xls,/pdet/microdados/RAIS/Layouts/estabelecimento,6RAIS_estabelecimento_layout1995.xls,xls,676864,07-19-16 12:52PM,AUXILIAR_DOC,1995,,,LIST
/pdet/microdados/RAIS/Layouts/estabelecimento/7RAIS_estabelecimento_layout1996.xls,/pdet/microdados/RAIS/Layouts/estabelecimento,7RAIS_estabelecimento_layout1996.xls,xls,676864,07-19-16 12:52PM,AUXILIAR_DOC,1996,,,LIST
/pdet/microdados/RAIS/Layouts/estabelecimento/8RAIS_estabelecimento_layout1997.xls,/pdet/microdados/RAIS/Layouts/estabelecimento,8RAIS_estabelecimento_layout1997.xls,xls,675840,07-19-16 12:52PM,AUXILIAR_DOC,1997,,,LIST
/pdet/microdados/RAIS/Layouts/estabelecimento/9RAIS_estabelecimento_layout1998.xls,/pdet/microdados/RAIS/Layouts/estabelecimento,9RAIS_estabelecimento_layout1998.xls,xls,676352,07-19-16 12:52PM,AUXILIAR_DOC,1998,,,LIST
/pdet/microdados/RAIS/Layouts/estabelecimento/RAIS_estabelecimento_layout2014a2017.xls,/pdet/microdados/RAIS/Layouts/estabelecimento,RAIS_estabelecimento_layout2014a2017.xls,xls,809984,09-28-18 03:25PM,AUXILIAR_DOC,2017,,,LIST
/pdet/microdados/RAIS/Layouts/estabelecimento/RAIS_estabelecimento_layout2018e2019.xls,/pdet/microdados/RAIS/Layouts/estabelecimento,RAIS_estabelecimento_layout2018e2019.xls,xls,809984,11-12-19 02:24PM,AUXILIAR_DOC,2019,,,LIST
/pdet/microdados/RAIS/Layouts/vínculos/RAIS_vinculos_layout.xls,/pdet/microdados/RAIS/Layouts/vínculos,RAIS_vinculos_layout.xls,xls,1031680,04-03-17 02:36PM,AUXILIAR_DOC,,,,LIST
/pdet/microdados/RAIS/Layouts/vínculos/RAIS_vinculos_layout1985a1993.xls,/pdet/microdados/RAIS/Layouts/vínculos,RAIS_vinculos_layout1985a1993.xls,xls,466432,07-19-16 12:54PM,AUXILIAR_DOC,1993,,,LIST
/pdet/microdados/RAIS/Layouts/vínculos/RAIS_vinculos_layout2015.xls,/pdet/microdados/RAIS/Layouts/vínculos,RAIS_vinculos_layout2015.xls,xls,1041920,04-03-17 02:36PM,AUXILIAR_DOC,2015,,,LIST
/pdet/microdados/RAIS/Layouts/vínculos/RAIS_vinculos_layout2016.xls,/pdet/microdados/RAIS/Layouts/vínculos,RAIS_vinculos_layout2016.xls,xls,1041920,10-10-17 05:05PM,AUXILIAR_DOC,2016,,,LIST
/pdet/microdados/RAIS/Layouts/vínculos/RAIS_vinculos_layout2017.xls,/pdet/microdados/RAIS/Layouts/vínculos,RAIS_vinculos_layout2017.xls,xls,1042944,09-28-18 03:24PM,AUXILIAR_DOC,2017,,,LIST
/pdet/microdados/RAIS/Layouts/vínculos/RAIS_vinculos_layout2018e2019.xls,/pdet/microdados/RAIS/Layouts/vínculos,RAIS_vinculos_layout2018e2019.xls,xls,1055232,02-17-21 11:12AM,AUXILIAR_DOC,2019,,,LIST
/pdet/microdados/RAIS/Layouts/vínculos/RAIS_vinculos_layout2020.xls,/pdet/microdados/RAIS/Layouts/vínculos,RAIS_vinculos_layout2020.xls,xls,1055744,03-24-22 11:12AM,AUXILIAR_DOC,2020,,,LIST
/pdet/microdados/CAGED/EEC/092018/TAXAROT/ADMINISTRACAO PUBLICA.XLS,/pdet/microdados/CAGED/EEC/092018/TAXAROT,ADMINISTRACAO PUBLICA.XLS,xls,26112,11-07-18 04:30PM,AUXILIAR_DOC,,,,LIST
/pdet/microdados/CAGED/EEC/092018/TAXAROT/AGROPECUARIA.XLS,/pdet/microdados/CAGED/EEC/092018/TAXAROT,AGROPECUARIA.XLS,xls,26112,11-07-18 04:30PM,AUXILIAR_DOC,,,,LIST
/pdet/microdados/CAGED/EEC/092018/TAXAROT/COMERCIO.XLS,/pdet/microdados/CAGED/EEC/092018/TAXAROT,COMERCIO.XLS,xls,26112,11-07-18 04:30PM,AUXILIAR_DOC,,,,LIST
/pdet/microdados/CAGED/EEC/092018/TAXAROT/CONSTRUCAO CIVIL.XLS,/pdet/microdados/CAGED/EEC/092018/TAXAROT,CONSTRUCAO CIVIL.XLS,xls,26112,11-07-18 04:30PM,AUXILIAR_DOC,,,,LIST
/pdet/microdados/CAGED/EEC/092018/TAXAROT/EXTRATIVA MINERAL.XLS,/pdet/microdados/CAGED/EEC/092018/TAXAROT,EXTRATIVA MINERAL.XLS,xls,26112,11-07-18 04:30PM,AUXILIAR_DOC,,,,LIST
/pdet/microdados/CAGED/EEC/092018/TAXAROT/INDUSTRIA DE TRANSFORMACAO.XLS,/pdet/microdados/CAGED/EEC/092018/TAXAROT,INDUSTRIA DE TRANSFORMACAO.XLS,xls,26112,11-07-18 04:30PM,AUXILIAR_DOC,,,,LIST
/pdet/microdados/CAGED/EEC/092018/TAXAROT/SERV INDUST DE UTIL PUBLICA.XLS,/pdet/microdados/CAGED/EEC/092018/TAXAROT,SERV INDUST DE UTIL PUBLICA.XLS,xls,26112,11-07-18 04:30PM,AUXILIAR_DOC,,,,LIST
/pdet/microdados/CAGED/EEC/092018/TAXAROT/SERVICOS.XLS,/pdet/microdados/CAGED/EEC/092018/TAXAROT,SERVICOS.XLS,xls,26112,11-07-18 04:30PM,AUXILIAR_DOC,,,,LIST
/pdet/microdados/CAGED/EEC/092018/TAXAROT/TaxaRot.XLS,/pdet/microdados/CAGED/EEC/092018/TAXAROT,TaxaRot.XLS,xls,25088,11-07-18 04:30PM,AUXILIAR_DOC,,,,LIST
/pdet/microdados/CAGED/EEC/092018/TAXAROT/TODAS AS ATIVIDADES.XLS,/pdet/microdados/CAGED/EEC/092018/TAXAROT,TODAS AS ATIVIDADES.XLS,xls,26112,11-07-18 04:30PM,AUXILIAR_DOC,,,,LIST
/pdet/microdados/CAGED/EEC/092018/SETOR/Brasil/BR.XLS,/pdet/microdados/CAGED/EEC/092018/SETOR/Brasil,BR.XLS,xls,19456,11-07-18 04:30PM,AUXILIAR_DOC,,,,LIST
/pdet/microdados/CAGED/EEC/092018/SETOR/RegiaoMetro/BELEM.XLS,/pdet/microdados/CAGED/EEC/092018/SETOR/RegiaoMetro,BELEM.XLS,xls,23552,11-07-18 04:41PM,AUXILIAR_DOC,,,,LIST
/pdet/microdados/CAGED/EEC/092018/SETOR/RegiaoMetro/BELO HORIZONTE.XLS,/pdet/microdados/CAGED/EEC/092018/SETOR/RegiaoMetro,BELO HORIZONTE.XLS,xls,19456,11-07-18 04:41PM,AUXILIAR_DOC,,,,LIST
/pdet/microdados/CAGED/EEC/092018/SETOR/RegiaoMetro/CURITIBA.XLS,/pdet/microdados/CAGED/EEC/092018/SETOR/RegiaoMetro,CURITIBA.XLS,xls,19456,11-07-18 04:41PM,AUXILIAR_DOC,,,,LIST
/pdet/microdados/CAGED/EEC/092018/SETOR/RegiaoMetro/FORTALEZA.XLS,/pdet/microdados/CAGED/EEC/092018/SETOR/RegiaoMetro,FORTALEZA.XLS,xls,19456,11-07-18 04:41PM,AUXILIAR_DOC,,,,LIST
/pdet/microdados/CAGED/EEC/092018/SETOR/RegiaoMetro/PORTO ALEGRE.XLS,/pdet/microdados/CAGED/EEC/092018/SETOR/RegiaoMetro,PORTO ALEGRE.XLS,xls,19456,11-07-18 04:41PM,AUXILIAR_DOC,,,,LIST
/pdet/microdados/CAGED/EEC/092018/SETOR/RegiaoMetro/RECIFE.XLS,/pdet/microdados/CAGED/EEC/092018/SETOR/RegiaoMetro,RECIFE.XLS,xls,23552,11-07-18 04:41PM,AUXILIAR_DOC,,,,LIST
/pdet/microdados/CAGED/EEC/092018/SETOR/RegiaoMetro/RIO DE JANEIRO.XLS,/pdet/microdados/CAGED/EEC/092018/SETOR/RegiaoMetro,RIO DE JANEIRO.XLS,xls,19456,11-07-18 04:41PM,AUXILIAR_DOC,,,,LIST
/pdet/microdados/CAGED/EEC/092018/SETOR/RegiaoMetro/SALVADOR.XLS,/pdet/microdados/CAGED/EEC/092018/SETOR/RegiaoMetro,SALVADOR.XLS,xls,19456,11-07-18 04:41PM,AUXILIAR_DOC,,,,LIST
/pdet/microdados/CAGED/EEC/092018/SETOR/RegiaoMetro/SAO PAULO.XLS,/pdet/microdados/CAGED/EEC/092018/SETOR/RegiaoMetro,SAO PAULO.XLS,xls,19456,11-07-18 04:41PM,AUXILIAR_DOC,,,,LIST
/pdet/microdados/CAGED/EEC/092018/SETOR/UF/AC.XLS,/pdet/microdados/CAGED/EEC/092018/SETOR/UF,AC.XLS,xls,19456,11-07-18 04:41PM,AUXILIAR_DOC,,,AC,LIST
/pdet/microdados/CAGED/EEC/092018/SETOR/UF/AL.XLS,/pdet/microdados/CAGED/EEC/092018/SETOR/UF,AL.XLS,xls,19456,11-07-18 04:41PM,AUXILIAR_DOC,,,AL,LIST
/pdet/microdados/CAGED/EEC/092018/SETOR/UF/AM.XLS,/pdet/microdados/CAGED/EEC/092018/SETOR/UF,AM.XLS,xls,23552,11-07-18 04:41PM,AUXILIAR_DOC,,,AM,LIST
/pdet/microdados/CAGED/EEC/092018/SETOR/UF/AP.XLS,/pdet/microdados/CAGED/EEC/092018/SETOR/UF,AP.XLS,xls,19456,11-07-18 04:41PM,AUXILIAR_DOC,,,AP,LIST
/pdet/microdados/CAGED/EEC/092018/SETOR/UF/BA.XLS,/pdet/microdados/CAGED/EEC/092018/SETOR/UF,BA.XLS,xls,19456,11-07-18 04:41PM,AUXILIAR_DOC,,,BA,LIST
/pdet/microdados/CAGED/EEC/092018/SETOR/UF/CE.XLS,/pdet/microdados/CAGED/EEC/092018/SETOR/UF,CE.XLS,xls,19456,11-07-18 04:41PM,AUXILIAR_DOC,,,CE,LIST
/pdet/microdados/CAGED/EEC/092018/SETOR/UF/DF.XLS,/pdet/microdados/CAGED/EEC/092018/SETOR/UF,DF.XLS,xls,19456,11-07-18 04:41PM,AUXILIAR_DOC,,,DF,LIST
/pdet/microdados/CAGED/EEC/092018/SETOR/UF/ES.XLS,/pdet/microdados/CAGED/EEC/092018/SETOR/UF,ES.XLS,xls,19456,11-07-18 04:41PM,AUXILIAR_DOC,,,ES,LIST
/pdet/microdados/CAGED/EEC/092018/SETOR/UF/GO.XLS,/pdet/microdados/CAGED/EEC/092018/SETOR/UF,GO.XLS,xls,19456,11-07-18 04:41PM,AUXILIAR_DOC,,,GO,LIST
/pdet/microdados/CAGED/EEC/092018/SETOR/UF/MA.XLS,/pdet/microdados/CAGED/EEC/092018/SETOR/UF,MA.XLS,xls,19456,11-07-18 04:41PM,AUXILIAR_DOC,,,MA,LIST
/pdet/microdados/CAGED/EEC/092018/SETOR/UF/MG.XLS,/pdet/microdados/CAGED/EEC/092018/SETOR/UF,MG.XLS,xls,19456,11-07-18 04:41PM,AUXILIAR_DOC,,,MG,LIST
/pdet/microdados/CAGED/EEC/092018/SETOR/UF/MS.XLS,/pdet/microdados/CAGED/EEC/092018/SETOR/UF,MS.XLS,xls,19456,11-07-18 04:41PM,AUXILIAR_DOC,,,MS,LIST
/pdet/microdados/CAGED/EEC/092018/SETOR/UF/MT.XLS,/pdet/microdados/CAGED/EEC/092018/SETOR/UF,MT.XLS,xls,19456,11-07-18 04:41PM,AUXILIAR_DOC,,,MT,LIST
/pdet/microdados/CAGED/EEC/092018/SETOR/UF/PA.XLS,/pdet/microdados/CAGED/EEC/092018/SETOR/UF,PA.XLS,xls,19456,11-07-18 04:41PM,AUXILIAR_DOC,,,PA,LIST
/pdet/microdados/CAGED/EEC/092018/SETOR/UF/PB.XLS,/pdet/microdados/CAGED/EEC/092018/SETOR/UF,PB.XLS,xls,19456,11-07-18 04:41PM,AUXILIAR_DOC,,,PB,LIST
/pdet/microdados/CAGED/EEC/092018/SETOR/UF/PE.XLS,/pdet/microdados/CAGED/EEC/092018/SETOR/UF,PE.XLS,xls,19456,11-07-18 04:41PM,AUXILIAR_DOC,,,PE,LIST
/pdet/microdados/CAGED/EEC/092018/SETOR/UF/PI.XLS,/pdet/microdados/CAGED/EEC/092018/SETOR/UF,PI.XLS,xls,19456,11-07-18 04:41PM,AUXILIAR_DOC,,,PI,LIST
/pdet/microdados/CAGED/EEC/092018/SETOR/UF/PR.XLS,/pdet/microdados/CAGED/EEC/092018/SETOR/UF,PR.XLS,xls,19456,11-07-18 04:41PM,AUXILIAR_DOC,,,PR,LIST
/pdet/microdados/CAGED/EEC/092018/SETOR/UF/RJ.XLS,/pdet/microdados/CAGED/EEC/092018/SETOR/UF,RJ.XLS,xls,19456,11-07-18 04:41PM,AUXILIAR_DOC,,,RJ,LIST
/pdet/microdados/CAGED/EEC/092018/SETOR/UF/RN.XLS,/pdet/microdados/CAGED/EEC/092018/SETOR/UF,RN.XLS,xls,19456,11-07-18 04:41PM,AUXILIAR_DOC,,,RN,LIST
/pdet/microdados/CAGED/EEC/092018/SETOR/UF/RO.XLS,/pdet/microdados/CAGED/EEC/092018/SETOR/UF,RO.XLS,xls,19456,11-07-18 04:41PM,AUXILIAR_DOC,,,RO,LIST
/pdet/microdados/CAGED/EEC/092018/SETOR/UF/RR.XLS,/pdet/microdados/CAGED/EEC/092018/SETOR/UF,RR.XLS,xls,19456,11-07-18 04:41PM,AUXILIAR_DOC,,,RR,LIST
/pdet/microdados/CAGED/EEC/092018/SETOR/UF/RS.XLS,/pdet/microdados/CAGED/EEC/092018/SETOR/UF,RS.XLS,xls,19456,11-07-18 04:41PM,AUXILIAR_DOC,,,RS,LIST
/pdet/microdados/CAGED/EEC/092018/SETOR/UF/SC.XLS,/pdet/microdados/CAGED/EEC/092018/SETOR/UF,SC.XLS,xls,19456,11-07-18 04:41PM,AUXILIAR_DOC,,,SC,LIST
/pdet/microdados/CAGED/EEC/092018/SETOR/UF/SE.XLS,/pdet/microdados/CAGED/EEC/092018/SETOR/UF,SE.XLS,xls,19456,11-07-18 04:41PM,AUXILIAR_DOC,,,SE,LIST
/pdet/microdados/CAGED/EEC/092018/SETOR/UF/SP.XLS,/pdet/microdados/CAGED/EEC/092018/SETOR/UF,SP.XLS,xls,19456,11-07-18 04:41PM,AUXILIAR_DOC,,,SP,LIST
/pdet/microdados/CAGED/EEC/092018/SETOR/UF/TO.XLS,/pdet/microdados/CAGED/EEC/092018/SETOR/UF,TO.XLS,xls,19456,11-07-18 04:41PM,AUXILIAR_DOC,,,TO,LIST
/pdet/microdados/CAGED/EEC/092018/SUBSET/Brasil/BR.XLS,/pdet/microdados/CAGED/EEC/092018/SUBSET/Brasil,BR.XLS,xls,25088,11-07-18 04:41PM,AUXILIAR_DOC,,,,LIST
/pdet/microdados/CAGED/EEC/092018/SUBSET/RegiaoMetro/BELEM.XLS,/pdet/microdados/CAGED/EEC/092018/SUBSET/RegiaoMetro,BELEM.XLS,xls,25088,11-07-18 04:41PM,AUXILIAR_DOC,,,,LIST
/pdet/microdados/CAGED/EEC/092018/SUBSET/RegiaoMetro/BELO HORIZONTE.XLS,/pdet/microdados/CAGED/EEC/092018/SUBSET/RegiaoMetro,BELO HORIZONTE.XLS,xls,25088,11-07-18 04:41PM,AUXILIAR_DOC,,,,LIST
/pdet/microdados/CAGED/EEC/092018/SUBSET/RegiaoMetro/CURITIBA.XLS,/pdet/microdados/CAGED/EEC/092018/SUBSET/RegiaoMetro,CURITIBA.XLS,xls,25088,11-07-18 04:41PM,AUXILIAR_DOC,,,,LIST
/pdet/microdados/CAGED/EEC/092018/SUBSET/RegiaoMetro/FORTALEZA.XLS,/pdet/microdados/CAGED/EEC/092018/SUBSET/RegiaoMetro,FORTALEZA.XLS,xls,25088,11-07-18 04:42PM,AUXILIAR_DOC,,,,LIST
/pdet/microdados/CAGED/EEC/092018/SUBSET/RegiaoMetro/PORTO ALEGRE.XLS,/pdet/microdados/CAGED/EEC/092018/SUBSET/RegiaoMetro,PORTO ALEGRE.XLS,xls,25088,11-07-18 04:42PM,AUXILIAR_DOC,,,,LIST
/pdet/microdados/CAGED/EEC/092018/SUBSET/RegiaoMetro/RECIFE.XLS,/pdet/microdados/CAGED/EEC/092018/SUBSET/RegiaoMetro,RECIFE.XLS,xls,29184,11-07-18 04:42PM,AUXILIAR_DOC,,,,LIST
/pdet/microdados/CAGED/EEC/092018/SUBSET/RegiaoMetro/RIO DE JANEIRO.XLS,/pdet/microdados/CAGED/EEC/092018/SUBSET/RegiaoMetro,RIO DE JANEIRO.XLS,xls,25088,11-07-18 04:42PM,AUXILIAR_DOC,,,,LIST
/pdet/microdados/CAGED/EEC/092018/SUBSET/RegiaoMetro/SALVADOR.XLS,/pdet/microdados/CAGED/EEC/092018/SUBSET/RegiaoMetro,SALVADOR.XLS,xls,25088,11-07-18 04:42PM,AUXILIAR_DOC,,,,LIST
/pdet/microdados/CAGED/EEC/092018/SUBSET/RegiaoMetro/SAO PAULO.XLS,/pdet/microdados/CAGED/EEC/092018/SUBSET/RegiaoMetro,SAO PAULO.XLS,xls,25088,11-07-18 04:42PM,AUXILIAR_DOC,,,,LIST
/pdet/microdados/CAGED/EEC/092018/SUBSET/UF/AC.XLS,/pdet/microdados/CAGED/EEC/092018/SUBSET/UF,AC.XLS,xls,25088,11-07-18 04:42PM,AUXILIAR_DOC,,,AC,LIST
/pdet/microdados/CAGED/EEC/092018/SUBSET/UF/AL.XLS,/pdet/microdados/CAGED/EEC/092018/SUBSET/UF,AL.XLS,xls,25088,11-07-18 04:42PM,AUXILIAR_DOC,,,AL,LIST
/pdet/microdados/CAGED/EEC/092018/SUBSET/UF/AM.XLS,/pdet/microdados/CAGED/EEC/092018/SUBSET/UF,AM.XLS,xls,25088,11-07-18 04:42PM,AUXILIAR_DOC,,,AM,LIST
/pdet/microdados/CAGED/EEC/092018/SUBSET/UF/AP.XLS,/pdet/microdados/CAGED/EEC/092018/SUBSET/UF,AP.XLS,xls,24576,11-07-18 04:42PM,AUXILIAR_DOC,,,AP,LIST
/pdet/microdados/CAGED/EEC/092018/SUBSET/UF/BA.XLS,/pdet/microdados/CAGED/EEC/092018/SUBSET/UF,BA.XLS,xls,25088,11-07-18 04:42PM,AUXILIAR_DOC,,,BA,LIST
/pdet/microdados/CAGED/EEC/092018/SUBSET/UF/CE.XLS,/pdet/microdados/CAGED/EEC/092018/SUBSET/UF,CE.XLS,xls,25088,11-07-18 04:42PM,AUXILIAR_DOC,,,CE,LIST
/pdet/microdados/CAGED/EEC/092018/SUBSET/UF/DF.XLS,/pdet/microdados/CAGED/EEC/092018/SUBSET/UF,DF.XLS,xls,25088,11-07-18 04:42PM,AUXILIAR_DOC,,,DF,LIST
/pdet/microdados/CAGED/EEC/092018/SUBSET/UF/ES.XLS,/pdet/microdados/CAGED/EEC/092018/SUBSET/UF,ES.XLS,xls,25088,11-07-18 04:42PM,AUXILIAR_DOC,,,ES,LIST
/pdet/microdados/CAGED/EEC/092018/SUBSET/UF/GO.XLS,/pdet/microdados/CAGED/EEC/092018/SUBSET/UF,GO.XLS,xls,25088,11-07-18 04:42PM,AUXILIAR_DOC,,,GO,LIST
/pdet/microdados/CAGED/EEC/092018/SUBSET/UF/MA.XLS,/pdet/microdados/CAGED/EEC/092018/SUBSET/UF,MA.XLS,xls,25088,11-07-18 04:42PM,AUXILIAR_DOC,,,MA,LIST
/pdet/microdados/CAGED/EEC/092018/SUBSET/UF/MG.XLS,/pdet/microdados/CAGED/EEC/092018/SUBSET/UF,MG.XLS,xls,25088,11-07-18 04:42PM,AUXILIAR_DOC,,,MG,LIST
/pdet/microdados/CAGED/EEC/092018/SUBSET/UF/MS.XLS,/pdet/microdados/CAGED/EEC/092018/SUBSET/UF,MS.XLS,xls,29184,11-07-18 04:42PM,AUXILIAR_DOC,,,MS,LIST
/pdet/microdados/CAGED/EEC/092018/SUBSET/UF/MT.XLS,/pdet/microdados/CAGED/EEC/092018/SUBSET/UF,MT.XLS,xls,25088,11-07-18 04:42PM,AUXILIAR_DOC,,,MT,LIST
/pdet/microdados/CAGED/EEC/092018/SUBSET/UF/PA.XLS,/pdet/microdados/CAGED/EEC/092018/SUBSET/UF,PA.XLS,xls,25088,11-07-18 04:42PM,AUXILIAR_DOC,,,PA,LIST
/pdet/microdados/CAGED/EEC/092018/SUBSET/UF/PB.XLS,/pdet/microdados/CAGED/EEC/092018/SUBSET/UF,PB.XLS,xls,25088,11-07-18 04:42PM,AUXILIAR_DOC,,,PB,LIST
/pdet/microdados/CAGED/EEC/092018/SUBSET/UF/PE.XLS,/pdet/microdados/CAGED/EEC/092018/SUBSET/UF,PE.XLS,xls,25088,11-07-18 04:42PM,AUXILIAR_DOC,,,PE,LIST
/pdet/microdados/CAGED/EEC/092018/SUBSET/UF/PI.XLS,/pdet/microdados/CAGED/EEC/092018/SUBSET/UF,PI.XLS,xls,25088,11-07-18 04:42PM,AUXILIAR_DOC,,,PI,LIST
/pdet/microdados/CAGED/EEC/092018/SUBSET/UF/PR.XLS,/pdet/microdados/CAGED/EEC/092018/SUBSET/UF,PR.XLS,xls,25088,11-07-18 04:42PM,AUXILIAR_DOC,,,PR,LIST
/pdet/microdados/CAGED/EEC/092018/SUBSET/UF/RJ.XLS,/pdet/microdados/CAGED/EEC/092018/SUBSET/UF,RJ.XLS,xls,25088,11-07-18 04:42PM,AUXILIAR_DOC,,,RJ,LIST
/pdet/microdados/CAGED/EEC/092018/SUBSET/UF/RN.XLS,/pdet/microdados/CAGED/EEC/092018/SUBSET/UF,RN.XLS,xls,25088,11-07-18 04:42PM,AUXILIAR_DOC,,,RN,LIST
/pdet/microdados/CAGED/EEC/092018/SUBSET/UF/RO.XLS,/pdet/microdados/CAGED/EEC/092018/SUBSET/UF,RO.XLS,xls,25088,11-07-18 04:42PM,AUXILIAR_DOC,,,RO,LIST
/pdet/microdados/CAGED/EEC/092018/SUBSET/UF/RR.XLS,/pdet/microdados/CAGED/EEC/092018/SUBSET/UF,RR.XLS,xls,25088,11-07-18 04:42PM,AUXILIAR_DOC,,,RR,LIST
/pdet/microdados/CAGED/EEC/092018/SUBSET/UF/RS.XLS,/pdet/microdados/CAGED/EEC/092018/SUBSET/UF,RS.XLS,xls,25088,11-07-18 04:42PM,AUXILIAR_DOC,,,RS,LIST
/pdet/microdados/CAGED/EEC/092018/SUBSET/UF/SC.XLS,/pdet/microdados/CAGED/EEC/092018/SUBSET/UF,SC.XLS,xls,25088,11-07-18 04:42PM,AUXILIAR_DOC,,,SC,LIST
/pdet/microdados/CAGED/EEC/092018/SUBSET/UF/SE.XLS,/pdet/microdados/CAGED/EEC/092018/SUBSET/UF,SE.XLS,xls,25088,11-07-18 04:42PM,AUXILIAR_DOC,,,SE,LIST
/pdet/microdados/CAGED/EEC/092018/SUBSET/UF/SP.XLS,/pdet/microdados/CAGED/EEC/092018/SUBSET/UF,SP.XLS,xls,25088,11-07-18 04:42PM,AUXILIAR_DOC,,,SP,LIST
/pdet/microdados/CAGED/EEC/092018/SUBSET/UF/TO.XLS,/pdet/microdados/CAGED/EEC/092018/SUBSET/UF,TO.XLS,xls,25088,11-07-18 04:42PM,AUXILIAR_DOC,,,TO,LIST
/pdet/microdados/NOVO CAGED/Legado/Estabelecimentos/2020/Abril/202001.7z,/pdet/microdados/NOVO CAGED/Legado/Estabelecimentos/2020/Abril,202001.7z,7z,3901216,11-30-21 03:37PM,NOVO_CAGED_OUTRO,2020,01,,LIST
/pdet/microdados/NOVO CAGED/Legado/Estabelecimentos/2020/Abril/202002.7z,/pdet/microdados/NOVO CAGED/Legado/Estabelecimentos/2020/Abril,202002.7z,7z,3911576,11-30-21 03:37PM,NOVO_CAGED_OUTRO,2020,02,,LIST
/pdet/microdados/NOVO CAGED/Legado/Estabelecimentos/2020/Abril/202003.7z,/pdet/microdados/NOVO CAGED/Legado/Estabelecimentos/2020/Abril,202003.7z,7z,3837797,11-30-21 03:37PM,NOVO_CAGED_OUTRO,2020,03,,LIST
/pdet/microdados/NOVO CAGED/Legado/Estabelecimentos/2020/Abril/202004.7z,/pdet/microdados/NOVO CAGED/Legado/Estabelecimentos/2020/Abril,202004.7z,7z,2653462,11-30-21 03:37PM,NOVO_CAGED_OUTRO,2020,04,,LIST
/pdet/microdados/NOVO CAGED/Legado/Estabelecimentos/2020/Abril/acumulado202004.7z,/pdet/microdados/NOVO CAGED/Legado/Estabelecimentos/2020/Abril,acumulado202004.7z,7z,14263090,11-30-21 03:37PM,NOVO_CAGED_OUTRO,2020,04,,LIST
/pdet/microdados/NOVO CAGED/Legado/Estabelecimentos/2020/Abril/Leia-me.pdf,/pdet/microdados/NOVO CAGED/Legado/Estabelecimentos/2020/Abril,Leia-me.pdf,pdf,71926,11-30-21 03:37PM,AUXILIAR_DOC,2020,,,LIST
/pdet/microdados/NOVO CAGED/Legado/Estabelecimentos/2020/Agosto/CAGEDESTAB202001.7z,/pdet/microdados/NOVO CAGED/Legado/Estabelecimentos/2020/Agosto,CAGEDESTAB202001.7z,7z,4329893,11-30-21 03:37PM,NOVO_CAGED_OUTRO,2020,01,,LIST
/pdet/microdados/NOVO CAGED/Legado/Estabelecimentos/2020/Agosto/CAGEDESTAB202002.7z,/pdet/microdados/NOVO CAGED/Legado/Estabelecimentos/2020/Agosto,CAGEDESTAB202002.7z,7z,4380716,11-30-21 03:37PM,NOVO_CAGED_OUTRO,2020,02,,LIST
/pdet/microdados/NOVO CAGED/Legado/Estabelecimentos/2020/Agosto/CAGEDESTAB202003.7z,/pdet/microdados/NOVO CAGED/Legado/Estabelecimentos/2020/Agosto,CAGEDESTAB202003.7z,7z,4357658,11-30-21 03:37PM,NOVO_CAGED_OUTRO,2020,03,,LIST
/pdet/microdados/NOVO CAGED/Legado/Estabelecimentos/2020/Agosto/CAGEDESTAB202004.7z,/pdet/microdados/NOVO CAGED/Legado/Estabelecimentos/2020/Agosto,CAGEDESTAB202004.7z,7z,3123302,11-30-21 03:37PM,NOVO_CAGED_OUTRO,2020,04,,LIST
/pdet/microdados/NOVO CAGED/Legado/Estabelecimentos/2020/Agosto/CAGEDESTAB202005.7z,/pdet/microdados/NOVO CAGED/Legado/Estabelecimentos/2020/Agosto,CAGEDESTAB202005.7z,7z,2693376,11-30-21 03:37PM,NOVO_CAGED_OUTRO,2020,05,,LIST
/pdet/microdados/NOVO CAGED/Legado/Estabelecimentos/2020/Agosto/CAGEDESTAB202006.7z,/pdet/microdados/NOVO CAGED/Legado/Estabelecimentos/2020/Agosto,CAGEDESTAB202006.7z,7z,2723625,11-30-21 03:37PM,NOVO_CAGED_OUTRO,2020,06,,LIST
/pdet/microdados/NOVO CAGED/Legado/Estabelecimentos/2020/Agosto/CAGEDESTAB202007.7z,/pdet/microdados/NOVO CAGED/Legado/Estabelecimentos/2020/Agosto,CAGEDESTAB202007.7z,7z,3014191,11-30-21 03:37PM,NOVO_CAGED_OUTRO,2020,07,,LIST
/pdet/microdados/NOVO CAGED/Legado/Estabelecimentos/2020/Agosto/CAGEDESTAB202008.7z,/pdet/microdados/NOVO CAGED/Legado/Estabelecimentos/2020/Agosto,CAGEDESTAB202008.7z,7z,3144574,11-30-21 03:37PM,NOVO_CAGED_OUTRO,2020,08,,LIST
/pdet/microdados/NOVO CAGED/Legado/Estabelecimentos/2020/Dezembro/CAGEDESTAB202001.7z,/pdet/microdados/NOVO CAGED/Legado/Estabelecimentos/2020/Dezembro,CAGEDESTAB202001.7z,7z,4363579,11-30-21 03:37PM,NOVO_CAGED_OUTRO,2020,01,,LIST
/pdet/microdados/NOVO CAGED/Legado/Estabelecimentos/2020/Dezembro/CAGEDESTAB202002.7z,/pdet/microdados/NOVO CAGED/Legado/Estabelecimentos/2020/Dezembro,CAGEDESTAB202002.7z,7z,4420949,11-30-21 03:37PM,NOVO_CAGED_OUTRO,2020,02,,LIST
/pdet/microdados/NOVO CAGED/Legado/Estabelecimentos/2020/Dezembro/CAGEDESTAB202003.7z,/pdet/microdados/NOVO CAGED/Legado/Estabelecimentos/2020/Dezembro,CAGEDESTAB202003.7z,7z,4410823,11-30-21 03:37PM,NOVO_CAGED_OUTRO,2020,03,,LIST
/pdet/microdados/NOVO CAGED/Legado/Estabelecimentos/2020/Dezembro/CAGEDESTAB202004.7z,/pdet/microdados/NOVO CAGED/Legado/Estabelecimentos/2020/Dezembro,CAGEDESTAB202004.7z,7z,3178286,11-30-21 03:37PM,NOVO_CAGED_OUTRO,2020,04,,LIST
/pdet/microdados/NOVO CAGED/Legado/Estabelecimentos/2020/Dezembro/CAGEDESTAB202005.7z,/pdet/microdados/NOVO CAGED/Legado/Estabelecimentos/2020/Dezembro,CAGEDESTAB202005.7z,7z,2743399,11-30-21 03:37PM,NOVO_CAGED_OUTRO,2020,05,,LIST
/pdet/microdados/NOVO CAGED/Legado/Estabelecimentos/2020/Dezembro/CAGEDESTAB202006.7z,/pdet/microdados/NOVO CAGED/Legado/Estabelecimentos/2020/Dezembro,CAGEDESTAB202006.7z,7z,2782426,11-30-21 03:37PM,NOVO_CAGED_OUTRO,2020,06,,LIST
/pdet/microdados/NOVO CAGED/Legado/Estabelecimentos/2020/Dezembro/CAGEDESTAB202007.7z,/pdet/microdados/NOVO CAGED/Legado/Estabelecimentos/2020/Dezembro,CAGEDESTAB202007.7z,7z,3099760,11-30-21 03:37PM,NOVO_CAGED_OUTRO,2020,07,,LIST
/pdet/microdados/NOVO CAGED/Legado/Estabelecimentos/2020/Dezembro/CAGEDESTAB202008.7z,/pdet/microdados/NOVO CAGED/Legado/Estabelecimentos/2020/Dezembro,CAGEDESTAB202008.7z,7z,3307810,11-30-21 03:37PM,NOVO_CAGED_OUTRO,2020,08,,LIST
/pdet/microdados/NOVO CAGED/Legado/Estabelecimentos/2020/Dezembro/CAGEDESTAB202009.7z,/pdet/microdados/NOVO CAGED/Legado/Estabelecimentos/2020/Dezembro,CAGEDESTAB202009.7z,7z,3531711,11-30-21 03:37PM,NOVO_CAGED_OUTRO,2020,09,,LIST
/pdet/microdados/NOVO CAGED/Legado/Estabelecimentos/2020/Dezembro/CAGEDESTAB202010.7z,/pdet/microdados/NOVO CAGED/Legado/Estabelecimentos/2020/Dezembro,CAGEDESTAB202010.7z,7z,3808160,11-30-21 03:37PM,NOVO_CAGED_OUTRO,2020,10,,LIST
/pdet/microdados/NOVO CAGED/Legado/Estabelecimentos/2020/Dezembro/CAGEDESTAB202011.7z,/pdet/microdados/NOVO CAGED/Legado/Estabelecimentos/2020/Dezembro,CAGEDESTAB202011.7z,7z,3648320,11-30-21 03:37PM,NOVO_CAGED_OUTRO,2020,11,,LIST
/pdet/microdados/NOVO CAGED/Legado/Estabelecimentos/2020/Dezembro/CAGEDESTAB202012.7z,/pdet/microdados/NOVO CAGED/Legado/Estabelecimentos/2020/Dezembro,CAGEDESTAB202012.7z,7z,3335156,11-30-21 03:37PM,NOVO_CAGED_OUTRO,2020,12,,LIST
/pdet/microdados/NOVO CAGED/Legado/Estabelecimentos/2020/Fevereiro/202001.7z,/pdet/microdados/NOVO CAGED/Legado/Estabelecimentos/2020/Fevereiro,202001.7z,7z,3815141,11-30-21 03:37PM,NOVO_CAGED_OUTRO,2020,01,,LIST
/pdet/microdados/NOVO CAGED/Legado/Estabelecimentos/2020/Fevereiro/202002.7z,/pdet/microdados/NOVO CAGED/Legado/Estabelecimentos/2020/Fevereiro,202002.7z,7z,3730917,11-30-21 03:37PM,NOVO_CAGED_OUTRO,2020,02,,LIST
/pdet/microdados/NOVO CAGED/Legado/Estabelecimentos/2020/Fevereiro/acumulado202002.7z,/pdet/microdados/NOVO CAGED/Legado/Estabelecimentos/2020/Fevereiro,acumulado202002.7z,7z,7516399,11-30-21 03:37PM,NOVO_CAGED_OUTRO,2020,02,,LIST
/pdet/microdados/NOVO CAGED/Legado/Estabelecimentos/2020/Fevereiro/Leia-me.pdf,/pdet/microdados/NOVO CAGED/Legado/Estabelecimentos/2020/Fevereiro,Leia-me.pdf,pdf,71931,11-30-21 03:37PM,AUXILIAR_DOC,2020,,,LIST
/pdet/microdados/NOVO CAGED/Legado/Estabelecimentos/2020/Janeiro/202001.7z,/pdet/microdados/NOVO CAGED/Legado/Estabelecimentos/2020/Janeiro,202001.7z,7z,3714189,11-30-21 03:37PM,NOVO_CAGED_OUTRO,2020,01,,LIST
/pdet/microdados/NOVO CAGED/Legado/Estabelecimentos/2020/Janeiro/Leia-me.pdf,/pdet/microdados/NOVO CAGED/Legado/Estabelecimentos/2020/Janeiro,Leia-me.pdf,pdf,64672,11-30-21 03:37PM,AUXILIAR_DOC,2020,,,LIST
/pdet/microdados/NOVO CAGED/Legado/Estabelecimentos/2020/Julho/CAGEDESTAB202001.7z,/pdet/microdados/NOVO CAGED/Legado/Estabelecimentos/2020/Julho,CAGEDESTAB202001.7z,7z,4316786,11-30-21 03:37PM,NOVO_CAGED_OUTRO,2020,01,,LIST
/pdet/microdados/NOVO CAGED/Legado/Estabelecimentos/2020/Julho/CAGEDESTAB202002.7z,/pdet/microdados/NOVO CAGED/Legado/Estabelecimentos/2020/Julho,CAGEDESTAB202002.7z,7z,4361847,11-30-21 03:37PM,NOVO_CAGED_OUTRO,2020,02,,LIST
/pdet/microdados/NOVO CAGED/Legado/Estabelecimentos/2020/Julho/CAGEDESTAB202003.7z,/pdet/microdados/NOVO CAGED/Legado/Estabelecimentos/2020/Julho,CAGEDESTAB202003.7z,7z,4332047,11-30-21 03:37PM,NOVO_CAGED_OUTRO,2020,03,,LIST
/pdet/microdados/NOVO CAGED/Legado/Estabelecimentos/2020/Julho/CAGEDESTAB202004.7z,/pdet/microdados/NOVO CAGED/Legado/Estabelecimentos/2020/Julho,CAGEDESTAB202004.7z,7z,3096201,11-30-21 03:37PM,NOVO_CAGED_OUTRO,2020,04,,LIST
/pdet/microdados/NOVO CAGED/Legado/Estabelecimentos/2020/Julho/CAGEDESTAB202005.7z,/pdet/microdados/NOVO CAGED/Legado/Estabelecimentos/2020/Julho,CAGEDESTAB202005.7z,7z,2667177,11-30-21 03:37PM,NOVO_CAGED_OUTRO,2020,05,,LIST
/pdet/microdados/NOVO CAGED/Legado/Estabelecimentos/2020/Julho/CAGEDESTAB202006.7z,/pdet/microdados/NOVO CAGED/Legado/Estabelecimentos/2020/Julho,CAGEDESTAB202006.7z,7z,2688035,11-30-21 03:37PM,NOVO_CAGED_OUTRO,2020,06,,LIST
/pdet/microdados/NOVO CAGED/Legado/Estabelecimentos/2020/Julho/CAGEDESTAB202007.7z,/pdet/microdados/NOVO CAGED/Legado/Estabelecimentos/2020/Julho,CAGEDESTAB202007.7z,7z,2917861,11-30-21 03:37PM,NOVO_CAGED_OUTRO,2020,07,,LIST
/pdet/microdados/NOVO CAGED/Legado/Estabelecimentos/2020/Junho/CAGEDESTAB202001.7z,/pdet/microdados/NOVO CAGED/Legado/Estabelecimentos/2020/Junho,CAGEDESTAB202001.7z,7z,4301179,11-30-21 03:37PM,NOVO_CAGED_OUTRO,2020,01,,LIST
/pdet/microdados/NOVO CAGED/Legado/Estabelecimentos/2020/Junho/CAGEDESTAB202002.7z,/pdet/microdados/NOVO CAGED/Legado/Estabelecimentos/2020/Junho,CAGEDESTAB202002.7z,7z,4338474,11-30-21 03:37PM,NOVO_CAGED_OUTRO,2020,02,,LIST
/pdet/microdados/NOVO CAGED/Legado/Estabelecimentos/2020/Junho/CAGEDESTAB202003.7z,/pdet/microdados/NOVO CAGED/Legado/Estabelecimentos/2020/Junho,CAGEDESTAB202003.7z,7z,4298863,11-30-21 03:37PM,NOVO_CAGED_OUTRO,2020,03,,LIST
/pdet/microdados/NOVO CAGED/Legado/Estabelecimentos/2020/Junho/CAGEDESTAB202004.7z,/pdet/microdados/NOVO CAGED/Legado/Estabelecimentos/2020/Junho,CAGEDESTAB202004.7z,7z,3058761,11-30-21 03:37PM,NOVO_CAGED_OUTRO,2020,04,,LIST
/pdet/microdados/NOVO CAGED/Legado/Estabelecimentos/2020/Junho/CAGEDESTAB202005.7z,/pdet/microdados/NOVO CAGED/Legado/Estabelecimentos/2020/Junho,CAGEDESTAB202005.7z,7z,2627639,11-30-21 03:37PM,NOVO_CAGED_OUTRO,2020,05,,LIST
/pdet/microdados/NOVO CAGED/Legado/Estabelecimentos/2020/Junho/CAGEDESTAB202006.7z,/pdet/microdados/NOVO CAGED/Legado/Estabelecimentos/2020/Junho,CAGEDESTAB202006.7z,7z,2604537,11-30-21 03:37PM,NOVO_CAGED_OUTRO,2020,06,,LIST
/pdet/microdados/NOVO CAGED/Legado/Estabelecimentos/2020/Maio/CAGEDESTAB202001.7z,/pdet/microdados/NOVO CAGED/Legado/Estabelecimentos/2020/Maio,CAGEDESTAB202001.7z,7z,3981476,11-30-21 03:37PM,NOVO_CAGED_OUTRO,2020,01,,LIST
/pdet/microdados/NOVO CAGED/Legado/Estabelecimentos/2020/Maio/CAGEDESTAB202002.7z,/pdet/microdados/NOVO CAGED/Legado/Estabelecimentos/2020/Maio,CAGEDESTAB202002.7z,7z,4005684,11-30-21 03:37PM,NOVO_CAGED_OUTRO,2020,02,,LIST
/pdet/microdados/NOVO CAGED/Legado/Estabelecimentos/2020/Maio/CAGEDESTAB202003.7z,/pdet/microdados/NOVO CAGED/Legado/Estabelecimentos/2020/Maio,CAGEDESTAB202003.7z,7z,3951932,11-30-21 03:37PM,NOVO_CAGED_OUTRO,2020,03,,LIST
/pdet/microdados/NOVO CAGED/Legado/Estabelecimentos/2020/Maio/CAGEDESTAB202004.7z,/pdet/microdados/NOVO CAGED/Legado/Estabelecimentos/2020/Maio,CAGEDESTAB202004.7z,7z,2780179,11-30-21 03:37PM,NOVO_CAGED_OUTRO,2020,04,,LIST
/pdet/microdados/NOVO CAGED/Legado/Estabelecimentos/2020/Maio/CAGEDESTAB202005.7z,/pdet/microdados/NOVO CAGED/Legado/Estabelecimentos/2020/Maio,CAGEDESTAB202005.7z,7z,2356845,11-30-21 03:37PM,NOVO_CAGED_OUTRO,2020,05,,LIST
/pdet/microdados/NOVO CAGED/Legado/Estabelecimentos/2020/Março/202001.7z,/pdet/microdados/NOVO CAGED/Legado/Estabelecimentos/2020/Março,202001.7z,7z,3860586,11-30-21 03:37PM,NOVO_CAGED_OUTRO,2020,01,,LIST
/pdet/microdados/NOVO CAGED/Legado/Estabelecimentos/2020/Março/202002.7z,/pdet/microdados/NOVO CAGED/Legado/Estabelecimentos/2020/Março,202002.7z,7z,3843062,11-30-21 03:37PM,NOVO_CAGED_OUTRO,2020,02,,LIST
/pdet/microdados/NOVO CAGED/Legado/Estabelecimentos/2020/Março/202003.7z,/pdet/microdados/NOVO CAGED/Legado/Estabelecimentos/2020/Março,202003.7z,7z,3654268,11-30-21 03:37PM,NOVO_CAGED_OUTRO,2020,03,,LIST
/pdet/microdados/NOVO CAGED/Legado/Estabelecimentos/2020/Março/acumulado202003.7z,/pdet/microdados/NOVO CAGED/Legado/Estabelecimentos/2020/Março,acumulado202003.7z,7z,11346787,11-30-21 03:37PM,NOVO_CAGED_OUTRO,2020,03,,LIST
/pdet/microdados/NOVO CAGED/Legado/Estabelecimentos/2020/Março/Leia-me.pdf,/pdet/microdados/NOVO CAGED/Legado/Estabelecimentos/2020/Março,Leia-me.pdf,pdf,71954,11-30-21 03:37PM,AUXILIAR_DOC,2020,,,LIST
/pdet/microdados/NOVO CAGED/Legado/Estabelecimentos/2020/Novembro/CAGEDESTAB202001.7z,/pdet/microdados/NOVO CAGED/Legado/Estabelecimentos/2020/Novembro,CAGEDESTAB202001.7z,7z,4352849,11-30-21 03:37PM,NOVO_CAGED_OUTRO,2020,01,,LIST
/pdet/microdados/NOVO CAGED/Legado/Estabelecimentos/2020/Novembro/CAGEDESTAB202002.7z,/pdet/microdados/NOVO CAGED/Legado/Estabelecimentos/2020/Novembro,CAGEDESTAB202002.7z,7z,4412241,11-30-21 03:37PM,NOVO_CAGED_OUTRO,2020,02,,LIST
/pdet/microdados/NOVO CAGED/Legado/Estabelecimentos/2020/Novembro/CAGEDESTAB202003.7z,/pdet/microdados/NOVO CAGED/Legado/Estabelecimentos/2020/Novembro,CAGEDESTAB202003.7z,7z,4400409,11-30-21 03:37PM,NOVO_CAGED_OUTRO,2020,03,,LIST
/pdet/microdados/NOVO CAGED/Legado/Estabelecimentos/2020/Novembro/CAGEDESTAB202004.7z,/pdet/microdados/NOVO CAGED/Legado/Estabelecimentos/2020/Novembro,CAGEDESTAB202004.7z,7z,3168222,11-30-21 03:37PM,NOVO_CAGED_OUTRO,2020,04,,LIST
/pdet/microdados/NOVO CAGED/Legado/Estabelecimentos/2020/Novembro/CAGEDESTAB202005.7z,/pdet/microdados/NOVO CAGED/Legado/Estabelecimentos/2020/Novembro,CAGEDESTAB202005.7z,7z,2734193,11-30-21 03:37PM,NOVO_CAGED_OUTRO,2020,05,,LIST
/pdet/microdados/NOVO CAGED/Legado/Estabelecimentos/2020/Novembro/CAGEDESTAB202006.7z,/pdet/microdados/NOVO CAGED/Legado/Estabelecimentos/2020/Novembro,CAGEDESTAB202006.7z,7z,2771892,11-30-21 03:37PM,NOVO_CAGED_OUTRO,2020,06,,LIST
/pdet/microdados/NOVO CAGED/Legado/Estabelecimentos/2020/Novembro/CAGEDESTAB202007.7z,/pdet/microdados/NOVO CAGED/Legado/Estabelecimentos/2020/Novembro,CAGEDESTAB202007.7z,7z,3085757,11-30-21 03:37PM,NOVO_CAGED_OUTRO,2020,07,,LIST
/pdet/microdados/NOVO CAGED/Legado/Estabelecimentos/2020/Novembro/CAGEDESTAB202008.7z,/pdet/microdados/NOVO CAGED/Legado/Estabelecimentos/2020/Novembro,CAGEDESTAB202008.7z,7z,3289301,11-30-21 03:37PM,NOVO_CAGED_OUTRO,2020,08,,LIST
/pdet/microdados/NOVO CAGED/Legado/Estabelecimentos/2020/Novembro/CAGEDESTAB202009.7z,/pdet/microdados/NOVO CAGED/Legado/Estabelecimentos/2020/Novembro,CAGEDESTAB202009.7z,7z,3506285,11-30-21 03:37PM,NOVO_CAGED_OUTRO,2020,09,,LIST
/pdet/microdados/NOVO CAGED/Legado/Estabelecimentos/2020/Novembro/CAGEDESTAB202010.7z,/pdet/microdados/NOVO CAGED/Legado/Estabelecimentos/2020/Novembro,CAGEDESTAB202010.7z,7z,3768506,11-30-21 03:37PM,NOVO_CAGED_OUTRO,2020,10,,LIST
/pdet/microdados/NOVO CAGED/Legado/Estabelecimentos/2020/Novembro/CAGEDESTAB202011.7z,/pdet/microdados/NOVO CAGED/Legado/Estabelecimentos/2020/Novembro,CAGEDESTAB202011.7z,7z,3543560,11-30-21 03:37PM,NOVO_CAGED_OUTRO,2020,11,,LIST
/pdet/microdados/NOVO CAGED/Legado/Estabelecimentos/2020/Outubro/CAGEDESTAB202001.7z,/pdet/microdados/NOVO CAGED/Legado/Estabelecimentos/2020/Outubro,CAGEDESTAB202001.7z,7z,4347208,11-30-21 03:37PM,NOVO_CAGED_OUTRO,2020,01,,LIST
/pdet/microdados/NOVO CAGED/Legado/Estabelecimentos/2020/Outubro/CAGEDESTAB202002.7z,/pdet/microdados/NOVO CAGED/Legado/Estabelecimentos/2020/Outubro,CAGEDESTAB202002.7z,7z,4403562,11-30-21 03:37PM,NOVO_CAGED_OUTRO,2020,02,,LIST
/pdet/microdados/NOVO CAGED/Legado/Estabelecimentos/2020/Outubro/CAGEDESTAB202003.7z,/pdet/microdados/NOVO CAGED/Legado/Estabelecimentos/2020/Outubro,CAGEDESTAB202003.7z,7z,4388414,11-30-21 03:37PM,NOVO_CAGED_OUTRO,2020,03,,LIST
/pdet/microdados/NOVO CAGED/Legado/Estabelecimentos/2020/Outubro/CAGEDESTAB202004.7z,/pdet/microdados/NOVO CAGED/Legado/Estabelecimentos/2020/Outubro,CAGEDESTAB202004.7z,7z,3155056,11-30-21 03:37PM,NOVO_CAGED_OUTRO,2020,04,,LIST
/pdet/microdados/NOVO CAGED/Legado/Estabelecimentos/2020/Outubro/CAGEDESTAB202005.7z,/pdet/microdados/NOVO CAGED/Legado/Estabelecimentos/2020/Outubro,CAGEDESTAB202005.7z,7z,2722674,11-30-21 03:37PM,NOVO_CAGED_OUTRO,2020,05,,LIST
/pdet/microdados/NOVO CAGED/Legado/Estabelecimentos/2020/Outubro/CAGEDESTAB202006.7z,/pdet/microdados/NOVO CAGED/Legado/Estabelecimentos/2020/Outubro,CAGEDESTAB202006.7z,7z,2761358,11-30-21 03:37PM,NOVO_CAGED_OUTRO,2020,06,,LIST
/pdet/microdados/NOVO CAGED/Legado/Estabelecimentos/2020/Outubro/CAGEDESTAB202007.7z,/pdet/microdados/NOVO CAGED/Legado/Estabelecimentos/2020/Outubro,CAGEDESTAB202007.7z,7z,3068799,11-30-21 03:37PM,NOVO_CAGED_OUTRO,2020,07,,LIST
/pdet/microdados/NOVO CAGED/Legado/Estabelecimentos/2020/Outubro/CAGEDESTAB202008.7z,/pdet/microdados/NOVO CAGED/Legado/Estabelecimentos/2020/Outubro,CAGEDESTAB202008.7z,7z,3265938,11-30-21 03:37PM,NOVO_CAGED_OUTRO,2020,08,,LIST
/pdet/microdados/NOVO CAGED/Legado/Estabelecimentos/2020/Outubro/CAGEDESTAB202009.7z,/pdet/microdados/NOVO CAGED/Legado/Estabelecimentos/2020/Outubro,CAGEDESTAB202009.7z,7z,3469145,11-30-21 03:37PM,NOVO_CAGED_OUTRO,2020,09,,LIST
/pdet/microdados/NOVO CAGED/Legado/Estabelecimentos/2020/Outubro/CAGEDESTAB202010.7z,/pdet/microdados/NOVO CAGED/Legado/Estabelecimentos/2020/Outubro,CAGEDESTAB202010.7z,7z,3683222,11-30-21 03:37PM,NOVO_CAGED_OUTRO,2020,10,,LIST
/pdet/microdados/NOVO CAGED/Legado/Estabelecimentos/2020/Setembro/CAGEDESTAB202001.7z,/pdet/microdados/NOVO CAGED/Legado/Estabelecimentos/2020/Setembro,CAGEDESTAB202001.7z,7z,4338800,11-30-21 03:37PM,NOVO_CAGED_OUTRO,2020,01,,LIST
/pdet/microdados/NOVO CAGED/Legado/Estabelecimentos/2020/Setembro/CAGEDESTAB202002.7z,/pdet/microdados/NOVO CAGED/Legado/Estabelecimentos/2020/Setembro,CAGEDESTAB202002.7z,7z,4391693,11-30-21 03:37PM,NOVO_CAGED_OUTRO,2020,02,,LIST
/pdet/microdados/NOVO CAGED/Legado/Estabelecimentos/2020/Setembro/CAGEDESTAB202003.7z,/pdet/microdados/NOVO CAGED/Legado/Estabelecimentos/2020/Setembro,CAGEDESTAB202003.7z,7z,4373257,11-30-21 03:37PM,NOVO_CAGED_OUTRO,2020,03,,LIST
/pdet/microdados/NOVO CAGED/Legado/Estabelecimentos/2020/Setembro/CAGEDESTAB202004.7z,/pdet/microdados/NOVO CAGED/Legado/Estabelecimentos/2020/Setembro,CAGEDESTAB202004.7z,7z,3140840,11-30-21 03:37PM,NOVO_CAGED_OUTRO,2020,04,,LIST
/pdet/microdados/NOVO CAGED/Legado/Estabelecimentos/2020/Setembro/CAGEDESTAB202005.7z,/pdet/microdados/NOVO CAGED/Legado/Estabelecimentos/2020/Setembro,CAGEDESTAB202005.7z,7z,2709112,11-30-21 03:37PM,NOVO_CAGED_OUTRO,2020,05,,LIST
/pdet/microdados/NOVO CAGED/Legado/Estabelecimentos/2020/Setembro/CAGEDESTAB202006.7z,/pdet/microdados/NOVO CAGED/Legado/Estabelecimentos/2020/Setembro,CAGEDESTAB202006.7z,7z,2744929,11-30-21 03:37PM,NOVO_CAGED_OUTRO,2020,06,,LIST
/pdet/microdados/NOVO CAGED/Legado/Estabelecimentos/2020/Setembro/CAGEDESTAB202007.7z,/pdet/microdados/NOVO CAGED/Legado/Estabelecimentos/2020/Setembro,CAGEDESTAB202007.7z,7z,3045952,11-30-21 03:37PM,NOVO_CAGED_OUTRO,2020,07,,LIST
/pdet/microdados/NOVO CAGED/Legado/Estabelecimentos/2020/Setembro/CAGEDESTAB202008.7z,/pdet/microdados/NOVO CAGED/Legado/Estabelecimentos/2020/Setembro,CAGEDESTAB202008.7z,7z,3230707,11-30-21 03:37PM,NOVO_CAGED_OUTRO,2020,08,,LIST
/pdet/microdados/NOVO CAGED/Legado/Estabelecimentos/2020/Setembro/CAGEDESTAB202009.7z,/pdet/microdados/NOVO CAGED/Legado/Estabelecimentos/2020/Setembro,CAGEDESTAB202009.7z,7z,3381920,11-30-21 03:37PM,NOVO_CAGED_OUTRO,2020,09,,LIST
/pdet/microdados/NOVO CAGED/Legado/Estabelecimentos/2021/Abril/CAGEDESTAB202004.7z,/pdet/microdados/NOVO CAGED/Legado/Estabelecimentos/2021/Abril,CAGEDESTAB202004.7z,7z,3228683,11-30-21 03:38PM,NOVO_CAGED_OUTRO,2020,04,,LIST
/pdet/microdados/NOVO CAGED/Legado/Estabelecimentos/2021/Abril/CAGEDESTAB202005.7z,/pdet/microdados/NOVO CAGED/Legado/Estabelecimentos/2021/Abril,CAGEDESTAB202005.7z,7z,2787230,11-30-21 03:38PM,NOVO_CAGED_OUTRO,2020,05,,LIST
/pdet/microdados/NOVO CAGED/Legado/Estabelecimentos/2021/Abril/CAGEDESTAB202006.7z,/pdet/microdados/NOVO CAGED/Legado/Estabelecimentos/2021/Abril,CAGEDESTAB202006.7z,7z,2832838,11-30-21 03:38PM,NOVO_CAGED_OUTRO,2020,06,,LIST
/pdet/microdados/NOVO CAGED/Legado/Estabelecimentos/2021/Abril/CAGEDESTAB202007.7z,/pdet/microdados/NOVO CAGED/Legado/Estabelecimentos/2021/Abril,CAGEDESTAB202007.7z,7z,3160212,11-30-21 03:38PM,NOVO_CAGED_OUTRO,2020,07,,LIST
/pdet/microdados/NOVO CAGED/Legado/Estabelecimentos/2021/Abril/CAGEDESTAB202008.7z,/pdet/microdados/NOVO CAGED/Legado/Estabelecimentos/2021/Abril,CAGEDESTAB202008.7z,7z,3381257,11-30-21 03:38PM,NOVO_CAGED_OUTRO,2020,08,,LIST
/pdet/microdados/NOVO CAGED/Legado/Estabelecimentos/2021/Abril/CAGEDESTAB202009.7z,/pdet/microdados/NOVO CAGED/Legado/Estabelecimentos/2021/Abril,CAGEDESTAB202009.7z,7z,3624162,11-30-21 03:38PM,NOVO_CAGED_OUTRO,2020,09,,LIST
/pdet/microdados/NOVO CAGED/Legado/Estabelecimentos/2021/Abril/CAGEDESTAB202010.7z,/pdet/microdados/NOVO CAGED/Legado/Estabelecimentos/2021/Abril,CAGEDESTAB202010.7z,7z,3927504,11-30-21 03:38PM,NOVO_CAGED_OUTRO,2020,10,,LIST
/pdet/microdados/NOVO CAGED/Legado/Estabelecimentos/2021/Abril/CAGEDESTAB202011.7z,/pdet/microdados/NOVO CAGED/Legado/Estabelecimentos/2021/Abril,CAGEDESTAB202011.7z,7z,3797188,11-30-21 03:38PM,NOVO_CAGED_OUTRO,2020,11,,LIST
/pdet/microdados/NOVO CAGED/Legado/Estabelecimentos/2021/Abril/CAGEDESTAB202012.7z,/pdet/microdados/NOVO CAGED/Legado/Estabelecimentos/2021/Abril,CAGEDESTAB202012.7z,7z,3562609,11-30-21 03:38PM,NOVO_CAGED_OUTRO,2020,12,,LIST
/pdet/microdados/NOVO CAGED/Legado/Estabelecimentos/2021/Abril/CAGEDESTAB202101.7z,/pdet/microdados/NOVO CAGED/Legado/Estabelecimentos/2021/Abril,CAGEDESTAB202101.7z,7z,4217037,11-30-21 03:38PM,NOVO_CAGED_OUTRO,2021,01,,LIST
/pdet/microdados/NOVO CAGED/Legado/Estabelecimentos/2021/Abril/CAGEDESTAB202102.7z,/pdet/microdados/NOVO CAGED/Legado/Estabelecimentos/2021/Abril,CAGEDESTAB202102.7z,7z,4387294,11-30-21 03:38PM,NOVO_CAGED_OUTRO,2021,02,,LIST
/pdet/microdados/NOVO CAGED/Legado/Estabelecimentos/2021/Abril/CAGEDESTAB202103.7z,/pdet/microdados/NOVO CAGED/Legado/Estabelecimentos/2021/Abril,CAGEDESTAB202103.7z,7z,4281270,11-30-21 03:38PM,NOVO_CAGED_OUTRO,2021,03,,LIST
/pdet/microdados/NOVO CAGED/Legado/Estabelecimentos/2021/Abril/CAGEDESTAB202104.7z,/pdet/microdados/NOVO CAGED/Legado/Estabelecimentos/2021/Abril,CAGEDESTAB202104.7z,7z,3755649,11-30-21 03:38PM,NOVO_CAGED_OUTRO,2021,04,,LIST
/pdet/microdados/NOVO CAGED/Legado/Estabelecimentos/2021/Agosto/CAGEDESTAB202008.7z,/pdet/microdados/NOVO CAGED/Legado/Estabelecimentos/2021/Agosto,CAGEDESTAB202008.7z,7z,3387548,11-30-21 03:38PM,NOVO_CAGED_OUTRO,2020,08,,LIST
/pdet/microdados/NOVO CAGED/Legado/Estabelecimentos/2021/Agosto/CAGEDESTAB202009.7z,/pdet/microdados/NOVO CAGED/Legado/Estabelecimentos/2021/Agosto,CAGEDESTAB202009.7z,7z,3631227,11-30-21 03:38PM,NOVO_CAGED_OUTRO,2020,09,,LIST
/pdet/microdados/NOVO CAGED/Legado/Estabelecimentos/2021/Agosto/CAGEDESTAB202010.7z,/pdet/microdados/NOVO CAGED/Legado/Estabelecimentos/2021/Agosto,CAGEDESTAB202010.7z,7z,3935597,11-30-21 03:38PM,NOVO_CAGED_OUTRO,2020,10,,LIST
/pdet/microdados/NOVO CAGED/Legado/Estabelecimentos/2021/Agosto/CAGEDESTAB202011.7z,/pdet/microdados/NOVO CAGED/Legado/Estabelecimentos/2021/Agosto,CAGEDESTAB202011.7z,7z,3806177,11-30-21 03:38PM,NOVO_CAGED_OUTRO,2020,11,,LIST
/pdet/microdados/NOVO CAGED/Legado/Estabelecimentos/2021/Agosto/CAGEDESTAB202012.7z,/pdet/microdados/NOVO CAGED/Legado/Estabelecimentos/2021/Agosto,CAGEDESTAB202012.7z,7z,3571875,11-30-21 03:38PM,NOVO_CAGED_OUTRO,2020,12,,LIST
/pdet/microdados/NOVO CAGED/Legado/Estabelecimentos/2021/Agosto/CAGEDESTAB202101.7z,/pdet/microdados/NOVO CAGED/Legado/Estabelecimentos/2021/Agosto,CAGEDESTAB202101.7z,7z,4231387,11-30-21 03:38PM,NOVO_CAGED_OUTRO,2021,01,,LIST
/pdet/microdados/NOVO CAGED/Legado/Estabelecimentos/2021/Agosto/CAGEDESTAB202102.7z,/pdet/microdados/NOVO CAGED/Legado/Estabelecimentos/2021/Agosto,CAGEDESTAB202102.7z,7z,4404171,11-30-21 03:38PM,NOVO_CAGED_OUTRO,2021,02,,LIST
/pdet/microdados/NOVO CAGED/Legado/Estabelecimentos/2021/Agosto/CAGEDESTAB202103.7z,/pdet/microdados/NOVO CAGED/Legado/Estabelecimentos/2021/Agosto,CAGEDESTAB202103.7z,7z,4304762,11-30-21 03:38PM,NOVO_CAGED_OUTRO,2021,03,,LIST
/pdet/microdados/NOVO CAGED/Legado/Estabelecimentos/2021/Agosto/CAGEDESTAB202104.7z,/pdet/microdados/NOVO CAGED/Legado/Estabelecimentos/2021/Agosto,CAGEDESTAB202104.7z,7z,3787481,11-30-21 03:38PM,NOVO_CAGED_OUTRO,2021,04,,LIST
/pdet/microdados/NOVO CAGED/Legado/Estabelecimentos/2021/Agosto/CAGEDESTAB202105.7z,/pdet/microdados/NOVO CAGED/Legado/Estabelecimentos/2021/Agosto,CAGEDESTAB202105.7z,7z,4037824,11-30-21 03:38PM,NOVO_CAGED_OUTRO,2021,05,,LIST
/pdet/microdados/NOVO CAGED/Legado/Estabelecimentos/2021/Agosto/CAGEDESTAB202106.7z,/pdet/microdados/NOVO CAGED/Legado/Estabelecimentos/2021/Agosto,CAGEDESTAB202106.7z,7z,4184351,11-30-21 03:38PM,NOVO_CAGED_OUTRO,2021,06,,LIST
/pdet/microdados/NOVO CAGED/Legado/Estabelecimentos/2021/Agosto/CAGEDESTAB202107.7z,/pdet/microdados/NOVO CAGED/Legado/Estabelecimentos/2021/Agosto,CAGEDESTAB202107.7z,7z,4291703,11-30-21 03:38PM,NOVO_CAGED_OUTRO,2021,07,,LIST
/pdet/microdados/NOVO CAGED/Legado/Estabelecimentos/2021/Agosto/CAGEDESTAB202108.7z,/pdet/microdados/NOVO CAGED/Legado/Estabelecimentos/2021/Agosto,CAGEDESTAB202108.7z,7z,4510965,11-30-21 03:38PM,NOVO_CAGED_OUTRO,2021,08,,LIST
/pdet/microdados/NOVO CAGED/Legado/Estabelecimentos/2021/Fevereiro/CAGEDESTAB202002.7z,/pdet/microdados/NOVO CAGED/Legado/Estabelecimentos/2021/Fevereiro,CAGEDESTAB202002.7z,7z,4439160,11-30-21 03:38PM,NOVO_CAGED_OUTRO,2020,02,,LIST
/pdet/microdados/NOVO CAGED/Legado/Estabelecimentos/2021/Fevereiro/CAGEDESTAB202003.7z,/pdet/microdados/NOVO CAGED/Legado/Estabelecimentos/2021/Fevereiro,CAGEDESTAB202003.7z,7z,4432833,11-30-21 03:38PM,NOVO_CAGED_OUTRO,2020,03,,LIST
/pdet/microdados/NOVO CAGED/Legado/Estabelecimentos/2021/Fevereiro/CAGEDESTAB202004.7z,/pdet/microdados/NOVO CAGED/Legado/Estabelecimentos/2021/Fevereiro,CAGEDESTAB202004.7z,7z,3201617,11-30-21 03:38PM,NOVO_CAGED_OUTRO,2020,04,,LIST
/pdet/microdados/NOVO CAGED/Legado/Estabelecimentos/2021/Fevereiro/CAGEDESTAB202005.7z,/pdet/microdados/NOVO CAGED/Legado/Estabelecimentos/2021/Fevereiro,CAGEDESTAB202005.7z,7z,2763853,11-30-21 03:38PM,NOVO_CAGED_OUTRO,2020,05,,LIST
/pdet/microdados/NOVO CAGED/Legado/Estabelecimentos/2021/Fevereiro/CAGEDESTAB202006.7z,/pdet/microdados/NOVO CAGED/Legado/Estabelecimentos/2021/Fevereiro,CAGEDESTAB202006.7z,7z,2807263,11-30-21 03:38PM,NOVO_CAGED_OUTRO,2020,06,,LIST
/pdet/microdados/NOVO CAGED/Legado/Estabelecimentos/2021/Fevereiro/CAGEDESTAB202007.7z,/pdet/microdados/NOVO CAGED/Legado/Estabelecimentos/2021/Fevereiro,CAGEDESTAB202007.7z,7z,3129557,11-30-21 03:38PM,NOVO_CAGED_OUTRO,2020,07,,LIST
/pdet/microdados/NOVO CAGED/Legado/Estabelecimentos/2021/Fevereiro/CAGEDESTAB202008.7z,/pdet/microdados/NOVO CAGED/Legado/Estabelecimentos/2021/Fevereiro,CAGEDESTAB202008.7z,7z,3344576,11-30-21 03:38PM,NOVO_CAGED_OUTRO,2020,08,,LIST
/pdet/microdados/NOVO CAGED/Legado/Estabelecimentos/2021/Fevereiro/CAGEDESTAB202009.7z,/pdet/microdados/NOVO CAGED/Legado/Estabelecimentos/2021/Fevereiro,CAGEDESTAB202009.7z,7z,3578509,11-30-21 03:38PM,NOVO_CAGED_OUTRO,2020,09,,LIST
/pdet/microdados/NOVO CAGED/Legado/Estabelecimentos/2021/Fevereiro/CAGEDESTAB202010.7z,/pdet/microdados/NOVO CAGED/Legado/Estabelecimentos/2021/Fevereiro,CAGEDESTAB202010.7z,7z,3870881,11-30-21 03:38PM,NOVO_CAGED_OUTRO,2020,10,,LIST
/pdet/microdados/NOVO CAGED/Legado/Estabelecimentos/2021/Fevereiro/CAGEDESTAB202011.7z,/pdet/microdados/NOVO CAGED/Legado/Estabelecimentos/2021/Fevereiro,CAGEDESTAB202011.7z,7z,3732896,11-30-21 03:38PM,NOVO_CAGED_OUTRO,2020,11,,LIST
/pdet/microdados/NOVO CAGED/Legado/Estabelecimentos/2021/Fevereiro/CAGEDESTAB202012.7z,/pdet/microdados/NOVO CAGED/Legado/Estabelecimentos/2021/Fevereiro,CAGEDESTAB202012.7z,7z,3486392,11-30-21 03:38PM,NOVO_CAGED_OUTRO,2020,12,,LIST
/pdet/microdados/NOVO CAGED/Legado/Estabelecimentos/2021/Fevereiro/CAGEDESTAB202101.7z,/pdet/microdados/NOVO CAGED/Legado/Estabelecimentos/2021/Fevereiro,CAGEDESTAB202101.7z,7z,4079177,11-30-21 03:38PM,NOVO_CAGED_OUTRO,2021,01,,LIST
/pdet/microdados/NOVO CAGED/Legado/Estabelecimentos/2021/Fevereiro/CAGEDESTAB202102.7z,/pdet/microdados/NOVO CAGED/Legado/Estabelecimentos/2021/Fevereiro,CAGEDESTAB202102.7z,7z,4175875,11-30-21 03:38PM,NOVO_CAGED_OUTRO,2021,02,,LIST
/pdet/microdados/NOVO CAGED/Legado/Estabelecimentos/2021/Janeiro/CAGEDESTAB202001.7z,/pdet/microdados/NOVO CAGED/Legado/Estabelecimentos/2021/Janeiro,CAGEDESTAB202001.7z,7z,4373154,11-30-21 03:38PM,NOVO_CAGED_OUTRO,2020,01,,LIST
/pdet/microdados/NOVO CAGED/Legado/Estabelecimentos/2021/Janeiro/CAGEDESTAB202002.7z,/pdet/microdados/NOVO CAGED/Legado/Estabelecimentos/2021/Janeiro,CAGEDESTAB202002.7z,7z,4436036,11-30-21 03:38PM,NOVO_CAGED_OUTRO,2020,02,,LIST
/pdet/microdados/NOVO CAGED/Legado/Estabelecimentos/2021/Janeiro/CAGEDESTAB202003.7z,/pdet/microdados/NOVO CAGED/Legado/Estabelecimentos/2021/Janeiro,CAGEDESTAB202003.7z,7z,4427941,11-30-21 03:38PM,NOVO_CAGED_OUTRO,2020,03,,LIST
/pdet/microdados/NOVO CAGED/Legado/Estabelecimentos/2021/Janeiro/CAGEDESTAB202004.7z,/pdet/microdados/NOVO CAGED/Legado/Estabelecimentos/2021/Janeiro,CAGEDESTAB202004.7z,7z,3192238,11-30-21 03:38PM,NOVO_CAGED_OUTRO,2020,04,,LIST
/pdet/microdados/NOVO CAGED/Legado/Estabelecimentos/2021/Janeiro/CAGEDESTAB202005.7z,/pdet/microdados/NOVO CAGED/Legado/Estabelecimentos/2021/Janeiro,CAGEDESTAB202005.7z,7z,2757708,11-30-21 03:38PM,NOVO_CAGED_OUTRO,2020,05,,LIST
/pdet/microdados/NOVO CAGED/Legado/Estabelecimentos/2021/Janeiro/CAGEDESTAB202006.7z,/pdet/microdados/NOVO CAGED/Legado/Estabelecimentos/2021/Janeiro,CAGEDESTAB202006.7z,7z,2798403,11-30-21 03:38PM,NOVO_CAGED_OUTRO,2020,06,,LIST
/pdet/microdados/NOVO CAGED/Legado/Estabelecimentos/2021/Janeiro/CAGEDESTAB202007.7z,/pdet/microdados/NOVO CAGED/Legado/Estabelecimentos/2021/Janeiro,CAGEDESTAB202007.7z,7z,3121417,11-30-21 03:38PM,NOVO_CAGED_OUTRO,2020,07,,LIST
/pdet/microdados/NOVO CAGED/Legado/Estabelecimentos/2021/Janeiro/CAGEDESTAB202008.7z,/pdet/microdados/NOVO CAGED/Legado/Estabelecimentos/2021/Janeiro,CAGEDESTAB202008.7z,7z,3335542,11-30-21 03:38PM,NOVO_CAGED_OUTRO,2020,08,,LIST
/pdet/microdados/NOVO CAGED/Legado/Estabelecimentos/2021/Janeiro/CAGEDESTAB202009.7z,/pdet/microdados/NOVO CAGED/Legado/Estabelecimentos/2021/Janeiro,CAGEDESTAB202009.7z,7z,3567366,11-30-21 03:38PM,NOVO_CAGED_OUTRO,2020,09,,LIST
/pdet/microdados/NOVO CAGED/Legado/Estabelecimentos/2021/Janeiro/CAGEDESTAB202010.7z,/pdet/microdados/NOVO CAGED/Legado/Estabelecimentos/2021/Janeiro,CAGEDESTAB202010.7z,7z,3856895,11-30-21 03:38PM,NOVO_CAGED_OUTRO,2020,10,,LIST
/pdet/microdados/NOVO CAGED/Legado/Estabelecimentos/2021/Janeiro/CAGEDESTAB202011.7z,/pdet/microdados/NOVO CAGED/Legado/Estabelecimentos/2021/Janeiro,CAGEDESTAB202011.7z,7z,3715668,11-30-21 03:38PM,NOVO_CAGED_OUTRO,2020,11,,LIST
/pdet/microdados/NOVO CAGED/Legado/Estabelecimentos/2021/Janeiro/CAGEDESTAB202012.7z,/pdet/microdados/NOVO CAGED/Legado/Estabelecimentos/2021/Janeiro,CAGEDESTAB202012.7z,7z,3464726,11-30-21 03:38PM,NOVO_CAGED_OUTRO,2020,12,,LIST
/pdet/microdados/NOVO CAGED/Legado/Estabelecimentos/2021/Janeiro/CAGEDESTAB202101.7z,/pdet/microdados/NOVO CAGED/Legado/Estabelecimentos/2021/Janeiro,CAGEDESTAB202101.7z,7z,3957469,11-30-21 03:38PM,NOVO_CAGED_OUTRO,2021,01,,LIST
/pdet/microdados/NOVO CAGED/Legado/Estabelecimentos/2021/Julho/CAGEDESTAB202007.7z,/pdet/microdados/NOVO CAGED/Legado/Estabelecimentos/2021/Julho,CAGEDESTAB202007.7z,7z,3164417,11-30-21 03:38PM,NOVO_CAGED_OUTRO,2020,07,,LIST
/pdet/microdados/NOVO CAGED/Legado/Estabelecimentos/2021/Julho/CAGEDESTAB202008.7z,/pdet/microdados/NOVO CAGED/Legado/Estabelecimentos/2021/Julho,CAGEDESTAB202008.7z,7z,3386647,11-30-21 03:38PM,NOVO_CAGED_OUTRO,2020,08,,LIST
/pdet/microdados/NOVO CAGED/Legado/Estabelecimentos/2021/Julho/CAGEDESTAB202009.7z,/pdet/microdados/NOVO CAGED/Legado/Estabelecimentos/2021/Julho,CAGEDESTAB202009.7z,7z,3630211,11-30-21 03:38PM,NOVO_CAGED_OUTRO,2020,09,,LIST
/pdet/microdados/NOVO CAGED/Legado/Estabelecimentos/2021/Julho/CAGEDESTAB202010.7z,/pdet/microdados/NOVO CAGED/Legado/Estabelecimentos/2021/Julho,CAGEDESTAB202010.7z,7z,3934020,11-30-21 03:38PM,NOVO_CAGED_OUTRO,2020,10,,LIST
/pdet/microdados/NOVO CAGED/Legado/Estabelecimentos/2021/Julho/CAGEDESTAB202011.7z,/pdet/microdados/NOVO CAGED/Legado/Estabelecimentos/2021/Julho,CAGEDESTAB202011.7z,7z,3804851,11-30-21 03:38PM,NOVO_CAGED_OUTRO,2020,11,,LIST
/pdet/microdados/NOVO CAGED/Legado/Estabelecimentos/2021/Julho/CAGEDESTAB202012.7z,/pdet/microdados/NOVO CAGED/Legado/Estabelecimentos/2021/Julho,CAGEDESTAB202012.7z,7z,3570687,11-30-21 03:38PM,NOVO_CAGED_OUTRO,2020,12,,LIST
/pdet/microdados/NOVO CAGED/Legado/Estabelecimentos/2021/Julho/CAGEDESTAB202101.7z,/pdet/microdados/NOVO CAGED/Legado/Estabelecimentos/2021/Julho,CAGEDESTAB202101.7z,7z,4229253,11-30-21 03:38PM,NOVO_CAGED_OUTRO,2021,01,,LIST
/pdet/microdados/NOVO CAGED/Legado/Estabelecimentos/2021/Julho/CAGEDESTAB202102.7z,/pdet/microdados/NOVO CAGED/Legado/Estabelecimentos/2021/Julho,CAGEDESTAB202102.7z,7z,4402067,11-30-21 03:38PM,NOVO_CAGED_OUTRO,2021,02,,LIST
/pdet/microdados/NOVO CAGED/Legado/Estabelecimentos/2021/Julho/CAGEDESTAB202103.7z,/pdet/microdados/NOVO CAGED/Legado/Estabelecimentos/2021/Julho,CAGEDESTAB202103.7z,7z,4299234,11-30-21 03:38PM,NOVO_CAGED_OUTRO,2021,03,,LIST
/pdet/microdados/NOVO CAGED/Legado/Estabelecimentos/2021/Julho/CAGEDESTAB202104.7z,/pdet/microdados/NOVO CAGED/Legado/Estabelecimentos/2021/Julho,CAGEDESTAB202104.7z,7z,3784446,11-30-21 03:38PM,NOVO_CAGED_OUTRO,2021,04,,LIST
/pdet/microdados/NOVO CAGED/Legado/Estabelecimentos/2021/Julho/CAGEDESTAB202105.7z,/pdet/microdados/NOVO CAGED/Legado/Estabelecimentos/2021/Julho,CAGEDESTAB202105.7z,7z,4034700,11-30-21 03:38PM,NOVO_CAGED_OUTRO,2021,05,,LIST
/pdet/microdados/NOVO CAGED/Legado/Estabelecimentos/2021/Julho/CAGEDESTAB202106.7z,/pdet/microdados/NOVO CAGED/Legado/Estabelecimentos/2021/Julho,CAGEDESTAB202106.7z,7z,4178764,11-30-21 03:38PM,NOVO_CAGED_OUTRO,2021,06,,LIST
/pdet/microdados/NOVO CAGED/Legado/Estabelecimentos/2021/Julho/CAGEDESTAB202107.7z,/pdet/microdados/NOVO CAGED/Legado/Estabelecimentos/2021/Julho,CAGEDESTAB202107.7z,7z,4267674,11-30-21 03:38PM,NOVO_CAGED_OUTRO,2021,07,,LIST
/pdet/microdados/NOVO CAGED/Legado/Estabelecimentos/2021/Junho/CAGEDESTAB202006.7z,/pdet/microdados/NOVO CAGED/Legado/Estabelecimentos/2021/Junho,CAGEDESTAB202006.7z,7z,2836243,11-30-21 03:38PM,NOVO_CAGED_OUTRO,2020,06,,LIST
/pdet/microdados/NOVO CAGED/Legado/Estabelecimentos/2021/Junho/CAGEDESTAB202007.7z,/pdet/microdados/NOVO CAGED/Legado/Estabelecimentos/2021/Junho,CAGEDESTAB202007.7z,7z,3163781,11-30-21 03:38PM,NOVO_CAGED_OUTRO,2020,07,,LIST
/pdet/microdados/NOVO CAGED/Legado/Estabelecimentos/2021/Junho/CAGEDESTAB202008.7z,/pdet/microdados/NOVO CAGED/Legado/Estabelecimentos/2021/Junho,CAGEDESTAB202008.7z,7z,3385761,11-30-21 03:38PM,NOVO_CAGED_OUTRO,2020,08,,LIST
/pdet/microdados/NOVO CAGED/Legado/Estabelecimentos/2021/Junho/CAGEDESTAB202009.7z,/pdet/microdados/NOVO CAGED/Legado/Estabelecimentos/2021/Junho,CAGEDESTAB202009.7z,7z,3629055,11-30-21 03:38PM,NOVO_CAGED_OUTRO,2020,09,,LIST
/pdet/microdados/NOVO CAGED/Legado/Estabelecimentos/2021/Junho/CAGEDESTAB202010.7z,/pdet/microdados/NOVO CAGED/Legado/Estabelecimentos/2021/Junho,CAGEDESTAB202010.7z,7z,3933226,11-30-21 03:38PM,NOVO_CAGED_OUTRO,2020,10,,LIST
/pdet/microdados/NOVO CAGED/Legado/Estabelecimentos/2021/Junho/CAGEDESTAB202011.7z,/pdet/microdados/NOVO CAGED/Legado/Estabelecimentos/2021/Junho,CAGEDESTAB202011.7z,7z,3803506,11-30-21 03:38PM,NOVO_CAGED_OUTRO,2020,11,,LIST
/pdet/microdados/NOVO CAGED/Legado/Estabelecimentos/2021/Junho/CAGEDESTAB202012.7z,/pdet/microdados/NOVO CAGED/Legado/Estabelecimentos/2021/Junho,CAGEDESTAB202012.7z,7z,3569476,11-30-21 03:38PM,NOVO_CAGED_OUTRO,2020,12,,LIST
/pdet/microdados/NOVO CAGED/Legado/Estabelecimentos/2021/Junho/CAGEDESTAB202101.7z,/pdet/microdados/NOVO CAGED/Legado/Estabelecimentos/2021/Junho,CAGEDESTAB202101.7z,7z,4227248,11-30-21 03:38PM,NOVO_CAGED_OUTRO,2021,01,,LIST
/pdet/microdados/NOVO CAGED/Legado/Estabelecimentos/2021/Junho/CAGEDESTAB202102.7z,/pdet/microdados/NOVO CAGED/Legado/Estabelecimentos/2021/Junho,CAGEDESTAB202102.7z,7z,4400116,11-30-21 03:38PM,NOVO_CAGED_OUTRO,2021,02,,LIST
/pdet/microdados/NOVO CAGED/Legado/Estabelecimentos/2021/Junho/CAGEDESTAB202103.7z,/pdet/microdados/NOVO CAGED/Legado/Estabelecimentos/2021/Junho,CAGEDESTAB202103.7z,7z,4296873,11-30-21 03:38PM,NOVO_CAGED_OUTRO,2021,03,,LIST
/pdet/microdados/NOVO CAGED/Legado/Estabelecimentos/2021/Junho/CAGEDESTAB202104.7z,/pdet/microdados/NOVO CAGED/Legado/Estabelecimentos/2021/Junho,CAGEDESTAB202104.7z,7z,3781716,11-30-21 03:38PM,NOVO_CAGED_OUTRO,2021,04,,LIST
/pdet/microdados/NOVO CAGED/Legado/Estabelecimentos/2021/Junho/CAGEDESTAB202105.7z,/pdet/microdados/NOVO CAGED/Legado/Estabelecimentos/2021/Junho,CAGEDESTAB202105.7z,7z,4029841,11-30-21 03:38PM,NOVO_CAGED_OUTRO,2021,05,,LIST
/pdet/microdados/NOVO CAGED/Legado/Estabelecimentos/2021/Junho/CAGEDESTAB202106.7z,/pdet/microdados/NOVO CAGED/Legado/Estabelecimentos/2021/Junho,CAGEDESTAB202106.7z,7z,4169351,11-30-21 03:38PM,NOVO_CAGED_OUTRO,2021,06,,LIST
/pdet/microdados/NOVO CAGED/Legado/Estabelecimentos/2021/Maio/CAGEDESTAB202005.7z,/pdet/microdados/NOVO CAGED/Legado/Estabelecimentos/2021/Maio,CAGEDESTAB202005.7z,7z,2789101,11-30-21 03:38PM,NOVO_CAGED_OUTRO,2020,05,,LIST
/pdet/microdados/NOVO CAGED/Legado/Estabelecimentos/2021/Maio/CAGEDESTAB202006.7z,/pdet/microdados/NOVO CAGED/Legado/Estabelecimentos/2021/Maio,CAGEDESTAB202006.7z,7z,2835044,11-30-21 03:38PM,NOVO_CAGED_OUTRO,2020,06,,LIST
/pdet/microdados/NOVO CAGED/Legado/Estabelecimentos/2021/Maio/CAGEDESTAB202007.7z,/pdet/microdados/NOVO CAGED/Legado/Estabelecimentos/2021/Maio,CAGEDESTAB202007.7z,7z,3162401,11-30-21 03:38PM,NOVO_CAGED_OUTRO,2020,07,,LIST
/pdet/microdados/NOVO CAGED/Legado/Estabelecimentos/2021/Maio/CAGEDESTAB202008.7z,/pdet/microdados/NOVO CAGED/Legado/Estabelecimentos/2021/Maio,CAGEDESTAB202008.7z,7z,3383989,11-30-21 03:38PM,NOVO_CAGED_OUTRO,2020,08,,LIST
/pdet/microdados/NOVO CAGED/Legado/Estabelecimentos/2021/Maio/CAGEDESTAB202009.7z,/pdet/microdados/NOVO CAGED/Legado/Estabelecimentos/2021/Maio,CAGEDESTAB202009.7z,7z,3627186,11-30-21 03:38PM,NOVO_CAGED_OUTRO,2020,09,,LIST
/pdet/microdados/NOVO CAGED/Legado/Estabelecimentos/2021/Maio/CAGEDESTAB202010.7z,/pdet/microdados/NOVO CAGED/Legado/Estabelecimentos/2021/Maio,CAGEDESTAB202010.7z,7z,3930688,11-30-21 03:38PM,NOVO_CAGED_OUTRO,2020,10,,LIST
/pdet/microdados/NOVO CAGED/Legado/Estabelecimentos/2021/Maio/CAGEDESTAB202011.7z,/pdet/microdados/NOVO CAGED/Legado/Estabelecimentos/2021/Maio,CAGEDESTAB202011.7z,7z,3800999,11-30-21 03:38PM,NOVO_CAGED_OUTRO,2020,11,,LIST
/pdet/microdados/NOVO CAGED/Legado/Estabelecimentos/2021/Maio/CAGEDESTAB202012.7z,/pdet/microdados/NOVO CAGED/Legado/Estabelecimentos/2021/Maio,CAGEDESTAB202012.7z,7z,3566386,11-30-21 03:38PM,NOVO_CAGED_OUTRO,2020,12,,LIST
/pdet/microdados/NOVO CAGED/Legado/Estabelecimentos/2021/Maio/CAGEDESTAB202101.7z,/pdet/microdados/NOVO CAGED/Legado/Estabelecimentos/2021/Maio,CAGEDESTAB202101.7z,7z,4223394,11-30-21 03:38PM,NOVO_CAGED_OUTRO,2021,01,,LIST
/pdet/microdados/NOVO CAGED/Legado/Estabelecimentos/2021/Maio/CAGEDESTAB202102.7z,/pdet/microdados/NOVO CAGED/Legado/Estabelecimentos/2021/Maio,CAGEDESTAB202102.7z,7z,4395157,11-30-21 03:38PM,NOVO_CAGED_OUTRO,2021,02,,LIST
/pdet/microdados/NOVO CAGED/Legado/Estabelecimentos/2021/Maio/CAGEDESTAB202103.7z,/pdet/microdados/NOVO CAGED/Legado/Estabelecimentos/2021/Maio,CAGEDESTAB202103.7z,7z,4294287,11-30-21 03:38PM,NOVO_CAGED_OUTRO,2021,03,,LIST
/pdet/microdados/NOVO CAGED/Legado/Estabelecimentos/2021/Maio/CAGEDESTAB202104.7z,/pdet/microdados/NOVO CAGED/Legado/Estabelecimentos/2021/Maio,CAGEDESTAB202104.7z,7z,3774436,11-30-21 03:38PM,NOVO_CAGED_OUTRO,2021,04,,LIST
/pdet/microdados/NOVO CAGED/Legado/Estabelecimentos/2021/Maio/CAGEDESTAB202105.7z,/pdet/microdados/NOVO CAGED/Legado/Estabelecimentos/2021/Maio,CAGEDESTAB202105.7z,7z,4013525,11-30-21 03:38PM,NOVO_CAGED_OUTRO,2021,05,,LIST
/pdet/microdados/NOVO CAGED/Legado/Estabelecimentos/2021/Março/CAGEDESTAB202003.7z,/pdet/microdados/NOVO CAGED/Legado/Estabelecimentos/2021/Março,CAGEDESTAB202003.7z,7z,4445077,11-30-21 03:38PM,NOVO_CAGED_OUTRO,2020,03,,LIST
/pdet/microdados/NOVO CAGED/Legado/Estabelecimentos/2021/Março/CAGEDESTAB202004.7z,/pdet/microdados/NOVO CAGED/Legado/Estabelecimentos/2021/Março,CAGEDESTAB202004.7z,7z,3213933,11-30-21 03:38PM,NOVO_CAGED_OUTRO,2020,04,,LIST
/pdet/microdados/NOVO CAGED/Legado/Estabelecimentos/2021/Março/CAGEDESTAB202005.7z,/pdet/microdados/NOVO CAGED/Legado/Estabelecimentos/2021/Março,CAGEDESTAB202005.7z,7z,2774179,11-30-21 03:38PM,NOVO_CAGED_OUTRO,2020,05,,LIST
/pdet/microdados/NOVO CAGED/Legado/Estabelecimentos/2021/Março/CAGEDESTAB202006.7z,/pdet/microdados/NOVO CAGED/Legado/Estabelecimentos/2021/Março,CAGEDESTAB202006.7z,7z,2818520,11-30-21 03:38PM,NOVO_CAGED_OUTRO,2020,06,,LIST
/pdet/microdados/NOVO CAGED/Legado/Estabelecimentos/2021/Março/CAGEDESTAB202007.7z,/pdet/microdados/NOVO CAGED/Legado/Estabelecimentos/2021/Março,CAGEDESTAB202007.7z,7z,3143351,11-30-21 03:38PM,NOVO_CAGED_OUTRO,2020,07,,LIST
/pdet/microdados/NOVO CAGED/Legado/Estabelecimentos/2021/Março/CAGEDESTAB202008.7z,/pdet/microdados/NOVO CAGED/Legado/Estabelecimentos/2021/Março,CAGEDESTAB202008.7z,7z,3361478,11-30-21 03:38PM,NOVO_CAGED_OUTRO,2020,08,,LIST
/pdet/microdados/NOVO CAGED/Legado/Estabelecimentos/2021/Março/CAGEDESTAB202009.7z,/pdet/microdados/NOVO CAGED/Legado/Estabelecimentos/2021/Março,CAGEDESTAB202009.7z,7z,3600215,11-30-21 03:38PM,NOVO_CAGED_OUTRO,2020,09,,LIST
/pdet/microdados/NOVO CAGED/Legado/Estabelecimentos/2021/Março/CAGEDESTAB202010.7z,/pdet/microdados/NOVO CAGED/Legado/Estabelecimentos/2021/Março,CAGEDESTAB202010.7z,7z,3898051,11-30-21 03:38PM,NOVO_CAGED_OUTRO,2020,10,,LIST
/pdet/microdados/NOVO CAGED/Legado/Estabelecimentos/2021/Março/CAGEDESTAB202011.7z,/pdet/microdados/NOVO CAGED/Legado/Estabelecimentos/2021/Março,CAGEDESTAB202011.7z,7z,3764453,11-30-21 03:38PM,NOVO_CAGED_OUTRO,2020,11,,LIST
/pdet/microdados/NOVO CAGED/Legado/Estabelecimentos/2021/Março/CAGEDESTAB202012.7z,/pdet/microdados/NOVO CAGED/Legado/Estabelecimentos/2021/Março,CAGEDESTAB202012.7z,7z,3525248,11-30-21 03:38PM,NOVO_CAGED_OUTRO,2020,12,,LIST
/pdet/microdados/NOVO CAGED/Legado/Estabelecimentos/2021/Março/CAGEDESTAB202101.7z,/pdet/microdados/NOVO CAGED/Legado/Estabelecimentos/2021/Março,CAGEDESTAB202101.7z,7z,4151145,11-30-21 03:38PM,NOVO_CAGED_OUTRO,2021,01,,LIST
/pdet/microdados/NOVO CAGED/Legado/Estabelecimentos/2021/Março/CAGEDESTAB202102.7z,/pdet/microdados/NOVO CAGED/Legado/Estabelecimentos/2021/Março,CAGEDESTAB202102.7z,7z,4306008,11-30-21 03:38PM,NOVO_CAGED_OUTRO,2021,02,,LIST
/pdet/microdados/NOVO CAGED/Legado/Estabelecimentos/2021/Março/CAGEDESTAB202103.7z,/pdet/microdados/NOVO CAGED/Legado/Estabelecimentos/2021/Março,CAGEDESTAB202103.7z,7z,4139563,11-30-21 03:38PM,NOVO_CAGED_OUTRO,2021,03,,LIST
/pdet/microdados/NOVO CAGED/Legado/Estabelecimentos/2021/Setembro/CAGEDESTAB202009.7z,/pdet/microdados/NOVO CAGED/Legado/Estabelecimentos/2021/Setembro,CAGEDESTAB202009.7z,7z,3631952,11-30-21 03:38PM,NOVO_CAGED_OUTRO,2020,09,,LIST
/pdet/microdados/NOVO CAGED/Legado/Estabelecimentos/2021/Setembro/CAGEDESTAB202010.7z,/pdet/microdados/NOVO CAGED/Legado/Estabelecimentos/2021/Setembro,CAGEDESTAB202010.7z,7z,3936515,11-30-21 03:38PM,NOVO_CAGED_OUTRO,2020,10,,LIST
/pdet/microdados/NOVO CAGED/Legado/Estabelecimentos/2021/Setembro/CAGEDESTAB202011.7z,/pdet/microdados/NOVO CAGED/Legado/Estabelecimentos/2021/Setembro,CAGEDESTAB202011.7z,7z,3807152,11-30-21 03:38PM,NOVO_CAGED_OUTRO,2020,11,,LIST
/pdet/microdados/NOVO CAGED/Legado/Estabelecimentos/2021/Setembro/CAGEDESTAB202012.7z,/pdet/microdados/NOVO CAGED/Legado/Estabelecimentos/2021/Setembro,CAGEDESTAB202012.7z,7z,3573064,11-30-21 03:38PM,NOVO_CAGED_OUTRO,2020,12,,LIST
/pdet/microdados/NOVO CAGED/Legado/Estabelecimentos/2021/Setembro/CAGEDESTAB202101.7z,/pdet/microdados/NOVO CAGED/Legado/Estabelecimentos/2021/Setembro,CAGEDESTAB202101.7z,7z,4232945,11-30-21 03:38PM,NOVO_CAGED_OUTRO,2021,01,,LIST
/pdet/microdados/NOVO CAGED/Legado/Estabelecimentos/2021/Setembro/CAGEDESTAB202102.7z,/pdet/microdados/NOVO CAGED/Legado/Estabelecimentos/2021/Setembro,CAGEDESTAB202102.7z,7z,4405859,11-30-21 03:38PM,NOVO_CAGED_OUTRO,2021,02,,LIST
/pdet/microdados/NOVO CAGED/Legado/Estabelecimentos/2021/Setembro/CAGEDESTAB202103.7z,/pdet/microdados/NOVO CAGED/Legado/Estabelecimentos/2021/Setembro,CAGEDESTAB202103.7z,7z,4303563,11-30-21 03:38PM,NOVO_CAGED_OUTRO,2021,03,,LIST
/pdet/microdados/NOVO CAGED/Legado/Estabelecimentos/2021/Setembro/CAGEDESTAB202104.7z,/pdet/microdados/NOVO CAGED/Legado/Estabelecimentos/2021/Setembro,CAGEDESTAB202104.7z,7z,3789433,11-30-21 03:38PM,NOVO_CAGED_OUTRO,2021,04,,LIST
/pdet/microdados/NOVO CAGED/Legado/Estabelecimentos/2021/Setembro/CAGEDESTAB202105.7z,/pdet/microdados/NOVO CAGED/Legado/Estabelecimentos/2021/Setembro,CAGEDESTAB202105.7z,7z,4040186,11-30-21 03:38PM,NOVO_CAGED_OUTRO,2021,05,,LIST
/pdet/microdados/NOVO CAGED/Legado/Estabelecimentos/2021/Setembro/CAGEDESTAB202106.7z,/pdet/microdados/NOVO CAGED/Legado/Estabelecimentos/2021/Setembro,CAGEDESTAB202106.7z,7z,4187544,11-30-21 03:38PM,NOVO_CAGED_OUTRO,2021,06,,LIST
/pdet/microdados/NOVO CAGED/Legado/Estabelecimentos/2021/Setembro/CAGEDESTAB202107.7z,/pdet/microdados/NOVO CAGED/Legado/Estabelecimentos/2021/Setembro,CAGEDESTAB202107.7z,7z,4296129,11-30-21 03:39PM,NOVO_CAGED_OUTRO,2021,07,,LIST
/pdet/microdados/NOVO CAGED/Legado/Estabelecimentos/2021/Setembro/CAGEDESTAB202108.7z,/pdet/microdados/NOVO CAGED/Legado/Estabelecimentos/2021/Setembro,CAGEDESTAB202108.7z,7z,4523920,11-30-21 03:39PM,NOVO_CAGED_OUTRO,2021,08,,LIST
/pdet/microdados/NOVO CAGED/Legado/Estabelecimentos/2021/Setembro/CAGEDESTAB202109.7z,/pdet/microdados/NOVO CAGED/Legado/Estabelecimentos/2021/Setembro,CAGEDESTAB202109.7z,7z,4616241,11-30-21 03:39PM,NOVO_CAGED_OUTRO,2021,09,,LIST
/pdet/microdados/NOVO CAGED/Legado/Movimentações/2020/Abril/CAGEDMOV202001.7z,/pdet/microdados/NOVO CAGED/Legado/Movimentações/2020/Abril,CAGEDMOV202001.7z,7z,30539050,11-30-21 03:39PM,NOVO_CAGED_MOV,2020,01,,LIST
/pdet/microdados/NOVO CAGED/Legado/Movimentações/2020/Abril/CAGEDMOV202002.7z,/pdet/microdados/NOVO CAGED/Legado/Movimentações/2020/Abril,CAGEDMOV202002.7z,7z,31302893,11-30-21 03:39PM,NOVO_CAGED_MOV,2020,02,,LIST
/pdet/microdados/NOVO CAGED/Legado/Movimentações/2020/Abril/CAGEDMOV202003.7z,/pdet/microdados/NOVO CAGED/Legado/Movimentações/2020/Abril,CAGEDMOV202003.7z,7z,32447339,11-30-21 03:39PM,NOVO_CAGED_MOV,2020,03,,LIST
/pdet/microdados/NOVO CAGED/Legado/Movimentações/2020/Abril/CAGEDMOV202004.7z,/pdet/microdados/NOVO CAGED/Legado/Movimentações/2020/Abril,CAGEDMOV202004.7z,7z,21946004,11-30-21 03:39PM,NOVO_CAGED_MOV,2020,04,,LIST
/pdet/microdados/NOVO CAGED/Legado/Movimentações/2020/Agosto/CAGEDMOV202001.7z,/pdet/microdados/NOVO CAGED/Legado/Movimentações/2020/Agosto,CAGEDMOV202001.7z,7z,33097284,11-30-21 03:39PM,NOVO_CAGED_MOV,2020,01,,LIST
/pdet/microdados/NOVO CAGED/Legado/Movimentações/2020/Agosto/CAGEDMOV202002.7z,/pdet/microdados/NOVO CAGED/Legado/Movimentações/2020/Agosto,CAGEDMOV202002.7z,7z,34119557,11-30-21 03:39PM,NOVO_CAGED_MOV,2020,02,,LIST
/pdet/microdados/NOVO CAGED/Legado/Movimentações/2020/Agosto/CAGEDMOV202003.7z,/pdet/microdados/NOVO CAGED/Legado/Movimentações/2020/Agosto,CAGEDMOV202003.7z,7z,35891627,11-30-21 03:39PM,NOVO_CAGED_MOV,2020,03,,LIST
/pdet/microdados/NOVO CAGED/Legado/Movimentações/2020/Agosto/CAGEDMOV202004.7z,/pdet/microdados/NOVO CAGED/Legado/Movimentações/2020/Agosto,CAGEDMOV202004.7z,7z,25048745,11-30-21 03:39PM,NOVO_CAGED_MOV,2020,04,,LIST
/pdet/microdados/NOVO CAGED/Legado/Movimentações/2020/Agosto/CAGEDMOV202005.7z,/pdet/microdados/NOVO CAGED/Legado/Movimentações/2020/Agosto,CAGEDMOV202005.7z,7z,20846781,11-30-21 03:39PM,NOVO_CAGED_MOV,2020,05,,LIST
/pdet/microdados/NOVO CAGED/Legado/Movimentações/2020/Agosto/CAGEDMOV202006.7z,/pdet/microdados/NOVO CAGED/Legado/Movimentações/2020/Agosto,CAGEDMOV202006.7z,7z,21279505,11-30-21 03:39PM,NOVO_CAGED_MOV,2020,06,,LIST
/pdet/microdados/NOVO CAGED/Legado/Movimentações/2020/Agosto/CAGEDMOV202007.7z,/pdet/microdados/NOVO CAGED/Legado/Movimentações/2020/Agosto,CAGEDMOV202007.7z,7z,23934967,11-30-21 03:39PM,NOVO_CAGED_MOV,2020,07,,LIST
/pdet/microdados/NOVO CAGED/Legado/Movimentações/2020/Agosto/CAGEDMOV202008.7z,/pdet/microdados/NOVO CAGED/Legado/Movimentações/2020/Agosto,CAGEDMOV202008.7z,7z,25356272,11-30-21 03:39PM,NOVO_CAGED_MOV,2020,08,,LIST
/pdet/microdados/NOVO CAGED/Legado/Movimentações/2020/Dezembro/CAGEDMOV202001.7z,/pdet/microdados/NOVO CAGED/Legado/Movimentações/2020/Dezembro,CAGEDMOV202001.7z,7z,33403325,11-30-21 03:39PM,NOVO_CAGED_MOV,2020,01,,LIST
/pdet/microdados/NOVO CAGED/Legado/Movimentações/2020/Dezembro/CAGEDMOV202002.7z,/pdet/microdados/NOVO CAGED/Legado/Movimentações/2020/Dezembro,CAGEDMOV202002.7z,7z,34477296,11-30-21 03:39PM,NOVO_CAGED_MOV,2020,02,,LIST
/pdet/microdados/NOVO CAGED/Legado/Movimentações/2020/Dezembro/CAGEDMOV202003.7z,/pdet/microdados/NOVO CAGED/Legado/Movimentações/2020/Dezembro,CAGEDMOV202003.7z,7z,36372542,11-30-21 03:39PM,NOVO_CAGED_MOV,2020,03,,LIST
/pdet/microdados/NOVO CAGED/Legado/Movimentações/2020/Dezembro/CAGEDMOV202004.7z,/pdet/microdados/NOVO CAGED/Legado/Movimentações/2020/Dezembro,CAGEDMOV202004.7z,7z,25478557,11-30-21 03:39PM,NOVO_CAGED_MOV,2020,04,,LIST
/pdet/microdados/NOVO CAGED/Legado/Movimentações/2020/Dezembro/CAGEDMOV202005.7z,/pdet/microdados/NOVO CAGED/Legado/Movimentações/2020/Dezembro,CAGEDMOV202005.7z,7z,21214982,11-30-21 03:39PM,NOVO_CAGED_MOV,2020,05,,LIST
/pdet/microdados/NOVO CAGED/Legado/Movimentações/2020/Dezembro/CAGEDMOV202006.7z,/pdet/microdados/NOVO CAGED/Legado/Movimentações/2020/Dezembro,CAGEDMOV202006.7z,7z,21715167,11-30-21 03:39PM,NOVO_CAGED_MOV,2020,06,,LIST
/pdet/microdados/NOVO CAGED/Legado/Movimentações/2020/Dezembro/CAGEDMOV202007.7z,/pdet/microdados/NOVO CAGED/Legado/Movimentações/2020/Dezembro,CAGEDMOV202007.7z,7z,24573607,11-30-21 03:39PM,NOVO_CAGED_MOV,2020,07,,LIST
/pdet/microdados/NOVO CAGED/Legado/Movimentações/2020/Dezembro/CAGEDMOV202008.7z,/pdet/microdados/NOVO CAGED/Legado/Movimentações/2020/Dezembro,CAGEDMOV202008.7z,7z,26560820,11-30-21 03:39PM,NOVO_CAGED_MOV,2020,08,,LIST
/pdet/microdados/NOVO CAGED/Legado/Movimentações/2020/Dezembro/CAGEDMOV202009.7z,/pdet/microdados/NOVO CAGED/Legado/Movimentações/2020/Dezembro,CAGEDMOV202009.7z,7z,28976161,11-30-21 03:40PM,NOVO_CAGED_MOV,2020,09,,LIST
/pdet/microdados/NOVO CAGED/Legado/Movimentações/2020/Dezembro/CAGEDMOV202010.7z,/pdet/microdados/NOVO CAGED/Legado/Movimentações/2020/Dezembro,CAGEDMOV202010.7z,7z,31715496,11-30-21 03:40PM,NOVO_CAGED_MOV,2020,10,,LIST
/pdet/microdados/NOVO CAGED/Legado/Movimentações/2020/Dezembro/CAGEDMOV202011.7z,/pdet/microdados/NOVO CAGED/Legado/Movimentações/2020/Dezembro,CAGEDMOV202011.7z,7z,30880829,11-30-21 03:40PM,NOVO_CAGED_MOV,2020,11,,LIST
/pdet/microdados/NOVO CAGED/Legado/Movimentações/2020/Dezembro/CAGEDMOV202012.7z,/pdet/microdados/NOVO CAGED/Legado/Movimentações/2020/Dezembro,CAGEDMOV202012.7z,7z,28766224,11-30-21 03:40PM,NOVO_CAGED_MOV,2020,12,,LIST
/pdet/microdados/NOVO CAGED/Legado/Movimentações/2020/Fevereiro/CAGEDMOV202001.7z,/pdet/microdados/NOVO CAGED/Legado/Movimentações/2020/Fevereiro,CAGEDMOV202001.7z,7z,29578121,11-30-21 03:40PM,NOVO_CAGED_MOV,2020,01,,LIST
/pdet/microdados/NOVO CAGED/Legado/Movimentações/2020/Fevereiro/CAGEDMOV202002.7z,/pdet/microdados/NOVO CAGED/Legado/Movimentações/2020/Fevereiro,CAGEDMOV202002.7z,7z,29352709,11-30-21 03:40PM,NOVO_CAGED_MOV,2020,02,,LIST
/pdet/microdados/NOVO CAGED/Legado/Movimentações/2020/Janeiro/CAGEDMOV202001.7z,/pdet/microdados/NOVO CAGED/Legado/Movimentações/2020/Janeiro,CAGEDMOV202001.7z,7z,28620737,11-30-21 03:40PM,NOVO_CAGED_MOV,2020,01,,LIST
/pdet/microdados/NOVO CAGED/Legado/Movimentações/2020/Julho/CAGEDMOV202001.7z,/pdet/microdados/NOVO CAGED/Legado/Movimentações/2020/Julho,CAGEDMOV202001.7z,7z,32986074,11-30-21 03:40PM,NOVO_CAGED_MOV,2020,01,,LIST
/pdet/microdados/NOVO CAGED/Legado/Movimentações/2020/Julho/CAGEDMOV202002.7z,/pdet/microdados/NOVO CAGED/Legado/Movimentações/2020/Julho,CAGEDMOV202002.7z,7z,33981311,11-30-21 03:40PM,NOVO_CAGED_MOV,2020,02,,LIST
/pdet/microdados/NOVO CAGED/Legado/Movimentações/2020/Julho/CAGEDMOV202003.7z,/pdet/microdados/NOVO CAGED/Legado/Movimentações/2020/Julho,CAGEDMOV202003.7z,7z,35692525,11-30-21 03:40PM,NOVO_CAGED_MOV,2020,03,,LIST
/pdet/microdados/NOVO CAGED/Legado/Movimentações/2020/Julho/CAGEDMOV202004.7z,/pdet/microdados/NOVO CAGED/Legado/Movimentações/2020/Julho,CAGEDMOV202004.7z,7z,24862662,11-30-21 03:40PM,NOVO_CAGED_MOV,2020,04,,LIST
/pdet/microdados/NOVO CAGED/Legado/Movimentações/2020/Julho/CAGEDMOV202005.7z,/pdet/microdados/NOVO CAGED/Legado/Movimentações/2020/Julho,CAGEDMOV202005.7z,7z,20664516,11-30-21 03:40PM,NOVO_CAGED_MOV,2020,05,,LIST
/pdet/microdados/NOVO CAGED/Legado/Movimentações/2020/Julho/CAGEDMOV202006.7z,/pdet/microdados/NOVO CAGED/Legado/Movimentações/2020/Julho,CAGEDMOV202006.7z,7z,21006476,11-30-21 03:40PM,NOVO_CAGED_MOV,2020,06,,LIST
/pdet/microdados/NOVO CAGED/Legado/Movimentações/2020/Julho/CAGEDMOV202007.7z,/pdet/microdados/NOVO CAGED/Legado/Movimentações/2020/Julho,CAGEDMOV202007.7z,7z,22340295,11-30-21 03:40PM,NOVO_CAGED_MOV,2020,07,,LIST
/pdet/microdados/NOVO CAGED/Legado/Movimentações/2020/Junho/CAGEDMOV202001.7z,/pdet/microdados/NOVO CAGED/Legado/Movimentações/2020/Junho,CAGEDMOV202001.7z,7z,32851774,11-30-21 03:40PM,NOVO_CAGED_MOV,2020,01,,LIST
/pdet/microdados/NOVO CAGED/Legado/Movimentações/2020/Junho/CAGEDMOV202002.7z,/pdet/microdados/NOVO CAGED/Legado/Movimentações/2020/Junho,CAGEDMOV202002.7z,7z,33802620,11-30-21 03:40PM,NOVO_CAGED_MOV,2020,02,,LIST
/pdet/microdados/NOVO CAGED/Legado/Movimentações/2020/Junho/CAGEDMOV202003.7z,/pdet/microdados/NOVO CAGED/Legado/Movimentações/2020/Junho,CAGEDMOV202003.7z,7z,35440402,11-30-21 03:40PM,NOVO_CAGED_MOV,2020,03,,LIST
/pdet/microdados/NOVO CAGED/Legado/Movimentações/2020/Junho/CAGEDMOV202004.7z,/pdet/microdados/NOVO CAGED/Legado/Movimentações/2020/Junho,CAGEDMOV202004.7z,7z,24603552,11-30-21 03:40PM,NOVO_CAGED_MOV,2020,04,,LIST
/pdet/microdados/NOVO CAGED/Legado/Movimentações/2020/Junho/CAGEDMOV202005.7z,/pdet/microdados/NOVO CAGED/Legado/Movimentações/2020/Junho,CAGEDMOV202005.7z,7z,20405450,11-30-21 03:40PM,NOVO_CAGED_MOV,2020,05,,LIST
/pdet/microdados/NOVO CAGED/Legado/Movimentações/2020/Junho/CAGEDMOV202006.7z,/pdet/microdados/NOVO CAGED/Legado/Movimentações/2020/Junho,CAGEDMOV202006.7z,7z,20431161,11-30-21 03:40PM,NOVO_CAGED_MOV,2020,06,,LIST
/pdet/microdados/NOVO CAGED/Legado/Movimentações/2020/Maio/CAGEDMOV202001.7z,/pdet/microdados/NOVO CAGED/Legado/Movimentações/2020/Maio,CAGEDMOV202001.7z,7z,30556456,11-30-21 03:41PM,NOVO_CAGED_MOV,2020,01,,LIST
/pdet/microdados/NOVO CAGED/Legado/Movimentações/2020/Maio/CAGEDMOV202002.7z,/pdet/microdados/NOVO CAGED/Legado/Movimentações/2020/Maio,CAGEDMOV202002.7z,7z,31391635,11-30-21 03:41PM,NOVO_CAGED_MOV,2020,02,,LIST
/pdet/microdados/NOVO CAGED/Legado/Movimentações/2020/Maio/CAGEDMOV202003.7z,/pdet/microdados/NOVO CAGED/Legado/Movimentações/2020/Maio,CAGEDMOV202003.7z,7z,32776068,11-30-21 03:41PM,NOVO_CAGED_MOV,2020,03,,LIST
/pdet/microdados/NOVO CAGED/Legado/Movimentações/2020/Maio/CAGEDMOV202004.7z,/pdet/microdados/NOVO CAGED/Legado/Movimentações/2020/Maio,CAGEDMOV202004.7z,7z,22715237,11-30-21 03:41PM,NOVO_CAGED_MOV,2020,04,,LIST
/pdet/microdados/NOVO CAGED/Legado/Movimentações/2020/Maio/CAGEDMOV202005.7z,/pdet/microdados/NOVO CAGED/Legado/Movimentações/2020/Maio,CAGEDMOV202005.7z,7z,18497523,11-30-21 03:41PM,NOVO_CAGED_MOV,2020,05,,LIST
/pdet/microdados/NOVO CAGED/Legado/Movimentações/2020/Março/CAGEDMOV202001.7z,/pdet/microdados/NOVO CAGED/Legado/Movimentações/2020/Março,CAGEDMOV202001.7z,7z,30100879,11-30-21 03:41PM,NOVO_CAGED_MOV,2020,01,,LIST
/pdet/microdados/NOVO CAGED/Legado/Movimentações/2020/Março/CAGEDMOV202002.7z,/pdet/microdados/NOVO CAGED/Legado/Movimentações/2020/Março,CAGEDMOV202002.7z,7z,30607146,11-30-21 03:41PM,NOVO_CAGED_MOV,2020,02,,LIST
/pdet/microdados/NOVO CAGED/Legado/Movimentações/2020/Março/CAGEDMOV202003.7z,/pdet/microdados/NOVO CAGED/Legado/Movimentações/2020/Março,CAGEDMOV202003.7z,7z,30618371,11-30-21 03:41PM,NOVO_CAGED_MOV,2020,03,,LIST
/pdet/microdados/NOVO CAGED/Legado/Movimentações/2020/Novembro/CAGEDMOV202001.7z,/pdet/microdados/NOVO CAGED/Legado/Movimentações/2020/Novembro,CAGEDMOV202001.7z,7z,33314819,11-30-21 03:41PM,NOVO_CAGED_MOV,2020,01,,LIST
/pdet/microdados/NOVO CAGED/Legado/Movimentações/2020/Novembro/CAGEDMOV202002.7z,/pdet/microdados/NOVO CAGED/Legado/Movimentações/2020/Novembro,CAGEDMOV202002.7z,7z,34398077,11-30-21 03:41PM,NOVO_CAGED_MOV,2020,02,,LIST
/pdet/microdados/NOVO CAGED/Legado/Movimentações/2020/Novembro/CAGEDMOV202003.7z,/pdet/microdados/NOVO CAGED/Legado/Movimentações/2020/Novembro,CAGEDMOV202003.7z,7z,36275913,11-30-21 03:41PM,NOVO_CAGED_MOV,2020,03,,LIST
/pdet/microdados/NOVO CAGED/Legado/Movimentações/2020/Novembro/CAGEDMOV202004.7z,/pdet/microdados/NOVO CAGED/Legado/Movimentações/2020/Novembro,CAGEDMOV202004.7z,7z,25396151,11-30-21 03:41PM,NOVO_CAGED_MOV,2020,04,,LIST
/pdet/microdados/NOVO CAGED/Legado/Movimentações/2020/Novembro/CAGEDMOV202005.7z,/pdet/microdados/NOVO CAGED/Legado/Movimentações/2020/Novembro,CAGEDMOV202005.7z,7z,21140393,11-30-21 03:41PM,NOVO_CAGED_MOV,2020,05,,LIST
/pdet/microdados/NOVO CAGED/Legado/Movimentações/2020/Novembro/CAGEDMOV202006.7z,/pdet/microdados/NOVO CAGED/Legado/Movimentações/2020/Novembro,CAGEDMOV202006.7z,7z,21632403,11-30-21 03:41PM,NOVO_CAGED_MOV,2020,06,,LIST
/pdet/microdados/NOVO CAGED/Legado/Movimentações/2020/Novembro/CAGEDMOV202007.7z,/pdet/microdados/NOVO CAGED/Legado/Movimentações/2020/Novembro,CAGEDMOV202007.7z,7z,24453313,11-30-21 03:41PM,NOVO_CAGED_MOV,2020,07,,LIST
/pdet/microdados/NOVO CAGED/Legado/Movimentações/2020/Novembro/CAGEDMOV202008.7z,/pdet/microdados/NOVO CAGED/Legado/Movimentações/2020/Novembro,CAGEDMOV202008.7z,7z,26416237,11-30-21 03:41PM,NOVO_CAGED_MOV,2020,08,,LIST
/pdet/microdados/NOVO CAGED/Legado/Movimentações/2020/Novembro/CAGEDMOV202009.7z,/pdet/microdados/NOVO CAGED/Legado/Movimentações/2020/Novembro,CAGEDMOV202009.7z,7z,28778338,11-30-21 03:41PM,NOVO_CAGED_MOV,2020,09,,LIST
/pdet/microdados/NOVO CAGED/Legado/Movimentações/2020/Novembro/CAGEDMOV202010.7z,/pdet/microdados/NOVO CAGED/Legado/Movimentações/2020/Novembro,CAGEDMOV202010.7z,7z,31413385,11-30-21 03:41PM,NOVO_CAGED_MOV,2020,10,,LIST
/pdet/microdados/NOVO CAGED/Legado/Movimentações/2020/Novembro/CAGEDMOV202011.7z,/pdet/microdados/NOVO CAGED/Legado/Movimentações/2020/Novembro,CAGEDMOV202011.7z,7z,29948862,11-30-21 03:41PM,NOVO_CAGED_MOV,2020,11,,LIST
/pdet/microdados/NOVO CAGED/Legado/Movimentações/2020/Outubro/CAGEDMOV202001.7z,/pdet/microdados/NOVO CAGED/Legado/Movimentações/2020/Outubro,CAGEDMOV202001.7z,7z,33251866,11-30-21 03:41PM,NOVO_CAGED_MOV,2020,01,,LIST
/pdet/microdados/NOVO CAGED/Legado/Movimentações/2020/Outubro/CAGEDMOV202002.7z,/pdet/microdados/NOVO CAGED/Legado/Movimentações/2020/Outubro,CAGEDMOV202002.7z,7z,34316998,11-30-21 03:42PM,NOVO_CAGED_MOV,2020,02,,LIST
/pdet/microdados/NOVO CAGED/Legado/Movimentações/2020/Outubro/CAGEDMOV202003.7z,/pdet/microdados/NOVO CAGED/Legado/Movimentações/2020/Outubro,CAGEDMOV202003.7z,7z,36156902,11-30-21 03:42PM,NOVO_CAGED_MOV,2020,03,,LIST
/pdet/microdados/NOVO CAGED/Legado/Movimentações/2020/Outubro/CAGEDMOV202004.7z,/pdet/microdados/NOVO CAGED/Legado/Movimentações/2020/Outubro,CAGEDMOV202004.7z,7z,25274825,11-30-21 03:42PM,NOVO_CAGED_MOV,2020,04,,LIST
/pdet/microdados/NOVO CAGED/Legado/Movimentações/2020/Outubro/CAGEDMOV202005.7z,/pdet/microdados/NOVO CAGED/Legado/Movimentações/2020/Outubro,CAGEDMOV202005.7z,7z,21047130,11-30-21 03:42PM,NOVO_CAGED_MOV,2020,05,,LIST
/pdet/microdados/NOVO CAGED/Legado/Movimentações/2020/Outubro/CAGEDMOV202006.7z,/pdet/microdados/NOVO CAGED/Legado/Movimentações/2020/Outubro,CAGEDMOV202006.7z,7z,21521751,11-30-21 03:42PM,NOVO_CAGED_MOV,2020,06,,LIST
/pdet/microdados/NOVO CAGED/Legado/Movimentações/2020/Outubro/CAGEDMOV202007.7z,/pdet/microdados/NOVO CAGED/Legado/Movimentações/2020/Outubro,CAGEDMOV202007.7z,7z,24304033,11-30-21 03:42PM,NOVO_CAGED_MOV,2020,07,,LIST
/pdet/microdados/NOVO CAGED/Legado/Movimentações/2020/Outubro/CAGEDMOV202008.7z,/pdet/microdados/NOVO CAGED/Legado/Movimentações/2020/Outubro,CAGEDMOV202008.7z,7z,26230266,11-30-21 03:42PM,NOVO_CAGED_MOV,2020,08,,LIST
/pdet/microdados/NOVO CAGED/Legado/Movimentações/2020/Outubro/CAGEDMOV202009.7z,/pdet/microdados/NOVO CAGED/Legado/Movimentações/2020/Outubro,CAGEDMOV202009.7z,7z,28488574,11-30-21 03:42PM,NOVO_CAGED_MOV,2020,09,,LIST
/pdet/microdados/NOVO CAGED/Legado/Movimentações/2020/Outubro/CAGEDMOV202010.7z,/pdet/microdados/NOVO CAGED/Legado/Movimentações/2020/Outubro,CAGEDMOV202010.7z,7z,30725965,11-30-21 03:42PM,NOVO_CAGED_MOV,2020,10,,LIST
/pdet/microdados/NOVO CAGED/Legado/Movimentações/2020/Setembro/CAGEDMOV202001.7z,/pdet/microdados/NOVO CAGED/Legado/Movimentações/2020/Setembro,CAGEDMOV202001.7z,7z,33184746,11-30-21 03:42PM,NOVO_CAGED_MOV,2020,01,,LIST
/pdet/microdados/NOVO CAGED/Legado/Movimentações/2020/Setembro/CAGEDMOV202002.7z,/pdet/microdados/NOVO CAGED/Legado/Movimentações/2020/Setembro,CAGEDMOV202002.7z,7z,34227112,11-30-21 03:42PM,NOVO_CAGED_MOV,2020,02,,LIST
/pdet/microdados/NOVO CAGED/Legado/Movimentações/2020/Setembro/CAGEDMOV202003.7z,/pdet/microdados/NOVO CAGED/Legado/Movimentações/2020/Setembro,CAGEDMOV202003.7z,7z,36039073,11-30-21 03:42PM,NOVO_CAGED_MOV,2020,03,,LIST
/pdet/microdados/NOVO CAGED/Legado/Movimentações/2020/Setembro/CAGEDMOV202004.7z,/pdet/microdados/NOVO CAGED/Legado/Movimentações/2020/Setembro,CAGEDMOV202004.7z,7z,25175711,11-30-21 03:42PM,NOVO_CAGED_MOV,2020,04,,LIST
/pdet/microdados/NOVO CAGED/Legado/Movimentações/2020/Setembro/CAGEDMOV202005.7z,/pdet/microdados/NOVO CAGED/Legado/Movimentações/2020/Setembro,CAGEDMOV202005.7z,7z,20956231,11-30-21 03:42PM,NOVO_CAGED_MOV,2020,05,,LIST
/pdet/microdados/NOVO CAGED/Legado/Movimentações/2020/Setembro/CAGEDMOV202006.7z,/pdet/microdados/NOVO CAGED/Legado/Movimentações/2020/Setembro,CAGEDMOV202006.7z,7z,21419973,11-30-21 03:42PM,NOVO_CAGED_MOV,2020,06,,LIST
/pdet/microdados/NOVO CAGED/Legado/Movimentações/2020/Setembro/CAGEDMOV202007.7z,/pdet/microdados/NOVO CAGED/Legado/Movimentações/2020/Setembro,CAGEDMOV202007.7z,7z,24152223,11-30-21 03:42PM,NOVO_CAGED_MOV,2020,07,,LIST
/pdet/microdados/NOVO CAGED/Legado/Movimentações/2020/Setembro/CAGEDMOV202008.7z,/pdet/microdados/NOVO CAGED/Legado/Movimentações/2020/Setembro,CAGEDMOV202008.7z,7z,25990577,11-30-21 03:42PM,NOVO_CAGED_MOV,2020,08,,LIST
/pdet/microdados/NOVO CAGED/Legado/Movimentações/2020/Setembro/CAGEDMOV202009.7z,/pdet/microdados/NOVO CAGED/Legado/Movimentações/2020/Setembro,CAGEDMOV202009.7z,7z,27838895,11-30-21 03:42PM,NOVO_CAGED_MOV,2020,09,,LIST
/pdet/microdados/NOVO CAGED/Legado/Movimentações/2021/Abril/CAGEDMOV202004.7z,/pdet/microdados/NOVO CAGED/Legado/Movimentações/2021/Abril,CAGEDMOV202004.7z,7z,25809157,11-30-21 03:42PM,NOVO_CAGED_MOV,2020,04,,LIST
/pdet/microdados/NOVO CAGED/Legado/Movimentações/2021/Abril/CAGEDMOV202005.7z,/pdet/microdados/NOVO CAGED/Legado/Movimentações/2021/Abril,CAGEDMOV202005.7z,7z,21488105,11-30-21 03:42PM,NOVO_CAGED_MOV,2020,05,,LIST
/pdet/microdados/NOVO CAGED/Legado/Movimentações/2021/Abril/CAGEDMOV202006.7z,/pdet/microdados/NOVO CAGED/Legado/Movimentações/2021/Abril,CAGEDMOV202006.7z,7z,22030472,11-30-21 03:42PM,NOVO_CAGED_MOV,2020,06,,LIST
/pdet/microdados/NOVO CAGED/Legado/Movimentações/2021/Abril/CAGEDMOV202007.7z,/pdet/microdados/NOVO CAGED/Legado/Movimentações/2021/Abril,CAGEDMOV202007.7z,7z,24972169,11-30-21 03:43PM,NOVO_CAGED_MOV,2020,07,,LIST
/pdet/microdados/NOVO CAGED/Legado/Movimentações/2021/Abril/CAGEDMOV202008.7z,/pdet/microdados/NOVO CAGED/Legado/Movimentações/2021/Abril,CAGEDMOV202008.7z,7z,27110642,11-30-21 03:43PM,NOVO_CAGED_MOV,2020,08,,LIST
/pdet/microdados/NOVO CAGED/Legado/Movimentações/2021/Abril/CAGEDMOV202009.7z,/pdet/microdados/NOVO CAGED/Legado/Movimentações/2021/Abril,CAGEDMOV202009.7z,7z,29602383,11-30-21 03:43PM,NOVO_CAGED_MOV,2020,09,,LIST
/pdet/microdados/NOVO CAGED/Legado/Movimentações/2021/Abril/CAGEDMOV202010.7z,/pdet/microdados/NOVO CAGED/Legado/Movimentações/2021/Abril,CAGEDMOV202010.7z,7z,32540182,11-30-21 03:43PM,NOVO_CAGED_MOV,2020,10,,LIST
/pdet/microdados/NOVO CAGED/Legado/Movimentações/2021/Abril/CAGEDMOV202011.7z,/pdet/microdados/NOVO CAGED/Legado/Movimentações/2021/Abril,CAGEDMOV202011.7z,7z,31918126,11-30-21 03:43PM,NOVO_CAGED_MOV,2020,11,,LIST
/pdet/microdados/NOVO CAGED/Legado/Movimentações/2021/Abril/CAGEDMOV202012.7z,/pdet/microdados/NOVO CAGED/Legado/Movimentações/2021/Abril,CAGEDMOV202012.7z,7z,30504379,11-30-21 03:43PM,NOVO_CAGED_MOV,2020,12,,LIST
/pdet/microdados/NOVO CAGED/Legado/Movimentações/2021/Abril/CAGEDMOV202101.7z,/pdet/microdados/NOVO CAGED/Legado/Movimentações/2021/Abril,CAGEDMOV202101.7z,7z,33870237,11-30-21 03:43PM,NOVO_CAGED_MOV,2021,01,,LIST
/pdet/microdados/NOVO CAGED/Legado/Movimentações/2021/Abril/CAGEDMOV202102.7z,/pdet/microdados/NOVO CAGED/Legado/Movimentações/2021/Abril,CAGEDMOV202102.7z,7z,35661954,11-30-21 03:43PM,NOVO_CAGED_MOV,2021,02,,LIST
/pdet/microdados/NOVO CAGED/Legado/Movimentações/2021/Abril/CAGEDMOV202103.7z,/pdet/microdados/NOVO CAGED/Legado/Movimentações/2021/Abril,CAGEDMOV202103.7z,7z,35654798,11-30-21 03:43PM,NOVO_CAGED_MOV,2021,03,,LIST
/pdet/microdados/NOVO CAGED/Legado/Movimentações/2021/Abril/CAGEDMOV202104.7z,/pdet/microdados/NOVO CAGED/Legado/Movimentações/2021/Abril,CAGEDMOV202104.7z,7z,30233586,11-30-21 03:43PM,NOVO_CAGED_MOV,2021,04,,LIST
/pdet/microdados/NOVO CAGED/Legado/Movimentações/2021/Agosto/CAGEDMOV202008.7z,/pdet/microdados/NOVO CAGED/Legado/Movimentações/2021/Agosto,CAGEDMOV202008.7z,7z,27152272,11-30-21 03:43PM,NOVO_CAGED_MOV,2020,08,,LIST
/pdet/microdados/NOVO CAGED/Legado/Movimentações/2021/Agosto/CAGEDMOV202009.7z,/pdet/microdados/NOVO CAGED/Legado/Movimentações/2021/Agosto,CAGEDMOV202009.7z,7z,29664568,11-30-21 03:43PM,NOVO_CAGED_MOV,2020,09,,LIST
/pdet/microdados/NOVO CAGED/Legado/Movimentações/2021/Agosto/CAGEDMOV202010.7z,/pdet/microdados/NOVO CAGED/Legado/Movimentações/2021/Agosto,CAGEDMOV202010.7z,7z,32606499,11-30-21 03:43PM,NOVO_CAGED_MOV,2020,10,,LIST
/pdet/microdados/NOVO CAGED/Legado/Movimentações/2021/Agosto/CAGEDMOV202011.7z,/pdet/microdados/NOVO CAGED/Legado/Movimentações/2021/Agosto,CAGEDMOV202011.7z,7z,31985213,11-30-21 03:43PM,NOVO_CAGED_MOV,2020,11,,LIST
/pdet/microdados/NOVO CAGED/Legado/Movimentações/2021/Agosto/CAGEDMOV202012.7z,/pdet/microdados/NOVO CAGED/Legado/Movimentações/2021/Agosto,CAGEDMOV202012.7z,7z,30587372,11-30-21 03:43PM,NOVO_CAGED_MOV,2020,12,,LIST
/pdet/microdados/NOVO CAGED/Legado/Movimentações/2021/Agosto/CAGEDMOV202101.7z,/pdet/microdados/NOVO CAGED/Legado/Movimentações/2021/Agosto,CAGEDMOV202101.7z,7z,33994873,11-30-21 03:43PM,NOVO_CAGED_MOV,2021,01,,LIST
/pdet/microdados/NOVO CAGED/Legado/Movimentações/2021/Agosto/CAGEDMOV202102.7z,/pdet/microdados/NOVO CAGED/Legado/Movimentações/2021/Agosto,CAGEDMOV202102.7z,7z,35806549,11-30-21 03:43PM,NOVO_CAGED_MOV,2021,02,,LIST
/pdet/microdados/NOVO CAGED/Legado/Movimentações/2021/Agosto/CAGEDMOV202103.7z,/pdet/microdados/NOVO CAGED/Legado/Movimentações/2021/Agosto,CAGEDMOV202103.7z,7z,35874236,11-30-21 03:43PM,NOVO_CAGED_MOV,2021,03,,LIST
/pdet/microdados/NOVO CAGED/Legado/Movimentações/2021/Agosto/CAGEDMOV202104.7z,/pdet/microdados/NOVO CAGED/Legado/Movimentações/2021/Agosto,CAGEDMOV202104.7z,7z,30570868,11-30-21 03:44PM,NOVO_CAGED_MOV,2021,04,,LIST
/pdet/microdados/NOVO CAGED/Legado/Movimentações/2021/Agosto/CAGEDMOV202105.7z,/pdet/microdados/NOVO CAGED/Legado/Movimentações/2021/Agosto,CAGEDMOV202105.7z,7z,32432005,11-30-21 03:44PM,NOVO_CAGED_MOV,2021,05,,LIST
/pdet/microdados/NOVO CAGED/Legado/Movimentações/2021/Agosto/CAGEDMOV202106.7z,/pdet/microdados/NOVO CAGED/Legado/Movimentações/2021/Agosto,CAGEDMOV202106.7z,7z,33263999,11-30-21 03:44PM,NOVO_CAGED_MOV,2021,06,,LIST
/pdet/microdados/NOVO CAGED/Legado/Movimentações/2021/Agosto/CAGEDMOV202107.7z,/pdet/microdados/NOVO CAGED/Legado/Movimentações/2021/Agosto,CAGEDMOV202107.7z,7z,34552415,11-30-21 03:44PM,NOVO_CAGED_MOV,2021,07,,LIST
/pdet/microdados/NOVO CAGED/Legado/Movimentações/2021/Agosto/CAGEDMOV202108.7z,/pdet/microdados/NOVO CAGED/Legado/Movimentações/2021/Agosto,CAGEDMOV202108.7z,7z,37115208,11-30-21 03:44PM,NOVO_CAGED_MOV,2021,08,,LIST
/pdet/microdados/NOVO CAGED/Legado/Movimentações/2021/Fevereiro/CAGEDMOV202002.7z,/pdet/microdados/NOVO CAGED/Legado/Movimentações/2021/Fevereiro,CAGEDMOV202002.7z,7z,34636718,11-30-21 03:44PM,NOVO_CAGED_MOV,2020,02,,LIST
/pdet/microdados/NOVO CAGED/Legado/Movimentações/2021/Fevereiro/CAGEDMOV202003.7z,/pdet/microdados/NOVO CAGED/Legado/Movimentações/2021/Fevereiro,CAGEDMOV202003.7z,7z,36561227,11-30-21 03:44PM,NOVO_CAGED_MOV,2020,03,,LIST
/pdet/microdados/NOVO CAGED/Legado/Movimentações/2021/Fevereiro/CAGEDMOV202004.7z,/pdet/microdados/NOVO CAGED/Legado/Movimentações/2021/Fevereiro,CAGEDMOV202004.7z,7z,25639541,11-30-21 03:44PM,NOVO_CAGED_MOV,2020,04,,LIST
/pdet/microdados/NOVO CAGED/Legado/Movimentações/2021/Fevereiro/CAGEDMOV202005.7z,/pdet/microdados/NOVO CAGED/Legado/Movimentações/2021/Fevereiro,CAGEDMOV202005.7z,7z,21345561,11-30-21 03:44PM,NOVO_CAGED_MOV,2020,05,,LIST
/pdet/microdados/NOVO CAGED/Legado/Movimentações/2021/Fevereiro/CAGEDMOV202006.7z,/pdet/microdados/NOVO CAGED/Legado/Movimentações/2021/Fevereiro,CAGEDMOV202006.7z,7z,21868457,11-30-21 03:44PM,NOVO_CAGED_MOV,2020,06,,LIST
/pdet/microdados/NOVO CAGED/Legado/Movimentações/2021/Fevereiro/CAGEDMOV202007.7z,/pdet/microdados/NOVO CAGED/Legado/Movimentações/2021/Fevereiro,CAGEDMOV202007.7z,7z,24768170,11-30-21 03:44PM,NOVO_CAGED_MOV,2020,07,,LIST
/pdet/microdados/NOVO CAGED/Legado/Movimentações/2021/Fevereiro/CAGEDMOV202008.7z,/pdet/microdados/NOVO CAGED/Legado/Movimentações/2021/Fevereiro,CAGEDMOV202008.7z,7z,26820234,11-30-21 03:44PM,NOVO_CAGED_MOV,2020,08,,LIST
/pdet/microdados/NOVO CAGED/Legado/Movimentações/2021/Fevereiro/CAGEDMOV202009.7z,/pdet/microdados/NOVO CAGED/Legado/Movimentações/2021/Fevereiro,CAGEDMOV202009.7z,7z,29294821,11-30-21 03:44PM,NOVO_CAGED_MOV,2020,09,,LIST
/pdet/microdados/NOVO CAGED/Legado/Movimentações/2021/Fevereiro/CAGEDMOV202010.7z,/pdet/microdados/NOVO CAGED/Legado/Movimentações/2021/Fevereiro,CAGEDMOV202010.7z,7z,32157445,11-30-21 03:44PM,NOVO_CAGED_MOV,2020,10,,LIST
/pdet/microdados/NOVO CAGED/Legado/Movimentações/2021/Fevereiro/CAGEDMOV202011.7z,/pdet/microdados/NOVO CAGED/Legado/Movimentações/2021/Fevereiro,CAGEDMOV202011.7z,7z,31494672,11-30-21 03:44PM,NOVO_CAGED_MOV,2020,11,,LIST
/pdet/microdados/NOVO CAGED/Legado/Movimentações/2021/Fevereiro/CAGEDMOV202012.7z,/pdet/microdados/NOVO CAGED/Legado/Movimentações/2021/Fevereiro,CAGEDMOV202012.7z,7z,29989523,11-30-21 03:44PM,NOVO_CAGED_MOV,2020,12,,LIST
/pdet/microdados/NOVO CAGED/Legado/Movimentações/2021/Fevereiro/CAGEDMOV202101.7z,/pdet/microdados/NOVO CAGED/Legado/Movimentações/2021/Fevereiro,CAGEDMOV202101.7z,7z,32938416,11-30-21 03:44PM,NOVO_CAGED_MOV,2021,01,,LIST
/pdet/microdados/NOVO CAGED/Legado/Movimentações/2021/Fevereiro/CAGEDMOV202102.7z,/pdet/microdados/NOVO CAGED/Legado/Movimentações/2021/Fevereiro,CAGEDMOV202102.7z,7z,34130977,11-30-21 03:44PM,NOVO_CAGED_MOV,2021,02,,LIST
/pdet/microdados/NOVO CAGED/Legado/Movimentações/2021/Janeiro/CAGEDMOV202001.7z,/pdet/microdados/NOVO CAGED/Legado/Movimentações/2021/Janeiro,CAGEDMOV202001.7z,7z,33475841,11-30-21 03:44PM,NOVO_CAGED_MOV,2020,01,,LIST
/pdet/microdados/NOVO CAGED/Legado/Movimentações/2021/Janeiro/CAGEDMOV202002.7z,/pdet/microdados/NOVO CAGED/Legado/Movimentações/2021/Janeiro,CAGEDMOV202002.7z,7z,34567935,11-30-21 03:45PM,NOVO_CAGED_MOV,2020,02,,LIST
/pdet/microdados/NOVO CAGED/Legado/Movimentações/2021/Janeiro/CAGEDMOV202003.7z,/pdet/microdados/NOVO CAGED/Legado/Movimentações/2021/Janeiro,CAGEDMOV202003.7z,7z,36473740,11-30-21 03:45PM,NOVO_CAGED_MOV,2020,03,,LIST
/pdet/microdados/NOVO CAGED/Legado/Movimentações/2021/Janeiro/CAGEDMOV202004.7z,/pdet/microdados/NOVO CAGED/Legado/Movimentações/2021/Janeiro,CAGEDMOV202004.7z,7z,25568529,11-30-21 03:45PM,NOVO_CAGED_MOV,2020,04,,LIST
/pdet/microdados/NOVO CAGED/Legado/Movimentações/2021/Janeiro/CAGEDMOV202005.7z,/pdet/microdados/NOVO CAGED/Legado/Movimentações/2021/Janeiro,CAGEDMOV202005.7z,7z,21286593,11-30-21 03:45PM,NOVO_CAGED_MOV,2020,05,,LIST
/pdet/microdados/NOVO CAGED/Legado/Movimentações/2021/Janeiro/CAGEDMOV202006.7z,/pdet/microdados/NOVO CAGED/Legado/Movimentações/2021/Janeiro,CAGEDMOV202006.7z,7z,21798701,11-30-21 03:45PM,NOVO_CAGED_MOV,2020,06,,LIST
/pdet/microdados/NOVO CAGED/Legado/Movimentações/2021/Janeiro/CAGEDMOV202007.7z,/pdet/microdados/NOVO CAGED/Legado/Movimentações/2021/Janeiro,CAGEDMOV202007.7z,7z,24685173,11-30-21 03:45PM,NOVO_CAGED_MOV,2020,07,,LIST
/pdet/microdados/NOVO CAGED/Legado/Movimentações/2021/Janeiro/CAGEDMOV202008.7z,/pdet/microdados/NOVO CAGED/Legado/Movimentações/2021/Janeiro,CAGEDMOV202008.7z,7z,26709189,11-30-21 03:45PM,NOVO_CAGED_MOV,2020,08,,LIST
/pdet/microdados/NOVO CAGED/Legado/Movimentações/2021/Janeiro/CAGEDMOV202009.7z,/pdet/microdados/NOVO CAGED/Legado/Movimentações/2021/Janeiro,CAGEDMOV202009.7z,7z,29165975,11-30-21 03:45PM,NOVO_CAGED_MOV,2020,09,,LIST
/pdet/microdados/NOVO CAGED/Legado/Movimentações/2021/Janeiro/CAGEDMOV202010.7z,/pdet/microdados/NOVO CAGED/Legado/Movimentações/2021/Janeiro,CAGEDMOV202010.7z,7z,31974802,11-30-21 03:45PM,NOVO_CAGED_MOV,2020,10,,LIST
/pdet/microdados/NOVO CAGED/Legado/Movimentações/2021/Janeiro/CAGEDMOV202011.7z,/pdet/microdados/NOVO CAGED/Legado/Movimentações/2021/Janeiro,CAGEDMOV202011.7z,7z,31253432,11-30-21 03:45PM,NOVO_CAGED_MOV,2020,11,,LIST
/pdet/microdados/NOVO CAGED/Legado/Movimentações/2021/Janeiro/CAGEDMOV202012.7z,/pdet/microdados/NOVO CAGED/Legado/Movimentações/2021/Janeiro,CAGEDMOV202012.7z,7z,29644471,11-30-21 03:45PM,NOVO_CAGED_MOV,2020,12,,LIST
/pdet/microdados/NOVO CAGED/Legado/Movimentações/2021/Janeiro/CAGEDMOV202101.7z,/pdet/microdados/NOVO CAGED/Legado/Movimentações/2021/Janeiro,CAGEDMOV202101.7z,7z,31831548,11-30-21 03:45PM,NOVO_CAGED_MOV,2021,01,,LIST
/pdet/microdados/NOVO CAGED/Legado/Movimentações/2021/Julho/CAGEDMOV202007.7z,/pdet/microdados/NOVO CAGED/Legado/Movimentações/2021/Julho,CAGEDMOV202007.7z,7z,24997130,11-30-21 03:45PM,NOVO_CAGED_MOV,2020,07,,LIST
/pdet/microdados/NOVO CAGED/Legado/Movimentações/2021/Julho/CAGEDMOV202008.7z,/pdet/microdados/NOVO CAGED/Legado/Movimentações/2021/Julho,CAGEDMOV202008.7z,7z,27144472,11-30-21 03:45PM,NOVO_CAGED_MOV,2020,08,,LIST
/pdet/microdados/NOVO CAGED/Legado/Movimentações/2021/Julho/CAGEDMOV202009.7z,/pdet/microdados/NOVO CAGED/Legado/Movimentações/2021/Julho,CAGEDMOV202009.7z,7z,29652377,11-30-21 03:45PM,NOVO_CAGED_MOV,2020,09,,LIST
/pdet/microdados/NOVO CAGED/Legado/Movimentações/2021/Julho/CAGEDMOV202010.7z,/pdet/microdados/NOVO CAGED/Legado/Movimentações/2021/Julho,CAGEDMOV202010.7z,7z,32594875,11-30-21 03:45PM,NOVO_CAGED_MOV,2020,10,,LIST
/pdet/microdados/NOVO CAGED/Legado/Movimentações/2021/Julho/CAGEDMOV202011.7z,/pdet/microdados/NOVO CAGED/Legado/Movimentações/2021/Julho,CAGEDMOV202011.7z,7z,31975168,11-30-21 03:45PM,NOVO_CAGED_MOV,2020,11,,LIST
/pdet/microdados/NOVO CAGED/Legado/Movimentações/2021/Julho/CAGEDMOV202012.7z,/pdet/microdados/NOVO CAGED/Legado/Movimentações/2021/Julho,CAGEDMOV202012.7z,7z,30574372,11-30-21 03:45PM,NOVO_CAGED_MOV,2020,12,,LIST
/pdet/microdados/NOVO CAGED/Legado/Movimentações/2021/Julho/CAGEDMOV202101.7z,/pdet/microdados/NOVO CAGED/Legado/Movimentações/2021/Julho,CAGEDMOV202101.7z,7z,33970634,11-30-21 03:45PM,NOVO_CAGED_MOV,2021,01,,LIST
/pdet/microdados/NOVO CAGED/Legado/Movimentações/2021/Julho/CAGEDMOV202102.7z,/pdet/microdados/NOVO CAGED/Legado/Movimentações/2021/Julho,CAGEDMOV202102.7z,7z,35783337,11-30-21 03:46PM,NOVO_CAGED_MOV,2021,02,,LIST
/pdet/microdados/NOVO CAGED/Legado/Movimentações/2021/Julho/CAGEDMOV202103.7z,/pdet/microdados/NOVO CAGED/Legado/Movimentações/2021/Julho,CAGEDMOV202103.7z,7z,35845461,11-30-21 03:46PM,NOVO_CAGED_MOV,2021,03,,LIST
/pdet/microdados/NOVO CAGED/Legado/Movimentações/2021/Julho/CAGEDMOV202104.7z,/pdet/microdados/NOVO CAGED/Legado/Movimentações/2021/Julho,CAGEDMOV202104.7z,7z,30540357,11-30-21 03:46PM,NOVO_CAGED_MOV,2021,04,,LIST
/pdet/microdados/NOVO CAGED/Legado/Movimentações/2021/Julho/CAGEDMOV202105.7z,/pdet/microdados/NOVO CAGED/Legado/Movimentações/2021/Julho,CAGEDMOV202105.7z,7z,32395361,11-30-21 03:46PM,NOVO_CAGED_MOV,2021,05,,LIST
/pdet/microdados/NOVO CAGED/Legado/Movimentações/2021/Julho/CAGEDMOV202106.7z,/pdet/microdados/NOVO CAGED/Legado/Movimentações/2021/Julho,CAGEDMOV202106.7z,7z,33177193,11-30-21 03:46PM,NOVO_CAGED_MOV,2021,06,,LIST
/pdet/microdados/NOVO CAGED/Legado/Movimentações/2021/Julho/CAGEDMOV202107.7z,/pdet/microdados/NOVO CAGED/Legado/Movimentações/2021/Julho,CAGEDMOV202107.7z,7z,34199445,11-30-21 03:46PM,NOVO_CAGED_MOV,2021,07,,LIST
/pdet/microdados/NOVO CAGED/Legado/Movimentações/2021/Junho/CAGEDMOV202006.7z,/pdet/microdados/NOVO CAGED/Legado/Movimentações/2021/Junho,CAGEDMOV202006.7z,7z,22048969,11-30-21 03:46PM,NOVO_CAGED_MOV,2020,06,,LIST
/pdet/microdados/NOVO CAGED/Legado/Movimentações/2021/Junho/CAGEDMOV202007.7z,/pdet/microdados/NOVO CAGED/Legado/Movimentações/2021/Junho,CAGEDMOV202007.7z,7z,24991889,11-30-21 03:46PM,NOVO_CAGED_MOV,2020,07,,LIST
/pdet/microdados/NOVO CAGED/Legado/Movimentações/2021/Junho/CAGEDMOV202008.7z,/pdet/microdados/NOVO CAGED/Legado/Movimentações/2021/Junho,CAGEDMOV202008.7z,7z,27141808,11-30-21 03:46PM,NOVO_CAGED_MOV,2020,08,,LIST
/pdet/microdados/NOVO CAGED/Legado/Movimentações/2021/Junho/CAGEDMOV202009.7z,/pdet/microdados/NOVO CAGED/Legado/Movimentações/2021/Junho,CAGEDMOV202009.7z,7z,29646465,11-30-21 03:46PM,NOVO_CAGED_MOV,2020,09,,LIST
/pdet/microdados/NOVO CAGED/Legado/Movimentações/2021/Junho/CAGEDMOV202010.7z,/pdet/microdados/NOVO CAGED/Legado/Movimentações/2021/Junho,CAGEDMOV202010.7z,7z,32589350,11-30-21 03:46PM,NOVO_CAGED_MOV,2020,10,,LIST
/pdet/microdados/NOVO CAGED/Legado/Movimentações/2021/Junho/CAGEDMOV202011.7z,/pdet/microdados/NOVO CAGED/Legado/Movimentações/2021/Junho,CAGEDMOV202011.7z,7z,31965792,11-30-21 03:46PM,NOVO_CAGED_MOV,2020,11,,LIST
/pdet/microdados/NOVO CAGED/Legado/Movimentações/2021/Junho/CAGEDMOV202012.7z,/pdet/microdados/NOVO CAGED/Legado/Movimentações/2021/Junho,CAGEDMOV202012.7z,7z,30566249,11-30-21 03:46PM,NOVO_CAGED_MOV,2020,12,,LIST
/pdet/microdados/NOVO CAGED/Legado/Movimentações/2021/Junho/CAGEDMOV202101.7z,/pdet/microdados/NOVO CAGED/Legado/Movimentações/2021/Junho,CAGEDMOV202101.7z,7z,33958357,11-30-21 03:46PM,NOVO_CAGED_MOV,2021,01,,LIST
/pdet/microdados/NOVO CAGED/Legado/Movimentações/2021/Junho/CAGEDMOV202102.7z,/pdet/microdados/NOVO CAGED/Legado/Movimentações/2021/Junho,CAGEDMOV202102.7z,7z,35765862,11-30-21 03:46PM,NOVO_CAGED_MOV,2021,02,,LIST
/pdet/microdados/NOVO CAGED/Legado/Movimentações/2021/Junho/CAGEDMOV202103.7z,/pdet/microdados/NOVO CAGED/Legado/Movimentações/2021/Junho,CAGEDMOV202103.7z,7z,35822084,11-30-21 03:46PM,NOVO_CAGED_MOV,2021,03,,LIST
/pdet/microdados/NOVO CAGED/Legado/Movimentações/2021/Junho/CAGEDMOV202104.7z,/pdet/microdados/NOVO CAGED/Legado/Movimentações/2021/Junho,CAGEDMOV202104.7z,7z,30511888,11-30-21 03:46PM,NOVO_CAGED_MOV,2021,04,,LIST
/pdet/microdados/NOVO CAGED/Legado/Movimentações/2021/Junho/CAGEDMOV202105.7z,/pdet/microdados/NOVO CAGED/Legado/Movimentações/2021/Junho,CAGEDMOV202105.7z,7z,32352932,11-30-21 03:47PM,NOVO_CAGED_MOV,2021,05,,LIST
/pdet/microdados/NOVO CAGED/Legado/Movimentações/2021/Junho/CAGEDMOV202106.7z,/pdet/microdados/NOVO CAGED/Legado/Movimentações/2021/Junho,CAGEDMOV202106.7z,7z,33020373,11-30-21 03:47PM,NOVO_CAGED_MOV,2021,06,,LIST
/pdet/microdados/NOVO CAGED/Legado/Movimentações/2021/Maio/CAGEDMOV202005.7z,/pdet/microdados/NOVO CAGED/Legado/Movimentações/2021/Maio,CAGEDMOV202005.7z,7z,21492935,11-30-21 03:47PM,NOVO_CAGED_MOV,2020,05,,LIST
/pdet/microdados/NOVO CAGED/Legado/Movimentações/2021/Maio/CAGEDMOV202006.7z,/pdet/microdados/NOVO CAGED/Legado/Movimentações/2021/Maio,CAGEDMOV202006.7z,7z,22039294,11-30-21 03:47PM,NOVO_CAGED_MOV,2020,06,,LIST
/pdet/microdados/NOVO CAGED/Legado/Movimentações/2021/Maio/CAGEDMOV202007.7z,/pdet/microdados/NOVO CAGED/Legado/Movimentações/2021/Maio,CAGEDMOV202007.7z,7z,24983503,11-30-21 03:47PM,NOVO_CAGED_MOV,2020,07,,LIST
/pdet/microdados/NOVO CAGED/Legado/Movimentações/2021/Maio/CAGEDMOV202008.7z,/pdet/microdados/NOVO CAGED/Legado/Movimentações/2021/Maio,CAGEDMOV202008.7z,7z,27120739,11-30-21 03:47PM,NOVO_CAGED_MOV,2020,08,,LIST
/pdet/microdados/NOVO CAGED/Legado/Movimentações/2021/Maio/CAGEDMOV202009.7z,/pdet/microdados/NOVO CAGED/Legado/Movimentações/2021/Maio,CAGEDMOV202009.7z,7z,29624481,11-30-21 03:47PM,NOVO_CAGED_MOV,2020,09,,LIST
/pdet/microdados/NOVO CAGED/Legado/Movimentações/2021/Maio/CAGEDMOV202010.7z,/pdet/microdados/NOVO CAGED/Legado/Movimentações/2021/Maio,CAGEDMOV202010.7z,7z,32564818,11-30-21 03:47PM,NOVO_CAGED_MOV,2020,10,,LIST
/pdet/microdados/NOVO CAGED/Legado/Movimentações/2021/Maio/CAGEDMOV202011.7z,/pdet/microdados/NOVO CAGED/Legado/Movimentações/2021/Maio,CAGEDMOV202011.7z,7z,31941953,11-30-21 03:47PM,NOVO_CAGED_MOV,2020,11,,LIST
/pdet/microdados/NOVO CAGED/Legado/Movimentações/2021/Maio/CAGEDMOV202012.7z,/pdet/microdados/NOVO CAGED/Legado/Movimentações/2021/Maio,CAGEDMOV202012.7z,7z,30540033,11-30-21 03:47PM,NOVO_CAGED_MOV,2020,12,,LIST
/pdet/microdados/NOVO CAGED/Legado/Movimentações/2021/Maio/CAGEDMOV202101.7z,/pdet/microdados/NOVO CAGED/Legado/Movimentações/2021/Maio,CAGEDMOV202101.7z,7z,33918846,11-30-21 03:47PM,NOVO_CAGED_MOV,2021,01,,LIST
/pdet/microdados/NOVO CAGED/Legado/Movimentações/2021/Maio/CAGEDMOV202102.7z,/pdet/microdados/NOVO CAGED/Legado/Movimentações/2021/Maio,CAGEDMOV202102.7z,7z,35719961,11-30-21 03:47PM,NOVO_CAGED_MOV,2021,02,,LIST
/pdet/microdados/NOVO CAGED/Legado/Movimentações/2021/Maio/CAGEDMOV202103.7z,/pdet/microdados/NOVO CAGED/Legado/Movimentações/2021/Maio,CAGEDMOV202103.7z,7z,35761719,11-30-21 03:47PM,NOVO_CAGED_MOV,2021,03,,LIST
/pdet/microdados/NOVO CAGED/Legado/Movimentações/2021/Maio/CAGEDMOV202104.7z,/pdet/microdados/NOVO CAGED/Legado/Movimentações/2021/Maio,CAGEDMOV202104.7z,7z,30431448,11-30-21 03:47PM,NOVO_CAGED_MOV,2021,04,,LIST
/pdet/microdados/NOVO CAGED/Legado/Movimentações/2021/Maio/CAGEDMOV202105.7z,/pdet/microdados/NOVO CAGED/Legado/Movimentações/2021/Maio,CAGEDMOV202105.7z,7z,32135453,11-30-21 03:47PM,NOVO_CAGED_MOV,2021,05,,LIST
/pdet/microdados/NOVO CAGED/Legado/Movimentações/2021/Março/CAGEDMOV202003.7z,/pdet/microdados/NOVO CAGED/Legado/Movimentações/2021/Março,CAGEDMOV202003.7z,7z,36667837,11-30-21 03:47PM,NOVO_CAGED_MOV,2020,03,,LIST
/pdet/microdados/NOVO CAGED/Legado/Movimentações/2021/Março/CAGEDMOV202004.7z,/pdet/microdados/NOVO CAGED/Legado/Movimentações/2021/Março,CAGEDMOV202004.7z,7z,25722908,11-30-21 03:47PM,NOVO_CAGED_MOV,2020,04,,LIST
/pdet/microdados/NOVO CAGED/Legado/Movimentações/2021/Março/CAGEDMOV202005.7z,/pdet/microdados/NOVO CAGED/Legado/Movimentações/2021/Março,CAGEDMOV202005.7z,7z,21412131,11-30-21 03:47PM,NOVO_CAGED_MOV,2020,05,,LIST
/pdet/microdados/NOVO CAGED/Legado/Movimentações/2021/Março/CAGEDMOV202006.7z,/pdet/microdados/NOVO CAGED/Legado/Movimentações/2021/Março,CAGEDMOV202006.7z,7z,21943071,11-30-21 03:47PM,NOVO_CAGED_MOV,2020,06,,LIST
/pdet/microdados/NOVO CAGED/Legado/Movimentações/2021/Março/CAGEDMOV202007.7z,/pdet/microdados/NOVO CAGED/Legado/Movimentações/2021/Março,CAGEDMOV202007.7z,7z,24863486,11-30-21 03:47PM,NOVO_CAGED_MOV,2020,07,,LIST
/pdet/microdados/NOVO CAGED/Legado/Movimentações/2021/Março/CAGEDMOV202008.7z,/pdet/microdados/NOVO CAGED/Legado/Movimentações/2021/Março,CAGEDMOV202008.7z,7z,26966279,11-30-21 03:48PM,NOVO_CAGED_MOV,2020,08,,LIST
/pdet/microdados/NOVO CAGED/Legado/Movimentações/2021/Março/CAGEDMOV202009.7z,/pdet/microdados/NOVO CAGED/Legado/Movimentações/2021/Março,CAGEDMOV202009.7z,7z,29444846,11-30-21 03:48PM,NOVO_CAGED_MOV,2020,09,,LIST
/pdet/microdados/NOVO CAGED/Legado/Movimentações/2021/Março/CAGEDMOV202010.7z,/pdet/microdados/NOVO CAGED/Legado/Movimentações/2021/Março,CAGEDMOV202010.7z,7z,32352392,11-30-21 03:48PM,NOVO_CAGED_MOV,2020,10,,LIST
/pdet/microdados/NOVO CAGED/Legado/Movimentações/2021/Março/CAGEDMOV202011.7z,/pdet/microdados/NOVO CAGED/Legado/Movimentações/2021/Março,CAGEDMOV202011.7z,7z,31702578,11-30-21 03:48PM,NOVO_CAGED_MOV,2020,11,,LIST
/pdet/microdados/NOVO CAGED/Legado/Movimentações/2021/Março/CAGEDMOV202012.7z,/pdet/microdados/NOVO CAGED/Legado/Movimentações/2021/Março,CAGEDMOV202012.7z,7z,30270061,11-30-21 03:48PM,NOVO_CAGED_MOV,2020,12,,LIST
/pdet/microdados/NOVO CAGED/Legado/Movimentações/2021/Março/CAGEDMOV202101.7z,/pdet/microdados/NOVO CAGED/Legado/Movimentações/2021/Março,CAGEDMOV202101.7z,7z,33452368,11-30-21 03:48PM,NOVO_CAGED_MOV,2021,01,,LIST
/pdet/microdados/NOVO CAGED/Legado/Movimentações/2021/Março/CAGEDMOV202102.7z,/pdet/microdados/NOVO CAGED/Legado/Movimentações/2021/Março,CAGEDMOV202102.7z,7z,35140757,11-30-21 03:48PM,NOVO_CAGED_MOV,2021,02,,LIST
/pdet/microdados/NOVO CAGED/Legado/Movimentações/2021/Março/CAGEDMOV202103.7z,/pdet/microdados/NOVO CAGED/Legado/Movimentações/2021/Março,CAGEDMOV202103.7z,7z,34650163,11-30-21 03:48PM,NOVO_CAGED_MOV,2021,03,,LIST
/pdet/microdados/NOVO CAGED/Legado/Movimentações/2021/Setembro/CAGEDMOV202009.7z,/pdet/microdados/NOVO CAGED/Legado/Movimentações/2021/Setembro,CAGEDMOV202009.7z,7z,29673775,11-30-21 03:48PM,NOVO_CAGED_MOV,2020,09,,LIST
/pdet/microdados/NOVO CAGED/Legado/Movimentações/2021/Setembro/CAGEDMOV202010.7z,/pdet/microdados/NOVO CAGED/Legado/Movimentações/2021/Setembro,CAGEDMOV202010.7z,7z,32617270,11-30-21 03:48PM,NOVO_CAGED_MOV,2020,10,,LIST
/pdet/microdados/NOVO CAGED/Legado/Movimentações/2021/Setembro/CAGEDMOV202011.7z,/pdet/microdados/NOVO CAGED/Legado/Movimentações/2021/Setembro,CAGEDMOV202011.7z,7z,31995921,11-30-21 03:48PM,NOVO_CAGED_MOV,2020,11,,LIST
/pdet/microdados/NOVO CAGED/Legado/Movimentações/2021/Setembro/CAGEDMOV202012.7z,/pdet/microdados/NOVO CAGED/Legado/Movimentações/2021/Setembro,CAGEDMOV202012.7z,7z,30603422,11-30-21 03:48PM,NOVO_CAGED_MOV,2020,12,,LIST
/pdet/microdados/NOVO CAGED/Legado/Movimentações/2021/Setembro/CAGEDMOV202101.7z,/pdet/microdados/NOVO CAGED/Legado/Movimentações/2021/Setembro,CAGEDMOV202101.7z,7z,34014501,11-30-21 03:48PM,NOVO_CAGED_MOV,2021,01,,LIST
/pdet/microdados/NOVO CAGED/Legado/Movimentações/2021/Setembro/CAGEDMOV202102.7z,/pdet/microdados/NOVO CAGED/Legado/Movimentações/2021/Setembro,CAGEDMOV202102.7z,7z,35829384,11-30-21 03:48PM,NOVO_CAGED_MOV,2021,02,,LIST
/pdet/microdados/NOVO CAGED/Legado/Movimentações/2021/Setembro/CAGEDMOV202103.7z,/pdet/microdados/NOVO CAGED/Legado/Movimentações/2021/Setembro,CAGEDMOV202103.7z,7z,35894674,11-30-21 03:48PM,NOVO_CAGED_MOV,2021,03,,LIST
/pdet/microdados/NOVO CAGED/Legado/Movimentações/2021/Setembro/CAGEDMOV202104.7z,/pdet/microdados/NOVO CAGED/Legado/Movimentações/2021/Setembro,CAGEDMOV202104.7z,7z,30589391,11-30-21 03:48PM,NOVO_CAGED_MOV,2021,04,,LIST
/pdet/microdados/NOVO CAGED/Legado/Movimentações/2021/Setembro/CAGEDMOV202105.7z,/pdet/microdados/NOVO CAGED/Legado/Movimentações/2021/Setembro,CAGEDMOV202105.7z,7z,32460862,11-30-21 03:48PM,NOVO_CAGED_MOV,2021,05,,LIST
/pdet/microdados/NOVO CAGED/Legado/Movimentações/2021/Setembro/CAGEDMOV202106.7z,/pdet/microdados/NOVO CAGED/Legado/Movimentações/2021/Setembro,CAGEDMOV202106.7z,7z,33296369,11-30-21 03:48PM,NOVO_CAGED_MOV,2021,06,,LIST
/pdet/microdados/NOVO CAGED/Legado/Movimentações/2021/Setembro/CAGEDMOV202107.7z,/pdet/microdados/NOVO CAGED/Legado/Movimentações/2021/Setembro,CAGEDMOV202107.7z,7z,34613934,11-30-21 03:49PM,NOVO_CAGED_MOV,2021,07,,LIST
/pdet/microdados/NOVO CAGED/Legado/Movimentações/2021/Setembro/CAGEDMOV202108.7z,/pdet/microdados/NOVO CAGED/Legado/Movimentações/2021/Setembro,CAGEDMOV202108.7z,7z,37296958,11-30-21 03:49PM,NOVO_CAGED_MOV,2021,08,,LIST
/pdet/microdados/NOVO CAGED/Legado/Movimentações/2021/Setembro/CAGEDMOV202109.7z,/pdet/microdados/NOVO CAGED/Legado/Movimentações/2021/Setembro,CAGEDMOV202109.7z,7z,37053817,11-30-21 03:49PM,NOVO_CAGED_MOV,2021,09,,LIST
/pdet/microdados/CAGED/EEC/092018/SETOR/MUN/AC/CRUZEIRO DO SUL.XLS,/pdet/microdados/CAGED/EEC/092018/SETOR/MUN/AC,CRUZEIRO DO SUL.XLS,xls,19456,11-07-18 04:30PM,AUXILIAR_DOC,,,SUL,LIST
/pdet/microdados/CAGED/EEC/092018/SETOR/MUN/AC/FEIJO.XLS,/pdet/microdados/CAGED/EEC/092018/SETOR/MUN/AC,FEIJO.XLS,xls,18944,11-07-18 04:30PM,AUXILIAR_DOC,,,,LIST
/pdet/microdados/CAGED/EEC/092018/SETOR/MUN/AC/RIO BRANCO.XLS,/pdet/microdados/CAGED/EEC/092018/SETOR/MUN/AC,RIO BRANCO.XLS,xls,19456,11-07-18 04:30PM,AUXILIAR_DOC,,,,LIST
/pdet/microdados/CAGED/EEC/092018/SETOR/MUN/AC/SENA MADUREIRA.XLS,/pdet/microdados/CAGED/EEC/092018/SETOR/MUN/AC,SENA MADUREIRA.XLS,xls,19456,11-07-18 04:30PM,AUXILIAR_DOC,,,,LIST
/pdet/microdados/CAGED/EEC/092018/SETOR/MUN/AC/TARAUACA.XLS,/pdet/microdados/CAGED/EEC/092018/SETOR/MUN/AC,TARAUACA.XLS,xls,19456,11-07-18 04:30PM,AUXILIAR_DOC,,,,LIST
/pdet/microdados/CAGED/EEC/092018/SETOR/MUN/AC/Total_AC.XLS,/pdet/microdados/CAGED/EEC/092018/SETOR/MUN/AC,Total_AC.XLS,xls,18432,11-07-18 04:30PM,AUXILIAR_DOC,,,AC,LIST
/pdet/microdados/CAGED/EEC/092018/SETOR/MUN/AL/ARAPIRACA.XLS,/pdet/microdados/CAGED/EEC/092018/SETOR/MUN/AL,ARAPIRACA.XLS,xls,19456,11-07-18 04:30PM,AUXILIAR_DOC,,,,LIST
/pdet/microdados/CAGED/EEC/092018/SETOR/MUN/AL/ATALAIA.XLS,/pdet/microdados/CAGED/EEC/092018/SETOR/MUN/AL,ATALAIA.XLS,xls,19456,11-07-18 04:30PM,AUXILIAR_DOC,,,,LIST
/pdet/microdados/CAGED/EEC/092018/SETOR/MUN/AL/CAMPO ALEGRE.XLS,/pdet/microdados/CAGED/EEC/092018/SETOR/MUN/AL,CAMPO ALEGRE.XLS,xls,18944,11-07-18 04:30PM,AUXILIAR_DOC,,,,LIST
/pdet/microdados/CAGED/EEC/092018/SETOR/MUN/AL/CORURIPE.XLS,/pdet/microdados/CAGED/EEC/092018/SETOR/MUN/AL,CORURIPE.XLS,xls,18944,11-07-18 04:30PM,AUXILIAR_DOC,,,,LIST
/pdet/microdados/CAGED/EEC/092018/SETOR/MUN/AL/DELMIRO GOUVEIA.XLS,/pdet/microdados/CAGED/EEC/092018/SETOR/MUN/AL,DELMIRO GOUVEIA.XLS,xls,19456,11-07-18 04:30PM,AUXILIAR_DOC,,,,LIST
/pdet/microdados/CAGED/EEC/092018/SETOR/MUN/AL/GIRAU DO PONCIANO.XLS,/pdet/microdados/CAGED/EEC/092018/SETOR/MUN/AL,GIRAU DO PONCIANO.XLS,xls,19456,11-07-18 04:30PM,AUXILIAR_DOC,,,,LIST
/pdet/microdados/CAGED/EEC/092018/SETOR/MUN/AL/MACEIO.XLS,/pdet/microdados/CAGED/EEC/092018/SETOR/MUN/AL,MACEIO.XLS,xls,19456,11-07-18 04:30PM,AUXILIAR_DOC,,,,LIST
/pdet/microdados/CAGED/EEC/092018/SETOR/MUN/AL/MARECHAL DEODORO.XLS,/pdet/microdados/CAGED/EEC/092018/SETOR/MUN/AL,MARECHAL DEODORO.XLS,xls,19456,11-07-18 04:30PM,AUXILIAR_DOC,,,,LIST
/pdet/microdados/CAGED/EEC/092018/SETOR/MUN/AL/PALMEIRA DOS INDIOS.XLS,/pdet/microdados/CAGED/EEC/092018/SETOR/MUN/AL,PALMEIRA DOS INDIOS.XLS,xls,19456,11-07-18 04:30PM,AUXILIAR_DOC,,,,LIST
/pdet/microdados/CAGED/EEC/092018/SETOR/MUN/AL/PENEDO.XLS,/pdet/microdados/CAGED/EEC/092018/SETOR/MUN/AL,PENEDO.XLS,xls,19456,11-07-18 04:30PM,AUXILIAR_DOC,,,,LIST
/pdet/microdados/CAGED/EEC/092018/SETOR/MUN/AL/PILAR.XLS,/pdet/microdados/CAGED/EEC/092018/SETOR/MUN/AL,PILAR.XLS,xls,19456,11-07-18 04:30PM,AUXILIAR_DOC,,,,LIST
/pdet/microdados/CAGED/EEC/092018/SETOR/MUN/AL/RIO LARGO.XLS,/pdet/microdados/CAGED/EEC/092018/SETOR/MUN/AL,RIO LARGO.XLS,xls,19456,11-07-18 04:30PM,AUXILIAR_DOC,,,,LIST
/pdet/microdados/CAGED/EEC/092018/SETOR/MUN/AL/SANTANA DO IPANEMA.XLS,/pdet/microdados/CAGED/EEC/092018/SETOR/MUN/AL,SANTANA DO IPANEMA.XLS,xls,18944,11-07-18 04:30PM,AUXILIAR_DOC,,,,LIST
/pdet/microdados/CAGED/EEC/092018/SETOR/MUN/AL/SAO JOSE DA TAPERA.XLS,/pdet/microdados/CAGED/EEC/092018/SETOR/MUN/AL,SAO JOSE DA TAPERA.XLS,xls,18944,11-07-18 04:30PM,AUXILIAR_DOC,,,,LIST
/pdet/microdados/CAGED/EEC/092018/SETOR/MUN/AL/SAO LUIS DO QUITUNDE.XLS,/pdet/microdados/CAGED/EEC/092018/SETOR/MUN/AL,SAO LUIS DO QUITUNDE.XLS,xls,19456,11-07-18 04:30PM,AUXILIAR_DOC,,,,LIST
/pdet/microdados/CAGED/EEC/092018/SETOR/MUN/AL/SAO MIGUEL DOS CAMPOS.XLS,/pdet/microdados/CAGED/EEC/092018/SETOR/MUN/AL,SAO MIGUEL DOS CAMPOS.XLS,xls,19456,11-07-18 04:30PM,AUXILIAR_DOC,,,,LIST
/pdet/microdados/CAGED/EEC/092018/SETOR/MUN/AL/SAO SEBASTIAO.XLS,/pdet/microdados/CAGED/EEC/092018/SETOR/MUN/AL,SAO SEBASTIAO.XLS,xls,18944,11-07-18 04:30PM,AUXILIAR_DOC,,,,LIST
/pdet/microdados/CAGED/EEC/092018/SETOR/MUN/AL/TEOTONIO VILELA.XLS,/pdet/microdados/CAGED/EEC/092018/SETOR/MUN/AL,TEOTONIO VILELA.XLS,xls,19456,11-07-18 04:30PM,AUXILIAR_DOC,,,,LIST
/pdet/microdados/CAGED/EEC/092018/SETOR/MUN/AL/Total_AL.XLS,/pdet/microdados/CAGED/EEC/092018/SETOR/MUN/AL,Total_AL.XLS,xls,23552,11-07-18 04:30PM,AUXILIAR_DOC,,,AL,LIST
/pdet/microdados/CAGED/EEC/092018/SETOR/MUN/AL/UNIAO DOS PALMARES.XLS,/pdet/microdados/CAGED/EEC/092018/SETOR/MUN/AL,UNIAO DOS PALMARES.XLS,xls,19456,11-07-18 04:30PM,AUXILIAR_DOC,,,,LIST
/pdet/microdados/CAGED/EEC/092018/SETOR/MUN/AM/AUTAZES.XLS,/pdet/microdados/CAGED/EEC/092018/SETOR/MUN/AM,AUTAZES.XLS,xls,18944,11-07-18 04:30PM,AUXILIAR_DOC,,,,LIST
/pdet/microdados/CAGED/EEC/092018/SETOR/MUN/AM/BENJAMIN CONSTANT.XLS,/pdet/microdados/CAGED/EEC/092018/SETOR/MUN/AM,BENJAMIN CONSTANT.XLS,xls,18944,11-07-18 04:30PM,AUXILIAR_DOC,,,,LIST
/pdet/microdados/CAGED/EEC/092018/SETOR/MUN/AM/BOCA DO ACRE.XLS,/pdet/microdados/CAGED/EEC/092018/SETOR/MUN/AM,BOCA DO ACRE.XLS,xls,18944,11-07-18 04:30PM,AUXILIAR_DOC,,,,LIST
/pdet/microdados/CAGED/EEC/092018/SETOR/MUN/AM/BORBA.XLS,/pdet/microdados/CAGED/EEC/092018/SETOR/MUN/AM,BORBA.XLS,xls,19456,11-07-18 04:30PM,AUXILIAR_DOC,,,,LIST
/pdet/microdados/CAGED/EEC/092018/SETOR/MUN/AM/CAREIRO.XLS,/pdet/microdados/CAGED/EEC/092018/SETOR/MUN/AM,CAREIRO.XLS,xls,18944,11-07-18 04:30PM,AUXILIAR_DOC,,,,LIST
/pdet/microdados/CAGED/EEC/092018/SETOR/MUN/AM/COARI.XLS,/pdet/microdados/CAGED/EEC/092018/SETOR/MUN/AM,COARI.XLS,xls,19456,11-07-18 04:30PM,AUXILIAR_DOC,,,,LIST
/pdet/microdados/CAGED/EEC/092018/SETOR/MUN/AM/EIRUNEPE.XLS,/pdet/microdados/CAGED/EEC/092018/SETOR/MUN/AM,EIRUNEPE.XLS,xls,18944,11-07-18 04:30PM,AUXILIAR_DOC,,,,LIST
/pdet/microdados/CAGED/EEC/092018/SETOR/MUN/AM/FONTE BOA.XLS,/pdet/microdados/CAGED/EEC/092018/SETOR/MUN/AM,FONTE BOA.XLS,xls,23040,11-07-18 04:30PM,AUXILIAR_DOC,,,,LIST
/pdet/microdados/CAGED/EEC/092018/SETOR/MUN/AM/HUMAITA.XLS,/pdet/microdados/CAGED/EEC/092018/SETOR/MUN/AM,HUMAITA.XLS,xls,19456,11-07-18 04:30PM,AUXILIAR_DOC,,,,LIST
/pdet/microdados/CAGED/EEC/092018/SETOR/MUN/AM/IRANDUBA.XLS,/pdet/microdados/CAGED/EEC/092018/SETOR/MUN/AM,IRANDUBA.XLS,xls,19456,11-07-18 04:30PM,AUXILIAR_DOC,,,,LIST
/pdet/microdados/CAGED/EEC/092018/SETOR/MUN/AM/ITACOATIARA.XLS,/pdet/microdados/CAGED/EEC/092018/SETOR/MUN/AM,ITACOATIARA.XLS,xls,19456,11-07-18 04:30PM,AUXILIAR_DOC,,,,LIST
/pdet/microdados/CAGED/EEC/092018/SETOR/MUN/AM/LABREA.XLS,/pdet/microdados/CAGED/EEC/092018/SETOR/MUN/AM,LABREA.XLS,xls,18944,11-07-18 04:30PM,AUXILIAR_DOC,,,,LIST
/pdet/microdados/CAGED/EEC/092018/SETOR/MUN/AM/MANACAPURU.XLS,/pdet/microdados/CAGED/EEC/092018/SETOR/MUN/AM,MANACAPURU.XLS,xls,19456,11-07-18 04:30PM,AUXILIAR_DOC,,,,LIST
/pdet/microdados/CAGED/EEC/092018/SETOR/MUN/AM/MANAUS.XLS,/pdet/microdados/CAGED/EEC/092018/SETOR/MUN/AM,MANAUS.XLS,xls,19456,11-07-18 04:30PM,AUXILIAR_DOC,,,,LIST
/pdet/microdados/CAGED/EEC/092018/SETOR/MUN/AM/MANICORE.XLS,/pdet/microdados/CAGED/EEC/092018/SETOR/MUN/AM,MANICORE.XLS,xls,18944,11-07-18 04:30PM,AUXILIAR_DOC,,,,LIST
/pdet/microdados/CAGED/EEC/092018/SETOR/MUN/AM/MAUES.XLS,/pdet/microdados/CAGED/EEC/092018/SETOR/MUN/AM,MAUES.XLS,xls,18944,11-07-18 04:30PM,AUXILIAR_DOC,,,,LIST
/pdet/microdados/CAGED/EEC/092018/SETOR/MUN/AM/NOVA OLINDA DO NORTE.XLS,/pdet/microdados/CAGED/EEC/092018/SETOR/MUN/AM,NOVA OLINDA DO NORTE.XLS,xls,19456,11-07-18 04:30PM,AUXILIAR_DOC,,,NORTE,LIST
/pdet/microdados/CAGED/EEC/092018/SETOR/MUN/AM/PARINTINS.XLS,/pdet/microdados/CAGED/EEC/092018/SETOR/MUN/AM,PARINTINS.XLS,xls,18944,11-07-18 04:30PM,AUXILIAR_DOC,,,,LIST
/pdet/microdados/CAGED/EEC/092018/SETOR/MUN/AM/SAO GABRIEL DA CACHOEIRA.XLS,/pdet/microdados/CAGED/EEC/092018/SETOR/MUN/AM,SAO GABRIEL DA CACHOEIRA.XLS,xls,19456,11-07-18 04:30PM,AUXILIAR_DOC,,,,LIST
/pdet/microdados/CAGED/EEC/092018/SETOR/MUN/AM/SAO PAULO DE OLIVENCA.XLS,/pdet/microdados/CAGED/EEC/092018/SETOR/MUN/AM,SAO PAULO DE OLIVENCA.XLS,xls,18432,11-07-18 04:30PM,AUXILIAR_DOC,,,,LIST
/pdet/microdados/CAGED/EEC/092018/SETOR/MUN/AM/TABATINGA.XLS,/pdet/microdados/CAGED/EEC/092018/SETOR/MUN/AM,TABATINGA.XLS,xls,18944,11-07-18 04:30PM,AUXILIAR_DOC,,,,LIST
/pdet/microdados/CAGED/EEC/092018/SETOR/MUN/AM/TEFE.XLS,/pdet/microdados/CAGED/EEC/092018/SETOR/MUN/AM,TEFE.XLS,xls,18944,11-07-18 04:30PM,AUXILIAR_DOC,,,,LIST
/pdet/microdados/CAGED/EEC/092018/SETOR/MUN/AM/Total_AM.XLS,/pdet/microdados/CAGED/EEC/092018/SETOR/MUN/AM,Total_AM.XLS,xls,24576,11-07-18 04:30PM,AUXILIAR_DOC,,,AM,LIST
/pdet/microdados/CAGED/EEC/092018/SETOR/MUN/AP/LARANJAL DO JARI.XLS,/pdet/microdados/CAGED/EEC/092018/SETOR/MUN/AP,LARANJAL DO JARI.XLS,xls,19456,11-07-18 04:30PM,AUXILIAR_DOC,,,,LIST
/pdet/microdados/CAGED/EEC/092018/SETOR/MUN/AP/MACAPA.XLS,/pdet/microdados/CAGED/EEC/092018/SETOR/MUN/AP,MACAPA.XLS,xls,19456,11-07-18 04:30PM,AUXILIAR_DOC,,,,LIST
/pdet/microdados/CAGED/EEC/092018/SETOR/MUN/AP/SANTANA.XLS,/pdet/microdados/CAGED/EEC/092018/SETOR/MUN/AP,SANTANA.XLS,xls,19456,11-07-18 04:30PM,AUXILIAR_DOC,,,,LIST
/pdet/microdados/CAGED/EEC/092018/SETOR/MUN/AP/Total_AP.XLS,/pdet/microdados/CAGED/EEC/092018/SETOR/MUN/AP,Total_AP.XLS,xls,17408,11-07-18 04:30PM,AUXILIAR_DOC,,,AP,LIST
/pdet/microdados/CAGED/EEC/092018/SETOR/MUN/BA/ALAGOINHAS.XLS,/pdet/microdados/CAGED/EEC/092018/SETOR/MUN/BA,ALAGOINHAS.XLS,xls,19456,11-07-18 04:30PM,AUXILIAR_DOC,,,,LIST
/pdet/microdados/CAGED/EEC/092018/SETOR/MUN/BA/AMARGOSA.XLS,/pdet/microdados/CAGED/EEC/092018/SETOR/MUN/BA,AMARGOSA.XLS,xls,18944,11-07-18 04:30PM,AUXILIAR_DOC,,,,LIST
/pdet/microdados/CAGED/EEC/092018/SETOR/MUN/BA/ANAGE.XLS,/pdet/microdados/CAGED/EEC/092018/SETOR/MUN/BA,ANAGE.XLS,xls,19456,11-07-18 04:30PM,AUXILIAR_DOC,,,,LIST
/pdet/microdados/CAGED/EEC/092018/SETOR/MUN/BA/ARACI.XLS,/pdet/microdados/CAGED/EEC/092018/SETOR/MUN/BA,ARACI.XLS,xls,18944,11-07-18 04:30PM,AUXILIAR_DOC,,,,LIST
/pdet/microdados/CAGED/EEC/092018/SETOR/MUN/BA/BARRA DO CHOCA.XLS,/pdet/microdados/CAGED/EEC/092018/SETOR/MUN/BA,BARRA DO CHOCA.XLS,xls,19456,11-07-18 04:30PM,AUXILIAR_DOC,,,,LIST
/pdet/microdados/CAGED/EEC/092018/SETOR/MUN/BA/BARRA.XLS,/pdet/microdados/CAGED/EEC/092018/SETOR/MUN/BA,BARRA.XLS,xls,19456,11-07-18 04:30PM,AUXILIAR_DOC,,,,LIST
/pdet/microdados/CAGED/EEC/092018/SETOR/MUN/BA/BARREIRAS.XLS,/pdet/microdados/CAGED/EEC/092018/SETOR/MUN/BA,BARREIRAS.XLS,xls,19456,11-07-18 04:30PM,AUXILIAR_DOC,,,,LIST
/pdet/microdados/CAGED/EEC/092018/SETOR/MUN/BA/BOM JESUS DA LAPA.XLS,/pdet/microdados/CAGED/EEC/092018/SETOR/MUN/BA,BOM JESUS DA LAPA.XLS,xls,23552,11-07-18 04:31PM,AUXILIAR_DOC,,,,LIST
/pdet/microdados/CAGED/EEC/092018/SETOR/MUN/BA/BRUMADO.XLS,/pdet/microdados/CAGED/EEC/092018/SETOR/MUN/BA,BRUMADO.XLS,xls,19456,11-07-18 04:31PM,AUXILIAR_DOC,,,,LIST
/pdet/microdados/CAGED/EEC/092018/SETOR/MUN/BA/CACHOEIRA.XLS,/pdet/microdados/CAGED/EEC/092018/SETOR/MUN/BA,CACHOEIRA.XLS,xls,19456,11-07-18 04:31PM,AUXILIAR_DOC,,,,LIST
/pdet/microdados/CAGED/EEC/092018/SETOR/MUN/BA/CAETITE.XLS,/pdet/microdados/CAGED/EEC/092018/SETOR/MUN/BA,CAETITE.XLS,xls,19456,11-07-18 04:31PM,AUXILIAR_DOC,,,,LIST
/pdet/microdados/CAGED/EEC/092018/SETOR/MUN/BA/CAMACAN.XLS,/pdet/microdados/CAGED/EEC/092018/SETOR/MUN/BA,CAMACAN.XLS,xls,19456,11-07-18 04:31PM,AUXILIAR_DOC,,,,LIST
/pdet/microdados/CAGED/EEC/092018/SETOR/MUN/BA/CAMACARI.XLS,/pdet/microdados/CAGED/EEC/092018/SETOR/MUN/BA,CAMACARI.XLS,xls,19456,11-07-18 04:31PM,AUXILIAR_DOC,,,,LIST
/pdet/microdados/CAGED/EEC/092018/SETOR/MUN/BA/CAMAMU.XLS,/pdet/microdados/CAGED/EEC/092018/SETOR/MUN/BA,CAMAMU.XLS,xls,19456,11-07-18 04:31PM,AUXILIAR_DOC,,,,LIST
/pdet/microdados/CAGED/EEC/092018/SETOR/MUN/BA/CAMPO FORMOSO.XLS,/pdet/microdados/CAGED/EEC/092018/SETOR/MUN/BA,CAMPO FORMOSO.XLS,xls,19456,11-07-18 04:31PM,AUXILIAR_DOC,,,,LIST
/pdet/microdados/CAGED/EEC/092018/SETOR/MUN/BA/CANAVIEIRAS.XLS,/pdet/microdados/CAGED/EEC/092018/SETOR/MUN/BA,CANAVIEIRAS.XLS,xls,18944,11-07-18 04:31PM,AUXILIAR_DOC,,,,LIST
/pdet/microdados/CAGED/EEC/092018/SETOR/MUN/BA/CANDEIAS.XLS,/pdet/microdados/CAGED/EEC/092018/SETOR/MUN/BA,CANDEIAS.XLS,xls,19456,11-07-18 04:31PM,AUXILIAR_DOC,,,,LIST
/pdet/microdados/CAGED/EEC/092018/SETOR/MUN/BA/CANSANCAO.XLS,/pdet/microdados/CAGED/EEC/092018/SETOR/MUN/BA,CANSANCAO.XLS,xls,19456,11-07-18 04:31PM,AUXILIAR_DOC,,,,LIST
/pdet/microdados/CAGED/EEC/092018/SETOR/MUN/BA/CASA NOVA.XLS,/pdet/microdados/CAGED/EEC/092018/SETOR/MUN/BA,CASA NOVA.XLS,xls,19456,11-07-18 04:31PM,AUXILIAR_DOC,,,,LIST
/pdet/microdados/CAGED/EEC/092018/SETOR/MUN/BA/CATU.XLS,/pdet/microdados/CAGED/EEC/092018/SETOR/MUN/BA,CATU.XLS,xls,19456,11-07-18 04:31PM,AUXILIAR_DOC,,,,LIST
/pdet/microdados/CAGED/EEC/092018/SETOR/MUN/BA/CICERO DANTAS.XLS,/pdet/microdados/CAGED/EEC/092018/SETOR/MUN/BA,CICERO DANTAS.XLS,xls,18944,11-07-18 04:31PM,AUXILIAR_DOC,,,,LIST
/pdet/microdados/CAGED/EEC/092018/SETOR/MUN/BA/CONCEICAO DO COITE.XLS,/pdet/microdados/CAGED/EEC/092018/SETOR/MUN/BA,CONCEICAO DO COITE.XLS,xls,19456,11-07-18 04:31PM,AUXILIAR_DOC,,,,LIST
/pdet/microdados/CAGED/EEC/092018/SETOR/MUN/BA/CONCEICAO DO JACUIPE.XLS,/pdet/microdados/CAGED/EEC/092018/SETOR/MUN/BA,CONCEICAO DO JACUIPE.XLS,xls,19456,11-07-18 04:31PM,AUXILIAR_DOC,,,,LIST
/pdet/microdados/CAGED/EEC/092018/SETOR/MUN/BA/CORRENTINA.XLS,/pdet/microdados/CAGED/EEC/092018/SETOR/MUN/BA,CORRENTINA.XLS,xls,19456,11-07-18 04:31PM,AUXILIAR_DOC,,,,LIST
/pdet/microdados/CAGED/EEC/092018/SETOR/MUN/BA/CRUZ DAS ALMAS.XLS,/pdet/microdados/CAGED/EEC/092018/SETOR/MUN/BA,CRUZ DAS ALMAS.XLS,xls,19456,11-07-18 04:31PM,AUXILIAR_DOC,,,,LIST
/pdet/microdados/CAGED/EEC/092018/SETOR/MUN/BA/CURACA.XLS,/pdet/microdados/CAGED/EEC/092018/SETOR/MUN/BA,CURACA.XLS,xls,19456,11-07-18 04:31PM,AUXILIAR_DOC,,,,LIST
/pdet/microdados/CAGED/EEC/092018/SETOR/MUN/BA/DIAS D AVILA.XLS,/pdet/microdados/CAGED/EEC/092018/SETOR/MUN/BA,DIAS D AVILA.XLS,xls,19456,11-07-18 04:31PM,AUXILIAR_DOC,,,,LIST
/pdet/microdados/CAGED/EEC/092018/SETOR/MUN/BA/ENCRUZILHADA.XLS,/pdet/microdados/CAGED/EEC/092018/SETOR/MUN/BA,ENCRUZILHADA.XLS,xls,23552,11-07-18 04:31PM,AUXILIAR_DOC,,,,LIST
/pdet/microdados/CAGED/EEC/092018/SETOR/MUN/BA/ENTRE RIOS.XLS,/pdet/microdados/CAGED/EEC/092018/SETOR/MUN/BA,ENTRE RIOS.XLS,xls,19456,11-07-18 04:31PM,AUXILIAR_DOC,,,,LIST
/pdet/microdados/CAGED/EEC/092018/SETOR/MUN/BA/ESPLANADA.XLS,/pdet/microdados/CAGED/EEC/092018/SETOR/MUN/BA,ESPLANADA.XLS,xls,19456,11-07-18 04:31PM,AUXILIAR_DOC,,,SP,LIST
/pdet/microdados/CAGED/EEC/092018/SETOR/MUN/BA/EUCLIDES DA CUNHA.XLS,/pdet/microdados/CAGED/EEC/092018/SETOR/MUN/BA,EUCLIDES DA CUNHA.XLS,xls,23552,11-07-18 04:31PM,AUXILIAR_DOC,,,,LIST
/pdet/microdados/CAGED/EEC/092018/SETOR/MUN/BA/EUNAPOLIS.XLS,/pdet/microdados/CAGED/EEC/092018/SETOR/MUN/BA,EUNAPOLIS.XLS,xls,19456,11-07-18 04:31PM,AUXILIAR_DOC,,,,LIST
/pdet/microdados/CAGED/EEC/092018/SETOR/MUN/BA/FEIRA DE SANTANA.XLS,/pdet/microdados/CAGED/EEC/092018/SETOR/MUN/BA,FEIRA DE SANTANA.XLS,xls,19456,11-07-18 04:31PM,AUXILIAR_DOC,,,,LIST
/pdet/microdados/CAGED/EEC/092018/SETOR/MUN/BA/GANDU.XLS,/pdet/microdados/CAGED/EEC/092018/SETOR/MUN/BA,GANDU.XLS,xls,18944,11-07-18 04:31PM,AUXILIAR_DOC,,,,LIST
/pdet/microdados/CAGED/EEC/092018/SETOR/MUN/BA/GUANAMBI.XLS,/pdet/microdados/CAGED/EEC/092018/SETOR/MUN/BA,GUANAMBI.XLS,xls,19456,11-07-18 04:31PM,AUXILIAR_DOC,,,,LIST
/pdet/microdados/CAGED/EEC/092018/SETOR/MUN/BA/ILHEUS.XLS,/pdet/microdados/CAGED/EEC/092018/SETOR/MUN/BA,ILHEUS.XLS,xls,19456,11-07-18 04:31PM,AUXILIAR_DOC,,,,LIST
/pdet/microdados/CAGED/EEC/092018/SETOR/MUN/BA/INHAMBUPE.XLS,/pdet/microdados/CAGED/EEC/092018/SETOR/MUN/BA,INHAMBUPE.XLS,xls,19456,11-07-18 04:31PM,AUXILIAR_DOC,,,,LIST
/pdet/microdados/CAGED/EEC/092018/SETOR/MUN/BA/IPIAU.XLS,/pdet/microdados/CAGED/EEC/092018/SETOR/MUN/BA,IPIAU.XLS,xls,19456,11-07-18 04:31PM,AUXILIAR_DOC,,,,LIST
/pdet/microdados/CAGED/EEC/092018/SETOR/MUN/BA/IPIRA.XLS,/pdet/microdados/CAGED/EEC/092018/SETOR/MUN/BA,IPIRA.XLS,xls,19456,11-07-18 04:31PM,AUXILIAR_DOC,,,,LIST
/pdet/microdados/CAGED/EEC/092018/SETOR/MUN/BA/IRECE.XLS,/pdet/microdados/CAGED/EEC/092018/SETOR/MUN/BA,IRECE.XLS,xls,19456,11-07-18 04:31PM,AUXILIAR_DOC,,,,LIST
/pdet/microdados/CAGED/EEC/092018/SETOR/MUN/BA/ITABERABA.XLS,/pdet/microdados/CAGED/EEC/092018/SETOR/MUN/BA,ITABERABA.XLS,xls,19456,11-07-18 04:31PM,AUXILIAR_DOC,,,,LIST
/pdet/microdados/CAGED/EEC/092018/SETOR/MUN/BA/ITABUNA.XLS,/pdet/microdados/CAGED/EEC/092018/SETOR/MUN/BA,ITABUNA.XLS,xls,19456,11-07-18 04:31PM,AUXILIAR_DOC,,,,LIST
/pdet/microdados/CAGED/EEC/092018/SETOR/MUN/BA/ITAMARAJU.XLS,/pdet/microdados/CAGED/EEC/092018/SETOR/MUN/BA,ITAMARAJU.XLS,xls,19456,11-07-18 04:31PM,AUXILIAR_DOC,,,,LIST
/pdet/microdados/CAGED/EEC/092018/SETOR/MUN/BA/ITAMBE.XLS,/pdet/microdados/CAGED/EEC/092018/SETOR/MUN/BA,ITAMBE.XLS,xls,19456,11-07-18 04:31PM,AUXILIAR_DOC,,,,LIST
/pdet/microdados/CAGED/EEC/092018/SETOR/MUN/BA/ITAPETINGA.XLS,/pdet/microdados/CAGED/EEC/092018/SETOR/MUN/BA,ITAPETINGA.XLS,xls,19456,11-07-18 04:31PM,AUXILIAR_DOC,,,,LIST
/pdet/microdados/CAGED/EEC/092018/SETOR/MUN/BA/ITAPICURU.XLS,/pdet/microdados/CAGED/EEC/092018/SETOR/MUN/BA,ITAPICURU.XLS,xls,18944,11-07-18 04:31PM,AUXILIAR_DOC,,,,LIST
/pdet/microdados/CAGED/EEC/092018/SETOR/MUN/BA/ITIUBA.XLS,/pdet/microdados/CAGED/EEC/092018/SETOR/MUN/BA,ITIUBA.XLS,xls,23552,11-07-18 04:31PM,AUXILIAR_DOC,,,,LIST
/pdet/microdados/CAGED/EEC/092018/SETOR/MUN/BA/JACOBINA.XLS,/pdet/microdados/CAGED/EEC/092018/SETOR/MUN/BA,JACOBINA.XLS,xls,19456,11-07-18 04:31PM,AUXILIAR_DOC,,,,LIST
/pdet/microdados/CAGED/EEC/092018/SETOR/MUN/BA/JAGUAQUARA.XLS,/pdet/microdados/CAGED/EEC/092018/SETOR/MUN/BA,JAGUAQUARA.XLS,xls,23040,11-07-18 04:31PM,AUXILIAR_DOC,,,,LIST
/pdet/microdados/CAGED/EEC/092018/SETOR/MUN/BA/JAGUARARI.XLS,/pdet/microdados/CAGED/EEC/092018/SETOR/MUN/BA,JAGUARARI.XLS,xls,19456,11-07-18 04:31PM,AUXILIAR_DOC,,,,LIST
/pdet/microdados/CAGED/EEC/092018/SETOR/MUN/BA/JEQUIE.XLS,/pdet/microdados/CAGED/EEC/092018/SETOR/MUN/BA,JEQUIE.XLS,xls,19456,11-07-18 04:31PM,AUXILIAR_DOC,,,,LIST
/pdet/microdados/CAGED/EEC/092018/SETOR/MUN/BA/JEREMOABO.XLS,/pdet/microdados/CAGED/EEC/092018/SETOR/MUN/BA,JEREMOABO.XLS,xls,18944,11-07-18 04:31PM,AUXILIAR_DOC,,,,LIST
/pdet/microdados/CAGED/EEC/092018/SETOR/MUN/BA/JUAZEIRO.XLS,/pdet/microdados/CAGED/EEC/092018/SETOR/MUN/BA,JUAZEIRO.XLS,xls,19456,11-07-18 04:31PM,AUXILIAR_DOC,,,,LIST
/pdet/microdados/CAGED/EEC/092018/SETOR/MUN/BA/LAURO DE FREITAS.XLS,/pdet/microdados/CAGED/EEC/092018/SETOR/MUN/BA,LAURO DE FREITAS.XLS,xls,19456,11-07-18 04:31PM,AUXILIAR_DOC,,,,LIST
/pdet/microdados/CAGED/EEC/092018/SETOR/MUN/BA/LIVRAMENTO DE NOSSA SENHORA.XLS,/pdet/microdados/CAGED/EEC/092018/SETOR/MUN/BA,LIVRAMENTO DE NOSSA SENHORA.XLS,xls,19456,11-07-18 04:31PM,AUXILIAR_DOC,,,,LIST
/pdet/microdados/CAGED/EEC/092018/SETOR/MUN/BA/LUIS EDUARDO MAGALHAES.XLS,/pdet/microdados/CAGED/EEC/092018/SETOR/MUN/BA,LUIS EDUARDO MAGALHAES.XLS,xls,19456,11-07-18 04:31PM,AUXILIAR_DOC,,,,LIST
/pdet/microdados/CAGED/EEC/092018/SETOR/MUN/BA/MACAUBAS.XLS,/pdet/microdados/CAGED/EEC/092018/SETOR/MUN/BA,MACAUBAS.XLS,xls,19456,11-07-18 04:31PM,AUXILIAR_DOC,,,,LIST
/pdet/microdados/CAGED/EEC/092018/SETOR/MUN/BA/MARACAS.XLS,/pdet/microdados/CAGED/EEC/092018/SETOR/MUN/BA,MARACAS.XLS,xls,19456,11-07-18 04:31PM,AUXILIAR_DOC,,,,LIST
/pdet/microdados/CAGED/EEC/092018/SETOR/MUN/BA/MARAGOGIPE.XLS,/pdet/microdados/CAGED/EEC/092018/SETOR/MUN/BA,MARAGOGIPE.XLS,xls,18944,11-07-18 04:31PM,AUXILIAR_DOC,,,,LIST
/pdet/microdados/CAGED/EEC/092018/SETOR/MUN/BA/MATA DE SAO JOAO.XLS,/pdet/microdados/CAGED/EEC/092018/SETOR/MUN/BA,MATA DE SAO JOAO.XLS,xls,19456,11-07-18 04:31PM,AUXILIAR_DOC,,,,LIST
/pdet/microdados/CAGED/EEC/092018/SETOR/MUN/BA/MONTE SANTO.XLS,/pdet/microdados/CAGED/EEC/092018/SETOR/MUN/BA,MONTE SANTO.XLS,xls,18944,11-07-18 04:31PM,AUXILIAR_DOC,,,,LIST
/pdet/microdados/CAGED/EEC/092018/SETOR/MUN/BA/MORRO DO CHAPEU.XLS,/pdet/microdados/CAGED/EEC/092018/SETOR/MUN/BA,MORRO DO CHAPEU.XLS,xls,23552,11-07-18 04:31PM,AUXILIAR_DOC,,,,LIST
/pdet/microdados/CAGED/EEC/092018/SETOR/MUN/BA/MUCURI.XLS,/pdet/microdados/CAGED/EEC/092018/SETOR/MUN/BA,MUCURI.XLS,xls,19456,11-07-18 04:31PM,AUXILIAR_DOC,,,,LIST
/pdet/microdados/CAGED/EEC/092018/SETOR/MUN/BA/MURITIBA.XLS,/pdet/microdados/CAGED/EEC/092018/SETOR/MUN/BA,MURITIBA.XLS,xls,18944,11-07-18 04:31PM,AUXILIAR_DOC,,,,LIST
/pdet/microdados/CAGED/EEC/092018/SETOR/MUN/BA/NOVA VICOSA.XLS,/pdet/microdados/CAGED/EEC/092018/SETOR/MUN/BA,NOVA VICOSA.XLS,xls,19456,11-07-18 04:31PM,AUXILIAR_DOC,,,,LIST
/pdet/microdados/CAGED/EEC/092018/SETOR/MUN/BA/PAULO AFONSO.XLS,/pdet/microdados/CAGED/EEC/092018/SETOR/MUN/BA,PAULO AFONSO.XLS,xls,19456,11-07-18 04:31PM,AUXILIAR_DOC,,,,LIST
/pdet/microdados/CAGED/EEC/092018/SETOR/MUN/BA/PILAO ARCADO.XLS,/pdet/microdados/CAGED/EEC/092018/SETOR/MUN/BA,PILAO ARCADO.XLS,xls,19456,11-07-18 04:31PM,AUXILIAR_DOC,,,,LIST
/pdet/microdados/CAGED/EEC/092018/SETOR/MUN/BA/POCOES.XLS,/pdet/microdados/CAGED/EEC/092018/SETOR/MUN/BA,POCOES.XLS,xls,19456,11-07-18 04:31PM,AUXILIAR_DOC,,,,LIST
/pdet/microdados/CAGED/EEC/092018/SETOR/MUN/BA/POJUCA.XLS,/pdet/microdados/CAGED/EEC/092018/SETOR/MUN/BA,POJUCA.XLS,xls,19456,11-07-18 04:31PM,AUXILIAR_DOC,,,,LIST
/pdet/microdados/CAGED/EEC/092018/SETOR/MUN/BA/PORTO SEGURO.XLS,/pdet/microdados/CAGED/EEC/092018/SETOR/MUN/BA,PORTO SEGURO.XLS,xls,19456,11-07-18 04:31PM,AUXILIAR_DOC,,,,LIST
/pdet/microdados/CAGED/EEC/092018/SETOR/MUN/BA/REMANSO.XLS,/pdet/microdados/CAGED/EEC/092018/SETOR/MUN/BA,REMANSO.XLS,xls,18944,11-07-18 04:31PM,AUXILIAR_DOC,,,,LIST
/pdet/microdados/CAGED/EEC/092018/SETOR/MUN/BA/RIACHAO DO JACUIPE.XLS,/pdet/microdados/CAGED/EEC/092018/SETOR/MUN/BA,RIACHAO DO JACUIPE.XLS,xls,18944,11-07-18 04:31PM,AUXILIAR_DOC,,,,LIST
/pdet/microdados/CAGED/EEC/092018/SETOR/MUN/BA/RIACHO DE SANTANA.XLS,/pdet/microdados/CAGED/EEC/092018/SETOR/MUN/BA,RIACHO DE SANTANA.XLS,xls,19456,11-07-18 04:31PM,AUXILIAR_DOC,,,,LIST
/pdet/microdados/CAGED/EEC/092018/SETOR/MUN/BA/RIBEIRA DO POMBAL.XLS,/pdet/microdados/CAGED/EEC/092018/SETOR/MUN/BA,RIBEIRA DO POMBAL.XLS,xls,19456,11-07-18 04:31PM,AUXILIAR_DOC,,,,LIST
/pdet/microdados/CAGED/EEC/092018/SETOR/MUN/BA/RIO REAL.XLS,/pdet/microdados/CAGED/EEC/092018/SETOR/MUN/BA,RIO REAL.XLS,xls,18944,11-07-18 04:31PM,AUXILIAR_DOC,,,,LIST
/pdet/microdados/CAGED/EEC/092018/SETOR/MUN/BA/SALVADOR.XLS,/pdet/microdados/CAGED/EEC/092018/SETOR/MUN/BA,SALVADOR.XLS,xls,19456,11-07-18 04:31PM,AUXILIAR_DOC,,,,LIST
/pdet/microdados/CAGED/EEC/092018/SETOR/MUN/BA/SANTA MARIA DA VITORIA.XLS,/pdet/microdados/CAGED/EEC/092018/SETOR/MUN/BA,SANTA MARIA DA VITORIA.XLS,xls,19456,11-07-18 04:31PM,AUXILIAR_DOC,,,,LIST
/pdet/microdados/CAGED/EEC/092018/SETOR/MUN/BA/SANTALUZ.XLS,/pdet/microdados/CAGED/EEC/092018/SETOR/MUN/BA,SANTALUZ.XLS,xls,19456,11-07-18 04:31PM,AUXILIAR_DOC,,,,LIST
/pdet/microdados/CAGED/EEC/092018/SETOR/MUN/BA/SANTO AMARO.XLS,/pdet/microdados/CAGED/EEC/092018/SETOR/MUN/BA,SANTO AMARO.XLS,xls,19456,11-07-18 04:31PM,AUXILIAR_DOC,,,,LIST
/pdet/microdados/CAGED/EEC/092018/SETOR/MUN/BA/SANTO ANTONIO DE JESUS.XLS,/pdet/microdados/CAGED/EEC/092018/SETOR/MUN/BA,SANTO ANTONIO DE JESUS.XLS,xls,19456,11-07-18 04:31PM,AUXILIAR_DOC,,,,LIST
/pdet/microdados/CAGED/EEC/092018/SETOR/MUN/BA/SANTO ESTEVAO.XLS,/pdet/microdados/CAGED/EEC/092018/SETOR/MUN/BA,SANTO ESTEVAO.XLS,xls,19456,11-07-18 04:31PM,AUXILIAR_DOC,,,,LIST
/pdet/microdados/CAGED/EEC/092018/SETOR/MUN/BA/SAO FRANCISCO DO CONDE.XLS,/pdet/microdados/CAGED/EEC/092018/SETOR/MUN/BA,SAO FRANCISCO DO CONDE.XLS,xls,19456,11-07-18 04:31PM,AUXILIAR_DOC,,,,LIST
/pdet/microdados/CAGED/EEC/092018/SETOR/MUN/BA/SAO GONCALO DOS CAMPOS.XLS,/pdet/microdados/CAGED/EEC/092018/SETOR/MUN/BA,SAO GONCALO DOS CAMPOS.XLS,xls,19456,11-07-18 04:31PM,AUXILIAR_DOC,,,,LIST
/pdet/microdados/CAGED/EEC/092018/SETOR/MUN/BA/SAO SEBASTIAO DO PASSE.XLS,/pdet/microdados/CAGED/EEC/092018/SETOR/MUN/BA,SAO SEBASTIAO DO PASSE.XLS,xls,19456,11-07-18 04:31PM,AUXILIAR_DOC,,,,LIST
/pdet/microdados/CAGED/EEC/092018/SETOR/MUN/BA/SEABRA.XLS,/pdet/microdados/CAGED/EEC/092018/SETOR/MUN/BA,SEABRA.XLS,xls,19456,11-07-18 04:31PM,AUXILIAR_DOC,,,,LIST
/pdet/microdados/CAGED/EEC/092018/SETOR/MUN/BA/SENHOR DO BONFIM.XLS,/pdet/microdados/CAGED/EEC/092018/SETOR/MUN/BA,SENHOR DO BONFIM.XLS,xls,19456,11-07-18 04:31PM,AUXILIAR_DOC,,,,LIST
/pdet/microdados/CAGED/EEC/092018/SETOR/MUN/BA/SENTO SE.XLS,/pdet/microdados/CAGED/EEC/092018/SETOR/MUN/BA,SENTO SE.XLS,xls,23552,11-07-18 04:31PM,AUXILIAR_DOC,,,SE,LIST
/pdet/microdados/CAGED/EEC/092018/SETOR/MUN/BA/SERRA DO RAMALHO.XLS,/pdet/microdados/CAGED/EEC/092018/SETOR/MUN/BA,SERRA DO RAMALHO.XLS,xls,18944,11-07-18 04:31PM,AUXILIAR_DOC,,,,LIST
/pdet/microdados/CAGED/EEC/092018/SETOR/MUN/BA/SERRINHA.XLS,/pdet/microdados/CAGED/EEC/092018/SETOR/MUN/BA,SERRINHA.XLS,xls,19456,11-07-18 04:31PM,AUXILIAR_DOC,,,,LIST
/pdet/microdados/CAGED/EEC/092018/SETOR/MUN/BA/SIMOES FILHO.XLS,/pdet/microdados/CAGED/EEC/092018/SETOR/MUN/BA,SIMOES FILHO.XLS,xls,23552,11-07-18 04:31PM,AUXILIAR_DOC,,,,LIST
/pdet/microdados/CAGED/EEC/092018/SETOR/MUN/BA/TEIXEIRA DE FREITAS.XLS,/pdet/microdados/CAGED/EEC/092018/SETOR/MUN/BA,TEIXEIRA DE FREITAS.XLS,xls,19456,11-07-18 04:31PM,AUXILIAR_DOC,,,,LIST
/pdet/microdados/CAGED/EEC/092018/SETOR/MUN/BA/Total_BA.XLS,/pdet/microdados/CAGED/EEC/092018/SETOR/MUN/BA,Total_BA.XLS,xls,51712,11-07-18 04:31PM,AUXILIAR_DOC,,,BA,LIST
/pdet/microdados/CAGED/EEC/092018/SETOR/MUN/BA/TUCANO.XLS,/pdet/microdados/CAGED/EEC/092018/SETOR/MUN/BA,TUCANO.XLS,xls,18944,11-07-18 04:31PM,AUXILIAR_DOC,,,,LIST
/pdet/microdados/CAGED/EEC/092018/SETOR/MUN/BA/UNA.XLS,/pdet/microdados/CAGED/EEC/092018/SETOR/MUN/BA,UNA.XLS,xls,18944,11-07-18 04:31PM,AUXILIAR_DOC,,,,LIST
/pdet/microdados/CAGED/EEC/092018/SETOR/MUN/BA/VALENCA.XLS,/pdet/microdados/CAGED/EEC/092018/SETOR/MUN/BA,VALENCA.XLS,xls,23552,11-07-18 04:31PM,AUXILIAR_DOC,,,,LIST
/pdet/microdados/CAGED/EEC/092018/SETOR/MUN/BA/VERA CRUZ.XLS,/pdet/microdados/CAGED/EEC/092018/SETOR/MUN/BA,VERA CRUZ.XLS,xls,23552,11-07-18 04:31PM,AUXILIAR_DOC,,,,LIST
/pdet/microdados/CAGED/EEC/092018/SETOR/MUN/BA/VITORIA DA CONQUISTA.XLS,/pdet/microdados/CAGED/EEC/092018/SETOR/MUN/BA,VITORIA DA CONQUISTA.XLS,xls,23552,11-07-18 04:31PM,AUXILIAR_DOC,,,,LIST
/pdet/microdados/CAGED/EEC/092018/SETOR/MUN/BA/XIQUE-XIQUE.XLS,/pdet/microdados/CAGED/EEC/092018/SETOR/MUN/BA,XIQUE-XIQUE.XLS,xls,19456,11-07-18 04:31PM,AUXILIAR_DOC,,,,LIST
/pdet/microdados/CAGED/EEC/092018/SETOR/MUN/CE/ACARAU.XLS,/pdet/microdados/CAGED/EEC/092018/SETOR/MUN/CE,ACARAU.XLS,xls,19456,11-07-18 04:31PM,AUXILIAR_DOC,,,,LIST
/pdet/microdados/CAGED/EEC/092018/SETOR/MUN/CE/ACOPIARA.XLS,/pdet/microdados/CAGED/EEC/092018/SETOR/MUN/CE,ACOPIARA.XLS,xls,18944,11-07-18 04:31PM,AUXILIAR_DOC,,,,LIST
/pdet/microdados/CAGED/EEC/092018/SETOR/MUN/CE/AMONTADA.XLS,/pdet/microdados/CAGED/EEC/092018/SETOR/MUN/CE,AMONTADA.XLS,xls,19456,11-07-18 04:31PM,AUXILIAR_DOC,,,,LIST
/pdet/microdados/CAGED/EEC/092018/SETOR/MUN/CE/AQUIRAZ.XLS,/pdet/microdados/CAGED/EEC/092018/SETOR/MUN/CE,AQUIRAZ.XLS,xls,19456,11-07-18 04:31PM,AUXILIAR_DOC,,,,LIST
/pdet/microdados/CAGED/EEC/092018/SETOR/MUN/CE/ARACATI.XLS,/pdet/microdados/CAGED/EEC/092018/SETOR/MUN/CE,ARACATI.XLS,xls,19456,11-07-18 04:31PM,AUXILIAR_DOC,,,,LIST
/pdet/microdados/CAGED/EEC/092018/SETOR/MUN/CE/BARBALHA.XLS,/pdet/microdados/CAGED/EEC/092018/SETOR/MUN/CE,BARBALHA.XLS,xls,19456,11-07-18 04:31PM,AUXILIAR_DOC,,,,LIST
/pdet/microdados/CAGED/EEC/092018/SETOR/MUN/CE/BATURITE.XLS,/pdet/microdados/CAGED/EEC/092018/SETOR/MUN/CE,BATURITE.XLS,xls,19456,11-07-18 04:31PM,AUXILIAR_DOC,,,,LIST
/pdet/microdados/CAGED/EEC/092018/SETOR/MUN/CE/BEBERIBE.XLS,/pdet/microdados/CAGED/EEC/092018/SETOR/MUN/CE,BEBERIBE.XLS,xls,19456,11-07-18 04:31PM,AUXILIAR_DOC,,,,LIST
/pdet/microdados/CAGED/EEC/092018/SETOR/MUN/CE/BELA CRUZ.XLS,/pdet/microdados/CAGED/EEC/092018/SETOR/MUN/CE,BELA CRUZ.XLS,xls,19456,11-07-18 04:31PM,AUXILIAR_DOC,,,,LIST
/pdet/microdados/CAGED/EEC/092018/SETOR/MUN/CE/BOA VIAGEM.XLS,/pdet/microdados/CAGED/EEC/092018/SETOR/MUN/CE,BOA VIAGEM.XLS,xls,19456,11-07-18 04:31PM,AUXILIAR_DOC,,,,LIST
/pdet/microdados/CAGED/EEC/092018/SETOR/MUN/CE/BREJO SANTO.XLS,/pdet/microdados/CAGED/EEC/092018/SETOR/MUN/CE,BREJO SANTO.XLS,xls,19456,11-07-18 04:31PM,AUXILIAR_DOC,,,,LIST
/pdet/microdados/CAGED/EEC/092018/SETOR/MUN/CE/CAMOCIM.XLS,/pdet/microdados/CAGED/EEC/092018/SETOR/MUN/CE,CAMOCIM.XLS,xls,19456,11-07-18 04:31PM,AUXILIAR_DOC,,,,LIST
/pdet/microdados/CAGED/EEC/092018/SETOR/MUN/CE/CANINDE.XLS,/pdet/microdados/CAGED/EEC/092018/SETOR/MUN/CE,CANINDE.XLS,xls,19456,11-07-18 04:31PM,AUXILIAR_DOC,,,,LIST
/pdet/microdados/CAGED/EEC/092018/SETOR/MUN/CE/CASCAVEL.XLS,/pdet/microdados/CAGED/EEC/092018/SETOR/MUN/CE,CASCAVEL.XLS,xls,19456,11-07-18 04:31PM,AUXILIAR_DOC,,,,LIST
/pdet/microdados/CAGED/EEC/092018/SETOR/MUN/CE/CAUCAIA.XLS,/pdet/microdados/CAGED/EEC/092018/SETOR/MUN/CE,CAUCAIA.XLS,xls,19456,11-07-18 04:31PM,AUXILIAR_DOC,,,,LIST
/pdet/microdados/CAGED/EEC/092018/SETOR/MUN/CE/CRATEUS.XLS,/pdet/microdados/CAGED/EEC/092018/SETOR/MUN/CE,CRATEUS.XLS,xls,19456,11-07-18 04:31PM,AUXILIAR_DOC,,,,LIST
/pdet/microdados/CAGED/EEC/092018/SETOR/MUN/CE/CRATO.XLS,/pdet/microdados/CAGED/EEC/092018/SETOR/MUN/CE,CRATO.XLS,xls,19456,11-07-18 04:31PM,AUXILIAR_DOC,,,,LIST
/pdet/microdados/CAGED/EEC/092018/SETOR/MUN/CE/EUSEBIO.XLS,/pdet/microdados/CAGED/EEC/092018/SETOR/MUN/CE,EUSEBIO.XLS,xls,19456,11-07-18 04:31PM,AUXILIAR_DOC,,,,LIST
/pdet/microdados/CAGED/EEC/092018/SETOR/MUN/CE/FORTALEZA.XLS,/pdet/microdados/CAGED/EEC/092018/SETOR/MUN/CE,FORTALEZA.XLS,xls,19456,11-07-18 04:31PM,AUXILIAR_DOC,,,,LIST
/pdet/microdados/CAGED/EEC/092018/SETOR/MUN/CE/GRANJA.XLS,/pdet/microdados/CAGED/EEC/092018/SETOR/MUN/CE,GRANJA.XLS,xls,19456,11-07-18 04:31PM,AUXILIAR_DOC,,,,LIST
/pdet/microdados/CAGED/EEC/092018/SETOR/MUN/CE/GUARACIABA DO NORTE.XLS,/pdet/microdados/CAGED/EEC/092018/SETOR/MUN/CE,GUARACIABA DO NORTE.XLS,xls,18944,11-07-18 04:31PM,AUXILIAR_DOC,,,NORTE,LIST
/pdet/microdados/CAGED/EEC/092018/SETOR/MUN/CE/HORIZONTE.XLS,/pdet/microdados/CAGED/EEC/092018/SETOR/MUN/CE,HORIZONTE.XLS,xls,19456,11-07-18 04:31PM,AUXILIAR_DOC,,,,LIST
/pdet/microdados/CAGED/EEC/092018/SETOR/MUN/CE/ICO.XLS,/pdet/microdados/CAGED/EEC/092018/SETOR/MUN/CE,ICO.XLS,xls,23552,11-07-18 04:31PM,AUXILIAR_DOC,,,,LIST
/pdet/microdados/CAGED/EEC/092018/SETOR/MUN/CE/IGUATU.XLS,/pdet/microdados/CAGED/EEC/092018/SETOR/MUN/CE,IGUATU.XLS,xls,23552,11-07-18 04:31PM,AUXILIAR_DOC,,,,LIST
/pdet/microdados/CAGED/EEC/092018/SETOR/MUN/CE/IPU.XLS,/pdet/microdados/CAGED/EEC/092018/SETOR/MUN/CE,IPU.XLS,xls,19456,11-07-18 04:31PM,AUXILIAR_DOC,,,,LIST
/pdet/microdados/CAGED/EEC/092018/SETOR/MUN/CE/IPUEIRAS.XLS,/pdet/microdados/CAGED/EEC/092018/SETOR/MUN/CE,IPUEIRAS.XLS,xls,18944,11-07-18 04:32PM,AUXILIAR_DOC,,,,LIST
/pdet/microdados/CAGED/EEC/092018/SETOR/MUN/CE/ITAITINGA.XLS,/pdet/microdados/CAGED/EEC/092018/SETOR/MUN/CE,ITAITINGA.XLS,xls,19456,11-07-18 04:32PM,AUXILIAR_DOC,,,,LIST
/pdet/microdados/CAGED/EEC/092018/SETOR/MUN/CE/ITAPAGE.XLS,/pdet/microdados/CAGED/EEC/092018/SETOR/MUN/CE,ITAPAGE.XLS,xls,19456,11-07-18 04:32PM,AUXILIAR_DOC,,,,LIST
/pdet/microdados/CAGED/EEC/092018/SETOR/MUN/CE/ITAPIPOCA.XLS,/pdet/microdados/CAGED/EEC/092018/SETOR/MUN/CE,ITAPIPOCA.XLS,xls,19456,11-07-18 04:32PM,AUXILIAR_DOC,,,,LIST
/pdet/microdados/CAGED/EEC/092018/SETOR/MUN/CE/ITAREMA.XLS,/pdet/microdados/CAGED/EEC/092018/SETOR/MUN/CE,ITAREMA.XLS,xls,19456,11-07-18 04:32PM,AUXILIAR_DOC,,,,LIST
/pdet/microdados/CAGED/EEC/092018/SETOR/MUN/CE/JAGUARIBE.XLS,/pdet/microdados/CAGED/EEC/092018/SETOR/MUN/CE,JAGUARIBE.XLS,xls,19456,11-07-18 04:32PM,AUXILIAR_DOC,,,,LIST
/pdet/microdados/CAGED/EEC/092018/SETOR/MUN/CE/JAGUARUANA.XLS,/pdet/microdados/CAGED/EEC/092018/SETOR/MUN/CE,JAGUARUANA.XLS,xls,19456,11-07-18 04:32PM,AUXILIAR_DOC,,,,LIST
/pdet/microdados/CAGED/EEC/092018/SETOR/MUN/CE/JUAZEIRO DO NORTE.XLS,/pdet/microdados/CAGED/EEC/092018/SETOR/MUN/CE,JUAZEIRO DO NORTE.XLS,xls,19456,11-07-18 04:32PM,AUXILIAR_DOC,,,NORTE,LIST
/pdet/microdados/CAGED/EEC/092018/SETOR/MUN/CE/LAVRAS DA MANGABEIRA.XLS,/pdet/microdados/CAGED/EEC/092018/SETOR/MUN/CE,LAVRAS DA MANGABEIRA.XLS,xls,19456,11-07-18 04:32PM,AUXILIAR_DOC,,,,LIST
/pdet/microdados/CAGED/EEC/092018/SETOR/MUN/CE/LIMOEIRO DO NORTE.XLS,/pdet/microdados/CAGED/EEC/092018/SETOR/MUN/CE,LIMOEIRO DO NORTE.XLS,xls,19456,11-07-18 04:32PM,AUXILIAR_DOC,,,NORTE,LIST
/pdet/microdados/CAGED/EEC/092018/SETOR/MUN/CE/MARACANAU.XLS,/pdet/microdados/CAGED/EEC/092018/SETOR/MUN/CE,MARACANAU.XLS,xls,19456,11-07-18 04:32PM,AUXILIAR_DOC,,,,LIST
/pdet/microdados/CAGED/EEC/092018/SETOR/MUN/CE/MARANGUAPE.XLS,/pdet/microdados/CAGED/EEC/092018/SETOR/MUN/CE,MARANGUAPE.XLS,xls,19456,11-07-18 04:32PM,AUXILIAR_DOC,,,,LIST
/pdet/microdados/CAGED/EEC/092018/SETOR/MUN/CE/MASSAPE.XLS,/pdet/microdados/CAGED/EEC/092018/SETOR/MUN/CE,MASSAPE.XLS,xls,19456,11-07-18 04:32PM,AUXILIAR_DOC,,,,LIST
/pdet/microdados/CAGED/EEC/092018/SETOR/MUN/CE/MAURITI.XLS,/pdet/microdados/CAGED/EEC/092018/SETOR/MUN/CE,MAURITI.XLS,xls,18944,11-07-18 04:32PM,AUXILIAR_DOC,,,,LIST
/pdet/microdados/CAGED/EEC/092018/SETOR/MUN/CE/MISSAO VELHA.XLS,/pdet/microdados/CAGED/EEC/092018/SETOR/MUN/CE,MISSAO VELHA.XLS,xls,19456,11-07-18 04:32PM,AUXILIAR_DOC,,,,LIST
/pdet/microdados/CAGED/EEC/092018/SETOR/MUN/CE/MOMBACA.XLS,/pdet/microdados/CAGED/EEC/092018/SETOR/MUN/CE,MOMBACA.XLS,xls,19456,11-07-18 04:32PM,AUXILIAR_DOC,,,,LIST
/pdet/microdados/CAGED/EEC/092018/SETOR/MUN/CE/MORADA NOVA.XLS,/pdet/microdados/CAGED/EEC/092018/SETOR/MUN/CE,MORADA NOVA.XLS,xls,19456,11-07-18 04:32PM,AUXILIAR_DOC,,,,LIST
/pdet/microdados/CAGED/EEC/092018/SETOR/MUN/CE/NOVA RUSSAS.XLS,/pdet/microdados/CAGED/EEC/092018/SETOR/MUN/CE,NOVA RUSSAS.XLS,xls,19456,11-07-18 04:32PM,AUXILIAR_DOC,,,,LIST
/pdet/microdados/CAGED/EEC/092018/SETOR/MUN/CE/PACAJUS.XLS,/pdet/microdados/CAGED/EEC/092018/SETOR/MUN/CE,PACAJUS.XLS,xls,19456,11-07-18 04:32PM,AUXILIAR_DOC,,,,LIST
/pdet/microdados/CAGED/EEC/092018/SETOR/MUN/CE/PACATUBA.XLS,/pdet/microdados/CAGED/EEC/092018/SETOR/MUN/CE,PACATUBA.XLS,xls,19456,11-07-18 04:32PM,AUXILIAR_DOC,,,,LIST
/pdet/microdados/CAGED/EEC/092018/SETOR/MUN/CE/PARACURU.XLS,/pdet/microdados/CAGED/EEC/092018/SETOR/MUN/CE,PARACURU.XLS,xls,19456,11-07-18 04:32PM,AUXILIAR_DOC,,,,LIST
/pdet/microdados/CAGED/EEC/092018/SETOR/MUN/CE/PARAIPABA.XLS,/pdet/microdados/CAGED/EEC/092018/SETOR/MUN/CE,PARAIPABA.XLS,xls,19456,11-07-18 04:32PM,AUXILIAR_DOC,,,,LIST
/pdet/microdados/CAGED/EEC/092018/SETOR/MUN/CE/PARAMBU.XLS,/pdet/microdados/CAGED/EEC/092018/SETOR/MUN/CE,PARAMBU.XLS,xls,18944,11-07-18 04:32PM,AUXILIAR_DOC,,,,LIST
/pdet/microdados/CAGED/EEC/092018/SETOR/MUN/CE/PEDRA BRANCA.XLS,/pdet/microdados/CAGED/EEC/092018/SETOR/MUN/CE,PEDRA BRANCA.XLS,xls,19456,11-07-18 04:32PM,AUXILIAR_DOC,,,,LIST
/pdet/microdados/CAGED/EEC/092018/SETOR/MUN/CE/PENTECOSTE.XLS,/pdet/microdados/CAGED/EEC/092018/SETOR/MUN/CE,PENTECOSTE.XLS,xls,19456,11-07-18 04:32PM,AUXILIAR_DOC,,,,LIST
/pdet/microdados/CAGED/EEC/092018/SETOR/MUN/CE/QUIXADA.XLS,/pdet/microdados/CAGED/EEC/092018/SETOR/MUN/CE,QUIXADA.XLS,xls,19456,11-07-18 04:32PM,AUXILIAR_DOC,,,,LIST
/pdet/microdados/CAGED/EEC/092018/SETOR/MUN/CE/QUIXERAMOBIM.XLS,/pdet/microdados/CAGED/EEC/092018/SETOR/MUN/CE,QUIXERAMOBIM.XLS,xls,19456,11-07-18 04:32PM,AUXILIAR_DOC,,,,LIST
/pdet/microdados/CAGED/EEC/092018/SETOR/MUN/CE/RUSSAS.XLS,/pdet/microdados/CAGED/EEC/092018/SETOR/MUN/CE,RUSSAS.XLS,xls,19456,11-07-18 04:32PM,AUXILIAR_DOC,,,,LIST
/pdet/microdados/CAGED/EEC/092018/SETOR/MUN/CE/SANTA QUITERIA.XLS,/pdet/microdados/CAGED/EEC/092018/SETOR/MUN/CE,SANTA QUITERIA.XLS,xls,23552,11-07-18 04:32PM,AUXILIAR_DOC,,,,LIST
/pdet/microdados/CAGED/EEC/092018/SETOR/MUN/CE/SANTANA DO ACARAU.XLS,/pdet/microdados/CAGED/EEC/092018/SETOR/MUN/CE,SANTANA DO ACARAU.XLS,xls,19456,11-07-18 04:32PM,AUXILIAR_DOC,,,,LIST
/pdet/microdados/CAGED/EEC/092018/SETOR/MUN/CE/SAO BENEDITO.XLS,/pdet/microdados/CAGED/EEC/092018/SETOR/MUN/CE,SAO BENEDITO.XLS,xls,18944,11-07-18 04:32PM,AUXILIAR_DOC,,,,LIST
/pdet/microdados/CAGED/EEC/092018/SETOR/MUN/CE/SAO GONCALO DO AMARANTE.XLS,/pdet/microdados/CAGED/EEC/092018/SETOR/MUN/CE,SAO GONCALO DO AMARANTE.XLS,xls,19456,11-07-18 04:32PM,AUXILIAR_DOC,,,,LIST
/pdet/microdados/CAGED/EEC/092018/SETOR/MUN/CE/SOBRAL.XLS,/pdet/microdados/CAGED/EEC/092018/SETOR/MUN/CE,SOBRAL.XLS,xls,19456,11-07-18 04:32PM,AUXILIAR_DOC,,,,LIST
/pdet/microdados/CAGED/EEC/092018/SETOR/MUN/CE/TAUA.XLS,/pdet/microdados/CAGED/EEC/092018/SETOR/MUN/CE,TAUA.XLS,xls,19456,11-07-18 04:32PM,AUXILIAR_DOC,,,,LIST
/pdet/microdados/CAGED/EEC/092018/SETOR/MUN/CE/TIANGUA.XLS,/pdet/microdados/CAGED/EEC/092018/SETOR/MUN/CE,TIANGUA.XLS,xls,19456,11-07-18 04:32PM,AUXILIAR_DOC,,,,LIST
/pdet/microdados/CAGED/EEC/092018/SETOR/MUN/CE/Total_CE.XLS,/pdet/microdados/CAGED/EEC/092018/SETOR/MUN/CE,Total_CE.XLS,xls,39424,11-07-18 04:32PM,AUXILIAR_DOC,,,CE,LIST
/pdet/microdados/CAGED/EEC/092018/SETOR/MUN/CE/TRAIRI.XLS,/pdet/microdados/CAGED/EEC/092018/SETOR/MUN/CE,TRAIRI.XLS,xls,19456,11-07-18 04:32PM,AUXILIAR_DOC,,,,LIST
/pdet/microdados/CAGED/EEC/092018/SETOR/MUN/CE/UBAJARA.XLS,/pdet/microdados/CAGED/EEC/092018/SETOR/MUN/CE,UBAJARA.XLS,xls,23040,11-07-18 04:32PM,AUXILIAR_DOC,,,,LIST
/pdet/microdados/CAGED/EEC/092018/SETOR/MUN/CE/VARZEA ALEGRE.XLS,/pdet/microdados/CAGED/EEC/092018/SETOR/MUN/CE,VARZEA ALEGRE.XLS,xls,19456,11-07-18 04:32PM,AUXILIAR_DOC,,,,LIST
/pdet/microdados/CAGED/EEC/092018/SETOR/MUN/CE/VICOSA DO CEARA.XLS,/pdet/microdados/CAGED/EEC/092018/SETOR/MUN/CE,VICOSA DO CEARA.XLS,xls,19456,11-07-18 04:32PM,AUXILIAR_DOC,,,,LIST
/pdet/microdados/CAGED/EEC/092018/SETOR/MUN/DF/BRASILIA.XLS,/pdet/microdados/CAGED/EEC/092018/SETOR/MUN/DF,BRASILIA.XLS,xls,19456,11-07-18 04:32PM,AUXILIAR_DOC,,,,LIST
/pdet/microdados/CAGED/EEC/092018/SETOR/MUN/DF/Total_DF.XLS,/pdet/microdados/CAGED/EEC/092018/SETOR/MUN/DF,Total_DF.XLS,xls,16896,11-07-18 04:32PM,AUXILIAR_DOC,,,DF,LIST
/pdet/microdados/CAGED/EEC/092018/SETOR/MUN/ES/AFONSO CLAUDIO.XLS,/pdet/microdados/CAGED/EEC/092018/SETOR/MUN/ES,AFONSO CLAUDIO.XLS,xls,19456,11-07-18 04:32PM,AUXILIAR_DOC,,,,LIST
/pdet/microdados/CAGED/EEC/092018/SETOR/MUN/ES/ALEGRE.XLS,/pdet/microdados/CAGED/EEC/092018/SETOR/MUN/ES,ALEGRE.XLS,xls,19456,11-07-18 04:32PM,AUXILIAR_DOC,,,,LIST
/pdet/microdados/CAGED/EEC/092018/SETOR/MUN/ES/ARACRUZ.XLS,/pdet/microdados/CAGED/EEC/092018/SETOR/MUN/ES,ARACRUZ.XLS,xls,19456,11-07-18 04:32PM,AUXILIAR_DOC,,,,LIST
/pdet/microdados/CAGED/EEC/092018/SETOR/MUN/ES/BARRA DE SAO FRANCISCO.XLS,/pdet/microdados/CAGED/EEC/092018/SETOR/MUN/ES,BARRA DE SAO FRANCISCO.XLS,xls,19456,11-07-18 04:32PM,AUXILIAR_DOC,,,,LIST
/pdet/microdados/CAGED/EEC/092018/SETOR/MUN/ES/CACHOEIRO DE ITAPEMIRIM.XLS,/pdet/microdados/CAGED/EEC/092018/SETOR/MUN/ES,CACHOEIRO DE ITAPEMIRIM.XLS,xls,23552,11-07-18 04:32PM,AUXILIAR_DOC,,,,LIST
/pdet/microdados/CAGED/EEC/092018/SETOR/MUN/ES/CARIACICA.XLS,/pdet/microdados/CAGED/EEC/092018/SETOR/MUN/ES,CARIACICA.XLS,xls,19456,11-07-18 04:32PM,AUXILIAR_DOC,,,,LIST
/pdet/microdados/CAGED/EEC/092018/SETOR/MUN/ES/CASTELO.XLS,/pdet/microdados/CAGED/EEC/092018/SETOR/MUN/ES,CASTELO.XLS,xls,19456,11-07-18 04:32PM,AUXILIAR_DOC,,,,LIST
/pdet/microdados/CAGED/EEC/092018/SETOR/MUN/ES/COLATINA.XLS,/pdet/microdados/CAGED/EEC/092018/SETOR/MUN/ES,COLATINA.XLS,xls,19456,11-07-18 04:32PM,AUXILIAR_DOC,,,,LIST
/pdet/microdados/CAGED/EEC/092018/SETOR/MUN/ES/DOMINGOS MARTINS.XLS,/pdet/microdados/CAGED/EEC/092018/SETOR/MUN/ES,DOMINGOS MARTINS.XLS,xls,19456,11-07-18 04:32PM,AUXILIAR_DOC,,,,LIST
/pdet/microdados/CAGED/EEC/092018/SETOR/MUN/ES/GUARAPARI.XLS,/pdet/microdados/CAGED/EEC/092018/SETOR/MUN/ES,GUARAPARI.XLS,xls,19456,11-07-18 04:32PM,AUXILIAR_DOC,,,,LIST
/pdet/microdados/CAGED/EEC/092018/SETOR/MUN/ES/ITAPEMIRIM.XLS,/pdet/microdados/CAGED/EEC/092018/SETOR/MUN/ES,ITAPEMIRIM.XLS,xls,19456,11-07-18 04:32PM,AUXILIAR_DOC,,,,LIST
/pdet/microdados/CAGED/EEC/092018/SETOR/MUN/ES/LINHARES.XLS,/pdet/microdados/CAGED/EEC/092018/SETOR/MUN/ES,LINHARES.XLS,xls,19456,11-07-18 04:32PM,AUXILIAR_DOC,,,,LIST
/pdet/microdados/CAGED/EEC/092018/SETOR/MUN/ES/MARATAIZES.XLS,/pdet/microdados/CAGED/EEC/092018/SETOR/MUN/ES,MARATAIZES.XLS,xls,19456,11-07-18 04:32PM,AUXILIAR_DOC,,,,LIST
/pdet/microdados/CAGED/EEC/092018/SETOR/MUN/ES/NOVA VENECIA.XLS,/pdet/microdados/CAGED/EEC/092018/SETOR/MUN/ES,NOVA VENECIA.XLS,xls,19456,11-07-18 04:32PM,AUXILIAR_DOC,,,,LIST
/pdet/microdados/CAGED/EEC/092018/SETOR/MUN/ES/SANTA MARIA DE JETIBA.XLS,/pdet/microdados/CAGED/EEC/092018/SETOR/MUN/ES,SANTA MARIA DE JETIBA.XLS,xls,19456,11-07-18 04:32PM,AUXILIAR_DOC,,,,LIST
/pdet/microdados/CAGED/EEC/092018/SETOR/MUN/ES/SAO GABRIEL DA PALHA.XLS,/pdet/microdados/CAGED/EEC/092018/SETOR/MUN/ES,SAO GABRIEL DA PALHA.XLS,xls,19456,11-07-18 04:32PM,AUXILIAR_DOC,,,,LIST
/pdet/microdados/CAGED/EEC/092018/SETOR/MUN/ES/SAO MATEUS.XLS,/pdet/microdados/CAGED/EEC/092018/SETOR/MUN/ES,SAO MATEUS.XLS,xls,19456,11-07-18 04:32PM,AUXILIAR_DOC,,,,LIST
/pdet/microdados/CAGED/EEC/092018/SETOR/MUN/ES/SERRA.XLS,/pdet/microdados/CAGED/EEC/092018/SETOR/MUN/ES,SERRA.XLS,xls,23552,11-07-18 04:32PM,AUXILIAR_DOC,,,,LIST
/pdet/microdados/CAGED/EEC/092018/SETOR/MUN/ES/Total_ES.XLS,/pdet/microdados/CAGED/EEC/092018/SETOR/MUN/ES,Total_ES.XLS,xls,24064,11-07-18 04:32PM,AUXILIAR_DOC,,,ES,LIST
/pdet/microdados/CAGED/EEC/092018/SETOR/MUN/ES/VIANA.XLS,/pdet/microdados/CAGED/EEC/092018/SETOR/MUN/ES,VIANA.XLS,xls,19456,11-07-18 04:32PM,AUXILIAR_DOC,,,,LIST
/pdet/microdados/CAGED/EEC/092018/SETOR/MUN/ES/VILA VELHA.XLS,/pdet/microdados/CAGED/EEC/092018/SETOR/MUN/ES,VILA VELHA.XLS,xls,19456,11-07-18 04:32PM,AUXILIAR_DOC,,,,LIST
/pdet/microdados/CAGED/EEC/092018/SETOR/MUN/ES/VITORIA.XLS,/pdet/microdados/CAGED/EEC/092018/SETOR/MUN/ES,VITORIA.XLS,xls,19456,11-07-18 04:32PM,AUXILIAR_DOC,,,,LIST
/pdet/microdados/CAGED/EEC/092018/SETOR/MUN/GO/AGUAS LINDAS DE GOIAS.XLS,/pdet/microdados/CAGED/EEC/092018/SETOR/MUN/GO,AGUAS LINDAS DE GOIAS.XLS,xls,19456,11-07-18 04:32PM,AUXILIAR_DOC,,,,LIST
/pdet/microdados/CAGED/EEC/092018/SETOR/MUN/GO/ANAPOLIS.XLS,/pdet/microdados/CAGED/EEC/092018/SETOR/MUN/GO,ANAPOLIS.XLS,xls,19456,11-07-18 04:32PM,AUXILIAR_DOC,,,,LIST
/pdet/microdados/CAGED/EEC/092018/SETOR/MUN/GO/APARECIDA DE GOIANIA.XLS,/pdet/microdados/CAGED/EEC/092018/SETOR/MUN/GO,APARECIDA DE GOIANIA.XLS,xls,19456,11-07-18 04:32PM,AUXILIAR_DOC,,,,LIST
/pdet/microdados/CAGED/EEC/092018/SETOR/MUN/GO/CALDAS NOVAS.XLS,/pdet/microdados/CAGED/EEC/092018/SETOR/MUN/GO,CALDAS NOVAS.XLS,xls,19456,11-07-18 04:32PM,AUXILIAR_DOC,,,,LIST
/pdet/microdados/CAGED/EEC/092018/SETOR/MUN/GO/CATALAO.XLS,/pdet/microdados/CAGED/EEC/092018/SETOR/MUN/GO,CATALAO.XLS,xls,19456,11-07-18 04:32PM,AUXILIAR_DOC,,,,LIST
/pdet/microdados/CAGED/EEC/092018/SETOR/MUN/GO/CIDADE OCIDENTAL.XLS,/pdet/microdados/CAGED/EEC/092018/SETOR/MUN/GO,CIDADE OCIDENTAL.XLS,xls,19456,11-07-18 04:32PM,AUXILIAR_DOC,,,,LIST
/pdet/microdados/CAGED/EEC/092018/SETOR/MUN/GO/CRISTALINA.XLS,/pdet/microdados/CAGED/EEC/092018/SETOR/MUN/GO,CRISTALINA.XLS,xls,19456,11-07-18 04:32PM,AUXILIAR_DOC,,,,LIST
/pdet/microdados/CAGED/EEC/092018/SETOR/MUN/GO/FORMOSA.XLS,/pdet/microdados/CAGED/EEC/092018/SETOR/MUN/GO,FORMOSA.XLS,xls,19456,11-07-18 04:32PM,AUXILIAR_DOC,,,,LIST
/pdet/microdados/CAGED/EEC/092018/SETOR/MUN/GO/GOIANESIA.XLS,/pdet/microdados/CAGED/EEC/092018/SETOR/MUN/GO,GOIANESIA.XLS,xls,19456,11-07-18 04:32PM,AUXILIAR_DOC,,,,LIST
/pdet/microdados/CAGED/EEC/092018/SETOR/MUN/GO/GOIANIA.XLS,/pdet/microdados/CAGED/EEC/092018/SETOR/MUN/GO,GOIANIA.XLS,xls,19456,11-07-18 04:32PM,AUXILIAR_DOC,,,,LIST
/pdet/microdados/CAGED/EEC/092018/SETOR/MUN/GO/GOIANIRA.XLS,/pdet/microdados/CAGED/EEC/092018/SETOR/MUN/GO,GOIANIRA.XLS,xls,19456,11-07-18 04:32PM,AUXILIAR_DOC,,,,LIST
/pdet/microdados/CAGED/EEC/092018/SETOR/MUN/GO/GOIATUBA.XLS,/pdet/microdados/CAGED/EEC/092018/SETOR/MUN/GO,GOIATUBA.XLS,xls,19456,11-07-18 04:32PM,AUXILIAR_DOC,,,,LIST
/pdet/microdados/CAGED/EEC/092018/SETOR/MUN/GO/INHUMAS.XLS,/pdet/microdados/CAGED/EEC/092018/SETOR/MUN/GO,INHUMAS.XLS,xls,19456,11-07-18 04:32PM,AUXILIAR_DOC,,,,LIST
/pdet/microdados/CAGED/EEC/092018/SETOR/MUN/GO/IPORA.XLS,/pdet/microdados/CAGED/EEC/092018/SETOR/MUN/GO,IPORA.XLS,xls,19456,11-07-18 04:32PM,AUXILIAR_DOC,,,,LIST
/pdet/microdados/CAGED/EEC/092018/SETOR/MUN/GO/ITABERAI.XLS,/pdet/microdados/CAGED/EEC/092018/SETOR/MUN/GO,ITABERAI.XLS,xls,19456,11-07-18 04:32PM,AUXILIAR_DOC,,,,LIST
/pdet/microdados/CAGED/EEC/092018/SETOR/MUN/GO/ITUMBIARA.XLS,/pdet/microdados/CAGED/EEC/092018/SETOR/MUN/GO,ITUMBIARA.XLS,xls,23552,11-07-18 04:32PM,AUXILIAR_DOC,,,,LIST
/pdet/microdados/CAGED/EEC/092018/SETOR/MUN/GO/JARAGUA.XLS,/pdet/microdados/CAGED/EEC/092018/SETOR/MUN/GO,JARAGUA.XLS,xls,19456,11-07-18 04:32PM,AUXILIAR_DOC,,,,LIST
/pdet/microdados/CAGED/EEC/092018/SETOR/MUN/GO/JATAI.XLS,/pdet/microdados/CAGED/EEC/092018/SETOR/MUN/GO,JATAI.XLS,xls,19456,11-07-18 04:32PM,AUXILIAR_DOC,,,,LIST
/pdet/microdados/CAGED/EEC/092018/SETOR/MUN/GO/LUZIANIA.XLS,/pdet/microdados/CAGED/EEC/092018/SETOR/MUN/GO,LUZIANIA.XLS,xls,19456,11-07-18 04:32PM,AUXILIAR_DOC,,,,LIST
/pdet/microdados/CAGED/EEC/092018/SETOR/MUN/GO/MINACU.XLS,/pdet/microdados/CAGED/EEC/092018/SETOR/MUN/GO,MINACU.XLS,xls,19456,11-07-18 04:32PM,AUXILIAR_DOC,,,,LIST
/pdet/microdados/CAGED/EEC/092018/SETOR/MUN/GO/MINEIROS.XLS,/pdet/microdados/CAGED/EEC/092018/SETOR/MUN/GO,MINEIROS.XLS,xls,19456,11-07-18 04:32PM,AUXILIAR_DOC,,,,LIST
/pdet/microdados/CAGED/EEC/092018/SETOR/MUN/GO/MORRINHOS.XLS,/pdet/microdados/CAGED/EEC/092018/SETOR/MUN/GO,MORRINHOS.XLS,xls,19456,11-07-18 04:32PM,AUXILIAR_DOC,,,,LIST
/pdet/microdados/CAGED/EEC/092018/SETOR/MUN/GO/NIQUELANDIA.XLS,/pdet/microdados/CAGED/EEC/092018/SETOR/MUN/GO,NIQUELANDIA.XLS,xls,19456,11-07-18 04:32PM,AUXILIAR_DOC,,,,LIST
/pdet/microdados/CAGED/EEC/092018/SETOR/MUN/GO/NOVO GAMA.XLS,/pdet/microdados/CAGED/EEC/092018/SETOR/MUN/GO,NOVO GAMA.XLS,xls,19456,11-07-18 04:32PM,AUXILIAR_DOC,,,,LIST
/pdet/microdados/CAGED/EEC/092018/SETOR/MUN/GO/PLANALTINA.XLS,/pdet/microdados/CAGED/EEC/092018/SETOR/MUN/GO,PLANALTINA.XLS,xls,23552,11-07-18 04:32PM,AUXILIAR_DOC,,,,LIST
/pdet/microdados/CAGED/EEC/092018/SETOR/MUN/GO/PORANGATU.XLS,/pdet/microdados/CAGED/EEC/092018/SETOR/MUN/GO,PORANGATU.XLS,xls,19456,11-07-18 04:32PM,AUXILIAR_DOC,,,,LIST
/pdet/microdados/CAGED/EEC/092018/SETOR/MUN/GO/POSSE.XLS,/pdet/microdados/CAGED/EEC/092018/SETOR/MUN/GO,POSSE.XLS,xls,19456,11-07-18 04:32PM,AUXILIAR_DOC,,,,LIST
/pdet/microdados/CAGED/EEC/092018/SETOR/MUN/GO/QUIRINOPOLIS.XLS,/pdet/microdados/CAGED/EEC/092018/SETOR/MUN/GO,QUIRINOPOLIS.XLS,xls,19456,11-07-18 04:32PM,AUXILIAR_DOC,,,,LIST
/pdet/microdados/CAGED/EEC/092018/SETOR/MUN/GO/RIO VERDE.XLS,/pdet/microdados/CAGED/EEC/092018/SETOR/MUN/GO,RIO VERDE.XLS,xls,19456,11-07-18 04:32PM,AUXILIAR_DOC,,,,LIST
/pdet/microdados/CAGED/EEC/092018/SETOR/MUN/GO/SANTA HELENA DE GOIAS.XLS,/pdet/microdados/CAGED/EEC/092018/SETOR/MUN/GO,SANTA HELENA DE GOIAS.XLS,xls,19456,11-07-18 04:32PM,AUXILIAR_DOC,,,,LIST
/pdet/microdados/CAGED/EEC/092018/SETOR/MUN/GO/SANTO ANTONIO DO DESCOBERTO.XLS,/pdet/microdados/CAGED/EEC/092018/SETOR/MUN/GO,SANTO ANTONIO DO DESCOBERTO.XLS,xls,19456,11-07-18 04:32PM,AUXILIAR_DOC,,,,LIST
/pdet/microdados/CAGED/EEC/092018/SETOR/MUN/GO/SAO LUIS DE MONTES BELOS.XLS,/pdet/microdados/CAGED/EEC/092018/SETOR/MUN/GO,SAO LUIS DE MONTES BELOS.XLS,xls,19456,11-07-18 04:32PM,AUXILIAR_DOC,,,,LIST
/pdet/microdados/CAGED/EEC/092018/SETOR/MUN/GO/SENADOR CANEDO.XLS,/pdet/microdados/CAGED/EEC/092018/SETOR/MUN/GO,SENADOR CANEDO.XLS,xls,19456,11-07-18 04:32PM,AUXILIAR_DOC,,,,LIST
/pdet/microdados/CAGED/EEC/092018/SETOR/MUN/GO/Total_GO.XLS,/pdet/microdados/CAGED/EEC/092018/SETOR/MUN/GO,Total_GO.XLS,xls,29696,11-07-18 04:32PM,AUXILIAR_DOC,,,GO,LIST
/pdet/microdados/CAGED/EEC/092018/SETOR/MUN/GO/TRINDADE.XLS,/pdet/microdados/CAGED/EEC/092018/SETOR/MUN/GO,TRINDADE.XLS,xls,19456,11-07-18 04:32PM,AUXILIAR_DOC,,,,LIST
/pdet/microdados/CAGED/EEC/092018/SETOR/MUN/GO/URUACU.XLS,/pdet/microdados/CAGED/EEC/092018/SETOR/MUN/GO,URUACU.XLS,xls,19456,11-07-18 04:32PM,AUXILIAR_DOC,,,,LIST
/pdet/microdados/CAGED/EEC/092018/SETOR/MUN/GO/VALPARAISO DE GOIAS.XLS,/pdet/microdados/CAGED/EEC/092018/SETOR/MUN/GO,VALPARAISO DE GOIAS.XLS,xls,19456,11-07-18 04:32PM,AUXILIAR_DOC,,,,LIST
/pdet/microdados/CAGED/EEC/092018/SETOR/MUN/MA/ACAILANDIA.XLS,/pdet/microdados/CAGED/EEC/092018/SETOR/MUN/MA,ACAILANDIA.XLS,xls,19456,11-07-18 04:32PM,AUXILIAR_DOC,,,,LIST
/pdet/microdados/CAGED/EEC/092018/SETOR/MUN/MA/ALTO ALEGRE DO PINDARE.XLS,/pdet/microdados/CAGED/EEC/092018/SETOR/MUN/MA,ALTO ALEGRE DO PINDARE.XLS,xls,18432,11-07-18 04:32PM,AUXILIAR_DOC,,,,LIST
/pdet/microdados/CAGED/EEC/092018/SETOR/MUN/MA/AMARANTE DO MARANHAO.XLS,/pdet/microdados/CAGED/EEC/092018/SETOR/MUN/MA,AMARANTE DO MARANHAO.XLS,xls,18944,11-07-18 04:32PM,AUXILIAR_DOC,,,,LIST
/pdet/microdados/CAGED/EEC/092018/SETOR/MUN/MA/ARAIOSES.XLS,/pdet/microdados/CAGED/EEC/092018/SETOR/MUN/MA,ARAIOSES.XLS,xls,18944,11-07-18 04:32PM,AUXILIAR_DOC,,,,LIST
/pdet/microdados/CAGED/EEC/092018/SETOR/MUN/MA/ARAME.XLS,/pdet/microdados/CAGED/EEC/092018/SETOR/MUN/MA,ARAME.XLS,xls,18944,11-07-18 04:32PM,AUXILIAR_DOC,,,,LIST
/pdet/microdados/CAGED/EEC/092018/SETOR/MUN/MA/BACABAL.XLS,/pdet/microdados/CAGED/EEC/092018/SETOR/MUN/MA,BACABAL.XLS,xls,19456,11-07-18 04:32PM,AUXILIAR_DOC,,,,LIST
/pdet/microdados/CAGED/EEC/092018/SETOR/MUN/MA/BALSAS.XLS,/pdet/microdados/CAGED/EEC/092018/SETOR/MUN/MA,BALSAS.XLS,xls,19456,11-07-18 04:32PM,AUXILIAR_DOC,,,,LIST
/pdet/microdados/CAGED/EEC/092018/SETOR/MUN/MA/BARRA DO CORDA.XLS,/pdet/microdados/CAGED/EEC/092018/SETOR/MUN/MA,BARRA DO CORDA.XLS,xls,18944,11-07-18 04:32PM,AUXILIAR_DOC,,,,LIST
/pdet/microdados/CAGED/EEC/092018/SETOR/MUN/MA/BARREIRINHAS.XLS,/pdet/microdados/CAGED/EEC/092018/SETOR/MUN/MA,BARREIRINHAS.XLS,xls,19456,11-07-18 04:32PM,AUXILIAR_DOC,,,,LIST
/pdet/microdados/CAGED/EEC/092018/SETOR/MUN/MA/BOM JARDIM.XLS,/pdet/microdados/CAGED/EEC/092018/SETOR/MUN/MA,BOM JARDIM.XLS,xls,18944,11-07-18 04:32PM,AUXILIAR_DOC,,,,LIST
/pdet/microdados/CAGED/EEC/092018/SETOR/MUN/MA/BREJO.XLS,/pdet/microdados/CAGED/EEC/092018/SETOR/MUN/MA,BREJO.XLS,xls,19456,11-07-18 04:32PM,AUXILIAR_DOC,,,,LIST
/pdet/microdados/CAGED/EEC/092018/SETOR/MUN/MA/BURITICUPU.XLS,/pdet/microdados/CAGED/EEC/092018/SETOR/MUN/MA,BURITICUPU.XLS,xls,18944,11-07-18 04:32PM,AUXILIAR_DOC,,,,LIST
/pdet/microdados/CAGED/EEC/092018/SETOR/MUN/MA/CAXIAS.XLS,/pdet/microdados/CAGED/EEC/092018/SETOR/MUN/MA,CAXIAS.XLS,xls,19456,11-07-18 04:32PM,AUXILIAR_DOC,,,,LIST
/pdet/microdados/CAGED/EEC/092018/SETOR/MUN/MA/CHAPADINHA.XLS,/pdet/microdados/CAGED/EEC/092018/SETOR/MUN/MA,CHAPADINHA.XLS,xls,19456,11-07-18 04:32PM,AUXILIAR_DOC,,,,LIST
/pdet/microdados/CAGED/EEC/092018/SETOR/MUN/MA/CODO.XLS,/pdet/microdados/CAGED/EEC/092018/SETOR/MUN/MA,CODO.XLS,xls,19456,11-07-18 04:32PM,AUXILIAR_DOC,,,,LIST
/pdet/microdados/CAGED/EEC/092018/SETOR/MUN/MA/COELHO NETO.XLS,/pdet/microdados/CAGED/EEC/092018/SETOR/MUN/MA,COELHO NETO.XLS,xls,18944,11-07-18 04:33PM,AUXILIAR_DOC,,,,LIST
/pdet/microdados/CAGED/EEC/092018/SETOR/MUN/MA/COLINAS.XLS,/pdet/microdados/CAGED/EEC/092018/SETOR/MUN/MA,COLINAS.XLS,xls,19456,11-07-18 04:33PM,AUXILIAR_DOC,,,,LIST
/pdet/microdados/CAGED/EEC/092018/SETOR/MUN/MA/COROATA.XLS,/pdet/microdados/CAGED/EEC/092018/SETOR/MUN/MA,COROATA.XLS,xls,19456,11-07-18 04:33PM,AUXILIAR_DOC,,,,LIST
/pdet/microdados/CAGED/EEC/092018/SETOR/MUN/MA/CURURUPU.XLS,/pdet/microdados/CAGED/EEC/092018/SETOR/MUN/MA,CURURUPU.XLS,xls,18944,11-07-18 04:33PM,AUXILIAR_DOC,,,,LIST
/pdet/microdados/CAGED/EEC/092018/SETOR/MUN/MA/ESTREITO.XLS,/pdet/microdados/CAGED/EEC/092018/SETOR/MUN/MA,ESTREITO.XLS,xls,19456,11-07-18 04:33PM,AUXILIAR_DOC,,,,LIST
/pdet/microdados/CAGED/EEC/092018/SETOR/MUN/MA/GRAJAU.XLS,/pdet/microdados/CAGED/EEC/092018/SETOR/MUN/MA,GRAJAU.XLS,xls,19456,11-07-18 04:33PM,AUXILIAR_DOC,,,,LIST
/pdet/microdados/CAGED/EEC/092018/SETOR/MUN/MA/IMPERATRIZ.XLS,/pdet/microdados/CAGED/EEC/092018/SETOR/MUN/MA,IMPERATRIZ.XLS,xls,19456,11-07-18 04:33PM,AUXILIAR_DOC,,,,LIST
/pdet/microdados/CAGED/EEC/092018/SETOR/MUN/MA/ITAPECURU MIRIM.XLS,/pdet/microdados/CAGED/EEC/092018/SETOR/MUN/MA,ITAPECURU MIRIM.XLS,xls,19456,11-07-18 04:33PM,AUXILIAR_DOC,,,,LIST
/pdet/microdados/CAGED/EEC/092018/SETOR/MUN/MA/LAGO DA PEDRA.XLS,/pdet/microdados/CAGED/EEC/092018/SETOR/MUN/MA,LAGO DA PEDRA.XLS,xls,19456,11-07-18 04:33PM,AUXILIAR_DOC,,,,LIST
/pdet/microdados/CAGED/EEC/092018/SETOR/MUN/MA/MATOES.XLS,/pdet/microdados/CAGED/EEC/092018/SETOR/MUN/MA,MATOES.XLS,xls,19456,11-07-18 04:33PM,AUXILIAR_DOC,,,,LIST
/pdet/microdados/CAGED/EEC/092018/SETOR/MUN/MA/MONCAO.XLS,/pdet/microdados/CAGED/EEC/092018/SETOR/MUN/MA,MONCAO.XLS,xls,19456,11-07-18 04:33PM,AUXILIAR_DOC,,,,LIST
/pdet/microdados/CAGED/EEC/092018/SETOR/MUN/MA/PACO DO LUMIAR.XLS,/pdet/microdados/CAGED/EEC/092018/SETOR/MUN/MA,PACO DO LUMIAR.XLS,xls,19456,11-07-18 04:33PM,AUXILIAR_DOC,,,,LIST
/pdet/microdados/CAGED/EEC/092018/SETOR/MUN/MA/PARNARAMA.XLS,/pdet/microdados/CAGED/EEC/092018/SETOR/MUN/MA,PARNARAMA.XLS,xls,18944,11-07-18 04:33PM,AUXILIAR_DOC,,,,LIST
/pdet/microdados/CAGED/EEC/092018/SETOR/MUN/MA/PEDREIRAS.XLS,/pdet/microdados/CAGED/EEC/092018/SETOR/MUN/MA,PEDREIRAS.XLS,xls,19456,11-07-18 04:33PM,AUXILIAR_DOC,,,,LIST
/pdet/microdados/CAGED/EEC/092018/SETOR/MUN/MA/PENALVA.XLS,/pdet/microdados/CAGED/EEC/092018/SETOR/MUN/MA,PENALVA.XLS,xls,18432,11-07-18 04:33PM,AUXILIAR_DOC,,,,LIST
/pdet/microdados/CAGED/EEC/092018/SETOR/MUN/MA/PINDARE-MIRIM.XLS,/pdet/microdados/CAGED/EEC/092018/SETOR/MUN/MA,PINDARE-MIRIM.XLS,xls,19456,11-07-18 04:33PM,AUXILIAR_DOC,,,,LIST
/pdet/microdados/CAGED/EEC/092018/SETOR/MUN/MA/PINHEIRO.XLS,/pdet/microdados/CAGED/EEC/092018/SETOR/MUN/MA,PINHEIRO.XLS,xls,23040,11-07-18 04:33PM,AUXILIAR_DOC,,,,LIST
/pdet/microdados/CAGED/EEC/092018/SETOR/MUN/MA/PRESIDENTE DUTRA.XLS,/pdet/microdados/CAGED/EEC/092018/SETOR/MUN/MA,PRESIDENTE DUTRA.XLS,xls,18944,11-07-18 04:33PM,AUXILIAR_DOC,,,,LIST
/pdet/microdados/CAGED/EEC/092018/SETOR/MUN/MA/ROSARIO.XLS,/pdet/microdados/CAGED/EEC/092018/SETOR/MUN/MA,ROSARIO.XLS,xls,19456,11-07-18 04:33PM,AUXILIAR_DOC,,,,LIST
/pdet/microdados/CAGED/EEC/092018/SETOR/MUN/MA/SANTA HELENA.XLS,/pdet/microdados/CAGED/EEC/092018/SETOR/MUN/MA,SANTA HELENA.XLS,xls,18944,11-07-18 04:33PM,AUXILIAR_DOC,,,,LIST
/pdet/microdados/CAGED/EEC/092018/SETOR/MUN/MA/SANTA INES.XLS,/pdet/microdados/CAGED/EEC/092018/SETOR/MUN/MA,SANTA INES.XLS,xls,19456,11-07-18 04:33PM,AUXILIAR_DOC,,,,LIST
/pdet/microdados/CAGED/EEC/092018/SETOR/MUN/MA/SANTA LUZIA.XLS,/pdet/microdados/CAGED/EEC/092018/SETOR/MUN/MA,SANTA LUZIA.XLS,xls,18944,11-07-18 04:33PM,AUXILIAR_DOC,,,,LIST
/pdet/microdados/CAGED/EEC/092018/SETOR/MUN/MA/SANTA RITA.XLS,/pdet/microdados/CAGED/EEC/092018/SETOR/MUN/MA,SANTA RITA.XLS,xls,19456,11-07-18 04:33PM,AUXILIAR_DOC,,,,LIST
/pdet/microdados/CAGED/EEC/092018/SETOR/MUN/MA/SAO BENTO.XLS,/pdet/microdados/CAGED/EEC/092018/SETOR/MUN/MA,SAO BENTO.XLS,xls,22528,11-07-18 04:33PM,AUXILIAR_DOC,,,,LIST
/pdet/microdados/CAGED/EEC/092018/SETOR/MUN/MA/SAO DOMINGOS DO MARANHAO.XLS,/pdet/microdados/CAGED/EEC/092018/SETOR/MUN/MA,SAO DOMINGOS DO MARANHAO.XLS,xls,18944,11-07-18 04:33PM,AUXILIAR_DOC,,,,LIST
/pdet/microdados/CAGED/EEC/092018/SETOR/MUN/MA/SAO JOSE DE RIBAMAR.XLS,/pdet/microdados/CAGED/EEC/092018/SETOR/MUN/MA,SAO JOSE DE RIBAMAR.XLS,xls,19456,11-07-18 04:33PM,AUXILIAR_DOC,,,,LIST
/pdet/microdados/CAGED/EEC/092018/SETOR/MUN/MA/SAO LUIS.XLS,/pdet/microdados/CAGED/EEC/092018/SETOR/MUN/MA,SAO LUIS.XLS,xls,19456,11-07-18 04:33PM,AUXILIAR_DOC,,,,LIST
/pdet/microdados/CAGED/EEC/092018/SETOR/MUN/MA/SAO MATEUS DO MARANHAO.XLS,/pdet/microdados/CAGED/EEC/092018/SETOR/MUN/MA,SAO MATEUS DO MARANHAO.XLS,xls,19456,11-07-18 04:33PM,AUXILIAR_DOC,,,,LIST
/pdet/microdados/CAGED/EEC/092018/SETOR/MUN/MA/TIMON.XLS,/pdet/microdados/CAGED/EEC/092018/SETOR/MUN/MA,TIMON.XLS,xls,19456,11-07-18 04:33PM,AUXILIAR_DOC,,,,LIST
/pdet/microdados/CAGED/EEC/092018/SETOR/MUN/MA/Total_MA.XLS,/pdet/microdados/CAGED/EEC/092018/SETOR/MUN/MA,Total_MA.XLS,xls,35328,11-07-18 04:33PM,AUXILIAR_DOC,,,MA,LIST
/pdet/microdados/CAGED/EEC/092018/SETOR/MUN/MA/TUNTUM.XLS,/pdet/microdados/CAGED/EEC/092018/SETOR/MUN/MA,TUNTUM.XLS,xls,18944,11-07-18 04:33PM,AUXILIAR_DOC,,,,LIST
/pdet/microdados/CAGED/EEC/092018/SETOR/MUN/MA/TURIACU.XLS,/pdet/microdados/CAGED/EEC/092018/SETOR/MUN/MA,TURIACU.XLS,xls,18944,11-07-18 04:33PM,AUXILIAR_DOC,,,,LIST
/pdet/microdados/CAGED/EEC/092018/SETOR/MUN/MA/TUTOIA.XLS,/pdet/microdados/CAGED/EEC/092018/SETOR/MUN/MA,TUTOIA.XLS,xls,18944,11-07-18 04:33PM,AUXILIAR_DOC,,,,LIST
/pdet/microdados/CAGED/EEC/092018/SETOR/MUN/MA/VARGEM GRANDE.XLS,/pdet/microdados/CAGED/EEC/092018/SETOR/MUN/MA,VARGEM GRANDE.XLS,xls,19456,11-07-18 04:33PM,AUXILIAR_DOC,,,,LIST
/pdet/microdados/CAGED/EEC/092018/SETOR/MUN/MA/VIANA.XLS,/pdet/microdados/CAGED/EEC/092018/SETOR/MUN/MA,VIANA.XLS,xls,18944,11-07-18 04:33PM,AUXILIAR_DOC,,,,LIST
/pdet/microdados/CAGED/EEC/092018/SETOR/MUN/MA/VITORIA DO MEARIM.XLS,/pdet/microdados/CAGED/EEC/092018/SETOR/MUN/MA,VITORIA DO MEARIM.XLS,xls,18944,11-07-18 04:33PM,AUXILIAR_DOC,,,,LIST
/pdet/microdados/CAGED/EEC/092018/SETOR/MUN/MA/VITORINO FREIRE.XLS,/pdet/microdados/CAGED/EEC/092018/SETOR/MUN/MA,VITORINO FREIRE.XLS,xls,18944,11-07-18 04:33PM,AUXILIAR_DOC,,,,LIST
/pdet/microdados/CAGED/EEC/092018/SETOR/MUN/MA/ZE DOCA.XLS,/pdet/microdados/CAGED/EEC/092018/SETOR/MUN/MA,ZE DOCA.XLS,xls,18944,11-07-18 04:33PM,AUXILIAR_DOC,,,,LIST
/pdet/microdados/CAGED/EEC/092018/SETOR/MUN/MG/ALEM PARAIBA.XLS,/pdet/microdados/CAGED/EEC/092018/SETOR/MUN/MG,ALEM PARAIBA.XLS,xls,22528,11-07-18 04:33PM,AUXILIAR_DOC,,,,LIST
/pdet/microdados/CAGED/EEC/092018/SETOR/MUN/MG/ALFENAS.XLS,/pdet/microdados/CAGED/EEC/092018/SETOR/MUN/MG,ALFENAS.XLS,xls,19456,11-07-18 04:33PM,AUXILIAR_DOC,,,,LIST
/pdet/microdados/CAGED/EEC/092018/SETOR/MUN/MG/ALMENARA.XLS,/pdet/microdados/CAGED/EEC/092018/SETOR/MUN/MG,ALMENARA.XLS,xls,19456,11-07-18 04:33PM,AUXILIAR_DOC,,,,LIST
/pdet/microdados/CAGED/EEC/092018/SETOR/MUN/MG/ANDRADAS.XLS,/pdet/microdados/CAGED/EEC/092018/SETOR/MUN/MG,ANDRADAS.XLS,xls,19456,11-07-18 04:33PM,AUXILIAR_DOC,,,,LIST
/pdet/microdados/CAGED/EEC/092018/SETOR/MUN/MG/ARACUAI.XLS,/pdet/microdados/CAGED/EEC/092018/SETOR/MUN/MG,ARACUAI.XLS,xls,23552,11-07-18 04:33PM,AUXILIAR_DOC,,,,LIST
/pdet/microdados/CAGED/EEC/092018/SETOR/MUN/MG/ARAGUARI.XLS,/pdet/microdados/CAGED/EEC/092018/SETOR/MUN/MG,ARAGUARI.XLS,xls,19456,11-07-18 04:33PM,AUXILIAR_DOC,,,,LIST
/pdet/microdados/CAGED/EEC/092018/SETOR/MUN/MG/ARAXA.XLS,/pdet/microdados/CAGED/EEC/092018/SETOR/MUN/MG,ARAXA.XLS,xls,19456,11-07-18 04:33PM,AUXILIAR_DOC,,,,LIST
/pdet/microdados/CAGED/EEC/092018/SETOR/MUN/MG/ARCOS.XLS,/pdet/microdados/CAGED/EEC/092018/SETOR/MUN/MG,ARCOS.XLS,xls,19456,11-07-18 04:33PM,AUXILIAR_DOC,,,,LIST
/pdet/microdados/CAGED/EEC/092018/SETOR/MUN/MG/BARBACENA.XLS,/pdet/microdados/CAGED/EEC/092018/SETOR/MUN/MG,BARBACENA.XLS,xls,23552,11-07-18 04:33PM,AUXILIAR_DOC,,,,LIST
/pdet/microdados/CAGED/EEC/092018/SETOR/MUN/MG/BELO HORIZONTE.XLS,/pdet/microdados/CAGED/EEC/092018/SETOR/MUN/MG,BELO HORIZONTE.XLS,xls,19456,11-07-18 04:33PM,AUXILIAR_DOC,,,,LIST
/pdet/microdados/CAGED/EEC/092018/SETOR/MUN/MG/BETIM.XLS,/pdet/microdados/CAGED/EEC/092018/SETOR/MUN/MG,BETIM.XLS,xls,19456,11-07-18 04:33PM,AUXILIAR_DOC,,,,LIST
/pdet/microdados/CAGED/EEC/092018/SETOR/MUN/MG/BOA ESPERANCA.XLS,/pdet/microdados/CAGED/EEC/092018/SETOR/MUN/MG,BOA ESPERANCA.XLS,xls,23552,11-07-18 04:33PM,AUXILIAR_DOC,,,SP,LIST
/pdet/microdados/CAGED/EEC/092018/SETOR/MUN/MG/BOCAIUVA.XLS,/pdet/microdados/CAGED/EEC/092018/SETOR/MUN/MG,BOCAIUVA.XLS,xls,19456,11-07-18 04:33PM,AUXILIAR_DOC,,,,LIST
/pdet/microdados/CAGED/EEC/092018/SETOR/MUN/MG/BOM DESPACHO.XLS,/pdet/microdados/CAGED/EEC/092018/SETOR/MUN/MG,BOM DESPACHO.XLS,xls,19456,11-07-18 04:33PM,AUXILIAR_DOC,,,SP,LIST
/pdet/microdados/CAGED/EEC/092018/SETOR/MUN/MG/BRASILIA DE MINAS.XLS,/pdet/microdados/CAGED/EEC/092018/SETOR/MUN/MG,BRASILIA DE MINAS.XLS,xls,19456,11-07-18 04:33PM,AUXILIAR_DOC,,,,LIST
/pdet/microdados/CAGED/EEC/092018/SETOR/MUN/MG/BRUMADINHO.XLS,/pdet/microdados/CAGED/EEC/092018/SETOR/MUN/MG,BRUMADINHO.XLS,xls,19456,11-07-18 04:33PM,AUXILIAR_DOC,,,,LIST
/pdet/microdados/CAGED/EEC/092018/SETOR/MUN/MG/CAETE.XLS,/pdet/microdados/CAGED/EEC/092018/SETOR/MUN/MG,CAETE.XLS,xls,19456,11-07-18 04:33PM,AUXILIAR_DOC,,,,LIST
/pdet/microdados/CAGED/EEC/092018/SETOR/MUN/MG/CAMPO BELO.XLS,/pdet/microdados/CAGED/EEC/092018/SETOR/MUN/MG,CAMPO BELO.XLS,xls,19456,11-07-18 04:33PM,AUXILIAR_DOC,,,,LIST
/pdet/microdados/CAGED/EEC/092018/SETOR/MUN/MG/CAPELINHA.XLS,/pdet/microdados/CAGED/EEC/092018/SETOR/MUN/MG,CAPELINHA.XLS,xls,19456,11-07-18 04:33PM,AUXILIAR_DOC,,,,LIST
/pdet/microdados/CAGED/EEC/092018/SETOR/MUN/MG/CARANGOLA.XLS,/pdet/microdados/CAGED/EEC/092018/SETOR/MUN/MG,CARANGOLA.XLS,xls,19456,11-07-18 04:33PM,AUXILIAR_DOC,,,,LIST
/pdet/microdados/CAGED/EEC/092018/SETOR/MUN/MG/CARATINGA.XLS,/pdet/microdados/CAGED/EEC/092018/SETOR/MUN/MG,CARATINGA.XLS,xls,19456,11-07-18 04:33PM,AUXILIAR_DOC,,,,LIST
/pdet/microdados/CAGED/EEC/092018/SETOR/MUN/MG/CATAGUASES.XLS,/pdet/microdados/CAGED/EEC/092018/SETOR/MUN/MG,CATAGUASES.XLS,xls,19456,11-07-18 04:33PM,AUXILIAR_DOC,,,,LIST
/pdet/microdados/CAGED/EEC/092018/SETOR/MUN/MG/CONGONHAS.XLS,/pdet/microdados/CAGED/EEC/092018/SETOR/MUN/MG,CONGONHAS.XLS,xls,19456,11-07-18 04:33PM,AUXILIAR_DOC,,,,LIST
/pdet/microdados/CAGED/EEC/092018/SETOR/MUN/MG/CONSELHEIRO LAFAIETE.XLS,/pdet/microdados/CAGED/EEC/092018/SETOR/MUN/MG,CONSELHEIRO LAFAIETE.XLS,xls,19456,11-07-18 04:33PM,AUXILIAR_DOC,,,,LIST
/pdet/microdados/CAGED/EEC/092018/SETOR/MUN/MG/CONTAGEM.XLS,/pdet/microdados/CAGED/EEC/092018/SETOR/MUN/MG,CONTAGEM.XLS,xls,23552,11-07-18 04:33PM,AUXILIAR_DOC,,,,LIST
/pdet/microdados/CAGED/EEC/092018/SETOR/MUN/MG/CORONEL FABRICIANO.XLS,/pdet/microdados/CAGED/EEC/092018/SETOR/MUN/MG,CORONEL FABRICIANO.XLS,xls,19456,11-07-18 04:33PM,AUXILIAR_DOC,,,,LIST
/pdet/microdados/CAGED/EEC/092018/SETOR/MUN/MG/CURVELO.XLS,/pdet/microdados/CAGED/EEC/092018/SETOR/MUN/MG,CURVELO.XLS,xls,19456,11-07-18 04:33PM,AUXILIAR_DOC,,,,LIST
/pdet/microdados/CAGED/EEC/092018/SETOR/MUN/MG/DIAMANTINA.XLS,/pdet/microdados/CAGED/EEC/092018/SETOR/MUN/MG,DIAMANTINA.XLS,xls,19456,11-07-18 04:33PM,AUXILIAR_DOC,,,,LIST
/pdet/microdados/CAGED/EEC/092018/SETOR/MUN/MG/DIVINOPOLIS.XLS,/pdet/microdados/CAGED/EEC/092018/SETOR/MUN/MG,DIVINOPOLIS.XLS,xls,19456,11-07-18 04:33PM,AUXILIAR_DOC,,,,LIST
/pdet/microdados/CAGED/EEC/092018/SETOR/MUN/MG/ESMERALDAS.XLS,/pdet/microdados/CAGED/EEC/092018/SETOR/MUN/MG,ESMERALDAS.XLS,xls,19456,11-07-18 04:33PM,AUXILIAR_DOC,,,,LIST
/pdet/microdados/CAGED/EEC/092018/SETOR/MUN/MG/ESPINOSA.XLS,/pdet/microdados/CAGED/EEC/092018/SETOR/MUN/MG,ESPINOSA.XLS,xls,19456,11-07-18 04:33PM,AUXILIAR_DOC,,,SP,LIST
/pdet/microdados/CAGED/EEC/092018/SETOR/MUN/MG/FORMIGA.XLS,/pdet/microdados/CAGED/EEC/092018/SETOR/MUN/MG,FORMIGA.XLS,xls,19456,11-07-18 04:33PM,AUXILIAR_DOC,,,,LIST
/pdet/microdados/CAGED/EEC/092018/SETOR/MUN/MG/FRUTAL.XLS,/pdet/microdados/CAGED/EEC/092018/SETOR/MUN/MG,FRUTAL.XLS,xls,19456,11-07-18 04:33PM,AUXILIAR_DOC,,,,LIST
/pdet/microdados/CAGED/EEC/092018/SETOR/MUN/MG/GOVERNADOR VALADARES.XLS,/pdet/microdados/CAGED/EEC/092018/SETOR/MUN/MG,GOVERNADOR VALADARES.XLS,xls,23552,11-07-18 04:33PM,AUXILIAR_DOC,,,,LIST
/pdet/microdados/CAGED/EEC/092018/SETOR/MUN/MG/GUANHAES.XLS,/pdet/microdados/CAGED/EEC/092018/SETOR/MUN/MG,GUANHAES.XLS,xls,19456,11-07-18 04:33PM,AUXILIAR_DOC,,,,LIST
/pdet/microdados/CAGED/EEC/092018/SETOR/MUN/MG/GUAXUPE.XLS,/pdet/microdados/CAGED/EEC/092018/SETOR/MUN/MG,GUAXUPE.XLS,xls,19456,11-07-18 04:33PM,AUXILIAR_DOC,,,,LIST
/pdet/microdados/CAGED/EEC/092018/SETOR/MUN/MG/IBIRITE.XLS,/pdet/microdados/CAGED/EEC/092018/SETOR/MUN/MG,IBIRITE.XLS,xls,19456,11-07-18 04:33PM,AUXILIAR_DOC,,,,LIST
/pdet/microdados/CAGED/EEC/092018/SETOR/MUN/MG/IGARAPE.XLS,/pdet/microdados/CAGED/EEC/092018/SETOR/MUN/MG,IGARAPE.XLS,xls,19456,11-07-18 04:33PM,AUXILIAR_DOC,,,,LIST
/pdet/microdados/CAGED/EEC/092018/SETOR/MUN/MG/IPATINGA.XLS,/pdet/microdados/CAGED/EEC/092018/SETOR/MUN/MG,IPATINGA.XLS,xls,23552,11-07-18 04:33PM,AUXILIAR_DOC,,,,LIST
/pdet/microdados/CAGED/EEC/092018/SETOR/MUN/MG/ITABIRA.XLS,/pdet/microdados/CAGED/EEC/092018/SETOR/MUN/MG,ITABIRA.XLS,xls,19456,11-07-18 04:33PM,AUXILIAR_DOC,,,,LIST
/pdet/microdados/CAGED/EEC/092018/SETOR/MUN/MG/ITABIRITO.XLS,/pdet/microdados/CAGED/EEC/092018/SETOR/MUN/MG,ITABIRITO.XLS,xls,19456,11-07-18 04:33PM,AUXILIAR_DOC,,,,LIST
/pdet/microdados/CAGED/EEC/092018/SETOR/MUN/MG/ITAJUBA.XLS,/pdet/microdados/CAGED/EEC/092018/SETOR/MUN/MG,ITAJUBA.XLS,xls,19456,11-07-18 04:33PM,AUXILIAR_DOC,,,,LIST
/pdet/microdados/CAGED/EEC/092018/SETOR/MUN/MG/ITAMARANDIBA.XLS,/pdet/microdados/CAGED/EEC/092018/SETOR/MUN/MG,ITAMARANDIBA.XLS,xls,19456,11-07-18 04:33PM,AUXILIAR_DOC,,,,LIST
/pdet/microdados/CAGED/EEC/092018/SETOR/MUN/MG/ITAUNA.XLS,/pdet/microdados/CAGED/EEC/092018/SETOR/MUN/MG,ITAUNA.XLS,xls,23552,11-07-18 04:33PM,AUXILIAR_DOC,,,,LIST
/pdet/microdados/CAGED/EEC/092018/SETOR/MUN/MG/ITUIUTABA.XLS,/pdet/microdados/CAGED/EEC/092018/SETOR/MUN/MG,ITUIUTABA.XLS,xls,19456,11-07-18 04:33PM,AUXILIAR_DOC,,,,LIST
/pdet/microdados/CAGED/EEC/092018/SETOR/MUN/MG/ITURAMA.XLS,/pdet/microdados/CAGED/EEC/092018/SETOR/MUN/MG,ITURAMA.XLS,xls,19456,11-07-18 04:33PM,AUXILIAR_DOC,,,,LIST
/pdet/microdados/CAGED/EEC/092018/SETOR/MUN/MG/JAIBA.XLS,/pdet/microdados/CAGED/EEC/092018/SETOR/MUN/MG,JAIBA.XLS,xls,19456,11-07-18 04:33PM,AUXILIAR_DOC,,,,LIST
/pdet/microdados/CAGED/EEC/092018/SETOR/MUN/MG/JANAUBA.XLS,/pdet/microdados/CAGED/EEC/092018/SETOR/MUN/MG,JANAUBA.XLS,xls,19456,11-07-18 04:33PM,AUXILIAR_DOC,,,,LIST
/pdet/microdados/CAGED/EEC/092018/SETOR/MUN/MG/JANUARIA.XLS,/pdet/microdados/CAGED/EEC/092018/SETOR/MUN/MG,JANUARIA.XLS,xls,19456,11-07-18 04:33PM,AUXILIAR_DOC,,,,LIST
/pdet/microdados/CAGED/EEC/092018/SETOR/MUN/MG/JOAO MONLEVADE.XLS,/pdet/microdados/CAGED/EEC/092018/SETOR/MUN/MG,JOAO MONLEVADE.XLS,xls,19456,11-07-18 04:33PM,AUXILIAR_DOC,,,,LIST
/pdet/microdados/CAGED/EEC/092018/SETOR/MUN/MG/JOAO PINHEIRO.XLS,/pdet/microdados/CAGED/EEC/092018/SETOR/MUN/MG,JOAO PINHEIRO.XLS,xls,19456,11-07-18 04:33PM,AUXILIAR_DOC,,,,LIST
/pdet/microdados/CAGED/EEC/092018/SETOR/MUN/MG/JUIZ DE FORA.XLS,/pdet/microdados/CAGED/EEC/092018/SETOR/MUN/MG,JUIZ DE FORA.XLS,xls,19456,11-07-18 04:33PM,AUXILIAR_DOC,,,,LIST
/pdet/microdados/CAGED/EEC/092018/SETOR/MUN/MG/LAGOA DA PRATA.XLS,/pdet/microdados/CAGED/EEC/092018/SETOR/MUN/MG,LAGOA DA PRATA.XLS,xls,19456,11-07-18 04:33PM,AUXILIAR_DOC,,,,LIST
/pdet/microdados/CAGED/EEC/092018/SETOR/MUN/MG/LAGOA SANTA.XLS,/pdet/microdados/CAGED/EEC/092018/SETOR/MUN/MG,LAGOA SANTA.XLS,xls,19456,11-07-18 04:33PM,AUXILIAR_DOC,,,,LIST
/pdet/microdados/CAGED/EEC/092018/SETOR/MUN/MG/LAVRAS.XLS,/pdet/microdados/CAGED/EEC/092018/SETOR/MUN/MG,LAVRAS.XLS,xls,19456,11-07-18 04:33PM,AUXILIAR_DOC,,,,LIST
/pdet/microdados/CAGED/EEC/092018/SETOR/MUN/MG/LEOPOLDINA.XLS,/pdet/microdados/CAGED/EEC/092018/SETOR/MUN/MG,LEOPOLDINA.XLS,xls,19456,11-07-18 04:33PM,AUXILIAR_DOC,,,,LIST
/pdet/microdados/CAGED/EEC/092018/SETOR/MUN/MG/MACHADO.XLS,/pdet/microdados/CAGED/EEC/092018/SETOR/MUN/MG,MACHADO.XLS,xls,19456,11-07-18 04:33PM,AUXILIAR_DOC,,,,LIST
/pdet/microdados/CAGED/EEC/092018/SETOR/MUN/MG/MANHUACU.XLS,/pdet/microdados/CAGED/EEC/092018/SETOR/MUN/MG,MANHUACU.XLS,xls,19456,11-07-18 04:33PM,AUXILIAR_DOC,,,,LIST
/pdet/microdados/CAGED/EEC/092018/SETOR/MUN/MG/MARIANA.XLS,/pdet/microdados/CAGED/EEC/092018/SETOR/MUN/MG,MARIANA.XLS,xls,19456,11-07-18 04:33PM,AUXILIAR_DOC,,,,LIST
/pdet/microdados/CAGED/EEC/092018/SETOR/MUN/MG/MATOZINHOS.XLS,/pdet/microdados/CAGED/EEC/092018/SETOR/MUN/MG,MATOZINHOS.XLS,xls,19456,11-07-18 04:33PM,AUXILIAR_DOC,,,,LIST
/pdet/microdados/CAGED/EEC/092018/SETOR/MUN/MG/MINAS NOVAS.XLS,/pdet/microdados/CAGED/EEC/092018/SETOR/MUN/MG,MINAS NOVAS.XLS,xls,19456,11-07-18 04:33PM,AUXILIAR_DOC,,,,LIST
/pdet/microdados/CAGED/EEC/092018/SETOR/MUN/MG/MONTE CARMELO.XLS,/pdet/microdados/CAGED/EEC/092018/SETOR/MUN/MG,MONTE CARMELO.XLS,xls,19456,11-07-18 04:33PM,AUXILIAR_DOC,,,,LIST
/pdet/microdados/CAGED/EEC/092018/SETOR/MUN/MG/MONTES CLAROS.XLS,/pdet/microdados/CAGED/EEC/092018/SETOR/MUN/MG,MONTES CLAROS.XLS,xls,19456,11-07-18 04:33PM,AUXILIAR_DOC,,,,LIST
/pdet/microdados/CAGED/EEC/092018/SETOR/MUN/MG/MURIAE.XLS,/pdet/microdados/CAGED/EEC/092018/SETOR/MUN/MG,MURIAE.XLS,xls,19456,11-07-18 04:33PM,AUXILIAR_DOC,,,,LIST
/pdet/microdados/CAGED/EEC/092018/SETOR/MUN/MG/NANUQUE.XLS,/pdet/microdados/CAGED/EEC/092018/SETOR/MUN/MG,NANUQUE.XLS,xls,23552,11-07-18 04:33PM,AUXILIAR_DOC,,,,LIST
/pdet/microdados/CAGED/EEC/092018/SETOR/MUN/MG/NOVA LIMA.XLS,/pdet/microdados/CAGED/EEC/092018/SETOR/MUN/MG,NOVA LIMA.XLS,xls,23552,11-07-18 04:33PM,AUXILIAR_DOC,,,,LIST
/pdet/microdados/CAGED/EEC/092018/SETOR/MUN/MG/NOVA SERRANA.XLS,/pdet/microdados/CAGED/EEC/092018/SETOR/MUN/MG,NOVA SERRANA.XLS,xls,19456,11-07-18 04:33PM,AUXILIAR_DOC,,,,LIST
/pdet/microdados/CAGED/EEC/092018/SETOR/MUN/MG/NOVO CRUZEIRO.XLS,/pdet/microdados/CAGED/EEC/092018/SETOR/MUN/MG,NOVO CRUZEIRO.XLS,xls,19456,11-07-18 04:33PM,AUXILIAR_DOC,,,,LIST
/pdet/microdados/CAGED/EEC/092018/SETOR/MUN/MG/OLIVEIRA.XLS,/pdet/microdados/CAGED/EEC/092018/SETOR/MUN/MG,OLIVEIRA.XLS,xls,19456,11-07-18 04:33PM,AUXILIAR_DOC,,,,LIST
/pdet/microdados/CAGED/EEC/092018/SETOR/MUN/MG/OURO BRANCO.XLS,/pdet/microdados/CAGED/EEC/092018/SETOR/MUN/MG,OURO BRANCO.XLS,xls,19456,11-07-18 04:33PM,AUXILIAR_DOC,,,,LIST
/pdet/microdados/CAGED/EEC/092018/SETOR/MUN/MG/OURO FINO.XLS,/pdet/microdados/CAGED/EEC/092018/SETOR/MUN/MG,OURO FINO.XLS,xls,19456,11-07-18 04:33PM,AUXILIAR_DOC,,,,LIST
/pdet/microdados/CAGED/EEC/092018/SETOR/MUN/MG/OURO PRETO.XLS,/pdet/microdados/CAGED/EEC/092018/SETOR/MUN/MG,OURO PRETO.XLS,xls,19456,11-07-18 04:33PM,AUXILIAR_DOC,,,,LIST
/pdet/microdados/CAGED/EEC/092018/SETOR/MUN/MG/PARA DE MINAS.XLS,/pdet/microdados/CAGED/EEC/092018/SETOR/MUN/MG,PARA DE MINAS.XLS,xls,19456,11-07-18 04:33PM,AUXILIAR_DOC,,,,LIST
/pdet/microdados/CAGED/EEC/092018/SETOR/MUN/MG/PARACATU.XLS,/pdet/microdados/CAGED/EEC/092018/SETOR/MUN/MG,PARACATU.XLS,xls,19456,11-07-18 04:33PM,AUXILIAR_DOC,,,,LIST
/pdet/microdados/CAGED/EEC/092018/SETOR/MUN/MG/PASSOS.XLS,/pdet/microdados/CAGED/EEC/092018/SETOR/MUN/MG,PASSOS.XLS,xls,19456,11-07-18 04:33PM,AUXILIAR_DOC,,,,LIST
/pdet/microdados/CAGED/EEC/092018/SETOR/MUN/MG/PATOS DE MINAS.XLS,/pdet/microdados/CAGED/EEC/092018/SETOR/MUN/MG,PATOS DE MINAS.XLS,xls,19456,11-07-18 04:33PM,AUXILIAR_DOC,,,,LIST
/pdet/microdados/CAGED/EEC/092018/SETOR/MUN/MG/PATROCINIO.XLS,/pdet/microdados/CAGED/EEC/092018/SETOR/MUN/MG,PATROCINIO.XLS,xls,19456,11-07-18 04:33PM,AUXILIAR_DOC,,,,LIST
/pdet/microdados/CAGED/EEC/092018/SETOR/MUN/MG/PEDRO LEOPOLDO.XLS,/pdet/microdados/CAGED/EEC/092018/SETOR/MUN/MG,PEDRO LEOPOLDO.XLS,xls,19456,11-07-18 04:34PM,AUXILIAR_DOC,,,,LIST
/pdet/microdados/CAGED/EEC/092018/SETOR/MUN/MG/PIRAPORA.XLS,/pdet/microdados/CAGED/EEC/092018/SETOR/MUN/MG,PIRAPORA.XLS,xls,19456,11-07-18 04:34PM,AUXILIAR_DOC,,,,LIST
/pdet/microdados/CAGED/EEC/092018/SETOR/MUN/MG/PIUMHI.XLS,/pdet/microdados/CAGED/EEC/092018/SETOR/MUN/MG,PIUMHI.XLS,xls,19456,11-07-18 04:34PM,AUXILIAR_DOC,,,,LIST
/pdet/microdados/CAGED/EEC/092018/SETOR/MUN/MG/POCOS DE CALDAS.XLS,/pdet/microdados/CAGED/EEC/092018/SETOR/MUN/MG,POCOS DE CALDAS.XLS,xls,19456,11-07-18 04:34PM,AUXILIAR_DOC,,,,LIST
/pdet/microdados/CAGED/EEC/092018/SETOR/MUN/MG/PONTE NOVA.XLS,/pdet/microdados/CAGED/EEC/092018/SETOR/MUN/MG,PONTE NOVA.XLS,xls,19456,11-07-18 04:34PM,AUXILIAR_DOC,,,,LIST
/pdet/microdados/CAGED/EEC/092018/SETOR/MUN/MG/PORTEIRINHA.XLS,/pdet/microdados/CAGED/EEC/092018/SETOR/MUN/MG,PORTEIRINHA.XLS,xls,19456,11-07-18 04:34PM,AUXILIAR_DOC,,,,LIST
/pdet/microdados/CAGED/EEC/092018/SETOR/MUN/MG/POUSO ALEGRE.XLS,/pdet/microdados/CAGED/EEC/092018/SETOR/MUN/MG,POUSO ALEGRE.XLS,xls,19456,11-07-18 04:34PM,AUXILIAR_DOC,,,,LIST
/pdet/microdados/CAGED/EEC/092018/SETOR/MUN/MG/RIBEIRAO DAS NEVES.XLS,/pdet/microdados/CAGED/EEC/092018/SETOR/MUN/MG,RIBEIRAO DAS NEVES.XLS,xls,19456,11-07-18 04:34PM,AUXILIAR_DOC,,,,LIST
/pdet/microdados/CAGED/EEC/092018/SETOR/MUN/MG/SABARA.XLS,/pdet/microdados/CAGED/EEC/092018/SETOR/MUN/MG,SABARA.XLS,xls,19456,11-07-18 04:34PM,AUXILIAR_DOC,,,,LIST
/pdet/microdados/CAGED/EEC/092018/SETOR/MUN/MG/SALINAS.XLS,/pdet/microdados/CAGED/EEC/092018/SETOR/MUN/MG,SALINAS.XLS,xls,19456,11-07-18 04:34PM,AUXILIAR_DOC,,,,LIST
/pdet/microdados/CAGED/EEC/092018/SETOR/MUN/MG/SANTA LUZIA.XLS,/pdet/microdados/CAGED/EEC/092018/SETOR/MUN/MG,SANTA LUZIA.XLS,xls,19456,11-07-18 04:34PM,AUXILIAR_DOC,,,,LIST
/pdet/microdados/CAGED/EEC/092018/SETOR/MUN/MG/SANTA RITA DO SAPUCAI.XLS,/pdet/microdados/CAGED/EEC/092018/SETOR/MUN/MG,SANTA RITA DO SAPUCAI.XLS,xls,19456,11-07-18 04:34PM,AUXILIAR_DOC,,,,LIST
/pdet/microdados/CAGED/EEC/092018/SETOR/MUN/MG/SANTOS DUMONT.XLS,/pdet/microdados/CAGED/EEC/092018/SETOR/MUN/MG,SANTOS DUMONT.XLS,xls,19456,11-07-18 04:34PM,AUXILIAR_DOC,,,,LIST
/pdet/microdados/CAGED/EEC/092018/SETOR/MUN/MG/SAO FRANCISCO.XLS,/pdet/microdados/CAGED/EEC/092018/SETOR/MUN/MG,SAO FRANCISCO.XLS,xls,19456,11-07-18 04:34PM,AUXILIAR_DOC,,,,LIST
/pdet/microdados/CAGED/EEC/092018/SETOR/MUN/MG/SAO GOTARDO.XLS,/pdet/microdados/CAGED/EEC/092018/SETOR/MUN/MG,SAO GOTARDO.XLS,xls,19456,11-07-18 04:34PM,AUXILIAR_DOC,,,,LIST
/pdet/microdados/CAGED/EEC/092018/SETOR/MUN/MG/SAO JOAO DEL REI.XLS,/pdet/microdados/CAGED/EEC/092018/SETOR/MUN/MG,SAO JOAO DEL REI.XLS,xls,19456,11-07-18 04:34PM,AUXILIAR_DOC,,,,LIST
/pdet/microdados/CAGED/EEC/092018/SETOR/MUN/MG/SAO LOURENCO.XLS,/pdet/microdados/CAGED/EEC/092018/SETOR/MUN/MG,SAO LOURENCO.XLS,xls,19456,11-07-18 04:34PM,AUXILIAR_DOC,,,,LIST
/pdet/microdados/CAGED/EEC/092018/SETOR/MUN/MG/SAO SEBASTIAO DO PARAISO.XLS,/pdet/microdados/CAGED/EEC/092018/SETOR/MUN/MG,SAO SEBASTIAO DO PARAISO.XLS,xls,19456,11-07-18 04:34PM,AUXILIAR_DOC,,,,LIST
/pdet/microdados/CAGED/EEC/092018/SETOR/MUN/MG/SETE LAGOAS.XLS,/pdet/microdados/CAGED/EEC/092018/SETOR/MUN/MG,SETE LAGOAS.XLS,xls,19456,11-07-18 04:34PM,AUXILIAR_DOC,,,,LIST
/pdet/microdados/CAGED/EEC/092018/SETOR/MUN/MG/TAIOBEIRAS.XLS,/pdet/microdados/CAGED/EEC/092018/SETOR/MUN/MG,TAIOBEIRAS.XLS,xls,19456,11-07-18 04:34PM,AUXILIAR_DOC,,,,LIST
/pdet/microdados/CAGED/EEC/092018/SETOR/MUN/MG/TEOFILO OTONI.XLS,/pdet/microdados/CAGED/EEC/092018/SETOR/MUN/MG,TEOFILO OTONI.XLS,xls,19456,11-07-18 04:34PM,AUXILIAR_DOC,,,,LIST
/pdet/microdados/CAGED/EEC/092018/SETOR/MUN/MG/TIMOTEO.XLS,/pdet/microdados/CAGED/EEC/092018/SETOR/MUN/MG,TIMOTEO.XLS,xls,19456,11-07-18 04:34PM,AUXILIAR_DOC,,,,LIST
/pdet/microdados/CAGED/EEC/092018/SETOR/MUN/MG/Total_MG.XLS,/pdet/microdados/CAGED/EEC/092018/SETOR/MUN/MG,Total_MG.XLS,xls,55808,11-07-18 04:34PM,AUXILIAR_DOC,,,MG,LIST
/pdet/microdados/CAGED/EEC/092018/SETOR/MUN/MG/TRES CORACOES.XLS,/pdet/microdados/CAGED/EEC/092018/SETOR/MUN/MG,TRES CORACOES.XLS,xls,19456,11-07-18 04:34PM,AUXILIAR_DOC,,,,LIST
/pdet/microdados/CAGED/EEC/092018/SETOR/MUN/MG/TRES PONTAS.XLS,/pdet/microdados/CAGED/EEC/092018/SETOR/MUN/MG,TRES PONTAS.XLS,xls,19456,11-07-18 04:34PM,AUXILIAR_DOC,,,,LIST
/pdet/microdados/CAGED/EEC/092018/SETOR/MUN/MG/UBA.XLS,/pdet/microdados/CAGED/EEC/092018/SETOR/MUN/MG,UBA.XLS,xls,19456,11-07-18 04:34PM,AUXILIAR_DOC,,,,LIST
/pdet/microdados/CAGED/EEC/092018/SETOR/MUN/MG/UBERABA.XLS,/pdet/microdados/CAGED/EEC/092018/SETOR/MUN/MG,UBERABA.XLS,xls,19456,11-07-18 04:34PM,AUXILIAR_DOC,,,,LIST
/pdet/microdados/CAGED/EEC/092018/SETOR/MUN/MG/UBERLANDIA.XLS,/pdet/microdados/CAGED/EEC/092018/SETOR/MUN/MG,UBERLANDIA.XLS,xls,19456,11-07-18 04:34PM,AUXILIAR_DOC,,,,LIST
/pdet/microdados/CAGED/EEC/092018/SETOR/MUN/MG/UNAI.XLS,/pdet/microdados/CAGED/EEC/092018/SETOR/MUN/MG,UNAI.XLS,xls,19456,11-07-18 04:34PM,AUXILIAR_DOC,,,,LIST
/pdet/microdados/CAGED/EEC/092018/SETOR/MUN/MG/VARGINHA.XLS,/pdet/microdados/CAGED/EEC/092018/SETOR/MUN/MG,VARGINHA.XLS,xls,23552,11-07-18 04:34PM,AUXILIAR_DOC,,,,LIST
/pdet/microdados/CAGED/EEC/092018/SETOR/MUN/MG/VARZEA DA PALMA.XLS,/pdet/microdados/CAGED/EEC/092018/SETOR/MUN/MG,VARZEA DA PALMA.XLS,xls,19456,11-07-18 04:34PM,AUXILIAR_DOC,,,,LIST
/pdet/microdados/CAGED/EEC/092018/SETOR/MUN/MG/VESPASIANO.XLS,/pdet/microdados/CAGED/EEC/092018/SETOR/MUN/MG,VESPASIANO.XLS,xls,19456,11-07-18 04:34PM,AUXILIAR_DOC,,,SP,LIST
/pdet/microdados/CAGED/EEC/092018/SETOR/MUN/MG/VICOSA.XLS,/pdet/microdados/CAGED/EEC/092018/SETOR/MUN/MG,VICOSA.XLS,xls,19456,11-07-18 04:34PM,AUXILIAR_DOC,,,,LIST
/pdet/microdados/CAGED/EEC/092018/SETOR/MUN/MG/VISCONDE DO RIO BRANCO.XLS,/pdet/microdados/CAGED/EEC/092018/SETOR/MUN/MG,VISCONDE DO RIO BRANCO.XLS,xls,19456,11-07-18 04:34PM,AUXILIAR_DOC,,,,LIST
/pdet/microdados/CAGED/EEC/092018/SETOR/MUN/MS/AMAMBAI.XLS,/pdet/microdados/CAGED/EEC/092018/SETOR/MUN/MS,AMAMBAI.XLS,xls,19456,11-07-18 04:34PM,AUXILIAR_DOC,,,,LIST
/pdet/microdados/CAGED/EEC/092018/SETOR/MUN/MS/AQUIDAUANA.XLS,/pdet/microdados/CAGED/EEC/092018/SETOR/MUN/MS,AQUIDAUANA.XLS,xls,19456,11-07-18 04:34PM,AUXILIAR_DOC,,,,LIST
/pdet/microdados/CAGED/EEC/092018/SETOR/MUN/MS/CAMPO GRANDE.XLS,/pdet/microdados/CAGED/EEC/092018/SETOR/MUN/MS,CAMPO GRANDE.XLS,xls,19456,11-07-18 04:34PM,AUXILIAR_DOC,,,,LIST
/pdet/microdados/CAGED/EEC/092018/SETOR/MUN/MS/CORUMBA.XLS,/pdet/microdados/CAGED/EEC/092018/SETOR/MUN/MS,CORUMBA.XLS,xls,19456,11-07-18 04:34PM,AUXILIAR_DOC,,,,LIST
/pdet/microdados/CAGED/EEC/092018/SETOR/MUN/MS/COXIM.XLS,/pdet/microdados/CAGED/EEC/092018/SETOR/MUN/MS,COXIM.XLS,xls,23552,11-07-18 04:34PM,AUXILIAR_DOC,,,,LIST
/pdet/microdados/CAGED/EEC/092018/SETOR/MUN/MS/DOURADOS.XLS,/pdet/microdados/CAGED/EEC/092018/SETOR/MUN/MS,DOURADOS.XLS,xls,19456,11-07-18 04:34PM,AUXILIAR_DOC,,,,LIST
/pdet/microdados/CAGED/EEC/092018/SETOR/MUN/MS/MARACAJU.XLS,/pdet/microdados/CAGED/EEC/092018/SETOR/MUN/MS,MARACAJU.XLS,xls,19456,11-07-18 04:34PM,AUXILIAR_DOC,,,,LIST
/pdet/microdados/CAGED/EEC/092018/SETOR/MUN/MS/NAVIRAI.XLS,/pdet/microdados/CAGED/EEC/092018/SETOR/MUN/MS,NAVIRAI.XLS,xls,19456,11-07-18 04:34PM,AUXILIAR_DOC,,,,LIST
/pdet/microdados/CAGED/EEC/092018/SETOR/MUN/MS/NOVA ANDRADINA.XLS,/pdet/microdados/CAGED/EEC/092018/SETOR/MUN/MS,NOVA ANDRADINA.XLS,xls,19456,11-07-18 04:34PM,AUXILIAR_DOC,,,,LIST
/pdet/microdados/CAGED/EEC/092018/SETOR/MUN/MS/PARANAIBA.XLS,/pdet/microdados/CAGED/EEC/092018/SETOR/MUN/MS,PARANAIBA.XLS,xls,19456,11-07-18 04:34PM,AUXILIAR_DOC,,,,LIST
/pdet/microdados/CAGED/EEC/092018/SETOR/MUN/MS/PONTA PORA.XLS,/pdet/microdados/CAGED/EEC/092018/SETOR/MUN/MS,PONTA PORA.XLS,xls,19456,11-07-18 04:34PM,AUXILIAR_DOC,,,,LIST
/pdet/microdados/CAGED/EEC/092018/SETOR/MUN/MS/RIO BRILHANTE.XLS,/pdet/microdados/CAGED/EEC/092018/SETOR/MUN/MS,RIO BRILHANTE.XLS,xls,19456,11-07-18 04:34PM,AUXILIAR_DOC,,,,LIST
/pdet/microdados/CAGED/EEC/092018/SETOR/MUN/MS/SIDROLANDIA.XLS,/pdet/microdados/CAGED/EEC/092018/SETOR/MUN/MS,SIDROLANDIA.XLS,xls,19456,11-07-18 04:34PM,AUXILIAR_DOC,,,,LIST
/pdet/microdados/CAGED/EEC/092018/SETOR/MUN/MS/Total_MS.XLS,/pdet/microdados/CAGED/EEC/092018/SETOR/MUN/MS,Total_MS.XLS,xls,21504,11-07-18 04:34PM,AUXILIAR_DOC,,,MS,LIST
/pdet/microdados/CAGED/EEC/092018/SETOR/MUN/MS/TRES LAGOAS.XLS,/pdet/microdados/CAGED/EEC/092018/SETOR/MUN/MS,TRES LAGOAS.XLS,xls,19456,11-07-18 04:34PM,AUXILIAR_DOC,,,,LIST
/pdet/microdados/CAGED/EEC/092018/SETOR/MUN/MT/ALTA FLORESTA.XLS,/pdet/microdados/CAGED/EEC/092018/SETOR/MUN/MT,ALTA FLORESTA.XLS,xls,19456,11-07-18 04:34PM,AUXILIAR_DOC,,,,LIST
/pdet/microdados/CAGED/EEC/092018/SETOR/MUN/MT/ARIPUANA.XLS,/pdet/microdados/CAGED/EEC/092018/SETOR/MUN/MT,ARIPUANA.XLS,xls,19456,11-07-18 04:34PM,AUXILIAR_DOC,,,,LIST
/pdet/microdados/CAGED/EEC/092018/SETOR/MUN/MT/BARRA DO BUGRES.XLS,/pdet/microdados/CAGED/EEC/092018/SETOR/MUN/MT,BARRA DO BUGRES.XLS,xls,19456,11-07-18 04:34PM,AUXILIAR_DOC,,,,LIST
/pdet/microdados/CAGED/EEC/092018/SETOR/MUN/MT/BARRA DO GARCAS.XLS,/pdet/microdados/CAGED/EEC/092018/SETOR/MUN/MT,BARRA DO GARCAS.XLS,xls,19456,11-07-18 04:34PM,AUXILIAR_DOC,,,,LIST
/pdet/microdados/CAGED/EEC/092018/SETOR/MUN/MT/CACERES.XLS,/pdet/microdados/CAGED/EEC/092018/SETOR/MUN/MT,CACERES.XLS,xls,19456,11-07-18 04:34PM,AUXILIAR_DOC,,,,LIST
/pdet/microdados/CAGED/EEC/092018/SETOR/MUN/MT/CAMPO VERDE.XLS,/pdet/microdados/CAGED/EEC/092018/SETOR/MUN/MT,CAMPO VERDE.XLS,xls,19456,11-07-18 04:34PM,AUXILIAR_DOC,,,,LIST
/pdet/microdados/CAGED/EEC/092018/SETOR/MUN/MT/COLIDER.XLS,/pdet/microdados/CAGED/EEC/092018/SETOR/MUN/MT,COLIDER.XLS,xls,19456,11-07-18 04:34PM,AUXILIAR_DOC,,,,LIST
/pdet/microdados/CAGED/EEC/092018/SETOR/MUN/MT/CUIABA.XLS,/pdet/microdados/CAGED/EEC/092018/SETOR/MUN/MT,CUIABA.XLS,xls,19456,11-07-18 04:34PM,AUXILIAR_DOC,,,,LIST
/pdet/microdados/CAGED/EEC/092018/SETOR/MUN/MT/GUARANTA DO NORTE.XLS,/pdet/microdados/CAGED/EEC/092018/SETOR/MUN/MT,GUARANTA DO NORTE.XLS,xls,19456,11-07-18 04:34PM,AUXILIAR_DOC,,,NORTE,LIST
/pdet/microdados/CAGED/EEC/092018/SETOR/MUN/MT/JUARA.XLS,/pdet/microdados/CAGED/EEC/092018/SETOR/MUN/MT,JUARA.XLS,xls,19456,11-07-18 04:34PM,AUXILIAR_DOC,,,,LIST
/pdet/microdados/CAGED/EEC/092018/SETOR/MUN/MT/JUINA.XLS,/pdet/microdados/CAGED/EEC/092018/SETOR/MUN/MT,JUINA.XLS,xls,19456,11-07-18 04:34PM,AUXILIAR_DOC,,,,LIST
/pdet/microdados/CAGED/EEC/092018/SETOR/MUN/MT/LUCAS DO RIO VERDE.XLS,/pdet/microdados/CAGED/EEC/092018/SETOR/MUN/MT,LUCAS DO RIO VERDE.XLS,xls,23552,11-07-18 04:34PM,AUXILIAR_DOC,,,,LIST
/pdet/microdados/CAGED/EEC/092018/SETOR/MUN/MT/NOVA MUTUM.XLS,/pdet/microdados/CAGED/EEC/092018/SETOR/MUN/MT,NOVA MUTUM.XLS,xls,19456,11-07-18 04:34PM,AUXILIAR_DOC,,,,LIST
/pdet/microdados/CAGED/EEC/092018/SETOR/MUN/MT/PEIXOTO DE AZEVEDO.XLS,/pdet/microdados/CAGED/EEC/092018/SETOR/MUN/MT,PEIXOTO DE AZEVEDO.XLS,xls,19456,11-07-18 04:34PM,AUXILIAR_DOC,,,,LIST
/pdet/microdados/CAGED/EEC/092018/SETOR/MUN/MT/POCONE.XLS,/pdet/microdados/CAGED/EEC/092018/SETOR/MUN/MT,POCONE.XLS,xls,19456,11-07-18 04:34PM,AUXILIAR_DOC,,,,LIST
/pdet/microdados/CAGED/EEC/092018/SETOR/MUN/MT/PONTES E LACERDA.XLS,/pdet/microdados/CAGED/EEC/092018/SETOR/MUN/MT,PONTES E LACERDA.XLS,xls,19456,11-07-18 04:34PM,AUXILIAR_DOC,,,,LIST
/pdet/microdados/CAGED/EEC/092018/SETOR/MUN/MT/PRIMAVERA DO LESTE.XLS,/pdet/microdados/CAGED/EEC/092018/SETOR/MUN/MT,PRIMAVERA DO LESTE.XLS,xls,19456,11-07-18 04:34PM,AUXILIAR_DOC,,,,LIST
/pdet/microdados/CAGED/EEC/092018/SETOR/MUN/MT/RONDONOPOLIS.XLS,/pdet/microdados/CAGED/EEC/092018/SETOR/MUN/MT,RONDONOPOLIS.XLS,xls,19456,11-07-18 04:34PM,AUXILIAR_DOC,,,,LIST
/pdet/microdados/CAGED/EEC/092018/SETOR/MUN/MT/SINOP.XLS,/pdet/microdados/CAGED/EEC/092018/SETOR/MUN/MT,SINOP.XLS,xls,19456,11-07-18 04:34PM,AUXILIAR_DOC,,,,LIST
/pdet/microdados/CAGED/EEC/092018/SETOR/MUN/MT/SORRISO.XLS,/pdet/microdados/CAGED/EEC/092018/SETOR/MUN/MT,SORRISO.XLS,xls,19456,11-07-18 04:34PM,AUXILIAR_DOC,,,,LIST
/pdet/microdados/CAGED/EEC/092018/SETOR/MUN/MT/TANGARA DA SERRA.XLS,/pdet/microdados/CAGED/EEC/092018/SETOR/MUN/MT,TANGARA DA SERRA.XLS,xls,19456,11-07-18 04:34PM,AUXILIAR_DOC,,,,LIST
/pdet/microdados/CAGED/EEC/092018/SETOR/MUN/MT/Total_MT.XLS,/pdet/microdados/CAGED/EEC/092018/SETOR/MUN/MT,Total_MT.XLS,xls,24576,11-07-18 04:34PM,AUXILIAR_DOC,,,MT,LIST
/pdet/microdados/CAGED/EEC/092018/SETOR/MUN/MT/VARZEA GRANDE.XLS,/pdet/microdados/CAGED/EEC/092018/SETOR/MUN/MT,VARZEA GRANDE.XLS,xls,19456,11-07-18 04:34PM,AUXILIAR_DOC,,,,LIST
/pdet/microdados/CAGED/EEC/092018/SETOR/MUN/PA/ABAETETUBA.XLS,/pdet/microdados/CAGED/EEC/092018/SETOR/MUN/PA,ABAETETUBA.XLS,xls,19456,11-07-18 04:34PM,AUXILIAR_DOC,,,,LIST
/pdet/microdados/CAGED/EEC/092018/SETOR/MUN/PA/ACARA.XLS,/pdet/microdados/CAGED/EEC/092018/SETOR/MUN/PA,ACARA.XLS,xls,19456,11-07-18 04:34PM,AUXILIAR_DOC,,,,LIST
/pdet/microdados/CAGED/EEC/092018/SETOR/MUN/PA/AFUA.XLS,/pdet/microdados/CAGED/EEC/092018/SETOR/MUN/PA,AFUA.XLS,xls,18944,11-07-18 04:34PM,AUXILIAR_DOC,,,,LIST
/pdet/microdados/CAGED/EEC/092018/SETOR/MUN/PA/ALENQUER.XLS,/pdet/microdados/CAGED/EEC/092018/SETOR/MUN/PA,ALENQUER.XLS,xls,19456,11-07-18 04:34PM,AUXILIAR_DOC,,,,LIST
/pdet/microdados/CAGED/EEC/092018/SETOR/MUN/PA/ALMEIRIM.XLS,/pdet/microdados/CAGED/EEC/092018/SETOR/MUN/PA,ALMEIRIM.XLS,xls,19456,11-07-18 04:34PM,AUXILIAR_DOC,,,,LIST
/pdet/microdados/CAGED/EEC/092018/SETOR/MUN/PA/ALTAMIRA.XLS,/pdet/microdados/CAGED/EEC/092018/SETOR/MUN/PA,ALTAMIRA.XLS,xls,19456,11-07-18 04:34PM,AUXILIAR_DOC,,,,LIST
/pdet/microdados/CAGED/EEC/092018/SETOR/MUN/PA/ANANINDEUA.XLS,/pdet/microdados/CAGED/EEC/092018/SETOR/MUN/PA,ANANINDEUA.XLS,xls,23552,11-07-18 04:34PM,AUXILIAR_DOC,,,,LIST
/pdet/microdados/CAGED/EEC/092018/SETOR/MUN/PA/AUGUSTO CORREA.XLS,/pdet/microdados/CAGED/EEC/092018/SETOR/MUN/PA,AUGUSTO CORREA.XLS,xls,18944,11-07-18 04:34PM,AUXILIAR_DOC,,,,LIST
/pdet/microdados/CAGED/EEC/092018/SETOR/MUN/PA/BAIAO.XLS,/pdet/microdados/CAGED/EEC/092018/SETOR/MUN/PA,BAIAO.XLS,xls,18944,11-07-18 04:34PM,AUXILIAR_DOC,,,,LIST
/pdet/microdados/CAGED/EEC/092018/SETOR/MUN/PA/BARCARENA.XLS,/pdet/microdados/CAGED/EEC/092018/SETOR/MUN/PA,BARCARENA.XLS,xls,19456,11-07-18 04:34PM,AUXILIAR_DOC,,,,LIST
/pdet/microdados/CAGED/EEC/092018/SETOR/MUN/PA/BELEM.XLS,/pdet/microdados/CAGED/EEC/092018/SETOR/MUN/PA,BELEM.XLS,xls,19456,11-07-18 04:34PM,AUXILIAR_DOC,,,,LIST
/pdet/microdados/CAGED/EEC/092018/SETOR/MUN/PA/BENEVIDES.XLS,/pdet/microdados/CAGED/EEC/092018/SETOR/MUN/PA,BENEVIDES.XLS,xls,23552,11-07-18 04:34PM,AUXILIAR_DOC,,,,LIST
/pdet/microdados/CAGED/EEC/092018/SETOR/MUN/PA/BRAGANCA.XLS,/pdet/microdados/CAGED/EEC/092018/SETOR/MUN/PA,BRAGANCA.XLS,xls,18944,11-07-18 04:34PM,AUXILIAR_DOC,,,,LIST
/pdet/microdados/CAGED/EEC/092018/SETOR/MUN/PA/BREU BRANCO.XLS,/pdet/microdados/CAGED/EEC/092018/SETOR/MUN/PA,BREU BRANCO.XLS,xls,19456,11-07-18 04:34PM,AUXILIAR_DOC,,,,LIST
/pdet/microdados/CAGED/EEC/092018/SETOR/MUN/PA/BREVES.XLS,/pdet/microdados/CAGED/EEC/092018/SETOR/MUN/PA,BREVES.XLS,xls,18944,11-07-18 04:34PM,AUXILIAR_DOC,,,,LIST
/pdet/microdados/CAGED/EEC/092018/SETOR/MUN/PA/CAMETA.XLS,/pdet/microdados/CAGED/EEC/092018/SETOR/MUN/PA,CAMETA.XLS,xls,18944,11-07-18 04:34PM,AUXILIAR_DOC,,,,LIST
/pdet/microdados/CAGED/EEC/092018/SETOR/MUN/PA/CAPANEMA.XLS,/pdet/microdados/CAGED/EEC/092018/SETOR/MUN/PA,CAPANEMA.XLS,xls,19456,11-07-18 04:34PM,AUXILIAR_DOC,,,,LIST
/pdet/microdados/CAGED/EEC/092018/SETOR/MUN/PA/CAPITAO POCO.XLS,/pdet/microdados/CAGED/EEC/092018/SETOR/MUN/PA,CAPITAO POCO.XLS,xls,19456,11-07-18 04:34PM,AUXILIAR_DOC,,,,LIST
/pdet/microdados/CAGED/EEC/092018/SETOR/MUN/PA/CASTANHAL.XLS,/pdet/microdados/CAGED/EEC/092018/SETOR/MUN/PA,CASTANHAL.XLS,xls,19456,11-07-18 04:34PM,AUXILIAR_DOC,,,,LIST
/pdet/microdados/CAGED/EEC/092018/SETOR/MUN/PA/CONCEICAO DO ARAGUAIA.XLS,/pdet/microdados/CAGED/EEC/092018/SETOR/MUN/PA,CONCEICAO DO ARAGUAIA.XLS,xls,19456,11-07-18 04:34PM,AUXILIAR_DOC,,,,LIST
/pdet/microdados/CAGED/EEC/092018/SETOR/MUN/PA/CURUCA.XLS,/pdet/microdados/CAGED/EEC/092018/SETOR/MUN/PA,CURUCA.XLS,xls,18944,11-07-18 04:34PM,AUXILIAR_DOC,,,,LIST
/pdet/microdados/CAGED/EEC/092018/SETOR/MUN/PA/DOM ELISEU.XLS,/pdet/microdados/CAGED/EEC/092018/SETOR/MUN/PA,DOM ELISEU.XLS,xls,18944,11-07-18 04:34PM,AUXILIAR_DOC,,,,LIST
/pdet/microdados/CAGED/EEC/092018/SETOR/MUN/PA/ELDORADO DOS CARAJAS.XLS,/pdet/microdados/CAGED/EEC/092018/SETOR/MUN/PA,ELDORADO DOS CARAJAS.XLS,xls,19456,11-07-18 04:34PM,AUXILIAR_DOC,,,,LIST
/pdet/microdados/CAGED/EEC/092018/SETOR/MUN/PA/GOIANESIA DO PARA.XLS,/pdet/microdados/CAGED/EEC/092018/SETOR/MUN/PA,GOIANESIA DO PARA.XLS,xls,19456,11-07-18 04:34PM,AUXILIAR_DOC,,,,LIST
/pdet/microdados/CAGED/EEC/092018/SETOR/MUN/PA/IGARAPE-ACU.XLS,/pdet/microdados/CAGED/EEC/092018/SETOR/MUN/PA,IGARAPE-ACU.XLS,xls,18944,11-07-18 04:34PM,AUXILIAR_DOC,,,,LIST
/pdet/microdados/CAGED/EEC/092018/SETOR/MUN/PA/IGARAPE-MIRI.XLS,/pdet/microdados/CAGED/EEC/092018/SETOR/MUN/PA,IGARAPE-MIRI.XLS,xls,18944,11-07-18 04:34PM,AUXILIAR_DOC,,,,LIST
/pdet/microdados/CAGED/EEC/092018/SETOR/MUN/PA/IPIXUNA DO PARA.XLS,/pdet/microdados/CAGED/EEC/092018/SETOR/MUN/PA,IPIXUNA DO PARA.XLS,xls,19456,11-07-18 04:34PM,AUXILIAR_DOC,,,,LIST
/pdet/microdados/CAGED/EEC/092018/SETOR/MUN/PA/IRITUIA.XLS,/pdet/microdados/CAGED/EEC/092018/SETOR/MUN/PA,IRITUIA.XLS,xls,18944,11-07-18 04:34PM,AUXILIAR_DOC,,,,LIST
/pdet/microdados/CAGED/EEC/092018/SETOR/MUN/PA/ITAITUBA.XLS,/pdet/microdados/CAGED/EEC/092018/SETOR/MUN/PA,ITAITUBA.XLS,xls,19456,11-07-18 04:34PM,AUXILIAR_DOC,,,,LIST
/pdet/microdados/CAGED/EEC/092018/SETOR/MUN/PA/ITUPIRANGA.XLS,/pdet/microdados/CAGED/EEC/092018/SETOR/MUN/PA,ITUPIRANGA.XLS,xls,19456,11-07-18 04:34PM,AUXILIAR_DOC,,,,LIST
/pdet/microdados/CAGED/EEC/092018/SETOR/MUN/PA/JACUNDA.XLS,/pdet/microdados/CAGED/EEC/092018/SETOR/MUN/PA,JACUNDA.XLS,xls,19456,11-07-18 04:34PM,AUXILIAR_DOC,,,,LIST
/pdet/microdados/CAGED/EEC/092018/SETOR/MUN/PA/JURUTI.XLS,/pdet/microdados/CAGED/EEC/092018/SETOR/MUN/PA,JURUTI.XLS,xls,19456,11-07-18 04:34PM,AUXILIAR_DOC,,,,LIST
/pdet/microdados/CAGED/EEC/092018/SETOR/MUN/PA/MARABA.XLS,/pdet/microdados/CAGED/EEC/092018/SETOR/MUN/PA,MARABA.XLS,xls,19456,11-07-18 04:34PM,AUXILIAR_DOC,,,,LIST
/pdet/microdados/CAGED/EEC/092018/SETOR/MUN/PA/MARITUBA.XLS,/pdet/microdados/CAGED/EEC/092018/SETOR/MUN/PA,MARITUBA.XLS,xls,19456,11-07-18 04:34PM,AUXILIAR_DOC,,,,LIST
/pdet/microdados/CAGED/EEC/092018/SETOR/MUN/PA/MOJU.XLS,/pdet/microdados/CAGED/EEC/092018/SETOR/MUN/PA,MOJU.XLS,xls,19456,11-07-18 04:34PM,AUXILIAR_DOC,,,,LIST
/pdet/microdados/CAGED/EEC/092018/SETOR/MUN/PA/MONTE ALEGRE.XLS,/pdet/microdados/CAGED/EEC/092018/SETOR/MUN/PA,MONTE ALEGRE.XLS,xls,19456,11-07-18 04:34PM,AUXILIAR_DOC,,,,LIST
/pdet/microdados/CAGED/EEC/092018/SETOR/MUN/PA/MUANA.XLS,/pdet/microdados/CAGED/EEC/092018/SETOR/MUN/PA,MUANA.XLS,xls,18944,11-07-18 04:34PM,AUXILIAR_DOC,,,,LIST
/pdet/microdados/CAGED/EEC/092018/SETOR/MUN/PA/NOVO REPARTIMENTO.XLS,/pdet/microdados/CAGED/EEC/092018/SETOR/MUN/PA,NOVO REPARTIMENTO.XLS,xls,18944,11-07-18 04:34PM,AUXILIAR_DOC,,,,LIST
/pdet/microdados/CAGED/EEC/092018/SETOR/MUN/PA/OBIDOS.XLS,/pdet/microdados/CAGED/EEC/092018/SETOR/MUN/PA,OBIDOS.XLS,xls,19456,11-07-18 04:34PM,AUXILIAR_DOC,,,,LIST
/pdet/microdados/CAGED/EEC/092018/SETOR/MUN/PA/ORIXIMINA.XLS,/pdet/microdados/CAGED/EEC/092018/SETOR/MUN/PA,ORIXIMINA.XLS,xls,19456,11-07-18 04:35PM,AUXILIAR_DOC,,,,LIST
/pdet/microdados/CAGED/EEC/092018/SETOR/MUN/PA/PACAJA.XLS,/pdet/microdados/CAGED/EEC/092018/SETOR/MUN/PA,PACAJA.XLS,xls,19456,11-07-18 04:35PM,AUXILIAR_DOC,,,,LIST
/pdet/microdados/CAGED/EEC/092018/SETOR/MUN/PA/PARAGOMINAS.XLS,/pdet/microdados/CAGED/EEC/092018/SETOR/MUN/PA,PARAGOMINAS.XLS,xls,19456,11-07-18 04:35PM,AUXILIAR_DOC,,,,LIST
/pdet/microdados/CAGED/EEC/092018/SETOR/MUN/PA/PARAUAPEBAS.XLS,/pdet/microdados/CAGED/EEC/092018/SETOR/MUN/PA,PARAUAPEBAS.XLS,xls,19456,11-07-18 04:35PM,AUXILIAR_DOC,,,,LIST
/pdet/microdados/CAGED/EEC/092018/SETOR/MUN/PA/PORTEL.XLS,/pdet/microdados/CAGED/EEC/092018/SETOR/MUN/PA,PORTEL.XLS,xls,18944,11-07-18 04:35PM,AUXILIAR_DOC,,,,LIST
/pdet/microdados/CAGED/EEC/092018/SETOR/MUN/PA/PORTO DE MOZ.XLS,/pdet/microdados/CAGED/EEC/092018/SETOR/MUN/PA,PORTO DE MOZ.XLS,xls,18944,11-07-18 04:35PM,AUXILIAR_DOC,,,,LIST
/pdet/microdados/CAGED/EEC/092018/SETOR/MUN/PA/REDENCAO.XLS,/pdet/microdados/CAGED/EEC/092018/SETOR/MUN/PA,REDENCAO.XLS,xls,19456,11-07-18 04:35PM,AUXILIAR_DOC,,,,LIST
/pdet/microdados/CAGED/EEC/092018/SETOR/MUN/PA/RONDON DO PARA.XLS,/pdet/microdados/CAGED/EEC/092018/SETOR/MUN/PA,RONDON DO PARA.XLS,xls,19456,11-07-18 04:35PM,AUXILIAR_DOC,,,,LIST
/pdet/microdados/CAGED/EEC/092018/SETOR/MUN/PA/RUROPOLIS.XLS,/pdet/microdados/CAGED/EEC/092018/SETOR/MUN/PA,RUROPOLIS.XLS,xls,19456,11-07-18 04:35PM,AUXILIAR_DOC,,,,LIST
/pdet/microdados/CAGED/EEC/092018/SETOR/MUN/PA/SALINOPOLIS.XLS,/pdet/microdados/CAGED/EEC/092018/SETOR/MUN/PA,SALINOPOLIS.XLS,xls,18944,11-07-18 04:35PM,AUXILIAR_DOC,,,,LIST
/pdet/microdados/CAGED/EEC/092018/SETOR/MUN/PA/SANTA ISABEL DO PARA.XLS,/pdet/microdados/CAGED/EEC/092018/SETOR/MUN/PA,SANTA ISABEL DO PARA.XLS,xls,19456,11-07-18 04:35PM,AUXILIAR_DOC,,,,LIST
/pdet/microdados/CAGED/EEC/092018/SETOR/MUN/PA/SANTANA DO ARAGUAIA.XLS,/pdet/microdados/CAGED/EEC/092018/SETOR/MUN/PA,SANTANA DO ARAGUAIA.XLS,xls,19456,11-07-18 04:35PM,AUXILIAR_DOC,,,,LIST
/pdet/microdados/CAGED/EEC/092018/SETOR/MUN/PA/SANTAREM.XLS,/pdet/microdados/CAGED/EEC/092018/SETOR/MUN/PA,SANTAREM.XLS,xls,19456,11-07-18 04:35PM,AUXILIAR_DOC,,,,LIST
/pdet/microdados/CAGED/EEC/092018/SETOR/MUN/PA/SAO DOMINGOS DO CAPIM.XLS,/pdet/microdados/CAGED/EEC/092018/SETOR/MUN/PA,SAO DOMINGOS DO CAPIM.XLS,xls,18944,11-07-18 04:35PM,AUXILIAR_DOC,,,,LIST
/pdet/microdados/CAGED/EEC/092018/SETOR/MUN/PA/SAO FELIX DO XINGU.XLS,/pdet/microdados/CAGED/EEC/092018/SETOR/MUN/PA,SAO FELIX DO XINGU.XLS,xls,19456,11-07-18 04:35PM,AUXILIAR_DOC,,,,LIST
/pdet/microdados/CAGED/EEC/092018/SETOR/MUN/PA/SAO MIGUEL DO GUAMA.XLS,/pdet/microdados/CAGED/EEC/092018/SETOR/MUN/PA,SAO MIGUEL DO GUAMA.XLS,xls,19456,11-07-18 04:35PM,AUXILIAR_DOC,,,,LIST
/pdet/microdados/CAGED/EEC/092018/SETOR/MUN/PA/TAILANDIA.XLS,/pdet/microdados/CAGED/EEC/092018/SETOR/MUN/PA,TAILANDIA.XLS,xls,19456,11-07-18 04:35PM,AUXILIAR_DOC,,,,LIST
/pdet/microdados/CAGED/EEC/092018/SETOR/MUN/PA/TOME-ACU.XLS,/pdet/microdados/CAGED/EEC/092018/SETOR/MUN/PA,TOME-ACU.XLS,xls,19456,11-07-18 04:35PM,AUXILIAR_DOC,,,,LIST
/pdet/microdados/CAGED/EEC/092018/SETOR/MUN/PA/Total_PA.XLS,/pdet/microdados/CAGED/EEC/092018/SETOR/MUN/PA,Total_PA.XLS,xls,39424,11-07-18 04:35PM,AUXILIAR_DOC,,,PA,LIST
/pdet/microdados/CAGED/EEC/092018/SETOR/MUN/PA/TUCUMA.XLS,/pdet/microdados/CAGED/EEC/092018/SETOR/MUN/PA,TUCUMA.XLS,xls,19456,11-07-18 04:35PM,AUXILIAR_DOC,,,,LIST
/pdet/microdados/CAGED/EEC/092018/SETOR/MUN/PA/TUCURUI.XLS,/pdet/microdados/CAGED/EEC/092018/SETOR/MUN/PA,TUCURUI.XLS,xls,19456,11-07-18 04:35PM,AUXILIAR_DOC,,,,LIST
/pdet/microdados/CAGED/EEC/092018/SETOR/MUN/PA/ULIANOPOLIS.XLS,/pdet/microdados/CAGED/EEC/092018/SETOR/MUN/PA,ULIANOPOLIS.XLS,xls,19456,11-07-18 04:35PM,AUXILIAR_DOC,,,,LIST
/pdet/microdados/CAGED/EEC/092018/SETOR/MUN/PA/URUARA.XLS,/pdet/microdados/CAGED/EEC/092018/SETOR/MUN/PA,URUARA.XLS,xls,18944,11-07-18 04:35PM,AUXILIAR_DOC,,,,LIST
/pdet/microdados/CAGED/EEC/092018/SETOR/MUN/PA/VIGIA.XLS,/pdet/microdados/CAGED/EEC/092018/SETOR/MUN/PA,VIGIA.XLS,xls,19456,11-07-18 04:35PM,AUXILIAR_DOC,,,,LIST
/pdet/microdados/CAGED/EEC/092018/SETOR/MUN/PA/VISEU.XLS,/pdet/microdados/CAGED/EEC/092018/SETOR/MUN/PA,VISEU.XLS,xls,23552,11-07-18 04:35PM,AUXILIAR_DOC,,,,LIST
/pdet/microdados/CAGED/EEC/092018/SETOR/MUN/PA/XINGUARA.XLS,/pdet/microdados/CAGED/EEC/092018/SETOR/MUN/PA,XINGUARA.XLS,xls,19456,11-07-18 04:35PM,AUXILIAR_DOC,,,,LIST
/pdet/microdados/CAGED/EEC/092018/SETOR/MUN/PB/BAYEUX.XLS,/pdet/microdados/CAGED/EEC/092018/SETOR/MUN/PB,BAYEUX.XLS,xls,23552,11-07-18 04:35PM,AUXILIAR_DOC,,,,LIST
/pdet/microdados/CAGED/EEC/092018/SETOR/MUN/PB/CABEDELO.XLS,/pdet/microdados/CAGED/EEC/092018/SETOR/MUN/PB,CABEDELO.XLS,xls,19456,11-07-18 04:35PM,AUXILIAR_DOC,,,,LIST
/pdet/microdados/CAGED/EEC/092018/SETOR/MUN/PB/CAJAZEIRAS.XLS,/pdet/microdados/CAGED/EEC/092018/SETOR/MUN/PB,CAJAZEIRAS.XLS,xls,19456,11-07-18 04:35PM,AUXILIAR_DOC,,,,LIST
/pdet/microdados/CAGED/EEC/092018/SETOR/MUN/PB/CAMPINA GRANDE.XLS,/pdet/microdados/CAGED/EEC/092018/SETOR/MUN/PB,CAMPINA GRANDE.XLS,xls,19456,11-07-18 04:35PM,AUXILIAR_DOC,,,,LIST
/pdet/microdados/CAGED/EEC/092018/SETOR/MUN/PB/ESPERANCA.XLS,/pdet/microdados/CAGED/EEC/092018/SETOR/MUN/PB,ESPERANCA.XLS,xls,19456,11-07-18 04:35PM,AUXILIAR_DOC,,,SP,LIST
/pdet/microdados/CAGED/EEC/092018/SETOR/MUN/PB/GUARABIRA.XLS,/pdet/microdados/CAGED/EEC/092018/SETOR/MUN/PB,GUARABIRA.XLS,xls,19456,11-07-18 04:35PM,AUXILIAR_DOC,,,,LIST
/pdet/microdados/CAGED/EEC/092018/SETOR/MUN/PB/JOAO PESSOA.XLS,/pdet/microdados/CAGED/EEC/092018/SETOR/MUN/PB,JOAO PESSOA.XLS,xls,19456,11-07-18 04:35PM,AUXILIAR_DOC,,,,LIST
/pdet/microdados/CAGED/EEC/092018/SETOR/MUN/PB/MAMANGUAPE.XLS,/pdet/microdados/CAGED/EEC/092018/SETOR/MUN/PB,MAMANGUAPE.XLS,xls,19456,11-07-18 04:35PM,AUXILIAR_DOC,,,,LIST
/pdet/microdados/CAGED/EEC/092018/SETOR/MUN/PB/MONTEIRO.XLS,/pdet/microdados/CAGED/EEC/092018/SETOR/MUN/PB,MONTEIRO.XLS,xls,18944,11-07-18 04:35PM,AUXILIAR_DOC,,,,LIST
/pdet/microdados/CAGED/EEC/092018/SETOR/MUN/PB/PATOS.XLS,/pdet/microdados/CAGED/EEC/092018/SETOR/MUN/PB,PATOS.XLS,xls,19456,11-07-18 04:35PM,AUXILIAR_DOC,,,,LIST
/pdet/microdados/CAGED/EEC/092018/SETOR/MUN/PB/POMBAL.XLS,/pdet/microdados/CAGED/EEC/092018/SETOR/MUN/PB,POMBAL.XLS,xls,19456,11-07-18 04:35PM,AUXILIAR_DOC,,,,LIST
/pdet/microdados/CAGED/EEC/092018/SETOR/MUN/PB/QUEIMADAS.XLS,/pdet/microdados/CAGED/EEC/092018/SETOR/MUN/PB,QUEIMADAS.XLS,xls,19456,11-07-18 04:35PM,AUXILIAR_DOC,,,,LIST
/pdet/microdados/CAGED/EEC/092018/SETOR/MUN/PB/SANTA RITA.XLS,/pdet/microdados/CAGED/EEC/092018/SETOR/MUN/PB,SANTA RITA.XLS,xls,19456,11-07-18 04:35PM,AUXILIAR_DOC,,,,LIST
/pdet/microdados/CAGED/EEC/092018/SETOR/MUN/PB/SAO BENTO.XLS,/pdet/microdados/CAGED/EEC/092018/SETOR/MUN/PB,SAO BENTO.XLS,xls,18944,11-07-18 04:35PM,AUXILIAR_DOC,,,,LIST
/pdet/microdados/CAGED/EEC/092018/SETOR/MUN/PB/SAPE.XLS,/pdet/microdados/CAGED/EEC/092018/SETOR/MUN/PB,SAPE.XLS,xls,18944,11-07-18 04:35PM,AUXILIAR_DOC,,,,LIST
/pdet/microdados/CAGED/EEC/092018/SETOR/MUN/PB/SOLANEA.XLS,/pdet/microdados/CAGED/EEC/092018/SETOR/MUN/PB,SOLANEA.XLS,xls,23552,11-07-18 04:35PM,AUXILIAR_DOC,,,,LIST
/pdet/microdados/CAGED/EEC/092018/SETOR/MUN/PB/SOUSA.XLS,/pdet/microdados/CAGED/EEC/092018/SETOR/MUN/PB,SOUSA.XLS,xls,18944,11-07-18 04:35PM,AUXILIAR_DOC,,,,LIST
/pdet/microdados/CAGED/EEC/092018/SETOR/MUN/PB/Total_PB.XLS,/pdet/microdados/CAGED/EEC/092018/SETOR/MUN/PB,Total_PB.XLS,xls,22528,11-07-18 04:35PM,AUXILIAR_DOC,,,PB,LIST
/pdet/microdados/CAGED/EEC/092018/SETOR/MUN/PE/ABREU E LIMA.XLS,/pdet/microdados/CAGED/EEC/092018/SETOR/MUN/PE,ABREU E LIMA.XLS,xls,19456,11-07-18 04:35PM,AUXILIAR_DOC,,,,LIST
/pdet/microdados/CAGED/EEC/092018/SETOR/MUN/PE/AFOGADOS DA INGAZEIRA.XLS,/pdet/microdados/CAGED/EEC/092018/SETOR/MUN/PE,AFOGADOS DA INGAZEIRA.XLS,xls,19456,11-07-18 04:35PM,AUXILIAR_DOC,,,,LIST
/pdet/microdados/CAGED/EEC/092018/SETOR/MUN/PE/AGUA PRETA.XLS,/pdet/microdados/CAGED/EEC/092018/SETOR/MUN/PE,AGUA PRETA.XLS,xls,19456,11-07-18 04:35PM,AUXILIAR_DOC,,,,LIST
/pdet/microdados/CAGED/EEC/092018/SETOR/MUN/PE/AGUAS BELAS.XLS,/pdet/microdados/CAGED/EEC/092018/SETOR/MUN/PE,AGUAS BELAS.XLS,xls,19456,11-07-18 04:35PM,AUXILIAR_DOC,,,,LIST
/pdet/microdados/CAGED/EEC/092018/SETOR/MUN/PE/ALIANCA.XLS,/pdet/microdados/CAGED/EEC/092018/SETOR/MUN/PE,ALIANCA.XLS,xls,18944,11-07-18 04:35PM,AUXILIAR_DOC,,,,LIST
/pdet/microdados/CAGED/EEC/092018/SETOR/MUN/PE/ARARIPINA.XLS,/pdet/microdados/CAGED/EEC/092018/SETOR/MUN/PE,ARARIPINA.XLS,xls,19456,11-07-18 04:35PM,AUXILIAR_DOC,,,,LIST
/pdet/microdados/CAGED/EEC/092018/SETOR/MUN/PE/ARCOVERDE.XLS,/pdet/microdados/CAGED/EEC/092018/SETOR/MUN/PE,ARCOVERDE.XLS,xls,19456,11-07-18 04:35PM,AUXILIAR_DOC,,,,LIST
/pdet/microdados/CAGED/EEC/092018/SETOR/MUN/PE/BARREIROS.XLS,/pdet/microdados/CAGED/EEC/092018/SETOR/MUN/PE,BARREIROS.XLS,xls,23552,11-07-18 04:35PM,AUXILIAR_DOC,,,,LIST
/pdet/microdados/CAGED/EEC/092018/SETOR/MUN/PE/BELO JARDIM.XLS,/pdet/microdados/CAGED/EEC/092018/SETOR/MUN/PE,BELO JARDIM.XLS,xls,19456,11-07-18 04:35PM,AUXILIAR_DOC,,,,LIST
/pdet/microdados/CAGED/EEC/092018/SETOR/MUN/PE/BEZERROS.XLS,/pdet/microdados/CAGED/EEC/092018/SETOR/MUN/PE,BEZERROS.XLS,xls,19456,11-07-18 04:35PM,AUXILIAR_DOC,,,,LIST
/pdet/microdados/CAGED/EEC/092018/SETOR/MUN/PE/BODOCO.XLS,/pdet/microdados/CAGED/EEC/092018/SETOR/MUN/PE,BODOCO.XLS,xls,18944,11-07-18 04:35PM,AUXILIAR_DOC,,,,LIST
/pdet/microdados/CAGED/EEC/092018/SETOR/MUN/PE/BOM CONSELHO.XLS,/pdet/microdados/CAGED/EEC/092018/SETOR/MUN/PE,BOM CONSELHO.XLS,xls,18944,11-07-18 04:35PM,AUXILIAR_DOC,,,,LIST
/pdet/microdados/CAGED/EEC/092018/SETOR/MUN/PE/BOM JARDIM.XLS,/pdet/microdados/CAGED/EEC/092018/SETOR/MUN/PE,BOM JARDIM.XLS,xls,19456,11-07-18 04:35PM,AUXILIAR_DOC,,,,LIST
/pdet/microdados/CAGED/EEC/092018/SETOR/MUN/PE/BONITO.XLS,/pdet/microdados/CAGED/EEC/092018/SETOR/MUN/PE,BONITO.XLS,xls,19456,11-07-18 04:35PM,AUXILIAR_DOC,,,,LIST
/pdet/microdados/CAGED/EEC/092018/SETOR/MUN/PE/BREJO DA MADRE DE DEUS.XLS,/pdet/microdados/CAGED/EEC/092018/SETOR/MUN/PE,BREJO DA MADRE DE DEUS.XLS,xls,18944,11-07-18 04:35PM,AUXILIAR_DOC,,,,LIST
/pdet/microdados/CAGED/EEC/092018/SETOR/MUN/PE/BUIQUE.XLS,/pdet/microdados/CAGED/EEC/092018/SETOR/MUN/PE,BUIQUE.XLS,xls,18944,11-07-18 04:35PM,AUXILIAR_DOC,,,,LIST
/pdet/microdados/CAGED/EEC/092018/SETOR/MUN/PE/CABO DE SANTO AGOSTINHO.XLS,/pdet/microdados/CAGED/EEC/092018/SETOR/MUN/PE,CABO DE SANTO AGOSTINHO.XLS,xls,19456,11-07-18 04:35PM,AUXILIAR_DOC,,,,LIST
/pdet/microdados/CAGED/EEC/092018/SETOR/MUN/PE/CABROBO.XLS,/pdet/microdados/CAGED/EEC/092018/SETOR/MUN/PE,CABROBO.XLS,xls,18944,11-07-18 04:35PM,AUXILIAR_DOC,,,,LIST
/pdet/microdados/CAGED/EEC/092018/SETOR/MUN/PE/CAMARAGIBE.XLS,/pdet/microdados/CAGED/EEC/092018/SETOR/MUN/PE,CAMARAGIBE.XLS,xls,23552,11-07-18 04:35PM,AUXILIAR_DOC,,,,LIST
/pdet/microdados/CAGED/EEC/092018/SETOR/MUN/PE/CARPINA.XLS,/pdet/microdados/CAGED/EEC/092018/SETOR/MUN/PE,CARPINA.XLS,xls,19456,11-07-18 04:35PM,AUXILIAR_DOC,,,,LIST
/pdet/microdados/CAGED/EEC/092018/SETOR/MUN/PE/CARUARU.XLS,/pdet/microdados/CAGED/EEC/092018/SETOR/MUN/PE,CARUARU.XLS,xls,19456,11-07-18 04:35PM,AUXILIAR_DOC,,,,LIST
/pdet/microdados/CAGED/EEC/092018/SETOR/MUN/PE/CATENDE.XLS,/pdet/microdados/CAGED/EEC/092018/SETOR/MUN/PE,CATENDE.XLS,xls,19456,11-07-18 04:35PM,AUXILIAR_DOC,,,,LIST
/pdet/microdados/CAGED/EEC/092018/SETOR/MUN/PE/CUSTODIA.XLS,/pdet/microdados/CAGED/EEC/092018/SETOR/MUN/PE,CUSTODIA.XLS,xls,18944,11-07-18 04:35PM,AUXILIAR_DOC,,,,LIST
/pdet/microdados/CAGED/EEC/092018/SETOR/MUN/PE/ESCADA.XLS,/pdet/microdados/CAGED/EEC/092018/SETOR/MUN/PE,ESCADA.XLS,xls,18944,11-07-18 04:35PM,AUXILIAR_DOC,,,,LIST
/pdet/microdados/CAGED/EEC/092018/SETOR/MUN/PE/EXU.XLS,/pdet/microdados/CAGED/EEC/092018/SETOR/MUN/PE,EXU.XLS,xls,18944,11-07-18 04:35PM,AUXILIAR_DOC,,,,LIST
/pdet/microdados/CAGED/EEC/092018/SETOR/MUN/PE/GARANHUNS.XLS,/pdet/microdados/CAGED/EEC/092018/SETOR/MUN/PE,GARANHUNS.XLS,xls,23552,11-07-18 04:35PM,AUXILIAR_DOC,,,,LIST
/pdet/microdados/CAGED/EEC/092018/SETOR/MUN/PE/GOIANA.XLS,/pdet/microdados/CAGED/EEC/092018/SETOR/MUN/PE,GOIANA.XLS,xls,19456,11-07-18 04:35PM,AUXILIAR_DOC,,,,LIST
/pdet/microdados/CAGED/EEC/092018/SETOR/MUN/PE/GRAVATA.XLS,/pdet/microdados/CAGED/EEC/092018/SETOR/MUN/PE,GRAVATA.XLS,xls,19456,11-07-18 04:35PM,AUXILIAR_DOC,,,,LIST
/pdet/microdados/CAGED/EEC/092018/SETOR/MUN/PE/IBIMIRIM.XLS,/pdet/microdados/CAGED/EEC/092018/SETOR/MUN/PE,IBIMIRIM.XLS,xls,19456,11-07-18 04:35PM,AUXILIAR_DOC,,,,LIST
/pdet/microdados/CAGED/EEC/092018/SETOR/MUN/PE/IGARASSU.XLS,/pdet/microdados/CAGED/EEC/092018/SETOR/MUN/PE,IGARASSU.XLS,xls,19456,11-07-18 04:35PM,AUXILIAR_DOC,,,,LIST
/pdet/microdados/CAGED/EEC/092018/SETOR/MUN/PE/IPOJUCA.XLS,/pdet/microdados/CAGED/EEC/092018/SETOR/MUN/PE,IPOJUCA.XLS,xls,19456,11-07-18 04:35PM,AUXILIAR_DOC,,,,LIST
/pdet/microdados/CAGED/EEC/092018/SETOR/MUN/PE/ITAMBE.XLS,/pdet/microdados/CAGED/EEC/092018/SETOR/MUN/PE,ITAMBE.XLS,xls,19456,11-07-18 04:35PM,AUXILIAR_DOC,,,,LIST
/pdet/microdados/CAGED/EEC/092018/SETOR/MUN/PE/JABOATAO DOS GUARARAPES.XLS,/pdet/microdados/CAGED/EEC/092018/SETOR/MUN/PE,JABOATAO DOS GUARARAPES.XLS,xls,19456,11-07-18 04:35PM,AUXILIAR_DOC,,,,LIST
/pdet/microdados/CAGED/EEC/092018/SETOR/MUN/PE/JOAO ALFREDO.XLS,/pdet/microdados/CAGED/EEC/092018/SETOR/MUN/PE,JOAO ALFREDO.XLS,xls,18944,11-07-18 04:35PM,AUXILIAR_DOC,,,,LIST
/pdet/microdados/CAGED/EEC/092018/SETOR/MUN/PE/LAJEDO.XLS,/pdet/microdados/CAGED/EEC/092018/SETOR/MUN/PE,LAJEDO.XLS,xls,18944,11-07-18 04:35PM,AUXILIAR_DOC,,,,LIST
/pdet/microdados/CAGED/EEC/092018/SETOR/MUN/PE/LIMOEIRO.XLS,/pdet/microdados/CAGED/EEC/092018/SETOR/MUN/PE,LIMOEIRO.XLS,xls,18944,11-07-18 04:35PM,AUXILIAR_DOC,,,,LIST
/pdet/microdados/CAGED/EEC/092018/SETOR/MUN/PE/MORENO.XLS,/pdet/microdados/CAGED/EEC/092018/SETOR/MUN/PE,MORENO.XLS,xls,19456,11-07-18 04:35PM,AUXILIAR_DOC,,,,LIST
/pdet/microdados/CAGED/EEC/092018/SETOR/MUN/PE/NAZARE DA MATA.XLS,/pdet/microdados/CAGED/EEC/092018/SETOR/MUN/PE,NAZARE DA MATA.XLS,xls,23552,11-07-18 04:35PM,AUXILIAR_DOC,,,,LIST
/pdet/microdados/CAGED/EEC/092018/SETOR/MUN/PE/OLINDA.XLS,/pdet/microdados/CAGED/EEC/092018/SETOR/MUN/PE,OLINDA.XLS,xls,19456,11-07-18 04:35PM,AUXILIAR_DOC,,,,LIST
/pdet/microdados/CAGED/EEC/092018/SETOR/MUN/PE/OURICURI.XLS,/pdet/microdados/CAGED/EEC/092018/SETOR/MUN/PE,OURICURI.XLS,xls,19456,11-07-18 04:35PM,AUXILIAR_DOC,,,,LIST
/pdet/microdados/CAGED/EEC/092018/SETOR/MUN/PE/PALMARES.XLS,/pdet/microdados/CAGED/EEC/092018/SETOR/MUN/PE,PALMARES.XLS,xls,19456,11-07-18 04:35PM,AUXILIAR_DOC,,,,LIST
/pdet/microdados/CAGED/EEC/092018/SETOR/MUN/PE/PAUDALHO.XLS,/pdet/microdados/CAGED/EEC/092018/SETOR/MUN/PE,PAUDALHO.XLS,xls,19456,11-07-18 04:35PM,AUXILIAR_DOC,,,,LIST
/pdet/microdados/CAGED/EEC/092018/SETOR/MUN/PE/PAULISTA.XLS,/pdet/microdados/CAGED/EEC/092018/SETOR/MUN/PE,PAULISTA.XLS,xls,19456,11-07-18 04:35PM,AUXILIAR_DOC,,,,LIST
/pdet/microdados/CAGED/EEC/092018/SETOR/MUN/PE/PESQUEIRA.XLS,/pdet/microdados/CAGED/EEC/092018/SETOR/MUN/PE,PESQUEIRA.XLS,xls,19456,11-07-18 04:35PM,AUXILIAR_DOC,,,,LIST
/pdet/microdados/CAGED/EEC/092018/SETOR/MUN/PE/PETROLANDIA.XLS,/pdet/microdados/CAGED/EEC/092018/SETOR/MUN/PE,PETROLANDIA.XLS,xls,19456,11-07-18 04:35PM,AUXILIAR_DOC,,,,LIST
/pdet/microdados/CAGED/EEC/092018/SETOR/MUN/PE/PETROLINA.XLS,/pdet/microdados/CAGED/EEC/092018/SETOR/MUN/PE,PETROLINA.XLS,xls,19456,11-07-18 04:35PM,AUXILIAR_DOC,,,,LIST
/pdet/microdados/CAGED/EEC/092018/SETOR/MUN/PE/RECIFE.XLS,/pdet/microdados/CAGED/EEC/092018/SETOR/MUN/PE,RECIFE.XLS,xls,19456,11-07-18 04:35PM,AUXILIAR_DOC,,,,LIST
/pdet/microdados/CAGED/EEC/092018/SETOR/MUN/PE/RIBEIRAO.XLS,/pdet/microdados/CAGED/EEC/092018/SETOR/MUN/PE,RIBEIRAO.XLS,xls,19456,11-07-18 04:35PM,AUXILIAR_DOC,,,,LIST
/pdet/microdados/CAGED/EEC/092018/SETOR/MUN/PE/SALGUEIRO.XLS,/pdet/microdados/CAGED/EEC/092018/SETOR/MUN/PE,SALGUEIRO.XLS,xls,19456,11-07-18 04:35PM,AUXILIAR_DOC,,,,LIST
/pdet/microdados/CAGED/EEC/092018/SETOR/MUN/PE/SANTA CRUZ DO CAPIBARIBE.XLS,/pdet/microdados/CAGED/EEC/092018/SETOR/MUN/PE,SANTA CRUZ DO CAPIBARIBE.XLS,xls,19456,11-07-18 04:35PM,AUXILIAR_DOC,,,,LIST
/pdet/microdados/CAGED/EEC/092018/SETOR/MUN/PE/SANTA MARIA DA BOA VISTA.XLS,/pdet/microdados/CAGED/EEC/092018/SETOR/MUN/PE,SANTA MARIA DA BOA VISTA.XLS,xls,19456,11-07-18 04:35PM,AUXILIAR_DOC,,,,LIST
/pdet/microdados/CAGED/EEC/092018/SETOR/MUN/PE/SAO BENTO DO UNA.XLS,/pdet/microdados/CAGED/EEC/092018/SETOR/MUN/PE,SAO BENTO DO UNA.XLS,xls,18944,11-07-18 04:35PM,AUXILIAR_DOC,,,,LIST
/pdet/microdados/CAGED/EEC/092018/SETOR/MUN/PE/SAO CAITANO.XLS,/pdet/microdados/CAGED/EEC/092018/SETOR/MUN/PE,SAO CAITANO.XLS,xls,18944,11-07-18 04:35PM,AUXILIAR_DOC,,,,LIST
/pdet/microdados/CAGED/EEC/092018/SETOR/MUN/PE/SAO JOSE DO BELMONTE.XLS,/pdet/microdados/CAGED/EEC/092018/SETOR/MUN/PE,SAO JOSE DO BELMONTE.XLS,xls,18944,11-07-18 04:35PM,AUXILIAR_DOC,,,,LIST
/pdet/microdados/CAGED/EEC/092018/SETOR/MUN/PE/SAO JOSE DO EGITO.XLS,/pdet/microdados/CAGED/EEC/092018/SETOR/MUN/PE,SAO JOSE DO EGITO.XLS,xls,19456,11-07-18 04:35PM,AUXILIAR_DOC,,,,LIST
/pdet/microdados/CAGED/EEC/092018/SETOR/MUN/PE/SAO LOURENCO DA MATA.XLS,/pdet/microdados/CAGED/EEC/092018/SETOR/MUN/PE,SAO LOURENCO DA MATA.XLS,xls,19456,11-07-18 04:35PM,AUXILIAR_DOC,,,,LIST
/pdet/microdados/CAGED/EEC/092018/SETOR/MUN/PE/SERRA TALHADA.XLS,/pdet/microdados/CAGED/EEC/092018/SETOR/MUN/PE,SERRA TALHADA.XLS,xls,19456,11-07-18 04:35PM,AUXILIAR_DOC,,,,LIST
/pdet/microdados/CAGED/EEC/092018/SETOR/MUN/PE/SERTANIA.XLS,/pdet/microdados/CAGED/EEC/092018/SETOR/MUN/PE,SERTANIA.XLS,xls,23040,11-07-18 04:35PM,AUXILIAR_DOC,,,,LIST
/pdet/microdados/CAGED/EEC/092018/SETOR/MUN/PE/SIRINHAEM.XLS,/pdet/microdados/CAGED/EEC/092018/SETOR/MUN/PE,SIRINHAEM.XLS,xls,18944,11-07-18 04:35PM,AUXILIAR_DOC,,,,LIST
/pdet/microdados/CAGED/EEC/092018/SETOR/MUN/PE/SURUBIM.XLS,/pdet/microdados/CAGED/EEC/092018/SETOR/MUN/PE,SURUBIM.XLS,xls,19456,11-07-18 04:35PM,AUXILIAR_DOC,,,,LIST
/pdet/microdados/CAGED/EEC/092018/SETOR/MUN/PE/TIMBAUBA.XLS,/pdet/microdados/CAGED/EEC/092018/SETOR/MUN/PE,TIMBAUBA.XLS,xls,19456,11-07-18 04:35PM,AUXILIAR_DOC,,,,LIST
/pdet/microdados/CAGED/EEC/092018/SETOR/MUN/PE/TORITAMA.XLS,/pdet/microdados/CAGED/EEC/092018/SETOR/MUN/PE,TORITAMA.XLS,xls,18944,11-07-18 04:35PM,AUXILIAR_DOC,,,,LIST
/pdet/microdados/CAGED/EEC/092018/SETOR/MUN/PE/Total_PE.XLS,/pdet/microdados/CAGED/EEC/092018/SETOR/MUN/PE,Total_PE.XLS,xls,39424,11-07-18 04:35PM,AUXILIAR_DOC,,,PE,LIST
/pdet/microdados/CAGED/EEC/092018/SETOR/MUN/PE/VICENCIA.XLS,/pdet/microdados/CAGED/EEC/092018/SETOR/MUN/PE,VICENCIA.XLS,xls,23040,11-07-18 04:35PM,AUXILIAR_DOC,,,,LIST
/pdet/microdados/CAGED/EEC/092018/SETOR/MUN/PE/VITORIA DE SANTO ANTAO.XLS,/pdet/microdados/CAGED/EEC/092018/SETOR/MUN/PE,VITORIA DE SANTO ANTAO.XLS,xls,19456,11-07-18 04:35PM,AUXILIAR_DOC,,,,LIST
/pdet/microdados/CAGED/EEC/092018/SETOR/MUN/PI/ALTOS.XLS,/pdet/microdados/CAGED/EEC/092018/SETOR/MUN/PI,ALTOS.XLS,xls,23552,11-07-18 04:35PM,AUXILIAR_DOC,,,,LIST
/pdet/microdados/CAGED/EEC/092018/SETOR/MUN/PI/BARRAS.XLS,/pdet/microdados/CAGED/EEC/092018/SETOR/MUN/PI,BARRAS.XLS,xls,18944,11-07-18 04:35PM,AUXILIAR_DOC,,,,LIST
/pdet/microdados/CAGED/EEC/092018/SETOR/MUN/PI/CAMPO MAIOR.XLS,/pdet/microdados/CAGED/EEC/092018/SETOR/MUN/PI,CAMPO MAIOR.XLS,xls,19456,11-07-18 04:35PM,AUXILIAR_DOC,,,,LIST
/pdet/microdados/CAGED/EEC/092018/SETOR/MUN/PI/ESPERANTINA.XLS,/pdet/microdados/CAGED/EEC/092018/SETOR/MUN/PI,ESPERANTINA.XLS,xls,19456,11-07-18 04:35PM,AUXILIAR_DOC,,,SP,LIST
/pdet/microdados/CAGED/EEC/092018/SETOR/MUN/PI/FLORIANO.XLS,/pdet/microdados/CAGED/EEC/092018/SETOR/MUN/PI,FLORIANO.XLS,xls,19456,11-07-18 04:35PM,AUXILIAR_DOC,,,,LIST
/pdet/microdados/CAGED/EEC/092018/SETOR/MUN/PI/JOSE DE FREITAS.XLS,/pdet/microdados/CAGED/EEC/092018/SETOR/MUN/PI,JOSE DE FREITAS.XLS,xls,19456,11-07-18 04:35PM,AUXILIAR_DOC,,,,LIST
/pdet/microdados/CAGED/EEC/092018/SETOR/MUN/PI/MIGUEL ALVES.XLS,/pdet/microdados/CAGED/EEC/092018/SETOR/MUN/PI,MIGUEL ALVES.XLS,xls,19456,11-07-18 04:35PM,AUXILIAR_DOC,,,,LIST
/pdet/microdados/CAGED/EEC/092018/SETOR/MUN/PI/OEIRAS.XLS,/pdet/microdados/CAGED/EEC/092018/SETOR/MUN/PI,OEIRAS.XLS,xls,19456,11-07-18 04:35PM,AUXILIAR_DOC,,,,LIST
/pdet/microdados/CAGED/EEC/092018/SETOR/MUN/PI/PARNAIBA.XLS,/pdet/microdados/CAGED/EEC/092018/SETOR/MUN/PI,PARNAIBA.XLS,xls,19456,11-07-18 04:36PM,AUXILIAR_DOC,,,,LIST
/pdet/microdados/CAGED/EEC/092018/SETOR/MUN/PI/PEDRO II.XLS,/pdet/microdados/CAGED/EEC/092018/SETOR/MUN/PI,PEDRO II.XLS,xls,19456,11-07-18 04:36PM,AUXILIAR_DOC,,,,LIST
/pdet/microdados/CAGED/EEC/092018/SETOR/MUN/PI/PICOS.XLS,/pdet/microdados/CAGED/EEC/092018/SETOR/MUN/PI,PICOS.XLS,xls,19456,11-07-18 04:36PM,AUXILIAR_DOC,,,,LIST
/pdet/microdados/CAGED/EEC/092018/SETOR/MUN/PI/PIRIPIRI.XLS,/pdet/microdados/CAGED/EEC/092018/SETOR/MUN/PI,PIRIPIRI.XLS,xls,19456,11-07-18 04:36PM,AUXILIAR_DOC,,,,LIST
/pdet/microdados/CAGED/EEC/092018/SETOR/MUN/PI/SAO RAIMUNDO NONATO.XLS,/pdet/microdados/CAGED/EEC/092018/SETOR/MUN/PI,SAO RAIMUNDO NONATO.XLS,xls,19456,11-07-18 04:36PM,AUXILIAR_DOC,,,,LIST
/pdet/microdados/CAGED/EEC/092018/SETOR/MUN/PI/TERESINA.XLS,/pdet/microdados/CAGED/EEC/092018/SETOR/MUN/PI,TERESINA.XLS,xls,19456,11-07-18 04:36PM,AUXILIAR_DOC,,,,LIST
/pdet/microdados/CAGED/EEC/092018/SETOR/MUN/PI/Total_PI.XLS,/pdet/microdados/CAGED/EEC/092018/SETOR/MUN/PI,Total_PI.XLS,xls,22016,11-07-18 04:36PM,AUXILIAR_DOC,,,PI,LIST
/pdet/microdados/CAGED/EEC/092018/SETOR/MUN/PI/UNIAO.XLS,/pdet/microdados/CAGED/EEC/092018/SETOR/MUN/PI,UNIAO.XLS,xls,19456,11-07-18 04:36PM,AUXILIAR_DOC,,,,LIST
/pdet/microdados/CAGED/EEC/092018/SETOR/MUN/PR/ALMIRANTE TAMANDARE.XLS,/pdet/microdados/CAGED/EEC/092018/SETOR/MUN/PR,ALMIRANTE TAMANDARE.XLS,xls,23552,11-07-18 04:36PM,AUXILIAR_DOC,,,,LIST
/pdet/microdados/CAGED/EEC/092018/SETOR/MUN/PR/APUCARANA.XLS,/pdet/microdados/CAGED/EEC/092018/SETOR/MUN/PR,APUCARANA.XLS,xls,19456,11-07-18 04:36PM,AUXILIAR_DOC,,,,LIST
/pdet/microdados/CAGED/EEC/092018/SETOR/MUN/PR/ARAPONGAS.XLS,/pdet/microdados/CAGED/EEC/092018/SETOR/MUN/PR,ARAPONGAS.XLS,xls,19456,11-07-18 04:36PM,AUXILIAR_DOC,,,,LIST
/pdet/microdados/CAGED/EEC/092018/SETOR/MUN/PR/ARAUCARIA.XLS,/pdet/microdados/CAGED/EEC/092018/SETOR/MUN/PR,ARAUCARIA.XLS,xls,19456,11-07-18 04:36PM,AUXILIAR_DOC,,,,LIST
/pdet/microdados/CAGED/EEC/092018/SETOR/MUN/PR/ASSIS CHATEAUBRIAND.XLS,/pdet/microdados/CAGED/EEC/092018/SETOR/MUN/PR,ASSIS CHATEAUBRIAND.XLS,xls,19456,11-07-18 04:36PM,AUXILIAR_DOC,,,,LIST
/pdet/microdados/CAGED/EEC/092018/SETOR/MUN/PR/BANDEIRANTES.XLS,/pdet/microdados/CAGED/EEC/092018/SETOR/MUN/PR,BANDEIRANTES.XLS,xls,19456,11-07-18 04:36PM,AUXILIAR_DOC,,,,LIST
/pdet/microdados/CAGED/EEC/092018/SETOR/MUN/PR/CAMBE.XLS,/pdet/microdados/CAGED/EEC/092018/SETOR/MUN/PR,CAMBE.XLS,xls,18944,11-07-18 04:36PM,AUXILIAR_DOC,,,,LIST
/pdet/microdados/CAGED/EEC/092018/SETOR/MUN/PR/CAMPINA GRANDE DO SUL.XLS,/pdet/microdados/CAGED/EEC/092018/SETOR/MUN/PR,CAMPINA GRANDE DO SUL.XLS,xls,19456,11-07-18 04:36PM,AUXILIAR_DOC,,,SUL,LIST
/pdet/microdados/CAGED/EEC/092018/SETOR/MUN/PR/CAMPO LARGO.XLS,/pdet/microdados/CAGED/EEC/092018/SETOR/MUN/PR,CAMPO LARGO.XLS,xls,19456,11-07-18 04:36PM,AUXILIAR_DOC,,,,LIST
/pdet/microdados/CAGED/EEC/092018/SETOR/MUN/PR/CAMPO MOURAO.XLS,/pdet/microdados/CAGED/EEC/092018/SETOR/MUN/PR,CAMPO MOURAO.XLS,xls,19456,11-07-18 04:36PM,AUXILIAR_DOC,,,,LIST
/pdet/microdados/CAGED/EEC/092018/SETOR/MUN/PR/CASCAVEL.XLS,/pdet/microdados/CAGED/EEC/092018/SETOR/MUN/PR,CASCAVEL.XLS,xls,19456,11-07-18 04:36PM,AUXILIAR_DOC,,,,LIST
/pdet/microdados/CAGED/EEC/092018/SETOR/MUN/PR/CASTRO.XLS,/pdet/microdados/CAGED/EEC/092018/SETOR/MUN/PR,CASTRO.XLS,xls,19456,11-07-18 04:36PM,AUXILIAR_DOC,,,,LIST
/pdet/microdados/CAGED/EEC/092018/SETOR/MUN/PR/CIANORTE.XLS,/pdet/microdados/CAGED/EEC/092018/SETOR/MUN/PR,CIANORTE.XLS,xls,19456,11-07-18 04:36PM,AUXILIAR_DOC,,,NORTE,LIST
/pdet/microdados/CAGED/EEC/092018/SETOR/MUN/PR/COLOMBO.XLS,/pdet/microdados/CAGED/EEC/092018/SETOR/MUN/PR,COLOMBO.XLS,xls,19456,11-07-18 04:36PM,AUXILIAR_DOC,,,,LIST
/pdet/microdados/CAGED/EEC/092018/SETOR/MUN/PR/CORNELIO PROCOPIO.XLS,/pdet/microdados/CAGED/EEC/092018/SETOR/MUN/PR,CORNELIO PROCOPIO.XLS,xls,19456,11-07-18 04:36PM,AUXILIAR_DOC,,,,LIST
/pdet/microdados/CAGED/EEC/092018/SETOR/MUN/PR/CURITIBA.XLS,/pdet/microdados/CAGED/EEC/092018/SETOR/MUN/PR,CURITIBA.XLS,xls,19456,11-07-18 04:36PM,AUXILIAR_DOC,,,,LIST
/pdet/microdados/CAGED/EEC/092018/SETOR/MUN/PR/DOIS VIZINHOS.XLS,/pdet/microdados/CAGED/EEC/092018/SETOR/MUN/PR,DOIS VIZINHOS.XLS,xls,19456,11-07-18 04:36PM,AUXILIAR_DOC,,,,LIST
/pdet/microdados/CAGED/EEC/092018/SETOR/MUN/PR/FAZENDA RIO GRANDE.XLS,/pdet/microdados/CAGED/EEC/092018/SETOR/MUN/PR,FAZENDA RIO GRANDE.XLS,xls,19456,11-07-18 04:36PM,AUXILIAR_DOC,,,,LIST
/pdet/microdados/CAGED/EEC/092018/SETOR/MUN/PR/FOZ DO IGUACU.XLS,/pdet/microdados/CAGED/EEC/092018/SETOR/MUN/PR,FOZ DO IGUACU.XLS,xls,19456,11-07-18 04:36PM,AUXILIAR_DOC,,,,LIST
/pdet/microdados/CAGED/EEC/092018/SETOR/MUN/PR/FRANCISCO BELTRAO.XLS,/pdet/microdados/CAGED/EEC/092018/SETOR/MUN/PR,FRANCISCO BELTRAO.XLS,xls,19456,11-07-18 04:36PM,AUXILIAR_DOC,,,,LIST
/pdet/microdados/CAGED/EEC/092018/SETOR/MUN/PR/GUAIRA.XLS,/pdet/microdados/CAGED/EEC/092018/SETOR/MUN/PR,GUAIRA.XLS,xls,19456,11-07-18 04:36PM,AUXILIAR_DOC,,,,LIST
/pdet/microdados/CAGED/EEC/092018/SETOR/MUN/PR/GUARAPUAVA.XLS,/pdet/microdados/CAGED/EEC/092018/SETOR/MUN/PR,GUARAPUAVA.XLS,xls,19456,11-07-18 04:36PM,AUXILIAR_DOC,,,,LIST
/pdet/microdados/CAGED/EEC/092018/SETOR/MUN/PR/GUARATUBA.XLS,/pdet/microdados/CAGED/EEC/092018/SETOR/MUN/PR,GUARATUBA.XLS,xls,19456,11-07-18 04:36PM,AUXILIAR_DOC,,,,LIST
/pdet/microdados/CAGED/EEC/092018/SETOR/MUN/PR/IBIPORA.XLS,/pdet/microdados/CAGED/EEC/092018/SETOR/MUN/PR,IBIPORA.XLS,xls,19456,11-07-18 04:36PM,AUXILIAR_DOC,,,,LIST
/pdet/microdados/CAGED/EEC/092018/SETOR/MUN/PR/IRATI.XLS,/pdet/microdados/CAGED/EEC/092018/SETOR/MUN/PR,IRATI.XLS,xls,23552,11-07-18 04:36PM,AUXILIAR_DOC,,,,LIST
/pdet/microdados/CAGED/EEC/092018/SETOR/MUN/PR/IVAIPORA.XLS,/pdet/microdados/CAGED/EEC/092018/SETOR/MUN/PR,IVAIPORA.XLS,xls,19456,11-07-18 04:36PM,AUXILIAR_DOC,,,,LIST
/pdet/microdados/CAGED/EEC/092018/SETOR/MUN/PR/JACAREZINHO.XLS,/pdet/microdados/CAGED/EEC/092018/SETOR/MUN/PR,JACAREZINHO.XLS,xls,19456,11-07-18 04:36PM,AUXILIAR_DOC,,,,LIST
/pdet/microdados/CAGED/EEC/092018/SETOR/MUN/PR/JAGUARIAIVA.XLS,/pdet/microdados/CAGED/EEC/092018/SETOR/MUN/PR,JAGUARIAIVA.XLS,xls,19456,11-07-18 04:36PM,AUXILIAR_DOC,,,,LIST
/pdet/microdados/CAGED/EEC/092018/SETOR/MUN/PR/LAPA.XLS,/pdet/microdados/CAGED/EEC/092018/SETOR/MUN/PR,LAPA.XLS,xls,19456,11-07-18 04:36PM,AUXILIAR_DOC,,,,LIST
/pdet/microdados/CAGED/EEC/092018/SETOR/MUN/PR/LARANJEIRAS DO SUL.XLS,/pdet/microdados/CAGED/EEC/092018/SETOR/MUN/PR,LARANJEIRAS DO SUL.XLS,xls,19456,11-07-18 04:36PM,AUXILIAR_DOC,,,SUL,LIST
/pdet/microdados/CAGED/EEC/092018/SETOR/MUN/PR/LONDRINA.XLS,/pdet/microdados/CAGED/EEC/092018/SETOR/MUN/PR,LONDRINA.XLS,xls,19456,11-07-18 04:36PM,AUXILIAR_DOC,,,,LIST
/pdet/microdados/CAGED/EEC/092018/SETOR/MUN/PR/MANDAGUARI.XLS,/pdet/microdados/CAGED/EEC/092018/SETOR/MUN/PR,MANDAGUARI.XLS,xls,19456,11-07-18 04:36PM,AUXILIAR_DOC,,,,LIST
/pdet/microdados/CAGED/EEC/092018/SETOR/MUN/PR/MARECHAL CANDIDO RONDON.XLS,/pdet/microdados/CAGED/EEC/092018/SETOR/MUN/PR,MARECHAL CANDIDO RONDON.XLS,xls,19456,11-07-18 04:36PM,AUXILIAR_DOC,,,,LIST
/pdet/microdados/CAGED/EEC/092018/SETOR/MUN/PR/MARIALVA.XLS,/pdet/microdados/CAGED/EEC/092018/SETOR/MUN/PR,MARIALVA.XLS,xls,19456,11-07-18 04:36PM,AUXILIAR_DOC,,,,LIST
/pdet/microdados/CAGED/EEC/092018/SETOR/MUN/PR/MARINGA.XLS,/pdet/microdados/CAGED/EEC/092018/SETOR/MUN/PR,MARINGA.XLS,xls,19456,11-07-18 04:36PM,AUXILIAR_DOC,,,,LIST
/pdet/microdados/CAGED/EEC/092018/SETOR/MUN/PR/MEDIANEIRA.XLS,/pdet/microdados/CAGED/EEC/092018/SETOR/MUN/PR,MEDIANEIRA.XLS,xls,19456,11-07-18 04:36PM,AUXILIAR_DOC,,,,LIST
/pdet/microdados/CAGED/EEC/092018/SETOR/MUN/PR/PAICANDU.XLS,/pdet/microdados/CAGED/EEC/092018/SETOR/MUN/PR,PAICANDU.XLS,xls,19456,11-07-18 04:36PM,AUXILIAR_DOC,,,,LIST
/pdet/microdados/CAGED/EEC/092018/SETOR/MUN/PR/PALMAS.XLS,/pdet/microdados/CAGED/EEC/092018/SETOR/MUN/PR,PALMAS.XLS,xls,18944,11-07-18 04:36PM,AUXILIAR_DOC,,,,LIST
/pdet/microdados/CAGED/EEC/092018/SETOR/MUN/PR/PALMEIRA.XLS,/pdet/microdados/CAGED/EEC/092018/SETOR/MUN/PR,PALMEIRA.XLS,xls,19456,11-07-18 04:36PM,AUXILIAR_DOC,,,,LIST
/pdet/microdados/CAGED/EEC/092018/SETOR/MUN/PR/PARANAGUA.XLS,/pdet/microdados/CAGED/EEC/092018/SETOR/MUN/PR,PARANAGUA.XLS,xls,19456,11-07-18 04:36PM,AUXILIAR_DOC,,,,LIST
/pdet/microdados/CAGED/EEC/092018/SETOR/MUN/PR/PARANAVAI.XLS,/pdet/microdados/CAGED/EEC/092018/SETOR/MUN/PR,PARANAVAI.XLS,xls,19456,11-07-18 04:36PM,AUXILIAR_DOC,,,,LIST
/pdet/microdados/CAGED/EEC/092018/SETOR/MUN/PR/PATO BRANCO.XLS,/pdet/microdados/CAGED/EEC/092018/SETOR/MUN/PR,PATO BRANCO.XLS,xls,23552,11-07-18 04:36PM,AUXILIAR_DOC,,,,LIST
/pdet/microdados/CAGED/EEC/092018/SETOR/MUN/PR/PINHAIS.XLS,/pdet/microdados/CAGED/EEC/092018/SETOR/MUN/PR,PINHAIS.XLS,xls,19456,11-07-18 04:36PM,AUXILIAR_DOC,,,,LIST
/pdet/microdados/CAGED/EEC/092018/SETOR/MUN/PR/PINHAO.XLS,/pdet/microdados/CAGED/EEC/092018/SETOR/MUN/PR,PINHAO.XLS,xls,18944,11-07-18 04:36PM,AUXILIAR_DOC,,,,LIST
/pdet/microdados/CAGED/EEC/092018/SETOR/MUN/PR/PIRAQUARA.XLS,/pdet/microdados/CAGED/EEC/092018/SETOR/MUN/PR,PIRAQUARA.XLS,xls,19456,11-07-18 04:36PM,AUXILIAR_DOC,,,,LIST
/pdet/microdados/CAGED/EEC/092018/SETOR/MUN/PR/PITANGA.XLS,/pdet/microdados/CAGED/EEC/092018/SETOR/MUN/PR,PITANGA.XLS,xls,19456,11-07-18 04:36PM,AUXILIAR_DOC,,,,LIST
/pdet/microdados/CAGED/EEC/092018/SETOR/MUN/PR/PONTA GROSSA.XLS,/pdet/microdados/CAGED/EEC/092018/SETOR/MUN/PR,PONTA GROSSA.XLS,xls,19456,11-07-18 04:36PM,AUXILIAR_DOC,,,,LIST
/pdet/microdados/CAGED/EEC/092018/SETOR/MUN/PR/PRUDENTOPOLIS.XLS,/pdet/microdados/CAGED/EEC/092018/SETOR/MUN/PR,PRUDENTOPOLIS.XLS,xls,19456,11-07-18 04:36PM,AUXILIAR_DOC,,,,LIST
/pdet/microdados/CAGED/EEC/092018/SETOR/MUN/PR/QUEDAS DO IGUACU.XLS,/pdet/microdados/CAGED/EEC/092018/SETOR/MUN/PR,QUEDAS DO IGUACU.XLS,xls,19456,11-07-18 04:36PM,AUXILIAR_DOC,,,,LIST
/pdet/microdados/CAGED/EEC/092018/SETOR/MUN/PR/RIO BRANCO DO SUL.XLS,/pdet/microdados/CAGED/EEC/092018/SETOR/MUN/PR,RIO BRANCO DO SUL.XLS,xls,19456,11-07-18 04:36PM,AUXILIAR_DOC,,,SUL,LIST
/pdet/microdados/CAGED/EEC/092018/SETOR/MUN/PR/RIO NEGRO.XLS,/pdet/microdados/CAGED/EEC/092018/SETOR/MUN/PR,RIO NEGRO.XLS,xls,19456,11-07-18 04:36PM,AUXILIAR_DOC,,,,LIST
/pdet/microdados/CAGED/EEC/092018/SETOR/MUN/PR/ROLANDIA.XLS,/pdet/microdados/CAGED/EEC/092018/SETOR/MUN/PR,ROLANDIA.XLS,xls,19456,11-07-18 04:36PM,AUXILIAR_DOC,,,,LIST
/pdet/microdados/CAGED/EEC/092018/SETOR/MUN/PR/SANTO ANTONIO DA PLATINA.XLS,/pdet/microdados/CAGED/EEC/092018/SETOR/MUN/PR,SANTO ANTONIO DA PLATINA.XLS,xls,19456,11-07-18 04:36PM,AUXILIAR_DOC,,,,LIST
/pdet/microdados/CAGED/EEC/092018/SETOR/MUN/PR/SAO JOSE DOS PINHAIS.XLS,/pdet/microdados/CAGED/EEC/092018/SETOR/MUN/PR,SAO JOSE DOS PINHAIS.XLS,xls,19456,11-07-18 04:36PM,AUXILIAR_DOC,,,,LIST
/pdet/microdados/CAGED/EEC/092018/SETOR/MUN/PR/SAO MATEUS DO SUL.XLS,/pdet/microdados/CAGED/EEC/092018/SETOR/MUN/PR,SAO MATEUS DO SUL.XLS,xls,19456,11-07-18 04:36PM,AUXILIAR_DOC,,,SUL,LIST
/pdet/microdados/CAGED/EEC/092018/SETOR/MUN/PR/SARANDI.XLS,/pdet/microdados/CAGED/EEC/092018/SETOR/MUN/PR,SARANDI.XLS,xls,19456,11-07-18 04:36PM,AUXILIAR_DOC,,,,LIST
/pdet/microdados/CAGED/EEC/092018/SETOR/MUN/PR/TELEMACO BORBA.XLS,/pdet/microdados/CAGED/EEC/092018/SETOR/MUN/PR,TELEMACO BORBA.XLS,xls,19456,11-07-18 04:36PM,AUXILIAR_DOC,,,,LIST
/pdet/microdados/CAGED/EEC/092018/SETOR/MUN/PR/TOLEDO.XLS,/pdet/microdados/CAGED/EEC/092018/SETOR/MUN/PR,TOLEDO.XLS,xls,19456,11-07-18 04:36PM,AUXILIAR_DOC,,,,LIST
/pdet/microdados/CAGED/EEC/092018/SETOR/MUN/PR/Total_PR.XLS,/pdet/microdados/CAGED/EEC/092018/SETOR/MUN/PR,Total_PR.XLS,xls,38400,11-07-18 04:36PM,AUXILIAR_DOC,,,PR,LIST
/pdet/microdados/CAGED/EEC/092018/SETOR/MUN/PR/UMUARAMA.XLS,/pdet/microdados/CAGED/EEC/092018/SETOR/MUN/PR,UMUARAMA.XLS,xls,19456,11-07-18 04:36PM,AUXILIAR_DOC,,,,LIST
/pdet/microdados/CAGED/EEC/092018/SETOR/MUN/PR/UNIAO DA VITORIA.XLS,/pdet/microdados/CAGED/EEC/092018/SETOR/MUN/PR,UNIAO DA VITORIA.XLS,xls,19456,11-07-18 04:36PM,AUXILIAR_DOC,,,,LIST
/pdet/microdados/CAGED/EEC/092018/SETOR/MUN/RJ/ANGRA DOS REIS.XLS,/pdet/microdados/CAGED/EEC/092018/SETOR/MUN/RJ,ANGRA DOS REIS.XLS,xls,19456,11-07-18 04:36PM,AUXILIAR_DOC,,,,LIST
/pdet/microdados/CAGED/EEC/092018/SETOR/MUN/RJ/ARARUAMA.XLS,/pdet/microdados/CAGED/EEC/092018/SETOR/MUN/RJ,ARARUAMA.XLS,xls,19456,11-07-18 04:36PM,AUXILIAR_DOC,,,,LIST
/pdet/microdados/CAGED/EEC/092018/SETOR/MUN/RJ/BARRA DO PIRAI.XLS,/pdet/microdados/CAGED/EEC/092018/SETOR/MUN/RJ,BARRA DO PIRAI.XLS,xls,19456,11-07-18 04:36PM,AUXILIAR_DOC,,,,LIST
/pdet/microdados/CAGED/EEC/092018/SETOR/MUN/RJ/BARRA MANSA.XLS,/pdet/microdados/CAGED/EEC/092018/SETOR/MUN/RJ,BARRA MANSA.XLS,xls,19456,11-07-18 04:36PM,AUXILIAR_DOC,,,,LIST
/pdet/microdados/CAGED/EEC/092018/SETOR/MUN/RJ/BELFORD ROXO.XLS,/pdet/microdados/CAGED/EEC/092018/SETOR/MUN/RJ,BELFORD ROXO.XLS,xls,19456,11-07-18 04:36PM,AUXILIAR_DOC,,,,LIST
/pdet/microdados/CAGED/EEC/092018/SETOR/MUN/RJ/BOM JESUS DO ITABAPOANA.XLS,/pdet/microdados/CAGED/EEC/092018/SETOR/MUN/RJ,BOM JESUS DO ITABAPOANA.XLS,xls,19456,11-07-18 04:36PM,AUXILIAR_DOC,,,,LIST
/pdet/microdados/CAGED/EEC/092018/SETOR/MUN/RJ/CABO FRIO.XLS,/pdet/microdados/CAGED/EEC/092018/SETOR/MUN/RJ,CABO FRIO.XLS,xls,19456,11-07-18 04:36PM,AUXILIAR_DOC,,,,LIST
/pdet/microdados/CAGED/EEC/092018/SETOR/MUN/RJ/CACHOEIRAS DE MACACU.XLS,/pdet/microdados/CAGED/EEC/092018/SETOR/MUN/RJ,CACHOEIRAS DE MACACU.XLS,xls,19456,11-07-18 04:36PM,AUXILIAR_DOC,,,,LIST
/pdet/microdados/CAGED/EEC/092018/SETOR/MUN/RJ/CAMPOS DOS GOYTACAZES.XLS,/pdet/microdados/CAGED/EEC/092018/SETOR/MUN/RJ,CAMPOS DOS GOYTACAZES.XLS,xls,19456,11-07-18 04:36PM,AUXILIAR_DOC,,,,LIST
/pdet/microdados/CAGED/EEC/092018/SETOR/MUN/RJ/CASIMIRO DE ABREU.XLS,/pdet/microdados/CAGED/EEC/092018/SETOR/MUN/RJ,CASIMIRO DE ABREU.XLS,xls,19456,11-07-18 04:36PM,AUXILIAR_DOC,,,,LIST
/pdet/microdados/CAGED/EEC/092018/SETOR/MUN/RJ/DUQUE DE CAXIAS.XLS,/pdet/microdados/CAGED/EEC/092018/SETOR/MUN/RJ,DUQUE DE CAXIAS.XLS,xls,19456,11-07-18 04:36PM,AUXILIAR_DOC,,,,LIST
/pdet/microdados/CAGED/EEC/092018/SETOR/MUN/RJ/GUAPIMIRIM.XLS,/pdet/microdados/CAGED/EEC/092018/SETOR/MUN/RJ,GUAPIMIRIM.XLS,xls,19456,11-07-18 04:36PM,AUXILIAR_DOC,,,,LIST
/pdet/microdados/CAGED/EEC/092018/SETOR/MUN/RJ/ITABORAI.XLS,/pdet/microdados/CAGED/EEC/092018/SETOR/MUN/RJ,ITABORAI.XLS,xls,23552,11-07-18 04:36PM,AUXILIAR_DOC,,,,LIST
/pdet/microdados/CAGED/EEC/092018/SETOR/MUN/RJ/ITAGUAI.XLS,/pdet/microdados/CAGED/EEC/092018/SETOR/MUN/RJ,ITAGUAI.XLS,xls,23552,11-07-18 04:36PM,AUXILIAR_DOC,,,,LIST
/pdet/microdados/CAGED/EEC/092018/SETOR/MUN/RJ/ITAPERUNA.XLS,/pdet/microdados/CAGED/EEC/092018/SETOR/MUN/RJ,ITAPERUNA.XLS,xls,19456,11-07-18 04:36PM,AUXILIAR_DOC,,,,LIST
/pdet/microdados/CAGED/EEC/092018/SETOR/MUN/RJ/JAPERI.XLS,/pdet/microdados/CAGED/EEC/092018/SETOR/MUN/RJ,JAPERI.XLS,xls,19456,11-07-18 04:36PM,AUXILIAR_DOC,,,,LIST
/pdet/microdados/CAGED/EEC/092018/SETOR/MUN/RJ/MACAE.XLS,/pdet/microdados/CAGED/EEC/092018/SETOR/MUN/RJ,MACAE.XLS,xls,19456,11-07-18 04:36PM,AUXILIAR_DOC,,,,LIST
/pdet/microdados/CAGED/EEC/092018/SETOR/MUN/RJ/MAGE.XLS,/pdet/microdados/CAGED/EEC/092018/SETOR/MUN/RJ,MAGE.XLS,xls,19456,11-07-18 04:36PM,AUXILIAR_DOC,,,,LIST
/pdet/microdados/CAGED/EEC/092018/SETOR/MUN/RJ/MANGARATIBA.XLS,/pdet/microdados/CAGED/EEC/092018/SETOR/MUN/RJ,MANGARATIBA.XLS,xls,19456,11-07-18 04:36PM,AUXILIAR_DOC,,,,LIST
/pdet/microdados/CAGED/EEC/092018/SETOR/MUN/RJ/MARICA.XLS,/pdet/microdados/CAGED/EEC/092018/SETOR/MUN/RJ,MARICA.XLS,xls,19456,11-07-18 04:36PM,AUXILIAR_DOC,,,,LIST
/pdet/microdados/CAGED/EEC/092018/SETOR/MUN/RJ/MESQUITA.XLS,/pdet/microdados/CAGED/EEC/092018/SETOR/MUN/RJ,MESQUITA.XLS,xls,18944,11-07-18 04:36PM,AUXILIAR_DOC,,,,LIST
/pdet/microdados/CAGED/EEC/092018/SETOR/MUN/RJ/NILOPOLIS.XLS,/pdet/microdados/CAGED/EEC/092018/SETOR/MUN/RJ,NILOPOLIS.XLS,xls,19456,11-07-18 04:36PM,AUXILIAR_DOC,,,,LIST
/pdet/microdados/CAGED/EEC/092018/SETOR/MUN/RJ/NITEROI.XLS,/pdet/microdados/CAGED/EEC/092018/SETOR/MUN/RJ,NITEROI.XLS,xls,19456,11-07-18 04:36PM,AUXILIAR_DOC,,,,LIST
/pdet/microdados/CAGED/EEC/092018/SETOR/MUN/RJ/NOVA FRIBURGO.XLS,/pdet/microdados/CAGED/EEC/092018/SETOR/MUN/RJ,NOVA FRIBURGO.XLS,xls,19456,11-07-18 04:36PM,AUXILIAR_DOC,,,,LIST
/pdet/microdados/CAGED/EEC/092018/SETOR/MUN/RJ/NOVA IGUACU.XLS,/pdet/microdados/CAGED/EEC/092018/SETOR/MUN/RJ,NOVA IGUACU.XLS,xls,19456,11-07-18 04:36PM,AUXILIAR_DOC,,,,LIST
/pdet/microdados/CAGED/EEC/092018/SETOR/MUN/RJ/PARACAMBI.XLS,/pdet/microdados/CAGED/EEC/092018/SETOR/MUN/RJ,PARACAMBI.XLS,xls,23552,11-07-18 04:36PM,AUXILIAR_DOC,,,,LIST
/pdet/microdados/CAGED/EEC/092018/SETOR/MUN/RJ/PARAIBA DO SUL.XLS,/pdet/microdados/CAGED/EEC/092018/SETOR/MUN/RJ,PARAIBA DO SUL.XLS,xls,19456,11-07-18 04:36PM,AUXILIAR_DOC,,,SUL,LIST
/pdet/microdados/CAGED/EEC/092018/SETOR/MUN/RJ/PARATI.XLS,/pdet/microdados/CAGED/EEC/092018/SETOR/MUN/RJ,PARATI.XLS,xls,19456,11-07-18 04:36PM,AUXILIAR_DOC,,,,LIST
/pdet/microdados/CAGED/EEC/092018/SETOR/MUN/RJ/PETROPOLIS.XLS,/pdet/microdados/CAGED/EEC/092018/SETOR/MUN/RJ,PETROPOLIS.XLS,xls,19456,11-07-18 04:36PM,AUXILIAR_DOC,,,,LIST
/pdet/microdados/CAGED/EEC/092018/SETOR/MUN/RJ/QUEIMADOS.XLS,/pdet/microdados/CAGED/EEC/092018/SETOR/MUN/RJ,QUEIMADOS.XLS,xls,19456,11-07-18 04:36PM,AUXILIAR_DOC,,,,LIST
/pdet/microdados/CAGED/EEC/092018/SETOR/MUN/RJ/RESENDE.XLS,/pdet/microdados/CAGED/EEC/092018/SETOR/MUN/RJ,RESENDE.XLS,xls,19456,11-07-18 04:36PM,AUXILIAR_DOC,,,,LIST
/pdet/microdados/CAGED/EEC/092018/SETOR/MUN/RJ/RIO BONITO.XLS,/pdet/microdados/CAGED/EEC/092018/SETOR/MUN/RJ,RIO BONITO.XLS,xls,19456,11-07-18 04:36PM,AUXILIAR_DOC,,,,LIST
/pdet/microdados/CAGED/EEC/092018/SETOR/MUN/RJ/RIO DAS OSTRAS.XLS,/pdet/microdados/CAGED/EEC/092018/SETOR/MUN/RJ,RIO DAS OSTRAS.XLS,xls,19456,11-07-18 04:36PM,AUXILIAR_DOC,,,,LIST
/pdet/microdados/CAGED/EEC/092018/SETOR/MUN/RJ/RIO DE JANEIRO.XLS,/pdet/microdados/CAGED/EEC/092018/SETOR/MUN/RJ,RIO DE JANEIRO.XLS,xls,23552,11-07-18 04:36PM,AUXILIAR_DOC,,,,LIST
/pdet/microdados/CAGED/EEC/092018/SETOR/MUN/RJ/SANTO ANTONIO DE PADUA.XLS,/pdet/microdados/CAGED/EEC/092018/SETOR/MUN/RJ,SANTO ANTONIO DE PADUA.XLS,xls,19456,11-07-18 04:36PM,AUXILIAR_DOC,,,,LIST
/pdet/microdados/CAGED/EEC/092018/SETOR/MUN/RJ/SAO FIDELIS.XLS,/pdet/microdados/CAGED/EEC/092018/SETOR/MUN/RJ,SAO FIDELIS.XLS,xls,19456,11-07-18 04:36PM,AUXILIAR_DOC,,,,LIST
/pdet/microdados/CAGED/EEC/092018/SETOR/MUN/RJ/SAO FRANCISCO DE ITABAPOANA.XLS,/pdet/microdados/CAGED/EEC/092018/SETOR/MUN/RJ,SAO FRANCISCO DE ITABAPOANA.XLS,xls,19456,11-07-18 04:36PM,AUXILIAR_DOC,,,,LIST
/pdet/microdados/CAGED/EEC/092018/SETOR/MUN/RJ/SAO GONCALO.XLS,/pdet/microdados/CAGED/EEC/092018/SETOR/MUN/RJ,SAO GONCALO.XLS,xls,19456,11-07-18 04:36PM,AUXILIAR_DOC,,,,LIST
/pdet/microdados/CAGED/EEC/092018/SETOR/MUN/RJ/SAO JOAO DA BARRA.XLS,/pdet/microdados/CAGED/EEC/092018/SETOR/MUN/RJ,SAO JOAO DA BARRA.XLS,xls,19456,11-07-18 04:36PM,AUXILIAR_DOC,,,,LIST
/pdet/microdados/CAGED/EEC/092018/SETOR/MUN/RJ/SAO JOAO DE MERITI.XLS,/pdet/microdados/CAGED/EEC/092018/SETOR/MUN/RJ,SAO JOAO DE MERITI.XLS,xls,19456,11-07-18 04:36PM,AUXILIAR_DOC,,,,LIST
/pdet/microdados/CAGED/EEC/092018/SETOR/MUN/RJ/SAO PEDRO DA ALDEIA.XLS,/pdet/microdados/CAGED/EEC/092018/SETOR/MUN/RJ,SAO PEDRO DA ALDEIA.XLS,xls,19456,11-07-18 04:36PM,AUXILIAR_DOC,,,,LIST
/pdet/microdados/CAGED/EEC/092018/SETOR/MUN/RJ/SAQUAREMA.XLS,/pdet/microdados/CAGED/EEC/092018/SETOR/MUN/RJ,SAQUAREMA.XLS,xls,19456,11-07-18 04:36PM,AUXILIAR_DOC,,,,LIST
/pdet/microdados/CAGED/EEC/092018/SETOR/MUN/RJ/SEROPEDICA.XLS,/pdet/microdados/CAGED/EEC/092018/SETOR/MUN/RJ,SEROPEDICA.XLS,xls,19456,11-07-18 04:36PM,AUXILIAR_DOC,,,,LIST
/pdet/microdados/CAGED/EEC/092018/SETOR/MUN/RJ/TANGUA.XLS,/pdet/microdados/CAGED/EEC/092018/SETOR/MUN/RJ,TANGUA.XLS,xls,19456,11-07-18 04:36PM,AUXILIAR_DOC,,,,LIST
/pdet/microdados/CAGED/EEC/092018/SETOR/MUN/RJ/TERESOPOLIS.XLS,/pdet/microdados/CAGED/EEC/092018/SETOR/MUN/RJ,TERESOPOLIS.XLS,xls,19456,11-07-18 04:36PM,AUXILIAR_DOC,,,,LIST
/pdet/microdados/CAGED/EEC/092018/SETOR/MUN/RJ/Total_RJ.XLS,/pdet/microdados/CAGED/EEC/092018/SETOR/MUN/RJ,Total_RJ.XLS,xls,34304,11-07-18 04:36PM,AUXILIAR_DOC,,,RJ,LIST
/pdet/microdados/CAGED/EEC/092018/SETOR/MUN/RJ/TRES RIOS.XLS,/pdet/microdados/CAGED/EEC/092018/SETOR/MUN/RJ,TRES RIOS.XLS,xls,19456,11-07-18 04:36PM,AUXILIAR_DOC,,,,LIST
/pdet/microdados/CAGED/EEC/092018/SETOR/MUN/RJ/VALENCA.XLS,/pdet/microdados/CAGED/EEC/092018/SETOR/MUN/RJ,VALENCA.XLS,xls,19456,11-07-18 04:36PM,AUXILIAR_DOC,,,,LIST
/pdet/microdados/CAGED/EEC/092018/SETOR/MUN/RJ/VASSOURAS.XLS,/pdet/microdados/CAGED/EEC/092018/SETOR/MUN/RJ,VASSOURAS.XLS,xls,19456,11-07-18 04:37PM,AUXILIAR_DOC,,,,LIST
/pdet/microdados/CAGED/EEC/092018/SETOR/MUN/RJ/VOLTA REDONDA.XLS,/pdet/microdados/CAGED/EEC/092018/SETOR/MUN/RJ,VOLTA REDONDA.XLS,xls,19456,11-07-18 04:37PM,AUXILIAR_DOC,,,,LIST
/pdet/microdados/CAGED/EEC/092018/SETOR/MUN/RN/ACU.XLS,/pdet/microdados/CAGED/EEC/092018/SETOR/MUN/RN,ACU.XLS,xls,19456,11-07-18 04:37PM,AUXILIAR_DOC,,,,LIST
/pdet/microdados/CAGED/EEC/092018/SETOR/MUN/RN/APODI.XLS,/pdet/microdados/CAGED/EEC/092018/SETOR/MUN/RN,APODI.XLS,xls,19456,11-07-18 04:37PM,AUXILIAR_DOC,,,,LIST
/pdet/microdados/CAGED/EEC/092018/SETOR/MUN/RN/CAICO.XLS,/pdet/microdados/CAGED/EEC/092018/SETOR/MUN/RN,CAICO.XLS,xls,19456,11-07-18 04:37PM,AUXILIAR_DOC,,,,LIST
/pdet/microdados/CAGED/EEC/092018/SETOR/MUN/RN/CANGUARETAMA.XLS,/pdet/microdados/CAGED/EEC/092018/SETOR/MUN/RN,CANGUARETAMA.XLS,xls,18944,11-07-18 04:37PM,AUXILIAR_DOC,,,,LIST
/pdet/microdados/CAGED/EEC/092018/SETOR/MUN/RN/CEARA-MIRIM.XLS,/pdet/microdados/CAGED/EEC/092018/SETOR/MUN/RN,CEARA-MIRIM.XLS,xls,19456,11-07-18 04:37PM,AUXILIAR_DOC,,,,LIST
/pdet/microdados/CAGED/EEC/092018/SETOR/MUN/RN/CURRAIS NOVOS.XLS,/pdet/microdados/CAGED/EEC/092018/SETOR/MUN/RN,CURRAIS NOVOS.XLS,xls,19456,11-07-18 04:37PM,AUXILIAR_DOC,,,,LIST
/pdet/microdados/CAGED/EEC/092018/SETOR/MUN/RN/JOAO CAMARA.XLS,/pdet/microdados/CAGED/EEC/092018/SETOR/MUN/RN,JOAO CAMARA.XLS,xls,19456,11-07-18 04:37PM,AUXILIAR_DOC,,,,LIST
/pdet/microdados/CAGED/EEC/092018/SETOR/MUN/RN/MACAIBA.XLS,/pdet/microdados/CAGED/EEC/092018/SETOR/MUN/RN,MACAIBA.XLS,xls,23552,11-07-18 04:37PM,AUXILIAR_DOC,,,,LIST
/pdet/microdados/CAGED/EEC/092018/SETOR/MUN/RN/MOSSORO.XLS,/pdet/microdados/CAGED/EEC/092018/SETOR/MUN/RN,MOSSORO.XLS,xls,19456,11-07-18 04:37PM,AUXILIAR_DOC,,,,LIST
/pdet/microdados/CAGED/EEC/092018/SETOR/MUN/RN/NATAL.XLS,/pdet/microdados/CAGED/EEC/092018/SETOR/MUN/RN,NATAL.XLS,xls,19456,11-07-18 04:37PM,AUXILIAR_DOC,,,,LIST
/pdet/microdados/CAGED/EEC/092018/SETOR/MUN/RN/NOVA CRUZ.XLS,/pdet/microdados/CAGED/EEC/092018/SETOR/MUN/RN,NOVA CRUZ.XLS,xls,18944,11-07-18 04:37PM,AUXILIAR_DOC,,,,LIST
/pdet/microdados/CAGED/EEC/092018/SETOR/MUN/RN/PARNAMIRIM.XLS,/pdet/microdados/CAGED/EEC/092018/SETOR/MUN/RN,PARNAMIRIM.XLS,xls,19456,11-07-18 04:37PM,AUXILIAR_DOC,,,,LIST
/pdet/microdados/CAGED/EEC/092018/SETOR/MUN/RN/SANTA CRUZ.XLS,/pdet/microdados/CAGED/EEC/092018/SETOR/MUN/RN,SANTA CRUZ.XLS,xls,19456,11-07-18 04:37PM,AUXILIAR_DOC,,,,LIST
/pdet/microdados/CAGED/EEC/092018/SETOR/MUN/RN/SAO GONCALO DO AMARANTE.XLS,/pdet/microdados/CAGED/EEC/092018/SETOR/MUN/RN,SAO GONCALO DO AMARANTE.XLS,xls,19456,11-07-18 04:37PM,AUXILIAR_DOC,,,,LIST
/pdet/microdados/CAGED/EEC/092018/SETOR/MUN/RN/SAO JOSE DE MIPIBU.XLS,/pdet/microdados/CAGED/EEC/092018/SETOR/MUN/RN,SAO JOSE DE MIPIBU.XLS,xls,19456,11-07-18 04:37PM,AUXILIAR_DOC,,,,LIST
/pdet/microdados/CAGED/EEC/092018/SETOR/MUN/RN/Total_RN.XLS,/pdet/microdados/CAGED/EEC/092018/SETOR/MUN/RN,Total_RN.XLS,xls,22528,11-07-18 04:37PM,AUXILIAR_DOC,,,RN,LIST
/pdet/microdados/CAGED/EEC/092018/SETOR/MUN/RN/TOUROS.XLS,/pdet/microdados/CAGED/EEC/092018/SETOR/MUN/RN,TOUROS.XLS,xls,19456,11-07-18 04:37PM,AUXILIAR_DOC,,,,LIST
/pdet/microdados/CAGED/EEC/092018/SETOR/MUN/RO/ARIQUEMES.XLS,/pdet/microdados/CAGED/EEC/092018/SETOR/MUN/RO,ARIQUEMES.XLS,xls,19456,11-07-18 04:37PM,AUXILIAR_DOC,,,,LIST
/pdet/microdados/CAGED/EEC/092018/SETOR/MUN/RO/BURITIS.XLS,/pdet/microdados/CAGED/EEC/092018/SETOR/MUN/RO,BURITIS.XLS,xls,19456,11-07-18 04:37PM,AUXILIAR_DOC,,,,LIST
/pdet/microdados/CAGED/EEC/092018/SETOR/MUN/RO/CACOAL.XLS,/pdet/microdados/CAGED/EEC/092018/SETOR/MUN/RO,CACOAL.XLS,xls,23552,11-07-18 04:37PM,AUXILIAR_DOC,,,,LIST
/pdet/microdados/CAGED/EEC/092018/SETOR/MUN/RO/GUAJARA-MIRIM.XLS,/pdet/microdados/CAGED/EEC/092018/SETOR/MUN/RO,GUAJARA-MIRIM.XLS,xls,19456,11-07-18 04:37PM,AUXILIAR_DOC,,,,LIST
/pdet/microdados/CAGED/EEC/092018/SETOR/MUN/RO/JARU.XLS,/pdet/microdados/CAGED/EEC/092018/SETOR/MUN/RO,JARU.XLS,xls,19456,11-07-18 04:37PM,AUXILIAR_DOC,,,,LIST
/pdet/microdados/CAGED/EEC/092018/SETOR/MUN/RO/JI-PARANA.XLS,/pdet/microdados/CAGED/EEC/092018/SETOR/MUN/RO,JI-PARANA.XLS,xls,19456,11-07-18 04:37PM,AUXILIAR_DOC,,,,LIST
/pdet/microdados/CAGED/EEC/092018/SETOR/MUN/RO/MACHADINHO D OESTE.XLS,/pdet/microdados/CAGED/EEC/092018/SETOR/MUN/RO,MACHADINHO D OESTE.XLS,xls,19456,11-07-18 04:37PM,AUXILIAR_DOC,,,,LIST
/pdet/microdados/CAGED/EEC/092018/SETOR/MUN/RO/OURO PRETO DO OESTE.XLS,/pdet/microdados/CAGED/EEC/092018/SETOR/MUN/RO,OURO PRETO DO OESTE.XLS,xls,19456,11-07-18 04:37PM,AUXILIAR_DOC,,,,LIST
/pdet/microdados/CAGED/EEC/092018/SETOR/MUN/RO/PIMENTA BUENO.XLS,/pdet/microdados/CAGED/EEC/092018/SETOR/MUN/RO,PIMENTA BUENO.XLS,xls,19456,11-07-18 04:37PM,AUXILIAR_DOC,,,,LIST
/pdet/microdados/CAGED/EEC/092018/SETOR/MUN/RO/PORTO VELHO.XLS,/pdet/microdados/CAGED/EEC/092018/SETOR/MUN/RO,PORTO VELHO.XLS,xls,19456,11-07-18 04:37PM,AUXILIAR_DOC,,,,LIST
/pdet/microdados/CAGED/EEC/092018/SETOR/MUN/RO/ROLIM DE MOURA.XLS,/pdet/microdados/CAGED/EEC/092018/SETOR/MUN/RO,ROLIM DE MOURA.XLS,xls,23552,11-07-18 04:37PM,AUXILIAR_DOC,,,,LIST
/pdet/microdados/CAGED/EEC/092018/SETOR/MUN/RO/Total_RO.XLS,/pdet/microdados/CAGED/EEC/092018/SETOR/MUN/RO,Total_RO.XLS,xls,20992,11-07-18 04:37PM,AUXILIAR_DOC,,,RO,LIST
/pdet/microdados/CAGED/EEC/092018/SETOR/MUN/RO/VILHENA.XLS,/pdet/microdados/CAGED/EEC/092018/SETOR/MUN/RO,VILHENA.XLS,xls,19456,11-07-18 04:37PM,AUXILIAR_DOC,,,,LIST
/pdet/microdados/CAGED/EEC/092018/SETOR/MUN/RR/BOA VISTA.XLS,/pdet/microdados/CAGED/EEC/092018/SETOR/MUN/RR,BOA VISTA.XLS,xls,19456,11-07-18 04:37PM,AUXILIAR_DOC,,,,LIST
/pdet/microdados/CAGED/EEC/092018/SETOR/MUN/RR/Total_RR.XLS,/pdet/microdados/CAGED/EEC/092018/SETOR/MUN/RR,Total_RR.XLS,xls,16896,11-07-18 04:37PM,AUXILIAR_DOC,,,RR,LIST
/pdet/microdados/CAGED/EEC/092018/SETOR/MUN/RS/ALEGRETE.XLS,/pdet/microdados/CAGED/EEC/092018/SETOR/MUN/RS,ALEGRETE.XLS,xls,19456,11-07-18 04:37PM,AUXILIAR_DOC,,,,LIST
/pdet/microdados/CAGED/EEC/092018/SETOR/MUN/RS/ALVORADA.XLS,/pdet/microdados/CAGED/EEC/092018/SETOR/MUN/RS,ALVORADA.XLS,xls,19456,11-07-18 04:37PM,AUXILIAR_DOC,,,,LIST
/pdet/microdados/CAGED/EEC/092018/SETOR/MUN/RS/BAGE.XLS,/pdet/microdados/CAGED/EEC/092018/SETOR/MUN/RS,BAGE.XLS,xls,19456,11-07-18 04:37PM,AUXILIAR_DOC,,,,LIST
/pdet/microdados/CAGED/EEC/092018/SETOR/MUN/RS/BENTO GONCALVES.XLS,/pdet/microdados/CAGED/EEC/092018/SETOR/MUN/RS,BENTO GONCALVES.XLS,xls,23552,11-07-18 04:37PM,AUXILIAR_DOC,,,,LIST
/pdet/microdados/CAGED/EEC/092018/SETOR/MUN/RS/CACAPAVA DO SUL.XLS,/pdet/microdados/CAGED/EEC/092018/SETOR/MUN/RS,CACAPAVA DO SUL.XLS,xls,19456,11-07-18 04:37PM,AUXILIAR_DOC,,,SUL,LIST
/pdet/microdados/CAGED/EEC/092018/SETOR/MUN/RS/CACHOEIRA DO SUL.XLS,/pdet/microdados/CAGED/EEC/092018/SETOR/MUN/RS,CACHOEIRA DO SUL.XLS,xls,19456,11-07-18 04:37PM,AUXILIAR_DOC,,,SUL,LIST
/pdet/microdados/CAGED/EEC/092018/SETOR/MUN/RS/CACHOEIRINHA.XLS,/pdet/microdados/CAGED/EEC/092018/SETOR/MUN/RS,CACHOEIRINHA.XLS,xls,19456,11-07-18 04:37PM,AUXILIAR_DOC,,,,LIST
/pdet/microdados/CAGED/EEC/092018/SETOR/MUN/RS/CAMAQUA.XLS,/pdet/microdados/CAGED/EEC/092018/SETOR/MUN/RS,CAMAQUA.XLS,xls,19456,11-07-18 04:37PM,AUXILIAR_DOC,,,,LIST
/pdet/microdados/CAGED/EEC/092018/SETOR/MUN/RS/CAMPO BOM.XLS,/pdet/microdados/CAGED/EEC/092018/SETOR/MUN/RS,CAMPO BOM.XLS,xls,19456,11-07-18 04:37PM,AUXILIAR_DOC,,,,LIST
/pdet/microdados/CAGED/EEC/092018/SETOR/MUN/RS/CANDELARIA.XLS,/pdet/microdados/CAGED/EEC/092018/SETOR/MUN/RS,CANDELARIA.XLS,xls,19456,11-07-18 04:37PM,AUXILIAR_DOC,,,,LIST
/pdet/microdados/CAGED/EEC/092018/SETOR/MUN/RS/CANELA.XLS,/pdet/microdados/CAGED/EEC/092018/SETOR/MUN/RS,CANELA.XLS,xls,19456,11-07-18 04:37PM,AUXILIAR_DOC,,,,LIST
/pdet/microdados/CAGED/EEC/092018/SETOR/MUN/RS/CANGUCU.XLS,/pdet/microdados/CAGED/EEC/092018/SETOR/MUN/RS,CANGUCU.XLS,xls,19456,11-07-18 04:37PM,AUXILIAR_DOC,,,,LIST
/pdet/microdados/CAGED/EEC/092018/SETOR/MUN/RS/CANOAS.XLS,/pdet/microdados/CAGED/EEC/092018/SETOR/MUN/RS,CANOAS.XLS,xls,19456,11-07-18 04:37PM,AUXILIAR_DOC,,,,LIST
/pdet/microdados/CAGED/EEC/092018/SETOR/MUN/RS/CAPAO DA CANOA.XLS,/pdet/microdados/CAGED/EEC/092018/SETOR/MUN/RS,CAPAO DA CANOA.XLS,xls,19456,11-07-18 04:37PM,AUXILIAR_DOC,,,,LIST
/pdet/microdados/CAGED/EEC/092018/SETOR/MUN/RS/CARAZINHO.XLS,/pdet/microdados/CAGED/EEC/092018/SETOR/MUN/RS,CARAZINHO.XLS,xls,19456,11-07-18 04:37PM,AUXILIAR_DOC,,,,LIST
/pdet/microdados/CAGED/EEC/092018/SETOR/MUN/RS/CAXIAS DO SUL.XLS,/pdet/microdados/CAGED/EEC/092018/SETOR/MUN/RS,CAXIAS DO SUL.XLS,xls,19968,11-07-18 04:37PM,AUXILIAR_DOC,,,SUL,LIST
/pdet/microdados/CAGED/EEC/092018/SETOR/MUN/RS/CHARQUEADAS.XLS,/pdet/microdados/CAGED/EEC/092018/SETOR/MUN/RS,CHARQUEADAS.XLS,xls,19456,11-07-18 04:37PM,AUXILIAR_DOC,,,,LIST
/pdet/microdados/CAGED/EEC/092018/SETOR/MUN/RS/CRUZ ALTA.XLS,/pdet/microdados/CAGED/EEC/092018/SETOR/MUN/RS,CRUZ ALTA.XLS,xls,19456,11-07-18 04:37PM,AUXILIAR_DOC,,,,LIST
/pdet/microdados/CAGED/EEC/092018/SETOR/MUN/RS/DOM PEDRITO.XLS,/pdet/microdados/CAGED/EEC/092018/SETOR/MUN/RS,DOM PEDRITO.XLS,xls,19456,11-07-18 04:37PM,AUXILIAR_DOC,,,,LIST
/pdet/microdados/CAGED/EEC/092018/SETOR/MUN/RS/ELDORADO DO SUL.XLS,/pdet/microdados/CAGED/EEC/092018/SETOR/MUN/RS,ELDORADO DO SUL.XLS,xls,19456,11-07-18 04:37PM,AUXILIAR_DOC,,,SUL,LIST
/pdet/microdados/CAGED/EEC/092018/SETOR/MUN/RS/ERECHIM.XLS,/pdet/microdados/CAGED/EEC/092018/SETOR/MUN/RS,ERECHIM.XLS,xls,23552,11-07-18 04:37PM,AUXILIAR_DOC,,,,LIST
/pdet/microdados/CAGED/EEC/092018/SETOR/MUN/RS/ESTANCIA VELHA.XLS,/pdet/microdados/CAGED/EEC/092018/SETOR/MUN/RS,ESTANCIA VELHA.XLS,xls,19456,11-07-18 04:37PM,AUXILIAR_DOC,,,,LIST
/pdet/microdados/CAGED/EEC/092018/SETOR/MUN/RS/ESTEIO.XLS,/pdet/microdados/CAGED/EEC/092018/SETOR/MUN/RS,ESTEIO.XLS,xls,23552,11-07-18 04:37PM,AUXILIAR_DOC,,,,LIST
/pdet/microdados/CAGED/EEC/092018/SETOR/MUN/RS/ESTRELA.XLS,/pdet/microdados/CAGED/EEC/092018/SETOR/MUN/RS,ESTRELA.XLS,xls,19456,11-07-18 04:37PM,AUXILIAR_DOC,,,,LIST
/pdet/microdados/CAGED/EEC/092018/SETOR/MUN/RS/FARROUPILHA.XLS,/pdet/microdados/CAGED/EEC/092018/SETOR/MUN/RS,FARROUPILHA.XLS,xls,19456,11-07-18 04:37PM,AUXILIAR_DOC,,,,LIST
/pdet/microdados/CAGED/EEC/092018/SETOR/MUN/RS/GARIBALDI.XLS,/pdet/microdados/CAGED/EEC/092018/SETOR/MUN/RS,GARIBALDI.XLS,xls,19456,11-07-18 04:37PM,AUXILIAR_DOC,,,,LIST
/pdet/microdados/CAGED/EEC/092018/SETOR/MUN/RS/GRAMADO.XLS,/pdet/microdados/CAGED/EEC/092018/SETOR/MUN/RS,GRAMADO.XLS,xls,19456,11-07-18 04:37PM,AUXILIAR_DOC,,,,LIST
/pdet/microdados/CAGED/EEC/092018/SETOR/MUN/RS/GRAVATAI.XLS,/pdet/microdados/CAGED/EEC/092018/SETOR/MUN/RS,GRAVATAI.XLS,xls,19456,11-07-18 04:37PM,AUXILIAR_DOC,,,,LIST
/pdet/microdados/CAGED/EEC/092018/SETOR/MUN/RS/GUAIBA.XLS,/pdet/microdados/CAGED/EEC/092018/SETOR/MUN/RS,GUAIBA.XLS,xls,19456,11-07-18 04:37PM,AUXILIAR_DOC,,,,LIST
/pdet/microdados/CAGED/EEC/092018/SETOR/MUN/RS/IGREJINHA.XLS,/pdet/microdados/CAGED/EEC/092018/SETOR/MUN/RS,IGREJINHA.XLS,xls,19456,11-07-18 04:37PM,AUXILIAR_DOC,,,,LIST
/pdet/microdados/CAGED/EEC/092018/SETOR/MUN/RS/IJUI.XLS,/pdet/microdados/CAGED/EEC/092018/SETOR/MUN/RS,IJUI.XLS,xls,23552,11-07-18 04:37PM,AUXILIAR_DOC,,,,LIST
/pdet/microdados/CAGED/EEC/092018/SETOR/MUN/RS/ITAQUI.XLS,/pdet/microdados/CAGED/EEC/092018/SETOR/MUN/RS,ITAQUI.XLS,xls,23552,11-07-18 04:37PM,AUXILIAR_DOC,,,,LIST
/pdet/microdados/CAGED/EEC/092018/SETOR/MUN/RS/JAGUARAO.XLS,/pdet/microdados/CAGED/EEC/092018/SETOR/MUN/RS,JAGUARAO.XLS,xls,19456,11-07-18 04:37PM,AUXILIAR_DOC,,,,LIST
/pdet/microdados/CAGED/EEC/092018/SETOR/MUN/RS/LAJEADO.XLS,/pdet/microdados/CAGED/EEC/092018/SETOR/MUN/RS,LAJEADO.XLS,xls,19456,11-07-18 04:37PM,AUXILIAR_DOC,,,,LIST
/pdet/microdados/CAGED/EEC/092018/SETOR/MUN/RS/MARAU.XLS,/pdet/microdados/CAGED/EEC/092018/SETOR/MUN/RS,MARAU.XLS,xls,19456,11-07-18 04:37PM,AUXILIAR_DOC,,,,LIST
/pdet/microdados/CAGED/EEC/092018/SETOR/MUN/RS/MONTENEGRO.XLS,/pdet/microdados/CAGED/EEC/092018/SETOR/MUN/RS,MONTENEGRO.XLS,xls,19456,11-07-18 04:37PM,AUXILIAR_DOC,,,,LIST
/pdet/microdados/CAGED/EEC/092018/SETOR/MUN/RS/NOVO HAMBURGO.XLS,/pdet/microdados/CAGED/EEC/092018/SETOR/MUN/RS,NOVO HAMBURGO.XLS,xls,23552,11-07-18 04:37PM,AUXILIAR_DOC,,,,LIST
/pdet/microdados/CAGED/EEC/092018/SETOR/MUN/RS/OSORIO.XLS,/pdet/microdados/CAGED/EEC/092018/SETOR/MUN/RS,OSORIO.XLS,xls,19456,11-07-18 04:37PM,AUXILIAR_DOC,,,,LIST
/pdet/microdados/CAGED/EEC/092018/SETOR/MUN/RS/PALMEIRA DAS MISSOES.XLS,/pdet/microdados/CAGED/EEC/092018/SETOR/MUN/RS,PALMEIRA DAS MISSOES.XLS,xls,19456,11-07-18 04:37PM,AUXILIAR_DOC,,,,LIST
/pdet/microdados/CAGED/EEC/092018/SETOR/MUN/RS/PANAMBI.XLS,/pdet/microdados/CAGED/EEC/092018/SETOR/MUN/RS,PANAMBI.XLS,xls,23552,11-07-18 04:37PM,AUXILIAR_DOC,,,,LIST
/pdet/microdados/CAGED/EEC/092018/SETOR/MUN/RS/PAROBE.XLS,/pdet/microdados/CAGED/EEC/092018/SETOR/MUN/RS,PAROBE.XLS,xls,19456,11-07-18 04:37PM,AUXILIAR_DOC,,,,LIST
/pdet/microdados/CAGED/EEC/092018/SETOR/MUN/RS/PASSO FUNDO.XLS,/pdet/microdados/CAGED/EEC/092018/SETOR/MUN/RS,PASSO FUNDO.XLS,xls,19456,11-07-18 04:37PM,AUXILIAR_DOC,,,,LIST
/pdet/microdados/CAGED/EEC/092018/SETOR/MUN/RS/PELOTAS.XLS,/pdet/microdados/CAGED/EEC/092018/SETOR/MUN/RS,PELOTAS.XLS,xls,19456,11-07-18 04:37PM,AUXILIAR_DOC,,,,LIST
/pdet/microdados/CAGED/EEC/092018/SETOR/MUN/RS/PORTAO.XLS,/pdet/microdados/CAGED/EEC/092018/SETOR/MUN/RS,PORTAO.XLS,xls,19456,11-07-18 04:37PM,AUXILIAR_DOC,,,,LIST
/pdet/microdados/CAGED/EEC/092018/SETOR/MUN/RS/PORTO ALEGRE.XLS,/pdet/microdados/CAGED/EEC/092018/SETOR/MUN/RS,PORTO ALEGRE.XLS,xls,19456,11-07-18 04:37PM,AUXILIAR_DOC,,,,LIST
/pdet/microdados/CAGED/EEC/092018/SETOR/MUN/RS/RIO GRANDE.XLS,/pdet/microdados/CAGED/EEC/092018/SETOR/MUN/RS,RIO GRANDE.XLS,xls,19456,11-07-18 04:37PM,AUXILIAR_DOC,,,,LIST
/pdet/microdados/CAGED/EEC/092018/SETOR/MUN/RS/RIO PARDO.XLS,/pdet/microdados/CAGED/EEC/092018/SETOR/MUN/RS,RIO PARDO.XLS,xls,19456,11-07-18 04:37PM,AUXILIAR_DOC,,,,LIST
/pdet/microdados/CAGED/EEC/092018/SETOR/MUN/RS/ROSARIO DO SUL.XLS,/pdet/microdados/CAGED/EEC/092018/SETOR/MUN/RS,ROSARIO DO SUL.XLS,xls,19456,11-07-18 04:37PM,AUXILIAR_DOC,,,SUL,LIST
/pdet/microdados/CAGED/EEC/092018/SETOR/MUN/RS/SANTA CRUZ DO SUL.XLS,/pdet/microdados/CAGED/EEC/092018/SETOR/MUN/RS,SANTA CRUZ DO SUL.XLS,xls,19456,11-07-18 04:37PM,AUXILIAR_DOC,,,SUL,LIST
/pdet/microdados/CAGED/EEC/092018/SETOR/MUN/RS/SANTA MARIA.XLS,/pdet/microdados/CAGED/EEC/092018/SETOR/MUN/RS,SANTA MARIA.XLS,xls,19456,11-07-18 04:37PM,AUXILIAR_DOC,,,,LIST
/pdet/microdados/CAGED/EEC/092018/SETOR/MUN/RS/SANTA ROSA.XLS,/pdet/microdados/CAGED/EEC/092018/SETOR/MUN/RS,SANTA ROSA.XLS,xls,19456,11-07-18 04:37PM,AUXILIAR_DOC,,,,LIST
/pdet/microdados/CAGED/EEC/092018/SETOR/MUN/RS/SANTA VITORIA DO PALMAR.XLS,/pdet/microdados/CAGED/EEC/092018/SETOR/MUN/RS,SANTA VITORIA DO PALMAR.XLS,xls,19456,11-07-18 04:37PM,AUXILIAR_DOC,,,,LIST
/pdet/microdados/CAGED/EEC/092018/SETOR/MUN/RS/SANTANA DO LIVRAMENTO.XLS,/pdet/microdados/CAGED/EEC/092018/SETOR/MUN/RS,SANTANA DO LIVRAMENTO.XLS,xls,23552,11-07-18 04:37PM,AUXILIAR_DOC,,,,LIST
/pdet/microdados/CAGED/EEC/092018/SETOR/MUN/RS/SANTIAGO.XLS,/pdet/microdados/CAGED/EEC/092018/SETOR/MUN/RS,SANTIAGO.XLS,xls,19456,11-07-18 04:37PM,AUXILIAR_DOC,,,,LIST
/pdet/microdados/CAGED/EEC/092018/SETOR/MUN/RS/SANTO ANGELO.XLS,/pdet/microdados/CAGED/EEC/092018/SETOR/MUN/RS,SANTO ANGELO.XLS,xls,19456,11-07-18 04:37PM,AUXILIAR_DOC,,,,LIST
/pdet/microdados/CAGED/EEC/092018/SETOR/MUN/RS/SANTO ANTONIO DA PATRULHA.XLS,/pdet/microdados/CAGED/EEC/092018/SETOR/MUN/RS,SANTO ANTONIO DA PATRULHA.XLS,xls,19456,11-07-18 04:37PM,AUXILIAR_DOC,,,,LIST
/pdet/microdados/CAGED/EEC/092018/SETOR/MUN/RS/SAO BORJA.XLS,/pdet/microdados/CAGED/EEC/092018/SETOR/MUN/RS,SAO BORJA.XLS,xls,19456,11-07-18 04:37PM,AUXILIAR_DOC,,,,LIST
/pdet/microdados/CAGED/EEC/092018/SETOR/MUN/RS/SAO GABRIEL.XLS,/pdet/microdados/CAGED/EEC/092018/SETOR/MUN/RS,SAO GABRIEL.XLS,xls,19456,11-07-18 04:37PM,AUXILIAR_DOC,,,,LIST
/pdet/microdados/CAGED/EEC/092018/SETOR/MUN/RS/SAO LEOPOLDO.XLS,/pdet/microdados/CAGED/EEC/092018/SETOR/MUN/RS,SAO LEOPOLDO.XLS,xls,19456,11-07-18 04:37PM,AUXILIAR_DOC,,,,LIST
/pdet/microdados/CAGED/EEC/092018/SETOR/MUN/RS/SAO LOURENCO DO SUL.XLS,/pdet/microdados/CAGED/EEC/092018/SETOR/MUN/RS,SAO LOURENCO DO SUL.XLS,xls,19456,11-07-18 04:37PM,AUXILIAR_DOC,,,SUL,LIST
/pdet/microdados/CAGED/EEC/092018/SETOR/MUN/RS/SAO LUIZ GONZAGA.XLS,/pdet/microdados/CAGED/EEC/092018/SETOR/MUN/RS,SAO LUIZ GONZAGA.XLS,xls,19456,11-07-18 04:37PM,AUXILIAR_DOC,,,,LIST
/pdet/microdados/CAGED/EEC/092018/SETOR/MUN/RS/SAPIRANGA.XLS,/pdet/microdados/CAGED/EEC/092018/SETOR/MUN/RS,SAPIRANGA.XLS,xls,19456,11-07-18 04:37PM,AUXILIAR_DOC,,,,LIST
/pdet/microdados/CAGED/EEC/092018/SETOR/MUN/RS/SAPUCAIA DO SUL.XLS,/pdet/microdados/CAGED/EEC/092018/SETOR/MUN/RS,SAPUCAIA DO SUL.XLS,xls,19456,11-07-18 04:37PM,AUXILIAR_DOC,,,SUL,LIST
/pdet/microdados/CAGED/EEC/092018/SETOR/MUN/RS/SOLEDADE.XLS,/pdet/microdados/CAGED/EEC/092018/SETOR/MUN/RS,SOLEDADE.XLS,xls,19456,11-07-18 04:37PM,AUXILIAR_DOC,,,,LIST
/pdet/microdados/CAGED/EEC/092018/SETOR/MUN/RS/TAQUARA.XLS,/pdet/microdados/CAGED/EEC/092018/SETOR/MUN/RS,TAQUARA.XLS,xls,19456,11-07-18 04:37PM,AUXILIAR_DOC,,,,LIST
/pdet/microdados/CAGED/EEC/092018/SETOR/MUN/RS/TORRES.XLS,/pdet/microdados/CAGED/EEC/092018/SETOR/MUN/RS,TORRES.XLS,xls,19456,11-07-18 04:37PM,AUXILIAR_DOC,,,,LIST
/pdet/microdados/CAGED/EEC/092018/SETOR/MUN/RS/Total_RS.XLS,/pdet/microdados/CAGED/EEC/092018/SETOR/MUN/RS,Total_RS.XLS,xls,42496,11-07-18 04:37PM,AUXILIAR_DOC,,,RS,LIST
/pdet/microdados/CAGED/EEC/092018/SETOR/MUN/RS/TRAMANDAI.XLS,/pdet/microdados/CAGED/EEC/092018/SETOR/MUN/RS,TRAMANDAI.XLS,xls,19456,11-07-18 04:37PM,AUXILIAR_DOC,,,,LIST
/pdet/microdados/CAGED/EEC/092018/SETOR/MUN/RS/URUGUAIANA.XLS,/pdet/microdados/CAGED/EEC/092018/SETOR/MUN/RS,URUGUAIANA.XLS,xls,19456,11-07-18 04:37PM,AUXILIAR_DOC,,,,LIST
/pdet/microdados/CAGED/EEC/092018/SETOR/MUN/RS/VACARIA.XLS,/pdet/microdados/CAGED/EEC/092018/SETOR/MUN/RS,VACARIA.XLS,xls,19456,11-07-18 04:37PM,AUXILIAR_DOC,,,,LIST
/pdet/microdados/CAGED/EEC/092018/SETOR/MUN/RS/VENANCIO AIRES.XLS,/pdet/microdados/CAGED/EEC/092018/SETOR/MUN/RS,VENANCIO AIRES.XLS,xls,19456,11-07-18 04:37PM,AUXILIAR_DOC,,,,LIST
/pdet/microdados/CAGED/EEC/092018/SETOR/MUN/RS/VIAMAO.XLS,/pdet/microdados/CAGED/EEC/092018/SETOR/MUN/RS,VIAMAO.XLS,xls,19456,11-07-18 04:37PM,AUXILIAR_DOC,,,,LIST
/pdet/microdados/CAGED/EEC/092018/SETOR/MUN/SC/ARARANGUA.XLS,/pdet/microdados/CAGED/EEC/092018/SETOR/MUN/SC,ARARANGUA.XLS,xls,19456,11-07-18 04:37PM,AUXILIAR_DOC,,,,LIST
/pdet/microdados/CAGED/EEC/092018/SETOR/MUN/SC/BALNEARIO CAMBORIU.XLS,/pdet/microdados/CAGED/EEC/092018/SETOR/MUN/SC,BALNEARIO CAMBORIU.XLS,xls,19456,11-07-18 04:37PM,AUXILIAR_DOC,,,,LIST
/pdet/microdados/CAGED/EEC/092018/SETOR/MUN/SC/BIGUACU.XLS,/pdet/microdados/CAGED/EEC/092018/SETOR/MUN/SC,BIGUACU.XLS,xls,19456,11-07-18 04:37PM,AUXILIAR_DOC,,,,LIST
/pdet/microdados/CAGED/EEC/092018/SETOR/MUN/SC/BLUMENAU.XLS,/pdet/microdados/CAGED/EEC/092018/SETOR/MUN/SC,BLUMENAU.XLS,xls,19456,11-07-18 04:37PM,AUXILIAR_DOC,,,,LIST
/pdet/microdados/CAGED/EEC/092018/SETOR/MUN/SC/BRUSQUE.XLS,/pdet/microdados/CAGED/EEC/092018/SETOR/MUN/SC,BRUSQUE.XLS,xls,19456,11-07-18 04:37PM,AUXILIAR_DOC,,,,LIST
/pdet/microdados/CAGED/EEC/092018/SETOR/MUN/SC/CACADOR.XLS,/pdet/microdados/CAGED/EEC/092018/SETOR/MUN/SC,CACADOR.XLS,xls,23552,11-07-18 04:37PM,AUXILIAR_DOC,,,,LIST
/pdet/microdados/CAGED/EEC/092018/SETOR/MUN/SC/CAMBORIU.XLS,/pdet/microdados/CAGED/EEC/092018/SETOR/MUN/SC,CAMBORIU.XLS,xls,19456,11-07-18 04:38PM,AUXILIAR_DOC,,,,LIST
/pdet/microdados/CAGED/EEC/092018/SETOR/MUN/SC/CAMPOS NOVOS.XLS,/pdet/microdados/CAGED/EEC/092018/SETOR/MUN/SC,CAMPOS NOVOS.XLS,xls,19456,11-07-18 04:38PM,AUXILIAR_DOC,,,,LIST
/pdet/microdados/CAGED/EEC/092018/SETOR/MUN/SC/CANOINHAS.XLS,/pdet/microdados/CAGED/EEC/092018/SETOR/MUN/SC,CANOINHAS.XLS,xls,19456,11-07-18 04:38PM,AUXILIAR_DOC,,,,LIST
/pdet/microdados/CAGED/EEC/092018/SETOR/MUN/SC/CHAPECO.XLS,/pdet/microdados/CAGED/EEC/092018/SETOR/MUN/SC,CHAPECO.XLS,xls,19456,11-07-18 04:38PM,AUXILIAR_DOC,,,,LIST
/pdet/microdados/CAGED/EEC/092018/SETOR/MUN/SC/CONCORDIA.XLS,/pdet/microdados/CAGED/EEC/092018/SETOR/MUN/SC,CONCORDIA.XLS,xls,19456,11-07-18 04:38PM,AUXILIAR_DOC,,,,LIST
/pdet/microdados/CAGED/EEC/092018/SETOR/MUN/SC/CRICIUMA.XLS,/pdet/microdados/CAGED/EEC/092018/SETOR/MUN/SC,CRICIUMA.XLS,xls,19456,11-07-18 04:38PM,AUXILIAR_DOC,,,,LIST
/pdet/microdados/CAGED/EEC/092018/SETOR/MUN/SC/CURITIBANOS.XLS,/pdet/microdados/CAGED/EEC/092018/SETOR/MUN/SC,CURITIBANOS.XLS,xls,19456,11-07-18 04:38PM,AUXILIAR_DOC,,,,LIST
/pdet/microdados/CAGED/EEC/092018/SETOR/MUN/SC/FLORIANOPOLIS.XLS,/pdet/microdados/CAGED/EEC/092018/SETOR/MUN/SC,FLORIANOPOLIS.XLS,xls,19456,11-07-18 04:38PM,AUXILIAR_DOC,,,,LIST
/pdet/microdados/CAGED/EEC/092018/SETOR/MUN/SC/FRAIBURGO.XLS,/pdet/microdados/CAGED/EEC/092018/SETOR/MUN/SC,FRAIBURGO.XLS,xls,23552,11-07-18 04:38PM,AUXILIAR_DOC,,,,LIST
/pdet/microdados/CAGED/EEC/092018/SETOR/MUN/SC/GASPAR.XLS,/pdet/microdados/CAGED/EEC/092018/SETOR/MUN/SC,GASPAR.XLS,xls,19456,11-07-18 04:38PM,AUXILIAR_DOC,,,SP,LIST
/pdet/microdados/CAGED/EEC/092018/SETOR/MUN/SC/GUARAMIRIM.XLS,/pdet/microdados/CAGED/EEC/092018/SETOR/MUN/SC,GUARAMIRIM.XLS,xls,19456,11-07-18 04:38PM,AUXILIAR_DOC,,,,LIST
/pdet/microdados/CAGED/EEC/092018/SETOR/MUN/SC/ICARA.XLS,/pdet/microdados/CAGED/EEC/092018/SETOR/MUN/SC,ICARA.XLS,xls,19456,11-07-18 04:38PM,AUXILIAR_DOC,,,,LIST
/pdet/microdados/CAGED/EEC/092018/SETOR/MUN/SC/IMBITUBA.XLS,/pdet/microdados/CAGED/EEC/092018/SETOR/MUN/SC,IMBITUBA.XLS,xls,19456,11-07-18 04:38PM,AUXILIAR_DOC,,,,LIST
/pdet/microdados/CAGED/EEC/092018/SETOR/MUN/SC/INDAIAL.XLS,/pdet/microdados/CAGED/EEC/092018/SETOR/MUN/SC,INDAIAL.XLS,xls,19456,11-07-18 04:38PM,AUXILIAR_DOC,,,,LIST
/pdet/microdados/CAGED/EEC/092018/SETOR/MUN/SC/ITAJAI.XLS,/pdet/microdados/CAGED/EEC/092018/SETOR/MUN/SC,ITAJAI.XLS,xls,19456,11-07-18 04:38PM,AUXILIAR_DOC,,,,LIST
/pdet/microdados/CAGED/EEC/092018/SETOR/MUN/SC/ITAPEMA.XLS,/pdet/microdados/CAGED/EEC/092018/SETOR/MUN/SC,ITAPEMA.XLS,xls,19456,11-07-18 04:38PM,AUXILIAR_DOC,,,,LIST
/pdet/microdados/CAGED/EEC/092018/SETOR/MUN/SC/JARAGUA DO SUL.XLS,/pdet/microdados/CAGED/EEC/092018/SETOR/MUN/SC,JARAGUA DO SUL.XLS,xls,23552,11-07-18 04:38PM,AUXILIAR_DOC,,,SUL,LIST
/pdet/microdados/CAGED/EEC/092018/SETOR/MUN/SC/JOINVILLE.XLS,/pdet/microdados/CAGED/EEC/092018/SETOR/MUN/SC,JOINVILLE.XLS,xls,19456,11-07-18 04:38PM,AUXILIAR_DOC,,,,LIST
/pdet/microdados/CAGED/EEC/092018/SETOR/MUN/SC/LAGES.XLS,/pdet/microdados/CAGED/EEC/092018/SETOR/MUN/SC,LAGES.XLS,xls,19456,11-07-18 04:38PM,AUXILIAR_DOC,,,,LIST
/pdet/microdados/CAGED/EEC/092018/SETOR/MUN/SC/LAGUNA.XLS,/pdet/microdados/CAGED/EEC/092018/SETOR/MUN/SC,LAGUNA.XLS,xls,19456,11-07-18 04:38PM,AUXILIAR_DOC,,,,LIST
/pdet/microdados/CAGED/EEC/092018/SETOR/MUN/SC/MAFRA.XLS,/pdet/microdados/CAGED/EEC/092018/SETOR/MUN/SC,MAFRA.XLS,xls,19456,11-07-18 04:38PM,AUXILIAR_DOC,,,,LIST
/pdet/microdados/CAGED/EEC/092018/SETOR/MUN/SC/NAVEGANTES.XLS,/pdet/microdados/CAGED/EEC/092018/SETOR/MUN/SC,NAVEGANTES.XLS,xls,19456,11-07-18 04:38PM,AUXILIAR_DOC,,,,LIST
/pdet/microdados/CAGED/EEC/092018/SETOR/MUN/SC/PALHOCA.XLS,/pdet/microdados/CAGED/EEC/092018/SETOR/MUN/SC,PALHOCA.XLS,xls,19456,11-07-18 04:38PM,AUXILIAR_DOC,,,,LIST
/pdet/microdados/CAGED/EEC/092018/SETOR/MUN/SC/PORTO UNIAO.XLS,/pdet/microdados/CAGED/EEC/092018/SETOR/MUN/SC,PORTO UNIAO.XLS,xls,19456,11-07-18 04:38PM,AUXILIAR_DOC,,,,LIST
/pdet/microdados/CAGED/EEC/092018/SETOR/MUN/SC/RIO DO SUL.XLS,/pdet/microdados/CAGED/EEC/092018/SETOR/MUN/SC,RIO DO SUL.XLS,xls,19456,11-07-18 04:38PM,AUXILIAR_DOC,,,SUL,LIST
/pdet/microdados/CAGED/EEC/092018/SETOR/MUN/SC/RIO NEGRINHO.XLS,/pdet/microdados/CAGED/EEC/092018/SETOR/MUN/SC,RIO NEGRINHO.XLS,xls,19456,11-07-18 04:38PM,AUXILIAR_DOC,,,,LIST
/pdet/microdados/CAGED/EEC/092018/SETOR/MUN/SC/SAO BENTO DO SUL.XLS,/pdet/microdados/CAGED/EEC/092018/SETOR/MUN/SC,SAO BENTO DO SUL.XLS,xls,23552,11-07-18 04:38PM,AUXILIAR_DOC,,,SUL,LIST
/pdet/microdados/CAGED/EEC/092018/SETOR/MUN/SC/SAO FRANCISCO DO SUL.XLS,/pdet/microdados/CAGED/EEC/092018/SETOR/MUN/SC,SAO FRANCISCO DO SUL.XLS,xls,19456,11-07-18 04:38PM,AUXILIAR_DOC,,,SUL,LIST
/pdet/microdados/CAGED/EEC/092018/SETOR/MUN/SC/SAO JOSE.XLS,/pdet/microdados/CAGED/EEC/092018/SETOR/MUN/SC,SAO JOSE.XLS,xls,19456,11-07-18 04:38PM,AUXILIAR_DOC,,,,LIST
/pdet/microdados/CAGED/EEC/092018/SETOR/MUN/SC/SAO MIGUEL DO OESTE.XLS,/pdet/microdados/CAGED/EEC/092018/SETOR/MUN/SC,SAO MIGUEL DO OESTE.XLS,xls,19456,11-07-18 04:38PM,AUXILIAR_DOC,,,,LIST
/pdet/microdados/CAGED/EEC/092018/SETOR/MUN/SC/TIJUCAS.XLS,/pdet/microdados/CAGED/EEC/092018/SETOR/MUN/SC,TIJUCAS.XLS,xls,19456,11-07-18 04:38PM,AUXILIAR_DOC,,,,LIST
/pdet/microdados/CAGED/EEC/092018/SETOR/MUN/SC/TIMBO.XLS,/pdet/microdados/CAGED/EEC/092018/SETOR/MUN/SC,TIMBO.XLS,xls,19456,11-07-18 04:38PM,AUXILIAR_DOC,,,,LIST
/pdet/microdados/CAGED/EEC/092018/SETOR/MUN/SC/Total_SC.XLS,/pdet/microdados/CAGED/EEC/092018/SETOR/MUN/SC,Total_SC.XLS,xls,31232,11-07-18 04:38PM,AUXILIAR_DOC,,,SC,LIST
/pdet/microdados/CAGED/EEC/092018/SETOR/MUN/SC/TUBARAO.XLS,/pdet/microdados/CAGED/EEC/092018/SETOR/MUN/SC,TUBARAO.XLS,xls,19456,11-07-18 04:38PM,AUXILIAR_DOC,,,,LIST
/pdet/microdados/CAGED/EEC/092018/SETOR/MUN/SC/VIDEIRA.XLS,/pdet/microdados/CAGED/EEC/092018/SETOR/MUN/SC,VIDEIRA.XLS,xls,19456,11-07-18 04:38PM,AUXILIAR_DOC,,,,LIST
/pdet/microdados/CAGED/EEC/092018/SETOR/MUN/SC/XANXERE.XLS,/pdet/microdados/CAGED/EEC/092018/SETOR/MUN/SC,XANXERE.XLS,xls,19456,11-07-18 04:38PM,AUXILIAR_DOC,,,,LIST
/pdet/microdados/CAGED/EEC/092018/SETOR/MUN/SE/ARACAJU.XLS,/pdet/microdados/CAGED/EEC/092018/SETOR/MUN/SE,ARACAJU.XLS,xls,19456,11-07-18 04:38PM,AUXILIAR_DOC,,,,LIST
/pdet/microdados/CAGED/EEC/092018/SETOR/MUN/SE/CAPELA.XLS,/pdet/microdados/CAGED/EEC/092018/SETOR/MUN/SE,CAPELA.XLS,xls,19456,11-07-18 04:38PM,AUXILIAR_DOC,,,,LIST
/pdet/microdados/CAGED/EEC/092018/SETOR/MUN/SE/ESTANCIA.XLS,/pdet/microdados/CAGED/EEC/092018/SETOR/MUN/SE,ESTANCIA.XLS,xls,23552,11-07-18 04:38PM,AUXILIAR_DOC,,,,LIST
/pdet/microdados/CAGED/EEC/092018/SETOR/MUN/SE/ITABAIANA.XLS,/pdet/microdados/CAGED/EEC/092018/SETOR/MUN/SE,ITABAIANA.XLS,xls,19456,11-07-18 04:38PM,AUXILIAR_DOC,,,,LIST
/pdet/microdados/CAGED/EEC/092018/SETOR/MUN/SE/ITABAIANINHA.XLS,/pdet/microdados/CAGED/EEC/092018/SETOR/MUN/SE,ITABAIANINHA.XLS,xls,19456,11-07-18 04:38PM,AUXILIAR_DOC,,,,LIST
/pdet/microdados/CAGED/EEC/092018/SETOR/MUN/SE/ITAPORANGA D AJUDA.XLS,/pdet/microdados/CAGED/EEC/092018/SETOR/MUN/SE,ITAPORANGA D AJUDA.XLS,xls,19456,11-07-18 04:38PM,AUXILIAR_DOC,,,,LIST
/pdet/microdados/CAGED/EEC/092018/SETOR/MUN/SE/LAGARTO.XLS,/pdet/microdados/CAGED/EEC/092018/SETOR/MUN/SE,LAGARTO.XLS,xls,19456,11-07-18 04:38PM,AUXILIAR_DOC,,,,LIST
/pdet/microdados/CAGED/EEC/092018/SETOR/MUN/SE/NOSSA SENHORA DA GLORIA.XLS,/pdet/microdados/CAGED/EEC/092018/SETOR/MUN/SE,NOSSA SENHORA DA GLORIA.XLS,xls,19456,11-07-18 04:38PM,AUXILIAR_DOC,,,,LIST
/pdet/microdados/CAGED/EEC/092018/SETOR/MUN/SE/NOSSA SENHORA DO SOCORRO.XLS,/pdet/microdados/CAGED/EEC/092018/SETOR/MUN/SE,NOSSA SENHORA DO SOCORRO.XLS,xls,19456,11-07-18 04:38PM,AUXILIAR_DOC,,,,LIST
/pdet/microdados/CAGED/EEC/092018/SETOR/MUN/SE/POCO REDONDO.XLS,/pdet/microdados/CAGED/EEC/092018/SETOR/MUN/SE,POCO REDONDO.XLS,xls,18944,11-07-18 04:38PM,AUXILIAR_DOC,,,,LIST
/pdet/microdados/CAGED/EEC/092018/SETOR/MUN/SE/SAO CRISTOVAO.XLS,/pdet/microdados/CAGED/EEC/092018/SETOR/MUN/SE,SAO CRISTOVAO.XLS,xls,19456,11-07-18 04:38PM,AUXILIAR_DOC,,,,LIST
/pdet/microdados/CAGED/EEC/092018/SETOR/MUN/SE/SIMAO DIAS.XLS,/pdet/microdados/CAGED/EEC/092018/SETOR/MUN/SE,SIMAO DIAS.XLS,xls,19456,11-07-18 04:38PM,AUXILIAR_DOC,,,,LIST
/pdet/microdados/CAGED/EEC/092018/SETOR/MUN/SE/TOBIAS BARRETO.XLS,/pdet/microdados/CAGED/EEC/092018/SETOR/MUN/SE,TOBIAS BARRETO.XLS,xls,18944,11-07-18 04:38PM,AUXILIAR_DOC,,,,LIST
/pdet/microdados/CAGED/EEC/092018/SETOR/MUN/SE/Total_SE.XLS,/pdet/microdados/CAGED/EEC/092018/SETOR/MUN/SE,Total_SE.XLS,xls,21504,11-07-18 04:38PM,AUXILIAR_DOC,,,SE,LIST
/pdet/microdados/CAGED/EEC/092018/SETOR/MUN/SP/ADAMANTINA.XLS,/pdet/microdados/CAGED/EEC/092018/SETOR/MUN/SP,ADAMANTINA.XLS,xls,19456,11-07-18 04:38PM,AUXILIAR_DOC,,,,LIST
/pdet/microdados/CAGED/EEC/092018/SETOR/MUN/SP/AGUAI.XLS,/pdet/microdados/CAGED/EEC/092018/SETOR/MUN/SP,AGUAI.XLS,xls,19456,11-07-18 04:38PM,AUXILIAR_DOC,,,,LIST
/pdet/microdados/CAGED/EEC/092018/SETOR/MUN/SP/AGUAS DE LINDOIA.XLS,/pdet/microdados/CAGED/EEC/092018/SETOR/MUN/SP,AGUAS DE LINDOIA.XLS,xls,19456,11-07-18 04:38PM,AUXILIAR_DOC,,,,LIST
/pdet/microdados/CAGED/EEC/092018/SETOR/MUN/SP/AGUDOS.XLS,/pdet/microdados/CAGED/EEC/092018/SETOR/MUN/SP,AGUDOS.XLS,xls,19456,11-07-18 04:38PM,AUXILIAR_DOC,,,,LIST
/pdet/microdados/CAGED/EEC/092018/SETOR/MUN/SP/ALTINOPOLIS.XLS,/pdet/microdados/CAGED/EEC/092018/SETOR/MUN/SP,ALTINOPOLIS.XLS,xls,19456,11-07-18 04:38PM,AUXILIAR_DOC,,,,LIST
/pdet/microdados/CAGED/EEC/092018/SETOR/MUN/SP/ALUMINIO.XLS,/pdet/microdados/CAGED/EEC/092018/SETOR/MUN/SP,ALUMINIO.XLS,xls,19456,11-07-18 04:38PM,AUXILIAR_DOC,,,,LIST
/pdet/microdados/CAGED/EEC/092018/SETOR/MUN/SP/ALVARES MACHADO.XLS,/pdet/microdados/CAGED/EEC/092018/SETOR/MUN/SP,ALVARES MACHADO.XLS,xls,19456,11-07-18 04:38PM,AUXILIAR_DOC,,,,LIST
/pdet/microdados/CAGED/EEC/092018/SETOR/MUN/SP/AMERICANA.XLS,/pdet/microdados/CAGED/EEC/092018/SETOR/MUN/SP,AMERICANA.XLS,xls,19456,11-07-18 04:38PM,AUXILIAR_DOC,,,,LIST
/pdet/microdados/CAGED/EEC/092018/SETOR/MUN/SP/AMERICO BRASILIENSE.XLS,/pdet/microdados/CAGED/EEC/092018/SETOR/MUN/SP,AMERICO BRASILIENSE.XLS,xls,19456,11-07-18 04:38PM,AUXILIAR_DOC,,,,LIST
/pdet/microdados/CAGED/EEC/092018/SETOR/MUN/SP/AMPARO.XLS,/pdet/microdados/CAGED/EEC/092018/SETOR/MUN/SP,AMPARO.XLS,xls,19456,11-07-18 04:38PM,AUXILIAR_DOC,,,,LIST
/pdet/microdados/CAGED/EEC/092018/SETOR/MUN/SP/ANDRADINA.XLS,/pdet/microdados/CAGED/EEC/092018/SETOR/MUN/SP,ANDRADINA.XLS,xls,19456,11-07-18 04:38PM,AUXILIAR_DOC,,,,LIST
/pdet/microdados/CAGED/EEC/092018/SETOR/MUN/SP/ANGATUBA.XLS,/pdet/microdados/CAGED/EEC/092018/SETOR/MUN/SP,ANGATUBA.XLS,xls,19456,11-07-18 04:38PM,AUXILIAR_DOC,,,,LIST
/pdet/microdados/CAGED/EEC/092018/SETOR/MUN/SP/APARECIDA.XLS,/pdet/microdados/CAGED/EEC/092018/SETOR/MUN/SP,APARECIDA.XLS,xls,19456,11-07-18 04:38PM,AUXILIAR_DOC,,,,LIST
/pdet/microdados/CAGED/EEC/092018/SETOR/MUN/SP/APIAI.XLS,/pdet/microdados/CAGED/EEC/092018/SETOR/MUN/SP,APIAI.XLS,xls,19456,11-07-18 04:38PM,AUXILIAR_DOC,,,,LIST
/pdet/microdados/CAGED/EEC/092018/SETOR/MUN/SP/ARACARIGUAMA.XLS,/pdet/microdados/CAGED/EEC/092018/SETOR/MUN/SP,ARACARIGUAMA.XLS,xls,19456,11-07-18 04:38PM,AUXILIAR_DOC,,,,LIST
/pdet/microdados/CAGED/EEC/092018/SETOR/MUN/SP/ARACATUBA.XLS,/pdet/microdados/CAGED/EEC/092018/SETOR/MUN/SP,ARACATUBA.XLS,xls,19456,11-07-18 04:38PM,AUXILIAR_DOC,,,,LIST
/pdet/microdados/CAGED/EEC/092018/SETOR/MUN/SP/ARACOIABA DA SERRA.XLS,/pdet/microdados/CAGED/EEC/092018/SETOR/MUN/SP,ARACOIABA DA SERRA.XLS,xls,19456,11-07-18 04:38PM,AUXILIAR_DOC,,,,LIST
/pdet/microdados/CAGED/EEC/092018/SETOR/MUN/SP/ARARAQUARA.XLS,/pdet/microdados/CAGED/EEC/092018/SETOR/MUN/SP,ARARAQUARA.XLS,xls,19456,11-07-18 04:38PM,AUXILIAR_DOC,,,,LIST
/pdet/microdados/CAGED/EEC/092018/SETOR/MUN/SP/ARARAS.XLS,/pdet/microdados/CAGED/EEC/092018/SETOR/MUN/SP,ARARAS.XLS,xls,19456,11-07-18 04:38PM,AUXILIAR_DOC,,,,LIST
/pdet/microdados/CAGED/EEC/092018/SETOR/MUN/SP/AREIOPOLIS.XLS,/pdet/microdados/CAGED/EEC/092018/SETOR/MUN/SP,AREIOPOLIS.XLS,xls,19456,11-07-18 04:38PM,AUXILIAR_DOC,,,,LIST
/pdet/microdados/CAGED/EEC/092018/SETOR/MUN/SP/ARTUR NOGUEIRA.XLS,/pdet/microdados/CAGED/EEC/092018/SETOR/MUN/SP,ARTUR NOGUEIRA.XLS,xls,23552,11-07-18 04:38PM,AUXILIAR_DOC,,,,LIST
/pdet/microdados/CAGED/EEC/092018/SETOR/MUN/SP/ARUJA.XLS,/pdet/microdados/CAGED/EEC/092018/SETOR/MUN/SP,ARUJA.XLS,xls,19456,11-07-18 04:38PM,AUXILIAR_DOC,,,,LIST
/pdet/microdados/CAGED/EEC/092018/SETOR/MUN/SP/ASSIS.XLS,/pdet/microdados/CAGED/EEC/092018/SETOR/MUN/SP,ASSIS.XLS,xls,19456,11-07-18 04:38PM,AUXILIAR_DOC,,,,LIST
/pdet/microdados/CAGED/EEC/092018/SETOR/MUN/SP/ATIBAIA.XLS,/pdet/microdados/CAGED/EEC/092018/SETOR/MUN/SP,ATIBAIA.XLS,xls,19456,11-07-18 04:38PM,AUXILIAR_DOC,,,,LIST
/pdet/microdados/CAGED/EEC/092018/SETOR/MUN/SP/AURIFLAMA.XLS,/pdet/microdados/CAGED/EEC/092018/SETOR/MUN/SP,AURIFLAMA.XLS,xls,18944,11-07-18 04:38PM,AUXILIAR_DOC,,,,LIST
/pdet/microdados/CAGED/EEC/092018/SETOR/MUN/SP/AVANHANDAVA.XLS,/pdet/microdados/CAGED/EEC/092018/SETOR/MUN/SP,AVANHANDAVA.XLS,xls,19456,11-07-18 04:38PM,AUXILIAR_DOC,,,,LIST
/pdet/microdados/CAGED/EEC/092018/SETOR/MUN/SP/AVARE.XLS,/pdet/microdados/CAGED/EEC/092018/SETOR/MUN/SP,AVARE.XLS,xls,19456,11-07-18 04:38PM,AUXILIAR_DOC,,,,LIST
/pdet/microdados/CAGED/EEC/092018/SETOR/MUN/SP/BADY BASSITT.XLS,/pdet/microdados/CAGED/EEC/092018/SETOR/MUN/SP,BADY BASSITT.XLS,xls,19456,11-07-18 04:38PM,AUXILIAR_DOC,,,,LIST
/pdet/microdados/CAGED/EEC/092018/SETOR/MUN/SP/BANANAL.XLS,/pdet/microdados/CAGED/EEC/092018/SETOR/MUN/SP,BANANAL.XLS,xls,19456,11-07-18 04:38PM,AUXILIAR_DOC,,,,LIST
/pdet/microdados/CAGED/EEC/092018/SETOR/MUN/SP/BARIRI.XLS,/pdet/microdados/CAGED/EEC/092018/SETOR/MUN/SP,BARIRI.XLS,xls,19456,11-07-18 04:38PM,AUXILIAR_DOC,,,,LIST
/pdet/microdados/CAGED/EEC/092018/SETOR/MUN/SP/BARRA BONITA.XLS,/pdet/microdados/CAGED/EEC/092018/SETOR/MUN/SP,BARRA BONITA.XLS,xls,22528,11-07-18 04:38PM,AUXILIAR_DOC,,,,LIST
/pdet/microdados/CAGED/EEC/092018/SETOR/MUN/SP/BARRETOS.XLS,/pdet/microdados/CAGED/EEC/092018/SETOR/MUN/SP,BARRETOS.XLS,xls,19456,11-07-18 04:38PM,AUXILIAR_DOC,,,,LIST
/pdet/microdados/CAGED/EEC/092018/SETOR/MUN/SP/BARRINHA.XLS,/pdet/microdados/CAGED/EEC/092018/SETOR/MUN/SP,BARRINHA.XLS,xls,19456,11-07-18 04:38PM,AUXILIAR_DOC,,,,LIST
/pdet/microdados/CAGED/EEC/092018/SETOR/MUN/SP/BARUERI.XLS,/pdet/microdados/CAGED/EEC/092018/SETOR/MUN/SP,BARUERI.XLS,xls,19456,11-07-18 04:38PM,AUXILIAR_DOC,,,,LIST
/pdet/microdados/CAGED/EEC/092018/SETOR/MUN/SP/BASTOS.XLS,/pdet/microdados/CAGED/EEC/092018/SETOR/MUN/SP,BASTOS.XLS,xls,19456,11-07-18 04:38PM,AUXILIAR_DOC,,,,LIST
/pdet/microdados/CAGED/EEC/092018/SETOR/MUN/SP/BATATAIS.XLS,/pdet/microdados/CAGED/EEC/092018/SETOR/MUN/SP,BATATAIS.XLS,xls,19456,11-07-18 04:38PM,AUXILIAR_DOC,,,,LIST
/pdet/microdados/CAGED/EEC/092018/SETOR/MUN/SP/BAURU.XLS,/pdet/microdados/CAGED/EEC/092018/SETOR/MUN/SP,BAURU.XLS,xls,19456,11-07-18 04:38PM,AUXILIAR_DOC,,,,LIST
/pdet/microdados/CAGED/EEC/092018/SETOR/MUN/SP/BEBEDOURO.XLS,/pdet/microdados/CAGED/EEC/092018/SETOR/MUN/SP,BEBEDOURO.XLS,xls,23552,11-07-18 04:38PM,AUXILIAR_DOC,,,,LIST
/pdet/microdados/CAGED/EEC/092018/SETOR/MUN/SP/BERNARDINO DE CAMPOS.XLS,/pdet/microdados/CAGED/EEC/092018/SETOR/MUN/SP,BERNARDINO DE CAMPOS.XLS,xls,19456,11-07-18 04:38PM,AUXILIAR_DOC,,,,LIST
/pdet/microdados/CAGED/EEC/092018/SETOR/MUN/SP/BERTIOGA.XLS,/pdet/microdados/CAGED/EEC/092018/SETOR/MUN/SP,BERTIOGA.XLS,xls,19456,11-07-18 04:38PM,AUXILIAR_DOC,,,,LIST
/pdet/microdados/CAGED/EEC/092018/SETOR/MUN/SP/BIRIGUI.XLS,/pdet/microdados/CAGED/EEC/092018/SETOR/MUN/SP,BIRIGUI.XLS,xls,19456,11-07-18 04:38PM,AUXILIAR_DOC,,,,LIST
/pdet/microdados/CAGED/EEC/092018/SETOR/MUN/SP/BIRITIBA-MIRIM.XLS,/pdet/microdados/CAGED/EEC/092018/SETOR/MUN/SP,BIRITIBA-MIRIM.XLS,xls,19456,11-07-18 04:38PM,AUXILIAR_DOC,,,,LIST
/pdet/microdados/CAGED/EEC/092018/SETOR/MUN/SP/BOA ESPERANCA DO SUL.XLS,/pdet/microdados/CAGED/EEC/092018/SETOR/MUN/SP,BOA ESPERANCA DO SUL.XLS,xls,18944,11-07-18 04:38PM,AUXILIAR_DOC,,,SUL,LIST
/pdet/microdados/CAGED/EEC/092018/SETOR/MUN/SP/BOCAINA.XLS,/pdet/microdados/CAGED/EEC/092018/SETOR/MUN/SP,BOCAINA.XLS,xls,23552,11-07-18 04:38PM,AUXILIAR_DOC,,,,LIST
/pdet/microdados/CAGED/EEC/092018/SETOR/MUN/SP/BOITUVA.XLS,/pdet/microdados/CAGED/EEC/092018/SETOR/MUN/SP,BOITUVA.XLS,xls,19456,11-07-18 04:38PM,AUXILIAR_DOC,,,,LIST
/pdet/microdados/CAGED/EEC/092018/SETOR/MUN/SP/BOM JESUS DOS PERDOES.XLS,/pdet/microdados/CAGED/EEC/092018/SETOR/MUN/SP,BOM JESUS DOS PERDOES.XLS,xls,19456,11-07-18 04:38PM,AUXILIAR_DOC,,,,LIST
/pdet/microdados/CAGED/EEC/092018/SETOR/MUN/SP/BORBOREMA.XLS,/pdet/microdados/CAGED/EEC/092018/SETOR/MUN/SP,BORBOREMA.XLS,xls,19456,11-07-18 04:38PM,AUXILIAR_DOC,,,,LIST
/pdet/microdados/CAGED/EEC/092018/SETOR/MUN/SP/BOTUCATU.XLS,/pdet/microdados/CAGED/EEC/092018/SETOR/MUN/SP,BOTUCATU.XLS,xls,19456,11-07-18 04:38PM,AUXILIAR_DOC,,,,LIST
/pdet/microdados/CAGED/EEC/092018/SETOR/MUN/SP/BRAGANCA PAULISTA.XLS,/pdet/microdados/CAGED/EEC/092018/SETOR/MUN/SP,BRAGANCA PAULISTA.XLS,xls,19456,11-07-18 04:38PM,AUXILIAR_DOC,,,,LIST
/pdet/microdados/CAGED/EEC/092018/SETOR/MUN/SP/BRODOWSKI.XLS,/pdet/microdados/CAGED/EEC/092018/SETOR/MUN/SP,BRODOWSKI.XLS,xls,19456,11-07-18 04:38PM,AUXILIAR_DOC,,,,LIST
/pdet/microdados/CAGED/EEC/092018/SETOR/MUN/SP/BROTAS.XLS,/pdet/microdados/CAGED/EEC/092018/SETOR/MUN/SP,BROTAS.XLS,xls,23552,11-07-18 04:38PM,AUXILIAR_DOC,,,,LIST
/pdet/microdados/CAGED/EEC/092018/SETOR/MUN/SP/BURI.XLS,/pdet/microdados/CAGED/EEC/092018/SETOR/MUN/SP,BURI.XLS,xls,19456,11-07-18 04:38PM,AUXILIAR_DOC,,,,LIST
/pdet/microdados/CAGED/EEC/092018/SETOR/MUN/SP/BURITAMA.XLS,/pdet/microdados/CAGED/EEC/092018/SETOR/MUN/SP,BURITAMA.XLS,xls,19456,11-07-18 04:38PM,AUXILIAR_DOC,,,,LIST
/pdet/microdados/CAGED/EEC/092018/SETOR/MUN/SP/CABREUVA.XLS,/pdet/microdados/CAGED/EEC/092018/SETOR/MUN/SP,CABREUVA.XLS,xls,19456,11-07-18 04:38PM,AUXILIAR_DOC,,,,LIST
/pdet/microdados/CAGED/EEC/092018/SETOR/MUN/SP/CACAPAVA.XLS,/pdet/microdados/CAGED/EEC/092018/SETOR/MUN/SP,CACAPAVA.XLS,xls,19456,11-07-18 04:38PM,AUXILIAR_DOC,,,,LIST
/pdet/microdados/CAGED/EEC/092018/SETOR/MUN/SP/CACHOEIRA PAULISTA.XLS,/pdet/microdados/CAGED/EEC/092018/SETOR/MUN/SP,CACHOEIRA PAULISTA.XLS,xls,19456,11-07-18 04:38PM,AUXILIAR_DOC,,,,LIST
/pdet/microdados/CAGED/EEC/092018/SETOR/MUN/SP/CACONDE.XLS,/pdet/microdados/CAGED/EEC/092018/SETOR/MUN/SP,CACONDE.XLS,xls,19456,11-07-18 04:38PM,AUXILIAR_DOC,,,,LIST
/pdet/microdados/CAGED/EEC/092018/SETOR/MUN/SP/CAFELANDIA.XLS,/pdet/microdados/CAGED/EEC/092018/SETOR/MUN/SP,CAFELANDIA.XLS,xls,19456,11-07-18 04:38PM,AUXILIAR_DOC,,,,LIST
/pdet/microdados/CAGED/EEC/092018/SETOR/MUN/SP/CAIEIRAS.XLS,/pdet/microdados/CAGED/EEC/092018/SETOR/MUN/SP,CAIEIRAS.XLS,xls,19456,11-07-18 04:38PM,AUXILIAR_DOC,,,,LIST
/pdet/microdados/CAGED/EEC/092018/SETOR/MUN/SP/CAJAMAR.XLS,/pdet/microdados/CAGED/EEC/092018/SETOR/MUN/SP,CAJAMAR.XLS,xls,19456,11-07-18 04:38PM,AUXILIAR_DOC,,,,LIST
/pdet/microdados/CAGED/EEC/092018/SETOR/MUN/SP/CAJATI.XLS,/pdet/microdados/CAGED/EEC/092018/SETOR/MUN/SP,CAJATI.XLS,xls,19456,11-07-18 04:38PM,AUXILIAR_DOC,,,,LIST
/pdet/microdados/CAGED/EEC/092018/SETOR/MUN/SP/CAJURU.XLS,/pdet/microdados/CAGED/EEC/092018/SETOR/MUN/SP,CAJURU.XLS,xls,19456,11-07-18 04:38PM,AUXILIAR_DOC,,,,LIST
/pdet/microdados/CAGED/EEC/092018/SETOR/MUN/SP/CAMPINAS.XLS,/pdet/microdados/CAGED/EEC/092018/SETOR/MUN/SP,CAMPINAS.XLS,xls,19456,11-07-18 04:38PM,AUXILIAR_DOC,,,,LIST
/pdet/microdados/CAGED/EEC/092018/SETOR/MUN/SP/CAMPO LIMPO PAULISTA.XLS,/pdet/microdados/CAGED/EEC/092018/SETOR/MUN/SP,CAMPO LIMPO PAULISTA.XLS,xls,19456,11-07-18 04:38PM,AUXILIAR_DOC,,,,LIST
/pdet/microdados/CAGED/EEC/092018/SETOR/MUN/SP/CAMPOS DO JORDAO.XLS,/pdet/microdados/CAGED/EEC/092018/SETOR/MUN/SP,CAMPOS DO JORDAO.XLS,xls,19456,11-07-18 04:38PM,AUXILIAR_DOC,,,,LIST
/pdet/microdados/CAGED/EEC/092018/SETOR/MUN/SP/CANANEIA.XLS,/pdet/microdados/CAGED/EEC/092018/SETOR/MUN/SP,CANANEIA.XLS,xls,19456,11-07-18 04:38PM,AUXILIAR_DOC,,,,LIST
/pdet/microdados/CAGED/EEC/092018/SETOR/MUN/SP/CANDIDO MOTA.XLS,/pdet/microdados/CAGED/EEC/092018/SETOR/MUN/SP,CANDIDO MOTA.XLS,xls,19456,11-07-18 04:38PM,AUXILIAR_DOC,,,,LIST
/pdet/microdados/CAGED/EEC/092018/SETOR/MUN/SP/CAPAO BONITO.XLS,/pdet/microdados/CAGED/EEC/092018/SETOR/MUN/SP,CAPAO BONITO.XLS,xls,19456,11-07-18 04:38PM,AUXILIAR_DOC,,,,LIST
/pdet/microdados/CAGED/EEC/092018/SETOR/MUN/SP/CAPELA DO ALTO.XLS,/pdet/microdados/CAGED/EEC/092018/SETOR/MUN/SP,CAPELA DO ALTO.XLS,xls,19456,11-07-18 04:38PM,AUXILIAR_DOC,,,,LIST
/pdet/microdados/CAGED/EEC/092018/SETOR/MUN/SP/CAPIVARI.XLS,/pdet/microdados/CAGED/EEC/092018/SETOR/MUN/SP,CAPIVARI.XLS,xls,19456,11-07-18 04:39PM,AUXILIAR_DOC,,,,LIST
/pdet/microdados/CAGED/EEC/092018/SETOR/MUN/SP/CARAGUATATUBA.XLS,/pdet/microdados/CAGED/EEC/092018/SETOR/MUN/SP,CARAGUATATUBA.XLS,xls,19456,11-07-18 04:39PM,AUXILIAR_DOC,,,,LIST
/pdet/microdados/CAGED/EEC/092018/SETOR/MUN/SP/CARAPICUIBA.XLS,/pdet/microdados/CAGED/EEC/092018/SETOR/MUN/SP,CARAPICUIBA.XLS,xls,19456,11-07-18 04:39PM,AUXILIAR_DOC,,,,LIST
/pdet/microdados/CAGED/EEC/092018/SETOR/MUN/SP/CARDOSO.XLS,/pdet/microdados/CAGED/EEC/092018/SETOR/MUN/SP,CARDOSO.XLS,xls,19456,11-07-18 04:39PM,AUXILIAR_DOC,,,,LIST
/pdet/microdados/CAGED/EEC/092018/SETOR/MUN/SP/CASA BRANCA.XLS,/pdet/microdados/CAGED/EEC/092018/SETOR/MUN/SP,CASA BRANCA.XLS,xls,19456,11-07-18 04:39PM,AUXILIAR_DOC,,,,LIST
/pdet/microdados/CAGED/EEC/092018/SETOR/MUN/SP/CASTILHO.XLS,/pdet/microdados/CAGED/EEC/092018/SETOR/MUN/SP,CASTILHO.XLS,xls,19456,11-07-18 04:39PM,AUXILIAR_DOC,,,,LIST
/pdet/microdados/CAGED/EEC/092018/SETOR/MUN/SP/CATANDUVA.XLS,/pdet/microdados/CAGED/EEC/092018/SETOR/MUN/SP,CATANDUVA.XLS,xls,19456,11-07-18 04:39PM,AUXILIAR_DOC,,,,LIST
/pdet/microdados/CAGED/EEC/092018/SETOR/MUN/SP/CERQUEIRA CESAR.XLS,/pdet/microdados/CAGED/EEC/092018/SETOR/MUN/SP,CERQUEIRA CESAR.XLS,xls,18944,11-07-18 04:39PM,AUXILIAR_DOC,,,,LIST
/pdet/microdados/CAGED/EEC/092018/SETOR/MUN/SP/CERQUILHO.XLS,/pdet/microdados/CAGED/EEC/092018/SETOR/MUN/SP,CERQUILHO.XLS,xls,23552,11-07-18 04:39PM,AUXILIAR_DOC,,,,LIST
/pdet/microdados/CAGED/EEC/092018/SETOR/MUN/SP/CESARIO LANGE.XLS,/pdet/microdados/CAGED/EEC/092018/SETOR/MUN/SP,CESARIO LANGE.XLS,xls,19456,11-07-18 04:39PM,AUXILIAR_DOC,,,,LIST
/pdet/microdados/CAGED/EEC/092018/SETOR/MUN/SP/CHARQUEADA.XLS,/pdet/microdados/CAGED/EEC/092018/SETOR/MUN/SP,CHARQUEADA.XLS,xls,19456,11-07-18 04:39PM,AUXILIAR_DOC,,,,LIST
/pdet/microdados/CAGED/EEC/092018/SETOR/MUN/SP/CHAVANTES.XLS,/pdet/microdados/CAGED/EEC/092018/SETOR/MUN/SP,CHAVANTES.XLS,xls,19456,11-07-18 04:39PM,AUXILIAR_DOC,,,,LIST
/pdet/microdados/CAGED/EEC/092018/SETOR/MUN/SP/COLINA.XLS,/pdet/microdados/CAGED/EEC/092018/SETOR/MUN/SP,COLINA.XLS,xls,19456,11-07-18 04:39PM,AUXILIAR_DOC,,,,LIST
/pdet/microdados/CAGED/EEC/092018/SETOR/MUN/SP/CONCHAL.XLS,/pdet/microdados/CAGED/EEC/092018/SETOR/MUN/SP,CONCHAL.XLS,xls,19456,11-07-18 04:39PM,AUXILIAR_DOC,,,,LIST
/pdet/microdados/CAGED/EEC/092018/SETOR/MUN/SP/CONCHAS.XLS,/pdet/microdados/CAGED/EEC/092018/SETOR/MUN/SP,CONCHAS.XLS,xls,19456,11-07-18 04:39PM,AUXILIAR_DOC,,,,LIST
/pdet/microdados/CAGED/EEC/092018/SETOR/MUN/SP/CORDEIROPOLIS.XLS,/pdet/microdados/CAGED/EEC/092018/SETOR/MUN/SP,CORDEIROPOLIS.XLS,xls,19456,11-07-18 04:39PM,AUXILIAR_DOC,,,,LIST
/pdet/microdados/CAGED/EEC/092018/SETOR/MUN/SP/COSMOPOLIS.XLS,/pdet/microdados/CAGED/EEC/092018/SETOR/MUN/SP,COSMOPOLIS.XLS,xls,19456,11-07-18 04:39PM,AUXILIAR_DOC,,,,LIST
/pdet/microdados/CAGED/EEC/092018/SETOR/MUN/SP/COTIA.XLS,/pdet/microdados/CAGED/EEC/092018/SETOR/MUN/SP,COTIA.XLS,xls,19456,11-07-18 04:39PM,AUXILIAR_DOC,,,,LIST
/pdet/microdados/CAGED/EEC/092018/SETOR/MUN/SP/CRAVINHOS.XLS,/pdet/microdados/CAGED/EEC/092018/SETOR/MUN/SP,CRAVINHOS.XLS,xls,19456,11-07-18 04:39PM,AUXILIAR_DOC,,,,LIST
/pdet/microdados/CAGED/EEC/092018/SETOR/MUN/SP/CRUZEIRO.XLS,/pdet/microdados/CAGED/EEC/092018/SETOR/MUN/SP,CRUZEIRO.XLS,xls,19456,11-07-18 04:39PM,AUXILIAR_DOC,,,,LIST
/pdet/microdados/CAGED/EEC/092018/SETOR/MUN/SP/CUBATAO.XLS,/pdet/microdados/CAGED/EEC/092018/SETOR/MUN/SP,CUBATAO.XLS,xls,19456,11-07-18 04:39PM,AUXILIAR_DOC,,,,LIST
/pdet/microdados/CAGED/EEC/092018/SETOR/MUN/SP/CUNHA.XLS,/pdet/microdados/CAGED/EEC/092018/SETOR/MUN/SP,CUNHA.XLS,xls,19456,11-07-18 04:39PM,AUXILIAR_DOC,,,,LIST
/pdet/microdados/CAGED/EEC/092018/SETOR/MUN/SP/DESCALVADO.XLS,/pdet/microdados/CAGED/EEC/092018/SETOR/MUN/SP,DESCALVADO.XLS,xls,19456,11-07-18 04:39PM,AUXILIAR_DOC,,,,LIST
/pdet/microdados/CAGED/EEC/092018/SETOR/MUN/SP/DIADEMA.XLS,/pdet/microdados/CAGED/EEC/092018/SETOR/MUN/SP,DIADEMA.XLS,xls,23552,11-07-18 04:39PM,AUXILIAR_DOC,,,,LIST
/pdet/microdados/CAGED/EEC/092018/SETOR/MUN/SP/DIVINOLANDIA.XLS,/pdet/microdados/CAGED/EEC/092018/SETOR/MUN/SP,DIVINOLANDIA.XLS,xls,19456,11-07-18 04:39PM,AUXILIAR_DOC,,,,LIST
/pdet/microdados/CAGED/EEC/092018/SETOR/MUN/SP/DOIS CORREGOS.XLS,/pdet/microdados/CAGED/EEC/092018/SETOR/MUN/SP,DOIS CORREGOS.XLS,xls,19456,11-07-18 04:39PM,AUXILIAR_DOC,,,,LIST
/pdet/microdados/CAGED/EEC/092018/SETOR/MUN/SP/DRACENA.XLS,/pdet/microdados/CAGED/EEC/092018/SETOR/MUN/SP,DRACENA.XLS,xls,23552,11-07-18 04:39PM,AUXILIAR_DOC,,,,LIST
/pdet/microdados/CAGED/EEC/092018/SETOR/MUN/SP/DUARTINA.XLS,/pdet/microdados/CAGED/EEC/092018/SETOR/MUN/SP,DUARTINA.XLS,xls,19456,11-07-18 04:39PM,AUXILIAR_DOC,,,,LIST
/pdet/microdados/CAGED/EEC/092018/SETOR/MUN/SP/ELDORADO.XLS,/pdet/microdados/CAGED/EEC/092018/SETOR/MUN/SP,ELDORADO.XLS,xls,23552,11-07-18 04:39PM,AUXILIAR_DOC,,,,LIST
/pdet/microdados/CAGED/EEC/092018/SETOR/MUN/SP/ELIAS FAUSTO.XLS,/pdet/microdados/CAGED/EEC/092018/SETOR/MUN/SP,ELIAS FAUSTO.XLS,xls,19456,11-07-18 04:39PM,AUXILIAR_DOC,,,,LIST
/pdet/microdados/CAGED/EEC/092018/SETOR/MUN/SP/EMBU-GUACU.XLS,/pdet/microdados/CAGED/EEC/092018/SETOR/MUN/SP,EMBU-GUACU.XLS,xls,19456,11-07-18 04:39PM,AUXILIAR_DOC,,,,LIST
/pdet/microdados/CAGED/EEC/092018/SETOR/MUN/SP/EMBU.XLS,/pdet/microdados/CAGED/EEC/092018/SETOR/MUN/SP,EMBU.XLS,xls,19456,11-07-18 04:39PM,AUXILIAR_DOC,,,,LIST
/pdet/microdados/CAGED/EEC/092018/SETOR/MUN/SP/ENGENHEIRO COELHO.XLS,/pdet/microdados/CAGED/EEC/092018/SETOR/MUN/SP,ENGENHEIRO COELHO.XLS,xls,22528,11-07-18 04:39PM,AUXILIAR_DOC,,,,LIST
/pdet/microdados/CAGED/EEC/092018/SETOR/MUN/SP/ESPIRITO SANTO DO PINHAL.XLS,/pdet/microdados/CAGED/EEC/092018/SETOR/MUN/SP,ESPIRITO SANTO DO PINHAL.XLS,xls,19456,11-07-18 04:39PM,AUXILIAR_DOC,,,SP,LIST
/pdet/microdados/CAGED/EEC/092018/SETOR/MUN/SP/ESTIVA GERBI.XLS,/pdet/microdados/CAGED/EEC/092018/SETOR/MUN/SP,ESTIVA GERBI.XLS,xls,19456,11-07-18 04:39PM,AUXILIAR_DOC,,,,LIST
/pdet/microdados/CAGED/EEC/092018/SETOR/MUN/SP/EUCLIDES DA CUNHA PAULISTA.XLS,/pdet/microdados/CAGED/EEC/092018/SETOR/MUN/SP,EUCLIDES DA CUNHA PAULISTA.XLS,xls,19456,11-07-18 04:39PM,AUXILIAR_DOC,,,,LIST
/pdet/microdados/CAGED/EEC/092018/SETOR/MUN/SP/FARTURA.XLS,/pdet/microdados/CAGED/EEC/092018/SETOR/MUN/SP,FARTURA.XLS,xls,23552,11-07-18 04:39PM,AUXILIAR_DOC,,,,LIST
/pdet/microdados/CAGED/EEC/092018/SETOR/MUN/SP/FERNANDOPOLIS.XLS,/pdet/microdados/CAGED/EEC/092018/SETOR/MUN/SP,FERNANDOPOLIS.XLS,xls,19456,11-07-18 04:39PM,AUXILIAR_DOC,,,,LIST
/pdet/microdados/CAGED/EEC/092018/SETOR/MUN/SP/FERRAZ DE VASCONCELOS.XLS,/pdet/microdados/CAGED/EEC/092018/SETOR/MUN/SP,FERRAZ DE VASCONCELOS.XLS,xls,19456,11-07-18 04:39PM,AUXILIAR_DOC,,,,LIST
/pdet/microdados/CAGED/EEC/092018/SETOR/MUN/SP/FLORIDA PAULISTA.XLS,/pdet/microdados/CAGED/EEC/092018/SETOR/MUN/SP,FLORIDA PAULISTA.XLS,xls,23552,11-07-18 04:39PM,AUXILIAR_DOC,,,,LIST
/pdet/microdados/CAGED/EEC/092018/SETOR/MUN/SP/FRANCA.XLS,/pdet/microdados/CAGED/EEC/092018/SETOR/MUN/SP,FRANCA.XLS,xls,19456,11-07-18 04:39PM,AUXILIAR_DOC,,,,LIST
/pdet/microdados/CAGED/EEC/092018/SETOR/MUN/SP/FRANCISCO MORATO.XLS,/pdet/microdados/CAGED/EEC/092018/SETOR/MUN/SP,FRANCISCO MORATO.XLS,xls,18944,11-07-18 04:39PM,AUXILIAR_DOC,,,,LIST
/pdet/microdados/CAGED/EEC/092018/SETOR/MUN/SP/FRANCO DA ROCHA.XLS,/pdet/microdados/CAGED/EEC/092018/SETOR/MUN/SP,FRANCO DA ROCHA.XLS,xls,23552,11-07-18 04:39PM,AUXILIAR_DOC,,,,LIST
/pdet/microdados/CAGED/EEC/092018/SETOR/MUN/SP/GARCA.XLS,/pdet/microdados/CAGED/EEC/092018/SETOR/MUN/SP,GARCA.XLS,xls,19456,11-07-18 04:39PM,AUXILIAR_DOC,,,,LIST
/pdet/microdados/CAGED/EEC/092018/SETOR/MUN/SP/GENERAL SALGADO.XLS,/pdet/microdados/CAGED/EEC/092018/SETOR/MUN/SP,GENERAL SALGADO.XLS,xls,18944,11-07-18 04:39PM,AUXILIAR_DOC,,,,LIST
/pdet/microdados/CAGED/EEC/092018/SETOR/MUN/SP/GETULINA.XLS,/pdet/microdados/CAGED/EEC/092018/SETOR/MUN/SP,GETULINA.XLS,xls,23040,11-07-18 04:39PM,AUXILIAR_DOC,,,,LIST
/pdet/microdados/CAGED/EEC/092018/SETOR/MUN/SP/GUAICARA.XLS,/pdet/microdados/CAGED/EEC/092018/SETOR/MUN/SP,GUAICARA.XLS,xls,23040,11-07-18 04:39PM,AUXILIAR_DOC,,,,LIST
/pdet/microdados/CAGED/EEC/092018/SETOR/MUN/SP/GUAIRA.XLS,/pdet/microdados/CAGED/EEC/092018/SETOR/MUN/SP,GUAIRA.XLS,xls,19456,11-07-18 04:39PM,AUXILIAR_DOC,,,,LIST
/pdet/microdados/CAGED/EEC/092018/SETOR/MUN/SP/GUAPIACU.XLS,/pdet/microdados/CAGED/EEC/092018/SETOR/MUN/SP,GUAPIACU.XLS,xls,23552,11-07-18 04:39PM,AUXILIAR_DOC,,,,LIST
/pdet/microdados/CAGED/EEC/092018/SETOR/MUN/SP/GUAPIARA.XLS,/pdet/microdados/CAGED/EEC/092018/SETOR/MUN/SP,GUAPIARA.XLS,xls,19456,11-07-18 04:39PM,AUXILIAR_DOC,,,,LIST
/pdet/microdados/CAGED/EEC/092018/SETOR/MUN/SP/GUARA.XLS,/pdet/microdados/CAGED/EEC/092018/SETOR/MUN/SP,GUARA.XLS,xls,19456,11-07-18 04:39PM,AUXILIAR_DOC,,,,LIST
/pdet/microdados/CAGED/EEC/092018/SETOR/MUN/SP/GUARACI.XLS,/pdet/microdados/CAGED/EEC/092018/SETOR/MUN/SP,GUARACI.XLS,xls,18944,11-07-18 04:39PM,AUXILIAR_DOC,,,,LIST
/pdet/microdados/CAGED/EEC/092018/SETOR/MUN/SP/GUARARAPES.XLS,/pdet/microdados/CAGED/EEC/092018/SETOR/MUN/SP,GUARARAPES.XLS,xls,19456,11-07-18 04:39PM,AUXILIAR_DOC,,,,LIST
/pdet/microdados/CAGED/EEC/092018/SETOR/MUN/SP/GUARAREMA.XLS,/pdet/microdados/CAGED/EEC/092018/SETOR/MUN/SP,GUARAREMA.XLS,xls,19456,11-07-18 04:39PM,AUXILIAR_DOC,,,,LIST
/pdet/microdados/CAGED/EEC/092018/SETOR/MUN/SP/GUARATINGUETA.XLS,/pdet/microdados/CAGED/EEC/092018/SETOR/MUN/SP,GUARATINGUETA.XLS,xls,19456,11-07-18 04:39PM,AUXILIAR_DOC,,,,LIST
/pdet/microdados/CAGED/EEC/092018/SETOR/MUN/SP/GUAREI.XLS,/pdet/microdados/CAGED/EEC/092018/SETOR/MUN/SP,GUAREI.XLS,xls,19456,11-07-18 04:39PM,AUXILIAR_DOC,,,,LIST
/pdet/microdados/CAGED/EEC/092018/SETOR/MUN/SP/GUARIBA.XLS,/pdet/microdados/CAGED/EEC/092018/SETOR/MUN/SP,GUARIBA.XLS,xls,19456,11-07-18 04:39PM,AUXILIAR_DOC,,,,LIST
/pdet/microdados/CAGED/EEC/092018/SETOR/MUN/SP/GUARUJA.XLS,/pdet/microdados/CAGED/EEC/092018/SETOR/MUN/SP,GUARUJA.XLS,xls,19456,11-07-18 04:39PM,AUXILIAR_DOC,,,,LIST
/pdet/microdados/CAGED/EEC/092018/SETOR/MUN/SP/GUARULHOS.XLS,/pdet/microdados/CAGED/EEC/092018/SETOR/MUN/SP,GUARULHOS.XLS,xls,19456,11-07-18 04:39PM,AUXILIAR_DOC,,,,LIST
/pdet/microdados/CAGED/EEC/092018/SETOR/MUN/SP/HOLAMBRA.XLS,/pdet/microdados/CAGED/EEC/092018/SETOR/MUN/SP,HOLAMBRA.XLS,xls,18944,11-07-18 04:39PM,AUXILIAR_DOC,,,,LIST
/pdet/microdados/CAGED/EEC/092018/SETOR/MUN/SP/HORTOLANDIA.XLS,/pdet/microdados/CAGED/EEC/092018/SETOR/MUN/SP,HORTOLANDIA.XLS,xls,19456,11-07-18 04:39PM,AUXILIAR_DOC,,,,LIST
/pdet/microdados/CAGED/EEC/092018/SETOR/MUN/SP/IACANGA.XLS,/pdet/microdados/CAGED/EEC/092018/SETOR/MUN/SP,IACANGA.XLS,xls,19456,11-07-18 04:39PM,AUXILIAR_DOC,,,,LIST
/pdet/microdados/CAGED/EEC/092018/SETOR/MUN/SP/IBATE.XLS,/pdet/microdados/CAGED/EEC/092018/SETOR/MUN/SP,IBATE.XLS,xls,19456,11-07-18 04:39PM,AUXILIAR_DOC,,,,LIST
/pdet/microdados/CAGED/EEC/092018/SETOR/MUN/SP/IBIRA.XLS,/pdet/microdados/CAGED/EEC/092018/SETOR/MUN/SP,IBIRA.XLS,xls,19456,11-07-18 04:39PM,AUXILIAR_DOC,,,,LIST
/pdet/microdados/CAGED/EEC/092018/SETOR/MUN/SP/IBITINGA.XLS,/pdet/microdados/CAGED/EEC/092018/SETOR/MUN/SP,IBITINGA.XLS,xls,19456,11-07-18 04:39PM,AUXILIAR_DOC,,,,LIST
/pdet/microdados/CAGED/EEC/092018/SETOR/MUN/SP/IBIUNA.XLS,/pdet/microdados/CAGED/EEC/092018/SETOR/MUN/SP,IBIUNA.XLS,xls,19456,11-07-18 04:39PM,AUXILIAR_DOC,,,,LIST
/pdet/microdados/CAGED/EEC/092018/SETOR/MUN/SP/IGARACU DO TIETE.XLS,/pdet/microdados/CAGED/EEC/092018/SETOR/MUN/SP,IGARACU DO TIETE.XLS,xls,19456,11-07-18 04:39PM,AUXILIAR_DOC,,,,LIST
/pdet/microdados/CAGED/EEC/092018/SETOR/MUN/SP/IGARAPAVA.XLS,/pdet/microdados/CAGED/EEC/092018/SETOR/MUN/SP,IGARAPAVA.XLS,xls,19456,11-07-18 04:39PM,AUXILIAR_DOC,,,,LIST
/pdet/microdados/CAGED/EEC/092018/SETOR/MUN/SP/IGUAPE.XLS,/pdet/microdados/CAGED/EEC/092018/SETOR/MUN/SP,IGUAPE.XLS,xls,19456,11-07-18 04:39PM,AUXILIAR_DOC,,,,LIST
/pdet/microdados/CAGED/EEC/092018/SETOR/MUN/SP/ILHA SOLTEIRA.XLS,/pdet/microdados/CAGED/EEC/092018/SETOR/MUN/SP,ILHA SOLTEIRA.XLS,xls,19456,11-07-18 04:39PM,AUXILIAR_DOC,,,,LIST
/pdet/microdados/CAGED/EEC/092018/SETOR/MUN/SP/ILHABELA.XLS,/pdet/microdados/CAGED/EEC/092018/SETOR/MUN/SP,ILHABELA.XLS,xls,19456,11-07-18 04:39PM,AUXILIAR_DOC,,,,LIST
/pdet/microdados/CAGED/EEC/092018/SETOR/MUN/SP/INDAIATUBA.XLS,/pdet/microdados/CAGED/EEC/092018/SETOR/MUN/SP,INDAIATUBA.XLS,xls,19456,11-07-18 04:39PM,AUXILIAR_DOC,,,,LIST
/pdet/microdados/CAGED/EEC/092018/SETOR/MUN/SP/IPAUSSU.XLS,/pdet/microdados/CAGED/EEC/092018/SETOR/MUN/SP,IPAUSSU.XLS,xls,19456,11-07-18 04:39PM,AUXILIAR_DOC,,,,LIST
/pdet/microdados/CAGED/EEC/092018/SETOR/MUN/SP/IPERO.XLS,/pdet/microdados/CAGED/EEC/092018/SETOR/MUN/SP,IPERO.XLS,xls,19456,11-07-18 04:39PM,AUXILIAR_DOC,,,,LIST
/pdet/microdados/CAGED/EEC/092018/SETOR/MUN/SP/IPUA.XLS,/pdet/microdados/CAGED/EEC/092018/SETOR/MUN/SP,IPUA.XLS,xls,18944,11-07-18 04:39PM,AUXILIAR_DOC,,,,LIST
/pdet/microdados/CAGED/EEC/092018/SETOR/MUN/SP/IRACEMAPOLIS.XLS,/pdet/microdados/CAGED/EEC/092018/SETOR/MUN/SP,IRACEMAPOLIS.XLS,xls,19456,11-07-18 04:39PM,AUXILIAR_DOC,,,,LIST
/pdet/microdados/CAGED/EEC/092018/SETOR/MUN/SP/ITABERA.XLS,/pdet/microdados/CAGED/EEC/092018/SETOR/MUN/SP,ITABERA.XLS,xls,19456,11-07-18 04:39PM,AUXILIAR_DOC,,,,LIST
/pdet/microdados/CAGED/EEC/092018/SETOR/MUN/SP/ITAI.XLS,/pdet/microdados/CAGED/EEC/092018/SETOR/MUN/SP,ITAI.XLS,xls,19456,11-07-18 04:39PM,AUXILIAR_DOC,,,,LIST
/pdet/microdados/CAGED/EEC/092018/SETOR/MUN/SP/ITAJOBI.XLS,/pdet/microdados/CAGED/EEC/092018/SETOR/MUN/SP,ITAJOBI.XLS,xls,18944,11-07-18 04:39PM,AUXILIAR_DOC,,,,LIST
/pdet/microdados/CAGED/EEC/092018/SETOR/MUN/SP/ITANHAEM.XLS,/pdet/microdados/CAGED/EEC/092018/SETOR/MUN/SP,ITANHAEM.XLS,xls,19456,11-07-18 04:39PM,AUXILIAR_DOC,,,,LIST
/pdet/microdados/CAGED/EEC/092018/SETOR/MUN/SP/ITAPECERICA DA SERRA.XLS,/pdet/microdados/CAGED/EEC/092018/SETOR/MUN/SP,ITAPECERICA DA SERRA.XLS,xls,19456,11-07-18 04:39PM,AUXILIAR_DOC,,,,LIST
/pdet/microdados/CAGED/EEC/092018/SETOR/MUN/SP/ITAPETININGA.XLS,/pdet/microdados/CAGED/EEC/092018/SETOR/MUN/SP,ITAPETININGA.XLS,xls,19456,11-07-18 04:39PM,AUXILIAR_DOC,,,,LIST
/pdet/microdados/CAGED/EEC/092018/SETOR/MUN/SP/ITAPEVA.XLS,/pdet/microdados/CAGED/EEC/092018/SETOR/MUN/SP,ITAPEVA.XLS,xls,19456,11-07-18 04:39PM,AUXILIAR_DOC,,,,LIST
/pdet/microdados/CAGED/EEC/092018/SETOR/MUN/SP/ITAPEVI.XLS,/pdet/microdados/CAGED/EEC/092018/SETOR/MUN/SP,ITAPEVI.XLS,xls,19456,11-07-18 04:39PM,AUXILIAR_DOC,,,,LIST
/pdet/microdados/CAGED/EEC/092018/SETOR/MUN/SP/ITAPIRA.XLS,/pdet/microdados/CAGED/EEC/092018/SETOR/MUN/SP,ITAPIRA.XLS,xls,19456,11-07-18 04:39PM,AUXILIAR_DOC,,,,LIST
/pdet/microdados/CAGED/EEC/092018/SETOR/MUN/SP/ITAPOLIS.XLS,/pdet/microdados/CAGED/EEC/092018/SETOR/MUN/SP,ITAPOLIS.XLS,xls,19456,11-07-18 04:39PM,AUXILIAR_DOC,,,,LIST
/pdet/microdados/CAGED/EEC/092018/SETOR/MUN/SP/ITAPORANGA.XLS,/pdet/microdados/CAGED/EEC/092018/SETOR/MUN/SP,ITAPORANGA.XLS,xls,19456,11-07-18 04:39PM,AUXILIAR_DOC,,,,LIST
/pdet/microdados/CAGED/EEC/092018/SETOR/MUN/SP/ITAPUI.XLS,/pdet/microdados/CAGED/EEC/092018/SETOR/MUN/SP,ITAPUI.XLS,xls,18944,11-07-18 04:39PM,AUXILIAR_DOC,,,,LIST
/pdet/microdados/CAGED/EEC/092018/SETOR/MUN/SP/ITAQUAQUECETUBA.XLS,/pdet/microdados/CAGED/EEC/092018/SETOR/MUN/SP,ITAQUAQUECETUBA.XLS,xls,19456,11-07-18 04:39PM,AUXILIAR_DOC,,,,LIST
/pdet/microdados/CAGED/EEC/092018/SETOR/MUN/SP/ITARARE.XLS,/pdet/microdados/CAGED/EEC/092018/SETOR/MUN/SP,ITARARE.XLS,xls,19456,11-07-18 04:39PM,AUXILIAR_DOC,,,,LIST
/pdet/microdados/CAGED/EEC/092018/SETOR/MUN/SP/ITARIRI.XLS,/pdet/microdados/CAGED/EEC/092018/SETOR/MUN/SP,ITARIRI.XLS,xls,19456,11-07-18 04:39PM,AUXILIAR_DOC,,,,LIST
/pdet/microdados/CAGED/EEC/092018/SETOR/MUN/SP/ITATIBA.XLS,/pdet/microdados/CAGED/EEC/092018/SETOR/MUN/SP,ITATIBA.XLS,xls,19456,11-07-18 04:39PM,AUXILIAR_DOC,,,,LIST
/pdet/microdados/CAGED/EEC/092018/SETOR/MUN/SP/ITATINGA.XLS,/pdet/microdados/CAGED/EEC/092018/SETOR/MUN/SP,ITATINGA.XLS,xls,19456,11-07-18 04:39PM,AUXILIAR_DOC,,,,LIST
/pdet/microdados/CAGED/EEC/092018/SETOR/MUN/SP/ITIRAPINA.XLS,/pdet/microdados/CAGED/EEC/092018/SETOR/MUN/SP,ITIRAPINA.XLS,xls,19456,11-07-18 04:39PM,AUXILIAR_DOC,,,,LIST
/pdet/microdados/CAGED/EEC/092018/SETOR/MUN/SP/ITU.XLS,/pdet/microdados/CAGED/EEC/092018/SETOR/MUN/SP,ITU.XLS,xls,19456,11-07-18 04:39PM,AUXILIAR_DOC,,,,LIST
/pdet/microdados/CAGED/EEC/092018/SETOR/MUN/SP/ITUPEVA.XLS,/pdet/microdados/CAGED/EEC/092018/SETOR/MUN/SP,ITUPEVA.XLS,xls,23552,11-07-18 04:39PM,AUXILIAR_DOC,,,,LIST
/pdet/microdados/CAGED/EEC/092018/SETOR/MUN/SP/ITUVERAVA.XLS,/pdet/microdados/CAGED/EEC/092018/SETOR/MUN/SP,ITUVERAVA.XLS,xls,19456,11-07-18 04:39PM,AUXILIAR_DOC,,,,LIST
/pdet/microdados/CAGED/EEC/092018/SETOR/MUN/SP/JABOTICABAL.XLS,/pdet/microdados/CAGED/EEC/092018/SETOR/MUN/SP,JABOTICABAL.XLS,xls,19456,11-07-18 04:39PM,AUXILIAR_DOC,,,,LIST
/pdet/microdados/CAGED/EEC/092018/SETOR/MUN/SP/JACAREI.XLS,/pdet/microdados/CAGED/EEC/092018/SETOR/MUN/SP,JACAREI.XLS,xls,19456,11-07-18 04:39PM,AUXILIAR_DOC,,,,LIST
/pdet/microdados/CAGED/EEC/092018/SETOR/MUN/SP/JACUPIRANGA.XLS,/pdet/microdados/CAGED/EEC/092018/SETOR/MUN/SP,JACUPIRANGA.XLS,xls,19456,11-07-18 04:39PM,AUXILIAR_DOC,,,,LIST
/pdet/microdados/CAGED/EEC/092018/SETOR/MUN/SP/JAGUARIUNA.XLS,/pdet/microdados/CAGED/EEC/092018/SETOR/MUN/SP,JAGUARIUNA.XLS,xls,23552,11-07-18 04:39PM,AUXILIAR_DOC,,,,LIST
/pdet/microdados/CAGED/EEC/092018/SETOR/MUN/SP/JALES.XLS,/pdet/microdados/CAGED/EEC/092018/SETOR/MUN/SP,JALES.XLS,xls,23552,11-07-18 04:39PM,AUXILIAR_DOC,,,,LIST
/pdet/microdados/CAGED/EEC/092018/SETOR/MUN/SP/JANDIRA.XLS,/pdet/microdados/CAGED/EEC/092018/SETOR/MUN/SP,JANDIRA.XLS,xls,18944,11-07-18 04:39PM,AUXILIAR_DOC,,,,LIST
/pdet/microdados/CAGED/EEC/092018/SETOR/MUN/SP/JARDINOPOLIS.XLS,/pdet/microdados/CAGED/EEC/092018/SETOR/MUN/SP,JARDINOPOLIS.XLS,xls,19456,11-07-18 04:39PM,AUXILIAR_DOC,,,,LIST
/pdet/microdados/CAGED/EEC/092018/SETOR/MUN/SP/JARINU.XLS,/pdet/microdados/CAGED/EEC/092018/SETOR/MUN/SP,JARINU.XLS,xls,19456,11-07-18 04:39PM,AUXILIAR_DOC,,,,LIST
/pdet/microdados/CAGED/EEC/092018/SETOR/MUN/SP/JAU.XLS,/pdet/microdados/CAGED/EEC/092018/SETOR/MUN/SP,JAU.XLS,xls,19456,11-07-18 04:39PM,AUXILIAR_DOC,,,,LIST
/pdet/microdados/CAGED/EEC/092018/SETOR/MUN/SP/JOANOPOLIS.XLS,/pdet/microdados/CAGED/EEC/092018/SETOR/MUN/SP,JOANOPOLIS.XLS,xls,18944,11-07-18 04:39PM,AUXILIAR_DOC,,,,LIST
/pdet/microdados/CAGED/EEC/092018/SETOR/MUN/SP/JOSE BONIFACIO.XLS,/pdet/microdados/CAGED/EEC/092018/SETOR/MUN/SP,JOSE BONIFACIO.XLS,xls,19456,11-07-18 04:39PM,AUXILIAR_DOC,,,,LIST
/pdet/microdados/CAGED/EEC/092018/SETOR/MUN/SP/JUNDIAI.XLS,/pdet/microdados/CAGED/EEC/092018/SETOR/MUN/SP,JUNDIAI.XLS,xls,19456,11-07-18 04:39PM,AUXILIAR_DOC,,,,LIST
/pdet/microdados/CAGED/EEC/092018/SETOR/MUN/SP/JUNQUEIROPOLIS.XLS,/pdet/microdados/CAGED/EEC/092018/SETOR/MUN/SP,JUNQUEIROPOLIS.XLS,xls,18944,11-07-18 04:39PM,AUXILIAR_DOC,,,,LIST
/pdet/microdados/CAGED/EEC/092018/SETOR/MUN/SP/JUQUIA.XLS,/pdet/microdados/CAGED/EEC/092018/SETOR/MUN/SP,JUQUIA.XLS,xls,19456,11-07-18 04:39PM,AUXILIAR_DOC,,,,LIST
/pdet/microdados/CAGED/EEC/092018/SETOR/MUN/SP/JUQUITIBA.XLS,/pdet/microdados/CAGED/EEC/092018/SETOR/MUN/SP,JUQUITIBA.XLS,xls,19456,11-07-18 04:39PM,AUXILIAR_DOC,,,,LIST
/pdet/microdados/CAGED/EEC/092018/SETOR/MUN/SP/LARANJAL PAULISTA.XLS,/pdet/microdados/CAGED/EEC/092018/SETOR/MUN/SP,LARANJAL PAULISTA.XLS,xls,19456,11-07-18 04:39PM,AUXILIAR_DOC,,,,LIST
/pdet/microdados/CAGED/EEC/092018/SETOR/MUN/SP/LEME.XLS,/pdet/microdados/CAGED/EEC/092018/SETOR/MUN/SP,LEME.XLS,xls,19456,11-07-18 04:39PM,AUXILIAR_DOC,,,,LIST
/pdet/microdados/CAGED/EEC/092018/SETOR/MUN/SP/LENCOIS PAULISTA.XLS,/pdet/microdados/CAGED/EEC/092018/SETOR/MUN/SP,LENCOIS PAULISTA.XLS,xls,19456,11-07-18 04:39PM,AUXILIAR_DOC,,,,LIST
/pdet/microdados/CAGED/EEC/092018/SETOR/MUN/SP/LIMEIRA.XLS,/pdet/microdados/CAGED/EEC/092018/SETOR/MUN/SP,LIMEIRA.XLS,xls,19456,11-07-18 04:39PM,AUXILIAR_DOC,,,,LIST
/pdet/microdados/CAGED/EEC/092018/SETOR/MUN/SP/LINS.XLS,/pdet/microdados/CAGED/EEC/092018/SETOR/MUN/SP,LINS.XLS,xls,19456,11-07-18 04:39PM,AUXILIAR_DOC,,,,LIST
/pdet/microdados/CAGED/EEC/092018/SETOR/MUN/SP/LORENA.XLS,/pdet/microdados/CAGED/EEC/092018/SETOR/MUN/SP,LORENA.XLS,xls,19456,11-07-18 04:39PM,AUXILIAR_DOC,,,,LIST
/pdet/microdados/CAGED/EEC/092018/SETOR/MUN/SP/LOUVEIRA.XLS,/pdet/microdados/CAGED/EEC/092018/SETOR/MUN/SP,LOUVEIRA.XLS,xls,19456,11-07-18 04:39PM,AUXILIAR_DOC,,,,LIST
/pdet/microdados/CAGED/EEC/092018/SETOR/MUN/SP/LUCELIA.XLS,/pdet/microdados/CAGED/EEC/092018/SETOR/MUN/SP,LUCELIA.XLS,xls,19456,11-07-18 04:40PM,AUXILIAR_DOC,,,,LIST
/pdet/microdados/CAGED/EEC/092018/SETOR/MUN/SP/LUIS ANTONIO.XLS,/pdet/microdados/CAGED/EEC/092018/SETOR/MUN/SP,LUIS ANTONIO.XLS,xls,19456,11-07-18 04:40PM,AUXILIAR_DOC,,,,LIST
/pdet/microdados/CAGED/EEC/092018/SETOR/MUN/SP/MACATUBA.XLS,/pdet/microdados/CAGED/EEC/092018/SETOR/MUN/SP,MACATUBA.XLS,xls,19456,11-07-18 04:40PM,AUXILIAR_DOC,,,,LIST
/pdet/microdados/CAGED/EEC/092018/SETOR/MUN/SP/MAIRINQUE.XLS,/pdet/microdados/CAGED/EEC/092018/SETOR/MUN/SP,MAIRINQUE.XLS,xls,19456,11-07-18 04:40PM,AUXILIAR_DOC,,,,LIST
/pdet/microdados/CAGED/EEC/092018/SETOR/MUN/SP/MAIRIPORA.XLS,/pdet/microdados/CAGED/EEC/092018/SETOR/MUN/SP,MAIRIPORA.XLS,xls,19456,11-07-18 04:40PM,AUXILIAR_DOC,,,,LIST
/pdet/microdados/CAGED/EEC/092018/SETOR/MUN/SP/MARACAI.XLS,/pdet/microdados/CAGED/EEC/092018/SETOR/MUN/SP,MARACAI.XLS,xls,18944,11-07-18 04:40PM,AUXILIAR_DOC,,,,LIST
/pdet/microdados/CAGED/EEC/092018/SETOR/MUN/SP/MARILIA.XLS,/pdet/microdados/CAGED/EEC/092018/SETOR/MUN/SP,MARILIA.XLS,xls,19456,11-07-18 04:40PM,AUXILIAR_DOC,,,,LIST
/pdet/microdados/CAGED/EEC/092018/SETOR/MUN/SP/MARTINOPOLIS.XLS,/pdet/microdados/CAGED/EEC/092018/SETOR/MUN/SP,MARTINOPOLIS.XLS,xls,19456,11-07-18 04:40PM,AUXILIAR_DOC,,,,LIST
/pdet/microdados/CAGED/EEC/092018/SETOR/MUN/SP/MATAO.XLS,/pdet/microdados/CAGED/EEC/092018/SETOR/MUN/SP,MATAO.XLS,xls,19456,11-07-18 04:40PM,AUXILIAR_DOC,,,,LIST
/pdet/microdados/CAGED/EEC/092018/SETOR/MUN/SP/MAUA.XLS,/pdet/microdados/CAGED/EEC/092018/SETOR/MUN/SP,MAUA.XLS,xls,23552,11-07-18 04:40PM,AUXILIAR_DOC,,,,LIST
/pdet/microdados/CAGED/EEC/092018/SETOR/MUN/SP/MIGUELOPOLIS.XLS,/pdet/microdados/CAGED/EEC/092018/SETOR/MUN/SP,MIGUELOPOLIS.XLS,xls,19456,11-07-18 04:40PM,AUXILIAR_DOC,,,,LIST
/pdet/microdados/CAGED/EEC/092018/SETOR/MUN/SP/MINEIROS DO TIETE.XLS,/pdet/microdados/CAGED/EEC/092018/SETOR/MUN/SP,MINEIROS DO TIETE.XLS,xls,19456,11-07-18 04:40PM,AUXILIAR_DOC,,,,LIST
/pdet/microdados/CAGED/EEC/092018/SETOR/MUN/SP/MIRACATU.XLS,/pdet/microdados/CAGED/EEC/092018/SETOR/MUN/SP,MIRACATU.XLS,xls,19456,11-07-18 04:40PM,AUXILIAR_DOC,,,,LIST
/pdet/microdados/CAGED/EEC/092018/SETOR/MUN/SP/MIRANDOPOLIS.XLS,/pdet/microdados/CAGED/EEC/092018/SETOR/MUN/SP,MIRANDOPOLIS.XLS,xls,19456,11-07-18 04:40PM,AUXILIAR_DOC,,,,LIST
/pdet/microdados/CAGED/EEC/092018/SETOR/MUN/SP/MIRANTE DO PARANAPANEMA.XLS,/pdet/microdados/CAGED/EEC/092018/SETOR/MUN/SP,MIRANTE DO PARANAPANEMA.XLS,xls,19456,11-07-18 04:40PM,AUXILIAR_DOC,,,,LIST
/pdet/microdados/CAGED/EEC/092018/SETOR/MUN/SP/MIRASSOL.XLS,/pdet/microdados/CAGED/EEC/092018/SETOR/MUN/SP,MIRASSOL.XLS,xls,23552,11-07-18 04:40PM,AUXILIAR_DOC,,,,LIST
/pdet/microdados/CAGED/EEC/092018/SETOR/MUN/SP/MOCOCA.XLS,/pdet/microdados/CAGED/EEC/092018/SETOR/MUN/SP,MOCOCA.XLS,xls,19456,11-07-18 04:40PM,AUXILIAR_DOC,,,,LIST
/pdet/microdados/CAGED/EEC/092018/SETOR/MUN/SP/MOGI DAS CRUZES.XLS,/pdet/microdados/CAGED/EEC/092018/SETOR/MUN/SP,MOGI DAS CRUZES.XLS,xls,19456,11-07-18 04:40PM,AUXILIAR_DOC,,,,LIST
/pdet/microdados/CAGED/EEC/092018/SETOR/MUN/SP/MOGI GUACU.XLS,/pdet/microdados/CAGED/EEC/092018/SETOR/MUN/SP,MOGI GUACU.XLS,xls,19456,11-07-18 04:40PM,AUXILIAR_DOC,,,,LIST
/pdet/microdados/CAGED/EEC/092018/SETOR/MUN/SP/MOJI MIRIM.XLS,/pdet/microdados/CAGED/EEC/092018/SETOR/MUN/SP,MOJI MIRIM.XLS,xls,19456,11-07-18 04:40PM,AUXILIAR_DOC,,,,LIST
/pdet/microdados/CAGED/EEC/092018/SETOR/MUN/SP/MONGAGUA.XLS,/pdet/microdados/CAGED/EEC/092018/SETOR/MUN/SP,MONGAGUA.XLS,xls,19456,11-07-18 04:40PM,AUXILIAR_DOC,,,,LIST
/pdet/microdados/CAGED/EEC/092018/SETOR/MUN/SP/MONTE ALTO.XLS,/pdet/microdados/CAGED/EEC/092018/SETOR/MUN/SP,MONTE ALTO.XLS,xls,19456,11-07-18 04:40PM,AUXILIAR_DOC,,,,LIST
/pdet/microdados/CAGED/EEC/092018/SETOR/MUN/SP/MONTE APRAZIVEL.XLS,/pdet/microdados/CAGED/EEC/092018/SETOR/MUN/SP,MONTE APRAZIVEL.XLS,xls,19456,11-07-18 04:40PM,AUXILIAR_DOC,,,,LIST
/pdet/microdados/CAGED/EEC/092018/SETOR/MUN/SP/MONTE AZUL PAULISTA.XLS,/pdet/microdados/CAGED/EEC/092018/SETOR/MUN/SP,MONTE AZUL PAULISTA.XLS,xls,23552,11-07-18 04:40PM,AUXILIAR_DOC,,,,LIST
/pdet/microdados/CAGED/EEC/092018/SETOR/MUN/SP/MONTE MOR.XLS,/pdet/microdados/CAGED/EEC/092018/SETOR/MUN/SP,MONTE MOR.XLS,xls,19456,11-07-18 04:40PM,AUXILIAR_DOC,,,,LIST
/pdet/microdados/CAGED/EEC/092018/SETOR/MUN/SP/MORRO AGUDO.XLS,/pdet/microdados/CAGED/EEC/092018/SETOR/MUN/SP,MORRO AGUDO.XLS,xls,19456,11-07-18 04:40PM,AUXILIAR_DOC,,,,LIST
/pdet/microdados/CAGED/EEC/092018/SETOR/MUN/SP/MORUNGABA.XLS,/pdet/microdados/CAGED/EEC/092018/SETOR/MUN/SP,MORUNGABA.XLS,xls,19456,11-07-18 04:40PM,AUXILIAR_DOC,,,,LIST
/pdet/microdados/CAGED/EEC/092018/SETOR/MUN/SP/NAZARE PAULISTA.XLS,/pdet/microdados/CAGED/EEC/092018/SETOR/MUN/SP,NAZARE PAULISTA.XLS,xls,23552,11-07-18 04:40PM,AUXILIAR_DOC,,,,LIST
/pdet/microdados/CAGED/EEC/092018/SETOR/MUN/SP/NHANDEARA.XLS,/pdet/microdados/CAGED/EEC/092018/SETOR/MUN/SP,NHANDEARA.XLS,xls,19456,11-07-18 04:40PM,AUXILIAR_DOC,,,,LIST
/pdet/microdados/CAGED/EEC/092018/SETOR/MUN/SP/NOVA GRANADA.XLS,/pdet/microdados/CAGED/EEC/092018/SETOR/MUN/SP,NOVA GRANADA.XLS,xls,19456,11-07-18 04:40PM,AUXILIAR_DOC,,,,LIST
/pdet/microdados/CAGED/EEC/092018/SETOR/MUN/SP/NOVA ODESSA.XLS,/pdet/microdados/CAGED/EEC/092018/SETOR/MUN/SP,NOVA ODESSA.XLS,xls,19456,11-07-18 04:40PM,AUXILIAR_DOC,,,,LIST
/pdet/microdados/CAGED/EEC/092018/SETOR/MUN/SP/NOVO HORIZONTE.XLS,/pdet/microdados/CAGED/EEC/092018/SETOR/MUN/SP,NOVO HORIZONTE.XLS,xls,19456,11-07-18 04:40PM,AUXILIAR_DOC,,,,LIST
/pdet/microdados/CAGED/EEC/092018/SETOR/MUN/SP/OLIMPIA.XLS,/pdet/microdados/CAGED/EEC/092018/SETOR/MUN/SP,OLIMPIA.XLS,xls,19456,11-07-18 04:40PM,AUXILIAR_DOC,,,,LIST
/pdet/microdados/CAGED/EEC/092018/SETOR/MUN/SP/ORLANDIA.XLS,/pdet/microdados/CAGED/EEC/092018/SETOR/MUN/SP,ORLANDIA.XLS,xls,23552,11-07-18 04:40PM,AUXILIAR_DOC,,,,LIST
/pdet/microdados/CAGED/EEC/092018/SETOR/MUN/SP/OSASCO.XLS,/pdet/microdados/CAGED/EEC/092018/SETOR/MUN/SP,OSASCO.XLS,xls,19456,11-07-18 04:40PM,AUXILIAR_DOC,,,,LIST
/pdet/microdados/CAGED/EEC/092018/SETOR/MUN/SP/OSVALDO CRUZ.XLS,/pdet/microdados/CAGED/EEC/092018/SETOR/MUN/SP,OSVALDO CRUZ.XLS,xls,19456,11-07-18 04:40PM,AUXILIAR_DOC,,,,LIST
/pdet/microdados/CAGED/EEC/092018/SETOR/MUN/SP/OURINHOS.XLS,/pdet/microdados/CAGED/EEC/092018/SETOR/MUN/SP,OURINHOS.XLS,xls,19456,11-07-18 04:40PM,AUXILIAR_DOC,,,,LIST
/pdet/microdados/CAGED/EEC/092018/SETOR/MUN/SP/PACAEMBU.XLS,/pdet/microdados/CAGED/EEC/092018/SETOR/MUN/SP,PACAEMBU.XLS,xls,18944,11-07-18 04:40PM,AUXILIAR_DOC,,,,LIST
/pdet/microdados/CAGED/EEC/092018/SETOR/MUN/SP/PALESTINA.XLS,/pdet/microdados/CAGED/EEC/092018/SETOR/MUN/SP,PALESTINA.XLS,xls,19456,11-07-18 04:40PM,AUXILIAR_DOC,,,,LIST
/pdet/microdados/CAGED/EEC/092018/SETOR/MUN/SP/PALMARES PAULISTA.XLS,/pdet/microdados/CAGED/EEC/092018/SETOR/MUN/SP,PALMARES PAULISTA.XLS,xls,18944,11-07-18 04:40PM,AUXILIAR_DOC,,,,LIST
/pdet/microdados/CAGED/EEC/092018/SETOR/MUN/SP/PALMEIRA D OESTE.XLS,/pdet/microdados/CAGED/EEC/092018/SETOR/MUN/SP,PALMEIRA D OESTE.XLS,xls,18944,11-07-18 04:40PM,AUXILIAR_DOC,,,,LIST
/pdet/microdados/CAGED/EEC/092018/SETOR/MUN/SP/PALMITAL.XLS,/pdet/microdados/CAGED/EEC/092018/SETOR/MUN/SP,PALMITAL.XLS,xls,19456,11-07-18 04:40PM,AUXILIAR_DOC,,,,LIST
/pdet/microdados/CAGED/EEC/092018/SETOR/MUN/SP/PANORAMA.XLS,/pdet/microdados/CAGED/EEC/092018/SETOR/MUN/SP,PANORAMA.XLS,xls,19456,11-07-18 04:40PM,AUXILIAR_DOC,,,,LIST
/pdet/microdados/CAGED/EEC/092018/SETOR/MUN/SP/PARAGUACU PAULISTA.XLS,/pdet/microdados/CAGED/EEC/092018/SETOR/MUN/SP,PARAGUACU PAULISTA.XLS,xls,19456,11-07-18 04:40PM,AUXILIAR_DOC,,,,LIST
/pdet/microdados/CAGED/EEC/092018/SETOR/MUN/SP/PARAIBUNA.XLS,/pdet/microdados/CAGED/EEC/092018/SETOR/MUN/SP,PARAIBUNA.XLS,xls,19456,11-07-18 04:40PM,AUXILIAR_DOC,,,,LIST
/pdet/microdados/CAGED/EEC/092018/SETOR/MUN/SP/PARANAPANEMA.XLS,/pdet/microdados/CAGED/EEC/092018/SETOR/MUN/SP,PARANAPANEMA.XLS,xls,19456,11-07-18 04:40PM,AUXILIAR_DOC,,,,LIST
/pdet/microdados/CAGED/EEC/092018/SETOR/MUN/SP/PARAPUA.XLS,/pdet/microdados/CAGED/EEC/092018/SETOR/MUN/SP,PARAPUA.XLS,xls,19456,11-07-18 04:40PM,AUXILIAR_DOC,,,,LIST
/pdet/microdados/CAGED/EEC/092018/SETOR/MUN/SP/PARIQUERA-ACU.XLS,/pdet/microdados/CAGED/EEC/092018/SETOR/MUN/SP,PARIQUERA-ACU.XLS,xls,19456,11-07-18 04:40PM,AUXILIAR_DOC,,,,LIST
/pdet/microdados/CAGED/EEC/092018/SETOR/MUN/SP/PATROCINIO PAULISTA.XLS,/pdet/microdados/CAGED/EEC/092018/SETOR/MUN/SP,PATROCINIO PAULISTA.XLS,xls,19456,11-07-18 04:40PM,AUXILIAR_DOC,,,,LIST
/pdet/microdados/CAGED/EEC/092018/SETOR/MUN/SP/PAULINIA.XLS,/pdet/microdados/CAGED/EEC/092018/SETOR/MUN/SP,PAULINIA.XLS,xls,19456,11-07-18 04:40PM,AUXILIAR_DOC,,,,LIST
/pdet/microdados/CAGED/EEC/092018/SETOR/MUN/SP/PEDERNEIRAS.XLS,/pdet/microdados/CAGED/EEC/092018/SETOR/MUN/SP,PEDERNEIRAS.XLS,xls,19456,11-07-18 04:40PM,AUXILIAR_DOC,,,,LIST
/pdet/microdados/CAGED/EEC/092018/SETOR/MUN/SP/PEDREGULHO.XLS,/pdet/microdados/CAGED/EEC/092018/SETOR/MUN/SP,PEDREGULHO.XLS,xls,19456,11-07-18 04:40PM,AUXILIAR_DOC,,,,LIST
/pdet/microdados/CAGED/EEC/092018/SETOR/MUN/SP/PEDREIRA.XLS,/pdet/microdados/CAGED/EEC/092018/SETOR/MUN/SP,PEDREIRA.XLS,xls,23552,11-07-18 04:40PM,AUXILIAR_DOC,,,,LIST
/pdet/microdados/CAGED/EEC/092018/SETOR/MUN/SP/PEDRO DE TOLEDO.XLS,/pdet/microdados/CAGED/EEC/092018/SETOR/MUN/SP,PEDRO DE TOLEDO.XLS,xls,19456,11-07-18 04:40PM,AUXILIAR_DOC,,,,LIST
/pdet/microdados/CAGED/EEC/092018/SETOR/MUN/SP/PENAPOLIS.XLS,/pdet/microdados/CAGED/EEC/092018/SETOR/MUN/SP,PENAPOLIS.XLS,xls,19456,11-07-18 04:40PM,AUXILIAR_DOC,,,,LIST
/pdet/microdados/CAGED/EEC/092018/SETOR/MUN/SP/PEREIRA BARRETO.XLS,/pdet/microdados/CAGED/EEC/092018/SETOR/MUN/SP,PEREIRA BARRETO.XLS,xls,19456,11-07-18 04:40PM,AUXILIAR_DOC,,,,LIST
/pdet/microdados/CAGED/EEC/092018/SETOR/MUN/SP/PERUIBE.XLS,/pdet/microdados/CAGED/EEC/092018/SETOR/MUN/SP,PERUIBE.XLS,xls,19456,11-07-18 04:40PM,AUXILIAR_DOC,,,,LIST
/pdet/microdados/CAGED/EEC/092018/SETOR/MUN/SP/PIEDADE.XLS,/pdet/microdados/CAGED/EEC/092018/SETOR/MUN/SP,PIEDADE.XLS,xls,19456,11-07-18 04:40PM,AUXILIAR_DOC,,,,LIST
/pdet/microdados/CAGED/EEC/092018/SETOR/MUN/SP/PILAR DO SUL.XLS,/pdet/microdados/CAGED/EEC/092018/SETOR/MUN/SP,PILAR DO SUL.XLS,xls,19456,11-07-18 04:40PM,AUXILIAR_DOC,,,SUL,LIST
/pdet/microdados/CAGED/EEC/092018/SETOR/MUN/SP/PINDAMONHANGABA.XLS,/pdet/microdados/CAGED/EEC/092018/SETOR/MUN/SP,PINDAMONHANGABA.XLS,xls,19456,11-07-18 04:40PM,AUXILIAR_DOC,,,,LIST
/pdet/microdados/CAGED/EEC/092018/SETOR/MUN/SP/PINDORAMA.XLS,/pdet/microdados/CAGED/EEC/092018/SETOR/MUN/SP,PINDORAMA.XLS,xls,18944,11-07-18 04:40PM,AUXILIAR_DOC,,,,LIST
/pdet/microdados/CAGED/EEC/092018/SETOR/MUN/SP/PINHALZINHO.XLS,/pdet/microdados/CAGED/EEC/092018/SETOR/MUN/SP,PINHALZINHO.XLS,xls,19456,11-07-18 04:40PM,AUXILIAR_DOC,,,,LIST
/pdet/microdados/CAGED/EEC/092018/SETOR/MUN/SP/PIQUETE.XLS,/pdet/microdados/CAGED/EEC/092018/SETOR/MUN/SP,PIQUETE.XLS,xls,19456,11-07-18 04:40PM,AUXILIAR_DOC,,,,LIST
/pdet/microdados/CAGED/EEC/092018/SETOR/MUN/SP/PIRACAIA.XLS,/pdet/microdados/CAGED/EEC/092018/SETOR/MUN/SP,PIRACAIA.XLS,xls,19456,11-07-18 04:40PM,AUXILIAR_DOC,,,,LIST
/pdet/microdados/CAGED/EEC/092018/SETOR/MUN/SP/PIRACICABA.XLS,/pdet/microdados/CAGED/EEC/092018/SETOR/MUN/SP,PIRACICABA.XLS,xls,19456,11-07-18 04:40PM,AUXILIAR_DOC,,,,LIST
/pdet/microdados/CAGED/EEC/092018/SETOR/MUN/SP/PIRAJU.XLS,/pdet/microdados/CAGED/EEC/092018/SETOR/MUN/SP,PIRAJU.XLS,xls,19456,11-07-18 04:40PM,AUXILIAR_DOC,,,,LIST
/pdet/microdados/CAGED/EEC/092018/SETOR/MUN/SP/PIRAJUI.XLS,/pdet/microdados/CAGED/EEC/092018/SETOR/MUN/SP,PIRAJUI.XLS,xls,19456,11-07-18 04:40PM,AUXILIAR_DOC,,,,LIST
/pdet/microdados/CAGED/EEC/092018/SETOR/MUN/SP/PIRANGI.XLS,/pdet/microdados/CAGED/EEC/092018/SETOR/MUN/SP,PIRANGI.XLS,xls,19456,11-07-18 04:40PM,AUXILIAR_DOC,,,,LIST
/pdet/microdados/CAGED/EEC/092018/SETOR/MUN/SP/PIRAPORA DO BOM JESUS.XLS,/pdet/microdados/CAGED/EEC/092018/SETOR/MUN/SP,PIRAPORA DO BOM JESUS.XLS,xls,19456,11-07-18 04:40PM,AUXILIAR_DOC,,,,LIST
/pdet/microdados/CAGED/EEC/092018/SETOR/MUN/SP/PIRAPOZINHO.XLS,/pdet/microdados/CAGED/EEC/092018/SETOR/MUN/SP,PIRAPOZINHO.XLS,xls,19456,11-07-18 04:40PM,AUXILIAR_DOC,,,,LIST
/pdet/microdados/CAGED/EEC/092018/SETOR/MUN/SP/PIRASSUNUNGA.XLS,/pdet/microdados/CAGED/EEC/092018/SETOR/MUN/SP,PIRASSUNUNGA.XLS,xls,19456,11-07-18 04:40PM,AUXILIAR_DOC,,,,LIST
/pdet/microdados/CAGED/EEC/092018/SETOR/MUN/SP/PIRATININGA.XLS,/pdet/microdados/CAGED/EEC/092018/SETOR/MUN/SP,PIRATININGA.XLS,xls,19456,11-07-18 04:40PM,AUXILIAR_DOC,,,,LIST
/pdet/microdados/CAGED/EEC/092018/SETOR/MUN/SP/PITANGUEIRAS.XLS,/pdet/microdados/CAGED/EEC/092018/SETOR/MUN/SP,PITANGUEIRAS.XLS,xls,19456,11-07-18 04:40PM,AUXILIAR_DOC,,,,LIST
/pdet/microdados/CAGED/EEC/092018/SETOR/MUN/SP/POA.XLS,/pdet/microdados/CAGED/EEC/092018/SETOR/MUN/SP,POA.XLS,xls,19456,11-07-18 04:40PM,AUXILIAR_DOC,,,,LIST
/pdet/microdados/CAGED/EEC/092018/SETOR/MUN/SP/POMPEIA.XLS,/pdet/microdados/CAGED/EEC/092018/SETOR/MUN/SP,POMPEIA.XLS,xls,23552,11-07-18 04:40PM,AUXILIAR_DOC,,,,LIST
/pdet/microdados/CAGED/EEC/092018/SETOR/MUN/SP/PONTAL.XLS,/pdet/microdados/CAGED/EEC/092018/SETOR/MUN/SP,PONTAL.XLS,xls,23552,11-07-18 04:40PM,AUXILIAR_DOC,,,,LIST
/pdet/microdados/CAGED/EEC/092018/SETOR/MUN/SP/PORTO FELIZ.XLS,/pdet/microdados/CAGED/EEC/092018/SETOR/MUN/SP,PORTO FELIZ.XLS,xls,19456,11-07-18 04:40PM,AUXILIAR_DOC,,,,LIST
/pdet/microdados/CAGED/EEC/092018/SETOR/MUN/SP/PORTO FERREIRA.XLS,/pdet/microdados/CAGED/EEC/092018/SETOR/MUN/SP,PORTO FERREIRA.XLS,xls,19456,11-07-18 04:40PM,AUXILIAR_DOC,,,,LIST
/pdet/microdados/CAGED/EEC/092018/SETOR/MUN/SP/POTIM.XLS,/pdet/microdados/CAGED/EEC/092018/SETOR/MUN/SP,POTIM.XLS,xls,22528,11-07-18 04:40PM,AUXILIAR_DOC,,,,LIST
/pdet/microdados/CAGED/EEC/092018/SETOR/MUN/SP/POTIRENDABA.XLS,/pdet/microdados/CAGED/EEC/092018/SETOR/MUN/SP,POTIRENDABA.XLS,xls,19456,11-07-18 04:40PM,AUXILIAR_DOC,,,,LIST
/pdet/microdados/CAGED/EEC/092018/SETOR/MUN/SP/PRADOPOLIS.XLS,/pdet/microdados/CAGED/EEC/092018/SETOR/MUN/SP,PRADOPOLIS.XLS,xls,18944,11-07-18 04:40PM,AUXILIAR_DOC,,,,LIST
/pdet/microdados/CAGED/EEC/092018/SETOR/MUN/SP/PRAIA GRANDE.XLS,/pdet/microdados/CAGED/EEC/092018/SETOR/MUN/SP,PRAIA GRANDE.XLS,xls,19456,11-07-18 04:40PM,AUXILIAR_DOC,,,,LIST
/pdet/microdados/CAGED/EEC/092018/SETOR/MUN/SP/PRESIDENTE BERNARDES.XLS,/pdet/microdados/CAGED/EEC/092018/SETOR/MUN/SP,PRESIDENTE BERNARDES.XLS,xls,19456,11-07-18 04:40PM,AUXILIAR_DOC,,,,LIST
/pdet/microdados/CAGED/EEC/092018/SETOR/MUN/SP/PRESIDENTE EPITACIO.XLS,/pdet/microdados/CAGED/EEC/092018/SETOR/MUN/SP,PRESIDENTE EPITACIO.XLS,xls,19456,11-07-18 04:40PM,AUXILIAR_DOC,,,,LIST
/pdet/microdados/CAGED/EEC/092018/SETOR/MUN/SP/PRESIDENTE PRUDENTE.XLS,/pdet/microdados/CAGED/EEC/092018/SETOR/MUN/SP,PRESIDENTE PRUDENTE.XLS,xls,19456,11-07-18 04:40PM,AUXILIAR_DOC,,,,LIST
/pdet/microdados/CAGED/EEC/092018/SETOR/MUN/SP/PRESIDENTE VENCESLAU.XLS,/pdet/microdados/CAGED/EEC/092018/SETOR/MUN/SP,PRESIDENTE VENCESLAU.XLS,xls,19456,11-07-18 04:40PM,AUXILIAR_DOC,,,,LIST
/pdet/microdados/CAGED/EEC/092018/SETOR/MUN/SP/PROMISSAO.XLS,/pdet/microdados/CAGED/EEC/092018/SETOR/MUN/SP,PROMISSAO.XLS,xls,19456,11-07-18 04:40PM,AUXILIAR_DOC,,,,LIST
/pdet/microdados/CAGED/EEC/092018/SETOR/MUN/SP/QUATA.XLS,/pdet/microdados/CAGED/EEC/092018/SETOR/MUN/SP,QUATA.XLS,xls,18944,11-07-18 04:40PM,AUXILIAR_DOC,,,,LIST
/pdet/microdados/CAGED/EEC/092018/SETOR/MUN/SP/QUELUZ.XLS,/pdet/microdados/CAGED/EEC/092018/SETOR/MUN/SP,QUELUZ.XLS,xls,19456,11-07-18 04:40PM,AUXILIAR_DOC,,,,LIST
/pdet/microdados/CAGED/EEC/092018/SETOR/MUN/SP/RANCHARIA.XLS,/pdet/microdados/CAGED/EEC/092018/SETOR/MUN/SP,RANCHARIA.XLS,xls,19456,11-07-18 04:40PM,AUXILIAR_DOC,,,,LIST
/pdet/microdados/CAGED/EEC/092018/SETOR/MUN/SP/REGENTE FEIJO.XLS,/pdet/microdados/CAGED/EEC/092018/SETOR/MUN/SP,REGENTE FEIJO.XLS,xls,19456,11-07-18 04:40PM,AUXILIAR_DOC,,,,LIST
/pdet/microdados/CAGED/EEC/092018/SETOR/MUN/SP/REGISTRO.XLS,/pdet/microdados/CAGED/EEC/092018/SETOR/MUN/SP,REGISTRO.XLS,xls,19456,11-07-18 04:40PM,AUXILIAR_DOC,,,,LIST
/pdet/microdados/CAGED/EEC/092018/SETOR/MUN/SP/RIBEIRAO BONITO.XLS,/pdet/microdados/CAGED/EEC/092018/SETOR/MUN/SP,RIBEIRAO BONITO.XLS,xls,19456,11-07-18 04:40PM,AUXILIAR_DOC,,,,LIST
/pdet/microdados/CAGED/EEC/092018/SETOR/MUN/SP/RIBEIRAO BRANCO.XLS,/pdet/microdados/CAGED/EEC/092018/SETOR/MUN/SP,RIBEIRAO BRANCO.XLS,xls,19456,11-07-18 04:40PM,AUXILIAR_DOC,,,,LIST
/pdet/microdados/CAGED/EEC/092018/SETOR/MUN/SP/RIBEIRAO PIRES.XLS,/pdet/microdados/CAGED/EEC/092018/SETOR/MUN/SP,RIBEIRAO PIRES.XLS,xls,19456,11-07-18 04:40PM,AUXILIAR_DOC,,,,LIST
/pdet/microdados/CAGED/EEC/092018/SETOR/MUN/SP/RIBEIRAO PRETO.XLS,/pdet/microdados/CAGED/EEC/092018/SETOR/MUN/SP,RIBEIRAO PRETO.XLS,xls,19456,11-07-18 04:40PM,AUXILIAR_DOC,,,,LIST
/pdet/microdados/CAGED/EEC/092018/SETOR/MUN/SP/RINCAO.XLS,/pdet/microdados/CAGED/EEC/092018/SETOR/MUN/SP,RINCAO.XLS,xls,19456,11-07-18 04:40PM,AUXILIAR_DOC,,,,LIST
/pdet/microdados/CAGED/EEC/092018/SETOR/MUN/SP/RINOPOLIS.XLS,/pdet/microdados/CAGED/EEC/092018/SETOR/MUN/SP,RINOPOLIS.XLS,xls,18944,11-07-18 04:40PM,AUXILIAR_DOC,,,,LIST
/pdet/microdados/CAGED/EEC/092018/SETOR/MUN/SP/RIO CLARO.XLS,/pdet/microdados/CAGED/EEC/092018/SETOR/MUN/SP,RIO CLARO.XLS,xls,19456,11-07-18 04:40PM,AUXILIAR_DOC,,,,LIST
/pdet/microdados/CAGED/EEC/092018/SETOR/MUN/SP/RIO DAS PEDRAS.XLS,/pdet/microdados/CAGED/EEC/092018/SETOR/MUN/SP,RIO DAS PEDRAS.XLS,xls,19456,11-07-18 04:40PM,AUXILIAR_DOC,,,,LIST
/pdet/microdados/CAGED/EEC/092018/SETOR/MUN/SP/RIO GRANDE DA SERRA.XLS,/pdet/microdados/CAGED/EEC/092018/SETOR/MUN/SP,RIO GRANDE DA SERRA.XLS,xls,19456,11-07-18 04:40PM,AUXILIAR_DOC,,,,LIST
/pdet/microdados/CAGED/EEC/092018/SETOR/MUN/SP/RIOLANDIA.XLS,/pdet/microdados/CAGED/EEC/092018/SETOR/MUN/SP,RIOLANDIA.XLS,xls,19456,11-07-18 04:40PM,AUXILIAR_DOC,,,,LIST
/pdet/microdados/CAGED/EEC/092018/SETOR/MUN/SP/ROSANA.XLS,/pdet/microdados/CAGED/EEC/092018/SETOR/MUN/SP,ROSANA.XLS,xls,19456,11-07-18 04:40PM,AUXILIAR_DOC,,,,LIST
/pdet/microdados/CAGED/EEC/092018/SETOR/MUN/SP/SALES OLIVEIRA.XLS,/pdet/microdados/CAGED/EEC/092018/SETOR/MUN/SP,SALES OLIVEIRA.XLS,xls,18944,11-07-18 04:40PM,AUXILIAR_DOC,,,,LIST
/pdet/microdados/CAGED/EEC/092018/SETOR/MUN/SP/SALESOPOLIS.XLS,/pdet/microdados/CAGED/EEC/092018/SETOR/MUN/SP,SALESOPOLIS.XLS,xls,19456,11-07-18 04:40PM,AUXILIAR_DOC,,,,LIST
/pdet/microdados/CAGED/EEC/092018/SETOR/MUN/SP/SALTO DE PIRAPORA.XLS,/pdet/microdados/CAGED/EEC/092018/SETOR/MUN/SP,SALTO DE PIRAPORA.XLS,xls,19456,11-07-18 04:40PM,AUXILIAR_DOC,,,,LIST
/pdet/microdados/CAGED/EEC/092018/SETOR/MUN/SP/SALTO.XLS,/pdet/microdados/CAGED/EEC/092018/SETOR/MUN/SP,SALTO.XLS,xls,19456,11-07-18 04:40PM,AUXILIAR_DOC,,,,LIST
/pdet/microdados/CAGED/EEC/092018/SETOR/MUN/SP/SANTA ADELIA.XLS,/pdet/microdados/CAGED/EEC/092018/SETOR/MUN/SP,SANTA ADELIA.XLS,xls,18944,11-07-18 04:40PM,AUXILIAR_DOC,,,,LIST
/pdet/microdados/CAGED/EEC/092018/SETOR/MUN/SP/SANTA BARBARA D OESTE.XLS,/pdet/microdados/CAGED/EEC/092018/SETOR/MUN/SP,SANTA BARBARA D OESTE.XLS,xls,19456,11-07-18 04:40PM,AUXILIAR_DOC,,,,LIST
/pdet/microdados/CAGED/EEC/092018/SETOR/MUN/SP/SANTA BRANCA.XLS,/pdet/microdados/CAGED/EEC/092018/SETOR/MUN/SP,SANTA BRANCA.XLS,xls,18944,11-07-18 04:40PM,AUXILIAR_DOC,,,,LIST
/pdet/microdados/CAGED/EEC/092018/SETOR/MUN/SP/SANTA CRUZ DAS PALMEIRAS.XLS,/pdet/microdados/CAGED/EEC/092018/SETOR/MUN/SP,SANTA CRUZ DAS PALMEIRAS.XLS,xls,19456,11-07-18 04:40PM,AUXILIAR_DOC,,,,LIST
/pdet/microdados/CAGED/EEC/092018/SETOR/MUN/SP/SANTA CRUZ DO RIO PARDO.XLS,/pdet/microdados/CAGED/EEC/092018/SETOR/MUN/SP,SANTA CRUZ DO RIO PARDO.XLS,xls,19456,11-07-18 04:40PM,AUXILIAR_DOC,,,,LIST
/pdet/microdados/CAGED/EEC/092018/SETOR/MUN/SP/SANTA FE DO SUL.XLS,/pdet/microdados/CAGED/EEC/092018/SETOR/MUN/SP,SANTA FE DO SUL.XLS,xls,18944,11-07-18 04:41PM,AUXILIAR_DOC,,,SUL,LIST
/pdet/microdados/CAGED/EEC/092018/SETOR/MUN/SP/SANTA GERTRUDES.XLS,/pdet/microdados/CAGED/EEC/092018/SETOR/MUN/SP,SANTA GERTRUDES.XLS,xls,19456,11-07-18 04:41PM,AUXILIAR_DOC,,,,LIST
/pdet/microdados/CAGED/EEC/092018/SETOR/MUN/SP/SANTA ISABEL.XLS,/pdet/microdados/CAGED/EEC/092018/SETOR/MUN/SP,SANTA ISABEL.XLS,xls,19456,11-07-18 04:41PM,AUXILIAR_DOC,,,,LIST
/pdet/microdados/CAGED/EEC/092018/SETOR/MUN/SP/SANTA RITA DO PASSA QUATRO.XLS,/pdet/microdados/CAGED/EEC/092018/SETOR/MUN/SP,SANTA RITA DO PASSA QUATRO.XLS,xls,19456,11-07-18 04:41PM,AUXILIAR_DOC,,,,LIST
/pdet/microdados/CAGED/EEC/092018/SETOR/MUN/SP/SANTA ROSA DE VITERBO.XLS,/pdet/microdados/CAGED/EEC/092018/SETOR/MUN/SP,SANTA ROSA DE VITERBO.XLS,xls,19456,11-07-18 04:41PM,AUXILIAR_DOC,,,,LIST
/pdet/microdados/CAGED/EEC/092018/SETOR/MUN/SP/SANTANA DE PARNAIBA.XLS,/pdet/microdados/CAGED/EEC/092018/SETOR/MUN/SP,SANTANA DE PARNAIBA.XLS,xls,19456,11-07-18 04:41PM,AUXILIAR_DOC,,,,LIST
/pdet/microdados/CAGED/EEC/092018/SETOR/MUN/SP/SANTO ANASTACIO.XLS,/pdet/microdados/CAGED/EEC/092018/SETOR/MUN/SP,SANTO ANASTACIO.XLS,xls,19456,11-07-18 04:41PM,AUXILIAR_DOC,,,,LIST
/pdet/microdados/CAGED/EEC/092018/SETOR/MUN/SP/SANTO ANDRE.XLS,/pdet/microdados/CAGED/EEC/092018/SETOR/MUN/SP,SANTO ANDRE.XLS,xls,19456,11-07-18 04:41PM,AUXILIAR_DOC,,,,LIST
/pdet/microdados/CAGED/EEC/092018/SETOR/MUN/SP/SANTO ANTONIO DE POSSE.XLS,/pdet/microdados/CAGED/EEC/092018/SETOR/MUN/SP,SANTO ANTONIO DE POSSE.XLS,xls,23552,11-07-18 04:41PM,AUXILIAR_DOC,,,,LIST
/pdet/microdados/CAGED/EEC/092018/SETOR/MUN/SP/SANTOS.XLS,/pdet/microdados/CAGED/EEC/092018/SETOR/MUN/SP,SANTOS.XLS,xls,19456,11-07-18 04:41PM,AUXILIAR_DOC,,,,LIST
/pdet/microdados/CAGED/EEC/092018/SETOR/MUN/SP/SAO BENTO DO SAPUCAI.XLS,/pdet/microdados/CAGED/EEC/092018/SETOR/MUN/SP,SAO BENTO DO SAPUCAI.XLS,xls,19456,11-07-18 04:41PM,AUXILIAR_DOC,,,,LIST
/pdet/microdados/CAGED/EEC/092018/SETOR/MUN/SP/SAO BERNARDO DO CAMPO.XLS,/pdet/microdados/CAGED/EEC/092018/SETOR/MUN/SP,SAO BERNARDO DO CAMPO.XLS,xls,19456,11-07-18 04:41PM,AUXILIAR_DOC,,,,LIST
/pdet/microdados/CAGED/EEC/092018/SETOR/MUN/SP/SAO CAETANO DO SUL.XLS,/pdet/microdados/CAGED/EEC/092018/SETOR/MUN/SP,SAO CAETANO DO SUL.XLS,xls,23552,11-07-18 04:41PM,AUXILIAR_DOC,,,SUL,LIST
/pdet/microdados/CAGED/EEC/092018/SETOR/MUN/SP/SAO CARLOS.XLS,/pdet/microdados/CAGED/EEC/092018/SETOR/MUN/SP,SAO CARLOS.XLS,xls,19456,11-07-18 04:41PM,AUXILIAR_DOC,,,,LIST
/pdet/microdados/CAGED/EEC/092018/SETOR/MUN/SP/SAO JOAO DA BOA VISTA.XLS,/pdet/microdados/CAGED/EEC/092018/SETOR/MUN/SP,SAO JOAO DA BOA VISTA.XLS,xls,19456,11-07-18 04:41PM,AUXILIAR_DOC,,,,LIST
/pdet/microdados/CAGED/EEC/092018/SETOR/MUN/SP/SAO JOAQUIM DA BARRA.XLS,/pdet/microdados/CAGED/EEC/092018/SETOR/MUN/SP,SAO JOAQUIM DA BARRA.XLS,xls,19456,11-07-18 04:41PM,AUXILIAR_DOC,,,,LIST
/pdet/microdados/CAGED/EEC/092018/SETOR/MUN/SP/SAO JOSE DO RIO PARDO.XLS,/pdet/microdados/CAGED/EEC/092018/SETOR/MUN/SP,SAO JOSE DO RIO PARDO.XLS,xls,19456,11-07-18 04:41PM,AUXILIAR_DOC,,,,LIST
/pdet/microdados/CAGED/EEC/092018/SETOR/MUN/SP/SAO JOSE DO RIO PRETO.XLS,/pdet/microdados/CAGED/EEC/092018/SETOR/MUN/SP,SAO JOSE DO RIO PRETO.XLS,xls,19456,11-07-18 04:41PM,AUXILIAR_DOC,,,,LIST
/pdet/microdados/CAGED/EEC/092018/SETOR/MUN/SP/SAO JOSE DOS CAMPOS.XLS,/pdet/microdados/CAGED/EEC/092018/SETOR/MUN/SP,SAO JOSE DOS CAMPOS.XLS,xls,19456,11-07-18 04:41PM,AUXILIAR_DOC,,,,LIST
/pdet/microdados/CAGED/EEC/092018/SETOR/MUN/SP/SAO LOURENCO DA SERRA.XLS,/pdet/microdados/CAGED/EEC/092018/SETOR/MUN/SP,SAO LOURENCO DA SERRA.XLS,xls,19456,11-07-18 04:41PM,AUXILIAR_DOC,,,,LIST
/pdet/microdados/CAGED/EEC/092018/SETOR/MUN/SP/SAO LUIS DO PARAITINGA.XLS,/pdet/microdados/CAGED/EEC/092018/SETOR/MUN/SP,SAO LUIS DO PARAITINGA.XLS,xls,19456,11-07-18 04:41PM,AUXILIAR_DOC,,,,LIST
/pdet/microdados/CAGED/EEC/092018/SETOR/MUN/SP/SAO MANUEL.XLS,/pdet/microdados/CAGED/EEC/092018/SETOR/MUN/SP,SAO MANUEL.XLS,xls,19456,11-07-18 04:41PM,AUXILIAR_DOC,,,,LIST
/pdet/microdados/CAGED/EEC/092018/SETOR/MUN/SP/SAO MIGUEL ARCANJO.XLS,/pdet/microdados/CAGED/EEC/092018/SETOR/MUN/SP,SAO MIGUEL ARCANJO.XLS,xls,19456,11-07-18 04:41PM,AUXILIAR_DOC,,,,LIST
/pdet/microdados/CAGED/EEC/092018/SETOR/MUN/SP/SAO PAULO.XLS,/pdet/microdados/CAGED/EEC/092018/SETOR/MUN/SP,SAO PAULO.XLS,xls,19456,11-07-18 04:41PM,AUXILIAR_DOC,,,,LIST
/pdet/microdados/CAGED/EEC/092018/SETOR/MUN/SP/SAO PEDRO.XLS,/pdet/microdados/CAGED/EEC/092018/SETOR/MUN/SP,SAO PEDRO.XLS,xls,19456,11-07-18 04:41PM,AUXILIAR_DOC,,,,LIST
/pdet/microdados/CAGED/EEC/092018/SETOR/MUN/SP/SAO ROQUE.XLS,/pdet/microdados/CAGED/EEC/092018/SETOR/MUN/SP,SAO ROQUE.XLS,xls,19456,11-07-18 04:41PM,AUXILIAR_DOC,,,,LIST
/pdet/microdados/CAGED/EEC/092018/SETOR/MUN/SP/SAO SEBASTIAO DA GRAMA.XLS,/pdet/microdados/CAGED/EEC/092018/SETOR/MUN/SP,SAO SEBASTIAO DA GRAMA.XLS,xls,19456,11-07-18 04:41PM,AUXILIAR_DOC,,,,LIST
/pdet/microdados/CAGED/EEC/092018/SETOR/MUN/SP/SAO SEBASTIAO.XLS,/pdet/microdados/CAGED/EEC/092018/SETOR/MUN/SP,SAO SEBASTIAO.XLS,xls,19456,11-07-18 04:41PM,AUXILIAR_DOC,,,,LIST
/pdet/microdados/CAGED/EEC/092018/SETOR/MUN/SP/SAO SIMAO.XLS,/pdet/microdados/CAGED/EEC/092018/SETOR/MUN/SP,SAO SIMAO.XLS,xls,19456,11-07-18 04:41PM,AUXILIAR_DOC,,,,LIST
/pdet/microdados/CAGED/EEC/092018/SETOR/MUN/SP/SAO VICENTE.XLS,/pdet/microdados/CAGED/EEC/092018/SETOR/MUN/SP,SAO VICENTE.XLS,xls,19456,11-07-18 04:41PM,AUXILIAR_DOC,,,,LIST
/pdet/microdados/CAGED/EEC/092018/SETOR/MUN/SP/SERRA AZUL.XLS,/pdet/microdados/CAGED/EEC/092018/SETOR/MUN/SP,SERRA AZUL.XLS,xls,23552,11-07-18 04:41PM,AUXILIAR_DOC,,,,LIST
/pdet/microdados/CAGED/EEC/092018/SETOR/MUN/SP/SERRA NEGRA.XLS,/pdet/microdados/CAGED/EEC/092018/SETOR/MUN/SP,SERRA NEGRA.XLS,xls,19456,11-07-18 04:41PM,AUXILIAR_DOC,,,,LIST
/pdet/microdados/CAGED/EEC/092018/SETOR/MUN/SP/SERRANA.XLS,/pdet/microdados/CAGED/EEC/092018/SETOR/MUN/SP,SERRANA.XLS,xls,19456,11-07-18 04:41PM,AUXILIAR_DOC,,,,LIST
/pdet/microdados/CAGED/EEC/092018/SETOR/MUN/SP/SERTAOZINHO.XLS,/pdet/microdados/CAGED/EEC/092018/SETOR/MUN/SP,SERTAOZINHO.XLS,xls,19456,11-07-18 04:41PM,AUXILIAR_DOC,,,,LIST
/pdet/microdados/CAGED/EEC/092018/SETOR/MUN/SP/SETE BARRAS.XLS,/pdet/microdados/CAGED/EEC/092018/SETOR/MUN/SP,SETE BARRAS.XLS,xls,19456,11-07-18 04:41PM,AUXILIAR_DOC,,,,LIST
/pdet/microdados/CAGED/EEC/092018/SETOR/MUN/SP/SEVERINIA.XLS,/pdet/microdados/CAGED/EEC/092018/SETOR/MUN/SP,SEVERINIA.XLS,xls,18944,11-07-18 04:41PM,AUXILIAR_DOC,,,,LIST
/pdet/microdados/CAGED/EEC/092018/SETOR/MUN/SP/SOCORRO.XLS,/pdet/microdados/CAGED/EEC/092018/SETOR/MUN/SP,SOCORRO.XLS,xls,19456,11-07-18 04:41PM,AUXILIAR_DOC,,,,LIST
/pdet/microdados/CAGED/EEC/092018/SETOR/MUN/SP/SOROCABA.XLS,/pdet/microdados/CAGED/EEC/092018/SETOR/MUN/SP,SOROCABA.XLS,xls,19456,11-07-18 04:41PM,AUXILIAR_DOC,,,,LIST
/pdet/microdados/CAGED/EEC/092018/SETOR/MUN/SP/SUMARE.XLS,/pdet/microdados/CAGED/EEC/092018/SETOR/MUN/SP,SUMARE.XLS,xls,19456,11-07-18 04:41PM,AUXILIAR_DOC,,,,LIST
/pdet/microdados/CAGED/EEC/092018/SETOR/MUN/SP/SUZANO.XLS,/pdet/microdados/CAGED/EEC/092018/SETOR/MUN/SP,SUZANO.XLS,xls,19456,11-07-18 04:41PM,AUXILIAR_DOC,,,,LIST
/pdet/microdados/CAGED/EEC/092018/SETOR/MUN/SP/TABAPUA.XLS,/pdet/microdados/CAGED/EEC/092018/SETOR/MUN/SP,TABAPUA.XLS,xls,19456,11-07-18 04:41PM,AUXILIAR_DOC,,,,LIST
/pdet/microdados/CAGED/EEC/092018/SETOR/MUN/SP/TABATINGA.XLS,/pdet/microdados/CAGED/EEC/092018/SETOR/MUN/SP,TABATINGA.XLS,xls,18944,11-07-18 04:41PM,AUXILIAR_DOC,,,,LIST
/pdet/microdados/CAGED/EEC/092018/SETOR/MUN/SP/TABOAO DA SERRA.XLS,/pdet/microdados/CAGED/EEC/092018/SETOR/MUN/SP,TABOAO DA SERRA.XLS,xls,23552,11-07-18 04:41PM,AUXILIAR_DOC,,,,LIST
/pdet/microdados/CAGED/EEC/092018/SETOR/MUN/SP/TAGUAI.XLS,/pdet/microdados/CAGED/EEC/092018/SETOR/MUN/SP,TAGUAI.XLS,xls,19456,11-07-18 04:41PM,AUXILIAR_DOC,,,,LIST
/pdet/microdados/CAGED/EEC/092018/SETOR/MUN/SP/TAMBAU.XLS,/pdet/microdados/CAGED/EEC/092018/SETOR/MUN/SP,TAMBAU.XLS,xls,19456,11-07-18 04:41PM,AUXILIAR_DOC,,,,LIST
/pdet/microdados/CAGED/EEC/092018/SETOR/MUN/SP/TANABI.XLS,/pdet/microdados/CAGED/EEC/092018/SETOR/MUN/SP,TANABI.XLS,xls,19456,11-07-18 04:41PM,AUXILIAR_DOC,,,,LIST
/pdet/microdados/CAGED/EEC/092018/SETOR/MUN/SP/TAPIRATIBA.XLS,/pdet/microdados/CAGED/EEC/092018/SETOR/MUN/SP,TAPIRATIBA.XLS,xls,19456,11-07-18 04:41PM,AUXILIAR_DOC,,,,LIST
/pdet/microdados/CAGED/EEC/092018/SETOR/MUN/SP/TAQUARITINGA.XLS,/pdet/microdados/CAGED/EEC/092018/SETOR/MUN/SP,TAQUARITINGA.XLS,xls,19456,11-07-18 04:41PM,AUXILIAR_DOC,,,,LIST
/pdet/microdados/CAGED/EEC/092018/SETOR/MUN/SP/TAQUARITUBA.XLS,/pdet/microdados/CAGED/EEC/092018/SETOR/MUN/SP,TAQUARITUBA.XLS,xls,19456,11-07-18 04:41PM,AUXILIAR_DOC,,,,LIST
/pdet/microdados/CAGED/EEC/092018/SETOR/MUN/SP/TARUMA.XLS,/pdet/microdados/CAGED/EEC/092018/SETOR/MUN/SP,TARUMA.XLS,xls,18944,11-07-18 04:41PM,AUXILIAR_DOC,,,,LIST
/pdet/microdados/CAGED/EEC/092018/SETOR/MUN/SP/TATUI.XLS,/pdet/microdados/CAGED/EEC/092018/SETOR/MUN/SP,TATUI.XLS,xls,19456,11-07-18 04:41PM,AUXILIAR_DOC,,,,LIST
/pdet/microdados/CAGED/EEC/092018/SETOR/MUN/SP/TAUBATE.XLS,/pdet/microdados/CAGED/EEC/092018/SETOR/MUN/SP,TAUBATE.XLS,xls,19456,11-07-18 04:41PM,AUXILIAR_DOC,,,,LIST
/pdet/microdados/CAGED/EEC/092018/SETOR/MUN/SP/TEODORO SAMPAIO.XLS,/pdet/microdados/CAGED/EEC/092018/SETOR/MUN/SP,TEODORO SAMPAIO.XLS,xls,23552,11-07-18 04:41PM,AUXILIAR_DOC,,,,LIST
/pdet/microdados/CAGED/EEC/092018/SETOR/MUN/SP/TIETE.XLS,/pdet/microdados/CAGED/EEC/092018/SETOR/MUN/SP,TIETE.XLS,xls,19456,11-07-18 04:41PM,AUXILIAR_DOC,,,,LIST
/pdet/microdados/CAGED/EEC/092018/SETOR/MUN/SP/Total_SP.XLS,/pdet/microdados/CAGED/EEC/092018/SETOR/MUN/SP,Total_SP.XLS,xls,149504,11-07-18 04:41PM,AUXILIAR_DOC,,,SP,LIST
/pdet/microdados/CAGED/EEC/092018/SETOR/MUN/SP/TREMEMBE.XLS,/pdet/microdados/CAGED/EEC/092018/SETOR/MUN/SP,TREMEMBE.XLS,xls,19456,11-07-18 04:41PM,AUXILIAR_DOC,,,,LIST
/pdet/microdados/CAGED/EEC/092018/SETOR/MUN/SP/TUPA.XLS,/pdet/microdados/CAGED/EEC/092018/SETOR/MUN/SP,TUPA.XLS,xls,19456,11-07-18 04:41PM,AUXILIAR_DOC,,,,LIST
/pdet/microdados/CAGED/EEC/092018/SETOR/MUN/SP/TUPI PAULISTA.XLS,/pdet/microdados/CAGED/EEC/092018/SETOR/MUN/SP,TUPI PAULISTA.XLS,xls,18944,11-07-18 04:41PM,AUXILIAR_DOC,,,,LIST
/pdet/microdados/CAGED/EEC/092018/SETOR/MUN/SP/UBATUBA.XLS,/pdet/microdados/CAGED/EEC/092018/SETOR/MUN/SP,UBATUBA.XLS,xls,19456,11-07-18 04:41PM,AUXILIAR_DOC,,,,LIST
/pdet/microdados/CAGED/EEC/092018/SETOR/MUN/SP/URUPES.XLS,/pdet/microdados/CAGED/EEC/092018/SETOR/MUN/SP,URUPES.XLS,xls,19456,11-07-18 04:41PM,AUXILIAR_DOC,,,,LIST
/pdet/microdados/CAGED/EEC/092018/SETOR/MUN/SP/VALENTIM GENTIL.XLS,/pdet/microdados/CAGED/EEC/092018/SETOR/MUN/SP,VALENTIM GENTIL.XLS,xls,19456,11-07-18 04:41PM,AUXILIAR_DOC,,,,LIST
/pdet/microdados/CAGED/EEC/092018/SETOR/MUN/SP/VALINHOS.XLS,/pdet/microdados/CAGED/EEC/092018/SETOR/MUN/SP,VALINHOS.XLS,xls,19456,11-07-18 04:41PM,AUXILIAR_DOC,,,,LIST
/pdet/microdados/CAGED/EEC/092018/SETOR/MUN/SP/VALPARAISO.XLS,/pdet/microdados/CAGED/EEC/092018/SETOR/MUN/SP,VALPARAISO.XLS,xls,19456,11-07-18 04:41PM,AUXILIAR_DOC,,,,LIST
/pdet/microdados/CAGED/EEC/092018/SETOR/MUN/SP/VARGEM GRANDE DO SUL.XLS,/pdet/microdados/CAGED/EEC/092018/SETOR/MUN/SP,VARGEM GRANDE DO SUL.XLS,xls,19456,11-07-18 04:41PM,AUXILIAR_DOC,,,SUL,LIST
/pdet/microdados/CAGED/EEC/092018/SETOR/MUN/SP/VARGEM GRANDE PAULISTA.XLS,/pdet/microdados/CAGED/EEC/092018/SETOR/MUN/SP,VARGEM GRANDE PAULISTA.XLS,xls,19456,11-07-18 04:41PM,AUXILIAR_DOC,,,,LIST
/pdet/microdados/CAGED/EEC/092018/SETOR/MUN/SP/VARZEA PAULISTA.XLS,/pdet/microdados/CAGED/EEC/092018/SETOR/MUN/SP,VARZEA PAULISTA.XLS,xls,19456,11-07-18 04:41PM,AUXILIAR_DOC,,,,LIST
/pdet/microdados/CAGED/EEC/092018/SETOR/MUN/SP/VERA CRUZ.XLS,/pdet/microdados/CAGED/EEC/092018/SETOR/MUN/SP,VERA CRUZ.XLS,xls,18944,11-07-18 04:41PM,AUXILIAR_DOC,,,,LIST
/pdet/microdados/CAGED/EEC/092018/SETOR/MUN/SP/VINHEDO.XLS,/pdet/microdados/CAGED/EEC/092018/SETOR/MUN/SP,VINHEDO.XLS,xls,19456,11-07-18 04:41PM,AUXILIAR_DOC,,,,LIST
/pdet/microdados/CAGED/EEC/092018/SETOR/MUN/SP/VIRADOURO.XLS,/pdet/microdados/CAGED/EEC/092018/SETOR/MUN/SP,VIRADOURO.XLS,xls,19456,11-07-18 04:41PM,AUXILIAR_DOC,,,,LIST
/pdet/microdados/CAGED/EEC/092018/SETOR/MUN/SP/VOTORANTIM.XLS,/pdet/microdados/CAGED/EEC/092018/SETOR/MUN/SP,VOTORANTIM.XLS,xls,19456,11-07-18 04:41PM,AUXILIAR_DOC,,,,LIST
/pdet/microdados/CAGED/EEC/092018/SETOR/MUN/SP/VOTUPORANGA.XLS,/pdet/microdados/CAGED/EEC/092018/SETOR/MUN/SP,VOTUPORANGA.XLS,xls,19456,11-07-18 04:41PM,AUXILIAR_DOC,,,,LIST
/pdet/microdados/CAGED/EEC/092018/SETOR/MUN/TO/ARAGUAINA.XLS,/pdet/microdados/CAGED/EEC/092018/SETOR/MUN/TO,ARAGUAINA.XLS,xls,19456,11-07-18 04:41PM,AUXILIAR_DOC,,,,LIST
/pdet/microdados/CAGED/EEC/092018/SETOR/MUN/TO/ARAGUATINS.XLS,/pdet/microdados/CAGED/EEC/092018/SETOR/MUN/TO,ARAGUATINS.XLS,xls,19456,11-07-18 04:41PM,AUXILIAR_DOC,,,,LIST
/pdet/microdados/CAGED/EEC/092018/SETOR/MUN/TO/COLINAS DO TOCANTINS.XLS,/pdet/microdados/CAGED/EEC/092018/SETOR/MUN/TO,COLINAS DO TOCANTINS.XLS,xls,19456,11-07-18 04:41PM,AUXILIAR_DOC,,,,LIST
/pdet/microdados/CAGED/EEC/092018/SETOR/MUN/TO/GURUPI.XLS,/pdet/microdados/CAGED/EEC/092018/SETOR/MUN/TO,GURUPI.XLS,xls,19456,11-07-18 04:41PM,AUXILIAR_DOC,,,,LIST
/pdet/microdados/CAGED/EEC/092018/SETOR/MUN/TO/PALMAS.XLS,/pdet/microdados/CAGED/EEC/092018/SETOR/MUN/TO,PALMAS.XLS,xls,19456,11-07-18 04:41PM,AUXILIAR_DOC,,,,LIST
/pdet/microdados/CAGED/EEC/092018/SETOR/MUN/TO/PARAISO DO TOCANTINS.XLS,/pdet/microdados/CAGED/EEC/092018/SETOR/MUN/TO,PARAISO DO TOCANTINS.XLS,xls,19456,11-07-18 04:41PM,AUXILIAR_DOC,,,,LIST
/pdet/microdados/CAGED/EEC/092018/SETOR/MUN/TO/PORTO NACIONAL.XLS,/pdet/microdados/CAGED/EEC/092018/SETOR/MUN/TO,PORTO NACIONAL.XLS,xls,19456,11-07-18 04:41PM,AUXILIAR_DOC,,,,LIST
/pdet/microdados/CAGED/EEC/092018/SETOR/MUN/TO/Total_TO.XLS,/pdet/microdados/CAGED/EEC/092018/SETOR/MUN/TO,Total_TO.XLS,xls,18944,11-07-18 04:41PM,AUXILIAR_DOC,,,TO,LIST
